pre,post,weight
AN00A006,AN00A006,-1.0
AN00A006,AN05B103,-0.25
AN00A006,AN07B004,-0.5
AN00A006,AN08B027,-1.5
AN00A006,ANXXX380,-0.5
AN00A006,AVLP476,-0.5
AN00A006,AVLP700m,-0.5
AN00A006,AVLP705m,-6.0
AN00A006,AVLP709m,-0.75
AN00A006,AVLP710m,-6.5
AN00A006,AVLP714m,-0.5
AN00A006,AVLP728m,-1.3333334
AN00A006,AVLP730m,-9.0
AN00A006,AVLP733m,-1.5
AN00A006,AVLP734m,-2.1
AN00A006,AVLP737m,-20.5
AN00A006,AVLP738m,-7.0
AN00A006,AVLP746m,-1.0
AN00A006,AVLP751m,-0.5
AN00A006,AVLP760m,-4.0
AN00A006,CL062_a2,-0.25
AN00A006,CL062_b1,-0.5
AN00A006,CL199,-1.25
AN00A006,CL208,-2.5
AN00A006,CL248,-1.75
AN00A006,CL310,-2.0
AN00A006,CL311,-0.5
AN00A006,CL344_a,-0.5
AN00A006,CRE004,-1.5
AN00A006,CRE012,-0.75
AN00A006,CRE021,-0.75
AN00A006,CRE044,-2.5
AN00A006,DNa01,-3.0
AN00A006,DNa14,-0.5
AN00A006,DNd05,-1.0
AN00A006,DNde002,-0.5
AN00A006,DNp36,-5.0
AN00A006,DNp46,-2.5
AN00A006,DNp52,-0.5
AN00A006,DNp60,-0.5
AN00A006,DNp62,-0.25
AN00A006,DNp64,-1.0
AN00A006,DNp67,-1.0
AN00A006,DNpe043,-2.5
AN00A006,DNpe050,-2.25
AN00A006,GNG011,-1.5
AN00A006,GNG304,-0.25
AN00A006,GNG305,-9.5
AN00A006,GNG525,-0.5
AN00A006,GNG667,-26.75
AN00A006,ICL002m,-0.5
AN00A006,ICL008m,-1.0
AN00A006,ICL012m,-7.5
AN00A006,LAL045,-3.5
AN00A006,MBON20,-0.25
AN00A006,OA-VPM4,-8.5
AN00A006,OA-VUMa8,-31.5
AN00A006,PPM1201,-8.0
AN00A006,PVLP016,-0.5
AN00A006,PVLP203m,-0.625
AN00A006,SAD075,-11.875
AN00A006,SCL001m,-1.1666666
AN00A006,SIP119m,-0.21428572
AN00A006,SIP133m,-1.75
AN00A006,SIP136m,-3.75
AN00A006,SIP141m,-0.5
AN00A006,SIP143m,-0.5
AN00A006,SMP471,-27.0
AN00A006,SMP543,-0.5
AN00A006,SMP593,-2.0
AN00A006,SMP709m,-0.5
AN00A006,VES020,-0.8333333
AN00A006,VES022,-2.0
AN00A006,VES024_a,-2.0
AN00A006,VES053,-4.0
AN00A006,VES092,-1.25
AN00A006,VES095,-12.75
AN00A006,VES096,-8.0
AN00A006,VES097,-16.5
AN00A006,VES101,-11.0
AN00A006,VES203m,-7.0
AN00A006,VES204m,-14.0
AN00A006,WED014,-9.5
AN00A006,aIPg1,-1.0
AN00A006,aSP10A_b,-0.25
AN00A006,aSP22,-1.0
AN00A006,pC1_14a,-10.5
AN00A006,pC1_2b,-1.0
AN00A006,pC1_6a,-8.5
AN00A006,pC1_7a,-1.5
AN00A006,pIP10,-51.0
AN05B103,AN05B103,2.75
AN05B103,AN08B020,0.5
AN05B103,AN27X013,0.16666667
AN05B103,AVLP256,0.5
AN05B103,AVLP700m,4.5
AN05B103,AVLP704m,5.5
AN05B103,AVLP709m,1.25
AN05B103,AVLP710m,15.0
AN05B103,AVLP714m,1.5
AN05B103,AVLP716m,4.0
AN05B103,AVLP727m,14.0
AN05B103,AVLP728m,15.666667
AN05B103,AVLP729m,1.5
AN05B103,AVLP730m,0.5
AN05B103,AVLP731m,0.5
AN05B103,AVLP737m,5.5
AN05B103,AVLP738m,21.0
AN05B103,AVLP751m,185.5
AN05B103,AstA1,1.0
AN05B103,CB3302,0.16666667
AN05B103,CL062_a1,15.0
AN05B103,CL062_a2,2.0
AN05B103,CL062_b1,26.0
AN05B103,CL062_b2,1.5
AN05B103,CL062_b3,3.75
AN05B103,CL208,5.1666665
AN05B103,CL248,0.5
AN05B103,CL251,2.0
AN05B103,CL310,1.0
AN05B103,CL326,4.0
AN05B103,CL335,0.5
AN05B103,CL344_a,1.0
AN05B103,CL366,2.5
AN05B103,CRE004,0.5
AN05B103,CRE021,204.25
AN05B103,CRE065,5.5
AN05B103,CRE081,1.0
AN05B103,DNp101,0.5
AN05B103,DNp60,6.0
AN05B103,DNp62,3.75
AN05B103,DNp64,4.5
AN05B103,DNpe050,0.5
AN05B103,DNpe053,1.5
AN05B103,GNG011,3.5
AN05B103,GNG305,5.5
AN05B103,GNG667,0.5
AN05B103,ICL002m,0.5
AN05B103,ICL003m,3.0
AN05B103,ICL010m,0.5
AN05B103,ICL012m,0.5
AN05B103,OA-AL2i1,1.0
AN05B103,OA-ASM2,0.5
AN05B103,OA-VPM4,2.5
AN05B103,OA-VUMa8,1.0
AN05B103,PAL01,3.5
AN05B103,PVLP016,23.5
AN05B103,PVLP200m_b,1.0
AN05B103,PVLP203m,0.75
AN05B103,SIP104m,0.125
AN05B103,SIP119m,0.071428575
AN05B103,SIP124m,0.16666667
AN05B103,SIP133m,0.25
AN05B103,SIP136m,4.25
AN05B103,SIP143m,1.0
AN05B103,SMP028,1.0
AN05B103,SMP092,2.0
AN05B103,SMP543,1.5
AN05B103,SMP586,0.5
AN05B103,SMP593,4.5
AN05B103,SMP709m,0.5
AN05B103,SMP715m,1.0
AN05B103,SMP723m,44.5
AN05B103,VES053,5.0
AN05B103,aSP10A_a,4.0
AN05B103,aSP10A_b,0.5
AN05B103,aSP10B,2.5
AN05B103,pIP10,0.5
AN07B004,AN08B032,-1.0
AN07B004,CB1541,-3.0
AN07B004,CL007,-2.0
AN07B004,CL308,-23.0
AN07B004,CL335,-1.0
AN07B004,CL336,-1.0
AN07B004,CL366,-1.0
AN07B004,DNc01,-1.0
AN07B004,DNp23,-1.0
AN07B004,ExR1,-2.0
AN07B004,ExR2,-0.25
AN07B004,ExR3,-67.0
AN07B004,FB1C,-4.75
AN07B004,FB2A,-0.25
AN07B004,FB2D,-0.33333334
AN07B004,FB4E_a,-0.8
AN07B004,FB4L,-10.25
AN07B004,FB4M,-0.25
AN07B004,FB5G_c,-3.5
AN07B004,FB5Q,-1.5
AN07B004,FB6M,-2.5
AN07B004,LAL192,-4.0
AN07B004,LAL200,-36.0
AN07B004,LNO1,-0.25
AN07B004,OA-VPM3,-39.0
AN07B004,OA-VPM4,-6.0
AN07B004,OA-VUMa8,-1.0
AN07B004,PFL1,-0.35714287
AN07B004,PLP124,-7.5
AN07B004,PLP262,-10.0
AN07B004,PPM1204,-2.0
AN07B004,SAD047,-1.0
AN07B004,SIP064,-20.0
AN07B004,SIP136m,-4.0
AN07B004,VES097,-1.0
AN07B004,WED076,-1.0
AN07B004,WED210,-29.0
AN08B020,AN05B103,0.5
AN08B020,AN08B027,1.0
AN08B020,AN08B032,4.0
AN08B020,AVLP710m,1.0
AN08B020,AVLP714m,45.0
AN08B020,AVLP715m,34.0
AN08B020,AVLP728m,1.3333334
AN08B020,AVLP731m,1.0
AN08B020,AVLP733m,4.0
AN08B020,AVLP737m,1.0
AN08B020,AVLP746m,1.0
AN08B020,AVLP760m,0.5
AN08B020,CL122_a,6.5
AN08B020,CL251,1.0
AN08B020,CL311,3.0
AN08B020,CRE021,1.0
AN08B020,CRE100,1.0
AN08B020,DNc02,3.5
AN08B020,DNde002,3.0
AN08B020,DNp60,1.0
AN08B020,DNp67,17.0
AN08B020,DNpe025,107.0
AN08B020,GNG011,1.0
AN08B020,ICL002m,1.0
AN08B020,ICL003m,21.0
AN08B020,ICL013m_b,48.0
AN08B020,LAL119,1.0
AN08B020,LAL154,4.0
AN08B020,PVLP200m_b,1.0
AN08B020,PVLP203m,2.25
AN08B020,SIP104m,2.25
AN08B020,SIP110m_a,2.0
AN08B020,SIP118m,1.0
AN08B020,SIP119m,1.7142857
AN08B020,SIP122m,1.0
AN08B020,SIP124m,0.33333334
AN08B020,SIP133m,0.5
AN08B020,SIP136m,0.5
AN08B020,SIP145m,0.5
AN08B020,SMP108,6.0
AN08B020,SMP493,1.0
AN08B020,VES087,1.0
AN08B020,VES202m,27.0
AN08B020,aIPg1,8.0
AN08B020,aSP22,3.0
AN08B020,pC1_13b,26.0
AN08B020,pC1_14a,2.0
AN08B020,pC1_7a,2.5
AN08B020,pC1x_b,1.0
AN08B027,AN08B032,1.0
AN08B027,ANXXX152,1.0
AN08B027,AVLP462,2.0
AN08B027,AVLP476,8.0
AN08B027,AVLP562,1.0
AN08B027,CL310,3.0
AN08B027,CRE004,23.0
AN08B027,CRE006,1.0
AN08B027,CRE021,1.0
AN08B027,CRE100,1.0
AN08B027,FB4F_b,1.0
AN08B027,FB4Q_b,1.0
AN08B027,FB5X,0.16666667
AN08B027,GNG525,2.0
AN08B027,GNG667,0.5
AN08B027,LAL007,2.0
AN08B027,LAL008,3.5
AN08B027,LAL042,9.0
AN08B027,LAL045,1.0
AN08B027,LAL155,7.0
AN08B027,PPL108,5.0
AN08B027,SAD075,5.25
AN08B027,SMP446,15.0
AN08B027,SMP543,1.0
AN08B027,SMP593,8.0
AN08B027,VES020,17.666666
AN08B027,VES087,1.0
AN08B027,VES092,1.0
AN08B027,VES095,1.0
AN08B027,VES203m,2.0
AN08B032,AN05B103,0.5
AN08B032,AN07B004,1.0
AN08B032,AVLP256,1.0
AN08B032,AVLP476,11.0
AN08B032,AVLP700m,1.0
AN08B032,AVLP709m,0.5
AN08B032,AVLP710m,50.0
AN08B032,AVLP716m,5.0
AN08B032,AVLP727m,20.0
AN08B032,AVLP728m,41.0
AN08B032,AVLP729m,7.0
AN08B032,AVLP734m,4.4
AN08B032,AVLP737m,1.0
AN08B032,AVLP751m,1.0
AN08B032,AVLP760m,6.0
AN08B032,CB3302,0.33333334
AN08B032,CL062_a2,0.5
AN08B032,CL248,4.5
AN08B032,CL344_a,15.5
AN08B032,CRE021,16.0
AN08B032,DNa14,4.0
AN08B032,DNg101,20.0
AN08B032,DNp36,8.0
AN08B032,DNpe025,5.0
AN08B032,ICL002m,1.0
AN08B032,ICL008m,0.5
AN08B032,LAL029_b,4.0
AN08B032,PVLP203m,3.25
AN08B032,SCL001m,1.0
AN08B032,SIP091,1.0
AN08B032,SIP124m,1.3333334
AN08B032,SIP133m,2.5
AN08B032,SIP141m,5.0
AN08B032,SMP586,1.0
AN08B032,SMP709m,1.0
AN08B032,VES022,7.0
AN08B032,VES202m,1.0
AN08B032,VES203m,2.0
AN08B032,VES204m,1.0
AN08B032,WED014,7.0
AN08B032,aSP10A_a,6.0
AN08B032,aSP10A_b,4.0
AN08B032,aSP10B,11.0
AN08B032,pC1_7a,2.0
AN08B032,pIP10,3.0
AN09A005,AN07B004,0.33333334
AN09A005,AN09A005,0.8888889
AN09A005,AN27X013,4.888889
AN09A005,AstA1,0.33333334
AN09A005,CB3302,0.8888889
AN09A005,CL199,0.5
AN09A005,CL208,0.11111111
AN09A005,CL336,0.6666667
AN09A005,DNc01,2.1666667
AN09A005,DNc02,1.5
AN09A005,DNp46,0.33333334
AN09A005,DNpe037,0.6666667
AN09A005,Delta7,0.11111111
AN09A005,EA27X006,0.6666667
AN09A005,EL,0.14814815
AN09A005,EPG,0.19565217
AN09A005,ER1_a,0.121212125
AN09A005,ER1_b,0.025641026
AN09A005,ER1_c,0.083333336
AN09A005,ER2_c,0.016666668
AN09A005,ER3a_b,0.055555556
AN09A005,ER3d_a,0.23809524
AN09A005,ER3d_b,0.16666667
AN09A005,ER3d_c,0.11111111
AN09A005,ER3d_d,0.21212122
AN09A005,ER3d_e,0.04761905
AN09A005,ER3m,0.074074075
AN09A005,ER3w_a,0.04761905
AN09A005,ER3w_b,0.018518519
AN09A005,ER3w_c,0.055555556
AN09A005,ExR1,0.083333336
AN09A005,FB1A,0.083333336
AN09A005,FB3A,0.083333336
AN09A005,FB4A_a,0.055555556
AN09A005,GLNO,0.33333334
AN09A005,IbSpsP,0.032258064
AN09A005,LAL073,0.16666667
AN09A005,LAL208,0.6666667
AN09A005,LPsP,1.1666666
AN09A005,LT66,1.1666666
AN09A005,PEN_a(PEN1),0.11666667
AN09A005,PEN_b(PEN2),0.015151516
AN09A005,PFL1,0.023809524
AN09A005,PFL2,0.027777778
AN09A005,PFNd,0.008333334
AN09A005,PFNp_c,0.016666668
AN09A005,PFNv,0.016666668
AN09A005,PFR_b,0.041666668
AN09A005,PVLP093,0.33333334
AN09A005,SMP709m,0.33333334
AN09A005,hDeltaM,0.041666668
AN09A005,vDeltaF,0.018518519
AN09A005,vDeltaK,0.014184397
AN27X013,AN05B103,0.16666667
AN27X013,AN07B004,0.6666667
AN27X013,AN08B027,0.6666667
AN27X013,AN09A005,3.4444444
AN27X013,AN27X013,2.1111112
AN27X013,AVLP096,0.33333334
AN27X013,AVLP476,0.6666667
AN27X013,AVLP705m,0.33333334
AN27X013,AVLP716m,0.33333334
AN27X013,CB3302,0.22222222
AN27X013,CL199,0.16666667
AN27X013,CRE012,0.16666667
AN27X013,DNc01,2.3333333
AN27X013,DNc02,1.0
AN27X013,DNp46,0.6666667
AN27X013,DNp62,0.33333334
AN27X013,DNp64,0.33333334
AN27X013,DNpe050,0.33333334
AN27X013,DNpe053,0.33333334
AN27X013,Delta7,0.0952381
AN27X013,EA27X006,1.0
AN27X013,EL,0.018518519
AN27X013,EPG,0.21014492
AN27X013,ExR3,0.16666667
AN27X013,FB1A,0.083333336
AN27X013,FB1C,0.25
AN27X013,FB1G,0.33333334
AN27X013,FB4Y,0.083333336
AN27X013,FB6A_c,0.16666667
AN27X013,FB6D,0.16666667
AN27X013,FB6J,0.06666667
AN27X013,FB6M,0.083333336
AN27X013,FB6V,0.16666667
AN27X013,FC1A,0.019607844
AN27X013,FC2B,0.012345679
AN27X013,FC2C,0.0070921984
AN27X013,FC3_b,0.016666668
AN27X013,FR1,0.018518519
AN27X013,FS1B_b,0.020833334
AN27X013,FS3_c,0.023809524
AN27X013,FS4A,0.0058479533
AN27X013,FS4C,0.011904762
AN27X013,GLNO,0.5
AN27X013,GNG587,0.33333334
AN27X013,GNG667,0.16666667
AN27X013,IbSpsP,0.032258064
AN27X013,LNO1,0.083333336
AN27X013,LPsP,1.0
AN27X013,OA-AL2i1,0.8333333
AN27X013,OA-VPM3,0.16666667
AN27X013,OA-VUMa8,0.6666667
AN27X013,PEG,0.018518519
AN27X013,PEN_a(PEN1),0.43333334
AN27X013,PEN_b(PEN2),0.015151516
AN27X013,PFGs,0.16666667
AN27X013,PFL2,0.027777778
AN27X013,PFL3,0.06944445
AN27X013,PFNa,0.040229887
AN27X013,PFNd,0.025
AN27X013,PFNm_a,0.04761905
AN27X013,PFNm_b,0.012820513
AN27X013,PFNp_b,0.012254902
AN27X013,PFNp_d,0.035714287
AN27X013,PFNp_e,0.028985508
AN27X013,PFNv,0.083333336
AN27X013,PFR_a,0.023809524
AN27X013,PVLP016,0.33333334
AN27X013,SAD075,0.083333336
AN27X013,SCL001m,1.5555556
AN27X013,SIP136m,0.16666667
AN27X013,SMP723m,0.33333334
AN27X013,aSP10A_a,0.33333334
AN27X013,hDeltaC,0.033333335
AN27X013,hDeltaD,0.041666668
AN27X013,hDeltaG,0.041666668
AN27X013,hDeltaK,0.021505376
AN27X013,hDeltaL,0.030303031
AN27X013,hDeltaM,0.041666668
AN27X013,pC1_2b,0.33333334
AN27X013,pC1_6a,0.6666667
AN27X013,pC1_7a,0.16666667
AN27X013,vDeltaA_a,0.004761905
AN27X013,vDeltaA_b,0.010752688
AN27X013,vDeltaB,0.010752688
AN27X013,vDeltaC,0.037037037
AN27X013,vDeltaD,0.015873017
AN27X013,vDeltaF,0.018518519
AN27X013,vDeltaG,0.018518519
AN27X013,vDeltaK,0.0070921984
AN27X013,vDeltaM,0.006060606
ANXXX152,AN00A006,12.5
ANXXX152,AVLP476,4.0
ANXXX152,AVLP710m,17.0
ANXXX152,AVLP714m,1.0
ANXXX152,AVLP751m,5.0
ANXXX152,AVLP760m,1.5
ANXXX152,CL208,1.6666666
ANXXX152,CL311,55.0
ANXXX152,CL344_a,8.5
ANXXX152,DNa14,6.0
ANXXX152,DNde002,15.0
ANXXX152,DNg101,84.0
ANXXX152,DNp36,102.0
ANXXX152,DNp60,1.0
ANXXX152,DNpe025,1.0
ANXXX152,DNpe050,1.0
ANXXX152,GNG011,7.0
ANXXX152,ICL003m,2.0
ANXXX152,ICL008m,3.5
ANXXX152,ICL010m,3.0
ANXXX152,OA-AL2i1,1.0
ANXXX152,PVLP016,14.0
ANXXX152,PVLP203m,2.75
ANXXX152,SCL001m,1.6666666
ANXXX152,SIP091,1.0
ANXXX152,SIP104m,0.75
ANXXX152,SIP110m_a,4.0
ANXXX152,SIP118m,0.6666667
ANXXX152,SIP119m,0.2857143
ANXXX152,SIP133m,34.5
ANXXX152,SIP136m,1.0
ANXXX152,SIP141m,6.0
ANXXX152,SIP143m,17.0
ANXXX152,SMP543,1.0
ANXXX152,SMP593,23.0
ANXXX152,SMP709m,1.0
ANXXX152,VES092,0.5
ANXXX152,VES095,1.5
ANXXX152,VES097,2.0
ANXXX152,VES101,1.0
ANXXX152,VES202m,1.0
ANXXX152,aSP10A_b,0.5
ANXXX152,aSP22,21.0
ANXXX152,pC1_14a,8.0
ANXXX152,pIP10,84.0
ANXXX380,AN00A006,1.0
ANXXX380,ANXXX152,1.0
ANXXX380,CL111,2.0
ANXXX380,CL248,1.5
ANXXX380,CL310,2.0
ANXXX380,CL335,1.0
ANXXX380,CRE004,2.0
ANXXX380,CRE030_b,1.0
ANXXX380,CRE100,1.0
ANXXX380,DNa14,3.0
ANXXX380,DNd05,47.0
ANXXX380,DNde002,2.0
ANXXX380,DNp23,1.0
ANXXX380,DNp52,28.0
ANXXX380,FB4Y,0.25
ANXXX380,LAL162,3.0
ANXXX380,SAD075,28.25
ANXXX380,SMP593,1.0
ANXXX380,SMP713m,0.5
ANXXX380,VES020,4.0
ANXXX380,VES053,7.0
ANXXX380,VES092,1.0
ANXXX380,VES095,35.5
ANXXX380,VES096,7.0
AOTU019,AOTU100m,-2.0
AOTU019,CB0244,-2.0
AOTU019,CRE021,-1.5
AOTU019,ExR6,-2.5
AOTU019,FB4F_a,-0.25
AOTU019,FB4R,-0.16666667
AOTU019,LAL013,-2.0
AOTU019,LAL045,-1.0
AOTU019,LAL073,-37.5
AOTU019,LAL159,-6.0
AOTU019,LAL162,-2.0
AOTU019,LCNOpm,-0.5
AOTU019,LNO1,-0.25
AOTU019,LNO2,-0.5
AOTU019,MBON26,-4.0
AOTU019,VES087,-29.0
AOTU019,VES202m,-1.0
AOTU019,pC1_13b,-1.0
AOTU042,AOTU019,-4.0
AOTU042,AOTU100m,-4.0
AOTU042,AVLP562,-0.5
AOTU042,CL311,-1.0
AOTU042,CRE012,-1.0
AOTU042,DNpe025,-1.0
AOTU042,ER2_b,-0.25
AOTU042,ER3w_a,-0.5714286
AOTU042,ExR1,-4.25
AOTU042,ExR6,-1.0
AOTU042,FB4C,-0.5
AOTU042,FB4Q_a,-1.0
AOTU042,FB5A,-1.75
AOTU042,FC2B,-0.14814815
AOTU042,FC2C,-0.08510638
AOTU042,LAL040,-3.0
AOTU042,LAL073,-0.5
AOTU042,LAL159,-1.0
AOTU042,MBON35,-1.0
AOTU042,PFL2,-0.083333336
AOTU042,PFL3,-0.125
AOTU042,PVLP130,-12.0
AOTU042,SIP136m,-3.5
AOTU042,aSP22,-4.0
AOTU042,pC1_13b,-2.0
AOTU046,AOTU046,-23.0625
AOTU046,DNc02,-0.125
AOTU046,EL,-0.013888889
AOTU046,ER2_a,-4.2916665
AOTU046,ER2_b,-3.8125
AOTU046,ER2_c,-3.85
AOTU046,ER2_d,-4.35
AOTU046,ER3a_a,-0.033333335
AOTU046,ER3a_d,-0.05
AOTU046,ER3d_a,-0.17857143
AOTU046,ER3d_b,-0.025
AOTU046,ER3d_c,-0.41666666
AOTU046,ER3d_d,-0.09090909
AOTU046,ER3d_e,-0.32142857
AOTU046,ER3m,-0.125
AOTU046,ER3p_a,-0.17857143
AOTU046,ER3p_b,-0.3125
AOTU046,ER3w_a,-2.75
AOTU046,ER3w_b,-1.7222222
AOTU046,ER3w_c,-3.5416667
AOTU046,ER4d,-2.9038463
AOTU046,ER4m,-2.1136363
AOTU046,ER5,-0.15476191
AOTU046,ER6,-1.1875
AOTU046,ExR1,-225.5
AOTU046,ExR2,-9.0
AOTU046,ExR3,-3.125
AOTU046,ExR5,-2.0
AOTU046,ExR6,-0.25
AOTU046,ExR7,-0.1875
AOTU046,FB4L,-0.0625
AOTU046,FB6K,-0.0625
AOTU046,FB7B,-0.125
AOTU046,FB8C,-0.0625
AOTU046,IbSpsP,-0.008064516
AOTU046,TuBu04,-10.375
AOTU046,TuBu05,-3.0
AOTU046,TuBu07,-12.5
AOTU046,TuBu09,-18.666666
AOTU046,TuBu10,-19.0
AOTU100m,AVLP710m,2.0
AOTU100m,AVLP716m,12.0
AOTU100m,AVLP737m,11.0
AOTU100m,AVLP746m,25.0
AOTU100m,AVLP760m,0.5
AOTU100m,CL311,108.0
AOTU100m,CRE021,10.0
AOTU100m,DNpe025,52.0
AOTU100m,DNpe050,0.5
AOTU100m,LAL045,1.0
AOTU100m,LAL154,1.0
AOTU100m,MBON35,0.5
AOTU100m,OA-VUMa8,1.0
AOTU100m,PVLP138,107.0
AOTU100m,PVLP203m,0.75
AOTU100m,SIP091,7.0
AOTU100m,SIP104m,0.25
AOTU100m,SIP119m,1.7142857
AOTU100m,SIP124m,0.33333334
AOTU100m,SIP133m,0.5
AOTU100m,SIP136m,1.0
AOTU100m,SIP143m,1.0
AOTU100m,SMP709m,1.0
AOTU100m,VES022,28.0
AOTU100m,VES202m,2.0
AOTU100m,VES203m,2.0
AOTU100m,VES204m,1.0
AOTU100m,aIPg1,1.0
AOTU100m,aSP22,1.0
AOTU100m,pC1_13b,7.0
AOTU100m,pC1_2b,14.0
AOTU100m,pIP10,2.0
ATL011,AOTU019,-3.0
ATL011,ATL012,-108.0
ATL011,ATL028,-1.0
ATL011,ATL032,-6.0
ATL011,ATL035,-2.0
ATL011,ATL042,-1.0
ATL011,CRE011,-8.0
ATL011,DNde002,-4.0
ATL011,FB2B_a,-1.25
ATL011,IB020,-1.0
ATL011,OA-VPM3,-0.5
ATL011,PLP124,-0.5
ATL011,SMP016_b,-42.0
ATL011,SMP018,-1.0
ATL011,SMP185,-9.0
ATL011,SMP597,-2.0
ATL012,ATL011,28.0
ATL012,ATL028,1.0
ATL012,ATL032,3.0
ATL012,ATL042,6.0
ATL012,CRE011,6.0
ATL012,DNde002,5.0
ATL012,FB1G,4.0
ATL012,FB2B_a,3.25
ATL012,FB2F_a,0.8333333
ATL012,FB2M_b,3.5
ATL012,FB4P_b,0.33333334
ATL012,FB4X,0.5
ATL012,FB5Q,0.25
ATL012,IB005,2.0
ATL012,IbSpsP,0.032258064
ATL012,OA-VPM3,0.5
ATL012,SMP016_b,28.0
ATL012,SMP018,9.0
ATL012,SMP185,27.0
ATL018,ATL021,2.0
ATL018,ATL028,4.0
ATL018,ATL032,20.0
ATL018,CRE100,3.0
ATL018,FB2F_a,0.16666667
ATL018,FB2G_b,0.33333334
ATL018,FB2H_b,2.5
ATL018,FB4A_a,0.16666667
ATL018,FB4J,0.5
ATL018,FB4O,0.16666667
ATL018,FB5AA,0.5
ATL018,FB5B,0.6666667
ATL018,FB5D,1.0
ATL018,FB5E,0.5
ATL018,FB5I,0.5
ATL018,FB5N,0.25
ATL018,FB5P,0.25
ATL018,FB5W_b,0.33333334
ATL018,FB5X,0.16666667
ATL018,FB5Y_a,0.5
ATL018,FB5Y_b,2.5
ATL018,FB5Z,0.5
ATL018,FB7E,0.16666667
ATL018,LHPV6f1,8.333333
ATL018,OA-VPM3,1.0
ATL018,SMP018,1.0
ATL018,SMP185,17.0
ATL018,SMP597,2.0
ATL018,WED076,2.0
ATL021,ATL028,-1.0
ATL021,ATL035,-3.0
ATL021,ATL042,-109.0
ATL021,ExR3,-55.5
ATL021,FB2I_a,-0.1
ATL021,FB4M,-3.25
ATL021,FS1B_b,-0.0625
ATL021,IB005,-1.0
ATL021,IbSpsP,-0.032258064
ATL021,LAL200,-1.0
ATL021,OA-VPM3,-4.0
ATL021,PLP124,-0.5
ATL021,SMP185,-1.0
ATL021,SMP597,-26.0
ATL021,WED076,-1.0
ATL021,WED210,-1.0
ATL028,AOTU042,1.0
ATL028,ATL011,2.0
ATL028,ATL018,3.0
ATL028,ATL021,1.0
ATL028,ATL032,7.0
ATL028,ATL035,5.0
ATL028,ATL036,7.0
ATL028,ATL042,5.0
ATL028,CRE005,0.33333334
ATL028,CRE012,0.5
ATL028,ExR6,0.5
ATL028,FB2A,0.75
ATL028,FB2I_a,0.1
ATL028,FB4E_b,0.25
ATL028,FB4L,0.75
ATL028,FB4M,0.75
ATL028,FB5A,0.25
ATL028,FB5V_a,0.16666667
ATL028,IB005,2.0
ATL028,IB110,4.0
ATL028,IbSpsP,0.06451613
ATL028,LAL040,1.0
ATL028,LAL045,3.0
ATL028,LAL101,35.0
ATL028,LAL102,1.0
ATL028,LAL205,1.0
ATL028,LHPV6f1,0.6666667
ATL028,MBON35,9.5
ATL028,OA-VPM3,1.5
ATL028,PFL2,0.083333336
ATL028,PFL3,0.083333336
ATL028,SMP185,10.0
ATL028,SMP471,1.0
ATL028,SMP597,1.0
ATL028,SMP713m,0.5
ATL028,SMP715m,0.5
ATL028,WED076,2.0
ATL028,WED210,11.0
ATL032,ATL011,11.0
ATL032,ATL012,8.0
ATL032,ATL018,21.0
ATL032,ATL021,2.0
ATL032,ATL028,2.0
ATL032,ATL035,4.0
ATL032,ATL042,1.0
ATL032,CRE011,3.0
ATL032,FB2I_a,0.8
ATL032,FB2I_b,1.0
ATL032,FB5I,1.0
ATL032,IB005,2.0
ATL032,IB020,1.0
ATL032,IbSpsP,0.22580644
ATL032,LHPV6f1,5.6666665
ATL032,OA-VPM3,1.0
ATL032,PLP124,0.5
ATL032,SMP016_b,2.0
ATL032,SMP018,1.0
ATL032,SMP185,6.0
ATL032,SMP597,3.0
ATL032,WED076,5.0
ATL035,ATL011,-1.0
ATL035,ATL032,-1.0
ATL035,ATL036,-9.0
ATL035,DNpe027,-12.0
ATL035,ExR6,-3.0
ATL035,FB4B,-0.5
ATL035,FB4I,-0.5
ATL035,FB4Y,-0.25
ATL035,FB5A,-0.25
ATL035,IB005,-8.0
ATL035,IB049,-73.0
ATL035,IbSpsP,-0.12903225
ATL035,MBON35,-1.0
ATL035,PPL108,-2.0
ATL035,SMP597,-10.0
ATL035,WED076,-2.0
ATL036,ATL011,-1.0
ATL036,ATL028,-2.0
ATL036,ATL035,-6.0
ATL036,ATL042,-1.0
ATL036,CRE005,-0.6666667
ATL036,DNpe027,-3.0
ATL036,ExR4,-1.0
ATL036,ExR6,-2.0
ATL036,FB4F_a,-0.5
ATL036,FB4F_c,-0.16666667
ATL036,FB4M,-0.25
ATL036,FB4P_b,-0.33333334
ATL036,FB5A,-0.5
ATL036,IB005,-1.0
ATL036,IB049,-51.0
ATL036,IbSpsP,-0.032258064
ATL036,LAL045,-1.0
ATL036,LCNOp,-0.5
ATL036,PPM1204,-1.0
ATL036,SMP597,-3.0
ATL036,WED076,-1.0
ATL042,ATL011,5.0
ATL042,ATL012,1.0
ATL042,ATL021,5.0
ATL042,ATL028,4.0
ATL042,ATL032,1.0
ATL042,ATL035,9.0
ATL042,ATL036,3.0
ATL042,CL111,1.0
ATL042,DNpe027,6.0
ATL042,ExR8,0.25
ATL042,FB4L,0.25
ATL042,IB005,4.0
ATL042,IB020,2.0
ATL042,IB023,4.0
ATL042,IB049,1.0
ATL042,IbSpsP,0.58064514
ATL042,LAL200,2.0
ATL042,LAL205,1.0
ATL042,MBON35,1.5
ATL042,OA-VPM3,0.5
ATL042,OA-VUMa8,2.0
ATL042,PLP124,0.5
ATL042,PLP262,2.0
ATL042,PPL103,1.0
ATL042,PPM1204,1.0
ATL042,SMP185,2.0
ATL042,SMP597,7.0
ATL042,WED076,3.0
ATL042,WED210,1.0
AVLP025,OA-ASM2,1.0
AVLP025,SLP215,5.0
AVLP036,AVLP397,1.0
AVLP036,AVLP477,0.5
AVLP036,AVLP562,2.5
AVLP036,CB2286,2.0
AVLP036,CL199,1.0
AVLP036,CL310,27.0
AVLP036,CL335,29.0
AVLP036,CL366,1.0
AVLP036,DNp23,7.0
AVLP036,DNp64,21.0
AVLP036,DNpe050,24.5
AVLP036,DNpe053,6.0
AVLP036,OA-ASM2,1.0
AVLP036,OA-VUMa8,2.0
AVLP036,SAD075,0.25
AVLP036,SIP104m,0.25
AVLP036,SMP593,3.0
AVLP036,VES020,0.6666667
AVLP036,VES053,2.0
AVLP069_b,AVLP397,-1.0
AVLP069_b,AVLP520,-2.0
AVLP069_b,AVLP562,-1.5
AVLP069_b,AstA1,-3.0
AVLP069_b,CB1189,-1.0
AVLP069_b,CB3439,-1.0
AVLP069_b,CB3666,-1.0
AVLP069_b,CL109,-6.0
AVLP069_b,DNp62,-0.5
AVLP069_b,DNp64,-2.0
AVLP069_b,DNpe053,-2.0
AVLP069_b,OA-VPM4,-1.0
AVLP069_b,VES092,-0.5
AVLP095,AVLP036,-1.0
AVLP095,AVLP192_b,-1.0
AVLP095,AVLP210,-1.0
AVLP095,AVLP710m,-6.0
AVLP095,AVLP728m,-0.33333334
AVLP095,CB2286,-2.0
AVLP095,CB3302,-5.3333335
AVLP095,CB3433,-2.0
AVLP095,CL062_a1,-0.5
AVLP095,CL062_b3,-0.5
AVLP095,CL122_a,-0.5
AVLP095,CL199,-3.0
AVLP095,CL208,-0.33333334
AVLP095,CL248,-3.5
AVLP095,CL251,-10.0
AVLP095,CL310,-5.0
AVLP095,CRE065,-2.0
AVLP095,DNa01,-12.0
AVLP095,DNp36,-1.0
AVLP095,DNp60,-20.0
AVLP095,DNp67,-47.0
AVLP095,DNpe050,-1.5
AVLP095,GNG667,-10.0
AVLP095,ICL003m,-2.0
AVLP095,ICL010m,-1.0
AVLP095,OA-VUMa8,-3.0
AVLP095,PVLP203m,-0.25
AVLP095,SIP110m_a,-1.0
AVLP095,SIP133m,-1.5
AVLP095,SIP136m,-1.0
AVLP095,SMP714m,-0.5
AVLP095,VES022,-3.0
AVLP095,VES053,-4.0
AVLP095,VES092,-0.5
AVLP095,pC1_7a,-0.5
AVLP096,AVLP192_b,-0.5
AVLP096,AVLP210,-8.0
AVLP096,AVLP462,-18.0
AVLP096,AVLP477,-0.5
AVLP096,AVLP709m,-0.5
AVLP096,AVLP710m,-8.0
AVLP096,AVLP715m,-1.0
AVLP096,AVLP729m,-3.0
AVLP096,AVLP730m,-6.0
AVLP096,AVLP751m,-1.0
AVLP096,AVLP760m,-0.5
AVLP096,CL062_b1,-1.0
AVLP096,CL062_b3,-0.5
AVLP096,CL122_a,-0.5
AVLP096,CL248,-3.0
AVLP096,CL310,-10.0
AVLP096,CL311,-1.0
AVLP096,CL335,-1.0
AVLP096,CL344_a,-3.0
AVLP096,CRE021,-1.0
AVLP096,DNa01,-31.0
AVLP096,DNg101,-1.0
AVLP096,DNp36,-1.0
AVLP096,DNp60,-17.0
AVLP096,DNp67,-20.0
AVLP096,DNpe050,-1.5
AVLP096,GNG525,-8.0
AVLP096,GNG667,-1.0
AVLP096,ICL002m,-11.0
AVLP096,ICL003m,-9.0
AVLP096,ICL008m,-0.5
AVLP096,ICL010m,-2.0
AVLP096,ICL013m_b,-20.0
AVLP096,OA-VUMa8,-3.0
AVLP096,PVLP016,-3.0
AVLP096,PVLP203m,-2.75
AVLP096,SIP110m_a,-1.0
AVLP096,SIP141m,-1.0
AVLP096,SIP146m,-0.33333334
AVLP096,VES022,-24.0
AVLP096,VES024_a,-7.0
AVLP096,aSP10B,-1.0
AVLP096,aSP22,-11.0
AVLP110_a,AVLP115,6.0
AVLP110_a,AstA1,13.0
AVLP110_a,CL109,2.0
AVLP110_a,DNa14,1.0
AVLP110_a,DNpe043,1.0
AVLP110_a,DNpe053,2.0
AVLP110_a,PVLP093,1.0
AVLP115,AVLP110_a,13.0
AVLP115,AVLP121,0.5
AVLP115,AVLP256,4.0
AVLP115,AVLP562,1.5
AVLP115,AstA1,8.0
AVLP115,OA-VPM4,2.0
AVLP121,AVLP036,0.5
AVLP121,AVLP192_b,2.0
AVLP121,AVLP210,2.0
AVLP121,AVLP306,0.25
AVLP121,AVLP476,0.5
AVLP121,AVLP520,0.5
AVLP121,AVLP710m,1.5
AVLP121,CB1672,0.5
AVLP121,CB3302,0.16666667
AVLP121,CL111,1.5
AVLP121,CL122_a,0.25
AVLP121,CL199,0.25
AVLP121,CL248,0.25
AVLP121,CL335,22.5
AVLP121,CL366,5.0
AVLP121,DNp46,0.5
AVLP121,DNp62,0.5
AVLP121,DNp64,0.5
AVLP121,DNpe050,0.25
AVLP121,GNG667,0.25
AVLP121,ICL002m,1.5
AVLP121,ICL012m,1.0
AVLP121,SCL001m,0.5
AVLP121,SIP124m,0.16666667
AVLP121,SIP136m,0.5
AVLP121,aSP10B,1.0
AVLP161,AVLP176_b,4.0
AVLP161,AVLP178,10.0
AVLP161,AVLP397,24.0
AVLP161,AVLP488,2.0
AVLP161,AVLP520,3.0
AVLP161,CB1189,17.0
AVLP161,CB1672,5.0
AVLP161,CB2286,29.0
AVLP161,CB2672,20.0
AVLP161,CB3433,17.0
AVLP161,CL109,1.0
AVLP161,CL248,6.5
AVLP161,CRE021,1.0
AVLP161,DNc02,0.5
AVLP161,DNp23,13.0
AVLP161,OA-ASM2,1.0
AVLP161,OA-VPM4,2.0
AVLP176_b,AVLP477,10.5
AVLP176_b,AVLP520,3.0
AVLP176_b,AVLP562,3.5
AVLP176_b,AVLP734m,0.2
AVLP176_b,CB1189,1.0
AVLP176_b,CB2672,1.0
AVLP176_b,CB3433,1.0
AVLP176_b,CB3439,0.5
AVLP176_b,CL111,1.0
AVLP176_b,CL199,0.5
AVLP176_b,CL366,7.0
AVLP176_b,DNp23,1.0
AVLP176_b,DNpe053,12.0
AVLP176_b,FB4Z_c,0.25
AVLP176_b,FB5A,0.25
AVLP176_b,PFL2,0.083333336
AVLP176_b,SIP145m,0.5
AVLP176_b,hDeltaM,0.125
AVLP178,AVLP176_b,1.0
AVLP178,AVLP178,9.5
AVLP178,AVLP190,1.5
AVLP178,AVLP477,4.5
AVLP178,AVLP488,0.5
AVLP178,AVLP562,4.75
AVLP178,CB1672,5.0
AVLP178,CB2286,3.0
AVLP178,CB3019,6.5
AVLP178,CB3433,1.0
AVLP178,CB3683,8.5
AVLP178,CL199,9.5
AVLP178,DNpe053,1.0
AVLP190,AVLP176_b,1.0
AVLP190,AVLP210,2.0
AVLP190,AVLP477,7.0
AVLP190,CB3019,1.0
AVLP190,CB3433,2.0
AVLP190,DNpe043,3.0
AVLP190,DNpe053,6.0
AVLP190,OA-VPM4,1.0
AVLP192_b,AN05B103,0.5
AVLP192_b,AVLP025,0.5
AVLP192_b,AVLP095,0.5
AVLP192_b,AVLP096,0.5
AVLP192_b,AVLP161,3.0
AVLP192_b,AVLP193,0.5
AVLP192_b,AVLP210,5.0
AVLP192_b,AVLP397,3.5
AVLP192_b,AVLP476,12.0
AVLP192_b,AVLP477,4.5
AVLP192_b,AVLP488,0.5
AVLP192_b,AVLP520,6.5
AVLP192_b,AVLP709m,0.25
AVLP192_b,AVLP710m,2.0
AVLP192_b,AVLP729m,0.5
AVLP192_b,AVLP751m,0.5
AVLP192_b,CL062_a1,0.25
AVLP192_b,CL062_a2,1.75
AVLP192_b,CL122_a,0.75
AVLP192_b,CL248,0.25
AVLP192_b,CL251,1.0
AVLP192_b,CL310,32.0
AVLP192_b,CL366,0.5
AVLP192_b,CRE065,0.5
AVLP192_b,DNa14,1.5
AVLP192_b,DNp60,14.5
AVLP192_b,DNp64,12.0
AVLP192_b,DNp67,22.0
AVLP192_b,DNpe025,6.5
AVLP192_b,DNpe050,3.25
AVLP192_b,DNpe053,11.0
AVLP192_b,GNG305,0.5
AVLP192_b,GNG525,0.5
AVLP192_b,ICL002m,0.5
AVLP192_b,ICL010m,2.0
AVLP192_b,ICL012m,0.5
AVLP192_b,LAL029_b,1.0
AVLP192_b,OA-VUMa8,3.0
AVLP192_b,SIP136m,0.5
AVLP192_b,SIP141m,0.5
AVLP192_b,SIP143m,1.0
AVLP192_b,SIP145m,0.25
AVLP192_b,VES053,0.5
AVLP192_b,VES092,2.5
AVLP192_b,VES204m,1.0
AVLP192_b,pC1_7a,0.25
AVLP193,AVLP161,3.0
AVLP193,AVLP192_b,3.5
AVLP193,AVLP210,6.0
AVLP193,AVLP397,3.0
AVLP193,AVLP477,6.0
AVLP193,AVLP520,1.0
AVLP193,AVLP710m,1.0
AVLP193,AstA1,1.0
AVLP193,CB2672,1.0
AVLP193,CB3302,0.6666667
AVLP193,CL062_a1,1.0
AVLP193,CL062_a2,1.5
AVLP193,CL062_b1,0.5
AVLP193,CL208,0.33333334
AVLP193,CL248,0.5
AVLP193,CL310,33.0
AVLP193,CL335,3.0
AVLP193,DNa14,2.0
AVLP193,DNae001,2.0
AVLP193,DNg101,1.0
AVLP193,DNp60,9.0
AVLP193,DNp64,13.0
AVLP193,DNp67,28.0
AVLP193,DNpe025,2.0
AVLP193,DNpe050,13.0
AVLP193,DNpe053,16.0
AVLP193,GNG667,0.5
AVLP193,ICL010m,3.0
AVLP193,OA-VPM4,1.0
AVLP193,OA-VUMa8,1.0
AVLP193,PPM1201,2.0
AVLP193,SCL001m,0.33333334
AVLP193,SIP104m,0.25
AVLP193,SIP118m,0.33333334
AVLP193,SIP145m,0.5
AVLP193,SIP146m,0.33333334
AVLP193,VES092,1.0
AVLP210,AN07B004,2.0
AVLP210,AVLP476,1.0
AVLP210,AVLP477,22.5
AVLP210,AVLP562,14.0
AVLP210,AVLP729m,1.0
AVLP210,AVLP751m,1.0
AVLP210,CB3019,4.0
AVLP210,CB3683,3.0
AVLP210,CL111,5.0
AVLP210,CL199,12.0
AVLP210,CL248,0.5
AVLP210,CL251,5.0
AVLP210,CL310,10.0
AVLP210,CL366,10.0
AVLP210,DNp64,3.0
AVLP210,DNpe025,1.0
AVLP210,DNpe053,2.0
AVLP210,GNG667,1.0
AVLP210,ICL003m,2.0
AVLP210,PVLP016,1.0
AVLP210,SIP104m,1.75
AVLP210,SIP133m,2.0
AVLP210,SIP136m,0.5
AVLP210,SMP109,1.0
AVLP210,SMP543,1.0
AVLP210,SMP593,5.0
AVLP210,VES092,0.5
AVLP210,aSP22,73.0
AVLP256,AN08B032,-1.0
AVLP256,AOTU042,-1.0
AVLP256,AVLP710m,-6.0
AVLP256,AVLP727m,-1.0
AVLP256,AVLP760m,-1.5
AVLP256,CL062_a1,-0.5
AVLP256,CL122_a,-6.0
AVLP256,CL208,-2.0
AVLP256,CL335,-2.0
AVLP256,CRE021,-0.5
AVLP256,DNa14,-1.0
AVLP256,DNg101,-9.0
AVLP256,DNp36,-8.0
AVLP256,DNp60,-1.0
AVLP256,DNpe050,-5.0
AVLP256,ICL002m,-1.0
AVLP256,ICL008m,-1.5
AVLP256,ICL013m_b,-2.0
AVLP256,PVLP016,-1.0
AVLP256,SIP104m,-0.75
AVLP256,SIP110m_a,-3.0
AVLP256,SIP119m,-0.2857143
AVLP256,SIP133m,-58.5
AVLP256,SIP141m,-3.0
AVLP256,SIP143m,-2.0
AVLP256,VES022,-10.0
AVLP256,VES087,-1.0
AVLP256,VES092,-14.5
AVLP256,VES109,-1.0
AVLP256,VES203m,-1.0
AVLP256,aSP10A_b,-0.5
AVLP256,aSP22,-5.0
AVLP256,pC1_13b,-2.0
AVLP256,pC1_14a,-2.0
AVLP256,pIP10,-73.0
AVLP306,AVLP096,9.0
AVLP306,AVLP306,2.75
AVLP306,AVLP520,0.5
AVLP306,AVLP728m,0.6666667
AVLP306,CB1187,5.0
AVLP306,CB1301,1.0
AVLP306,CB3302,0.16666667
AVLP306,CL308,0.5
AVLP306,DNpe053,0.5
AVLP306,PVLP093,1.5
AVLP314,AVLP096,1.0
AVLP314,AVLP115,1.0
AVLP314,AVLP178,0.5
AVLP314,AVLP210,1.0
AVLP314,AVLP476,4.0
AVLP314,AVLP562,1.0
AVLP314,CB2286,2.0
AVLP314,CB3302,10.0
AVLP314,CB3439,3.0
AVLP314,DNp62,0.5
AVLP314,DNpe043,3.0
AVLP314,ExR1,17.25
AVLP314,FB1G,1.5
AVLP314,FB5AB,1.5
AVLP314,FB8B,3.0
AVLP314,MBON20,0.5
AVLP314,OA-VPM3,0.5
AVLP314,hDeltaD,0.5
AVLP397,AVLP069_b,2.0
AVLP397,AVLP161,13.0
AVLP397,AVLP192_b,22.0
AVLP397,AVLP193,16.0
AVLP397,AVLP444,1.0
AVLP397,AVLP477,4.0
AVLP397,AVLP488,18.0
AVLP397,AVLP520,84.0
AVLP397,AVLP562,0.5
AVLP397,AVLP705m,1.0
AVLP397,AVLP751m,1.0
AVLP397,CB1189,25.0
AVLP397,CB3019,1.0
AVLP397,CB3302,0.6666667
AVLP397,CB3433,5.0
AVLP397,CB3439,9.5
AVLP397,CB3666,1.0
AVLP397,CL251,1.0
AVLP397,DNpe053,2.0
AVLP397,OA-VPM4,4.0
AVLP397,OA-VUMa8,3.0
AVLP397,PVLP093,2.0
AVLP444,AVLP115,8.0
AVLP444,AVLP161,7.0
AVLP444,AVLP176_b,30.0
AVLP444,AVLP314,2.0
AVLP444,AVLP397,5.0
AVLP444,AVLP477,3.0
AVLP444,AVLP520,2.0
AVLP444,CB1187,3.0
AVLP444,CB1189,4.0
AVLP444,CL109,3.0
AVLP444,CL248,8.0
AVLP444,DNp64,1.0
AVLP444,DNpe043,4.0
AVLP444,IB115,1.0
AVLP444,OA-VUMa8,6.0
AVLP444,PVLP093,6.0
AVLP462,AVLP476,-1.0
AVLP462,AVLP562,-0.5
AVLP462,AVLP700m,-1.0
AVLP462,AVLP729m,-4.0
AVLP462,AVLP734m,-0.4
AVLP462,AVLP760m,-0.5
AVLP462,CB1017,-3.0
AVLP462,CL062_a1,-1.0
AVLP462,CL062_b3,-0.5
AVLP462,CL326,-3.0
AVLP462,OA-VUMa8,-8.0
AVLP462,PVLP138,-10.0
AVLP462,SIP146m,-1.3333334
AVLP462,SMP593,-1.0
AVLP462,VES092,-1.0
AVLP462,VES204m,-1.0
AVLP462,aSP10A_a,-1.0
AVLP462,pC1_13b,-1.0
AVLP476,AN00A006,0.5
AVLP476,AN08B032,4.0
AVLP476,AN27X013,0.33333334
AVLP476,AVLP025,4.0
AVLP476,AVLP036,1.0
AVLP476,AVLP095,3.0
AVLP476,AVLP096,4.0
AVLP476,AVLP121,1.0
AVLP476,AVLP178,3.0
AVLP476,AVLP190,4.0
AVLP476,AVLP192_b,3.0
AVLP476,AVLP193,2.0
AVLP476,AVLP210,5.0
AVLP476,AVLP306,1.0
AVLP476,AVLP314,4.0
AVLP476,AVLP397,1.0
AVLP476,AVLP444,4.0
AVLP476,AVLP462,1.0
AVLP476,AVLP477,1.0
AVLP476,AVLP488,7.0
AVLP476,AVLP562,3.0
AVLP476,AVLP704m,2.0
AVLP476,AVLP710m,17.0
AVLP476,AVLP714m,1.0
AVLP476,AVLP716m,1.0
AVLP476,AVLP728m,2.6666667
AVLP476,AVLP730m,16.0
AVLP476,AVLP731m,2.0
AVLP476,AVLP734m,2.0
AVLP476,AVLP751m,5.0
AVLP476,AVLP760m,0.5
AVLP476,CB1017,1.0
AVLP476,CB1301,5.0
AVLP476,CB1672,2.0
AVLP476,CB2286,8.0
AVLP476,CB3019,1.0
AVLP476,CB3302,10.333333
AVLP476,CB3433,3.0
AVLP476,CB3439,1.0
AVLP476,CB3683,4.0
AVLP476,CL062_a1,1.0
AVLP476,CL062_a2,1.5
AVLP476,CL062_b1,0.5
AVLP476,CL122_a,1.0
AVLP476,CL248,4.5
AVLP476,CL251,1.0
AVLP476,CL310,3.0
AVLP476,CL311,7.0
AVLP476,CL335,3.0
AVLP476,CL366,2.0
AVLP476,DNc01,2.0
AVLP476,DNc02,0.5
AVLP476,DNd05,1.0
AVLP476,DNg101,1.0
AVLP476,DNp46,1.0
AVLP476,DNp62,1.0
AVLP476,DNp64,6.0
AVLP476,DNp67,1.0
AVLP476,DNpe025,2.0
AVLP476,DNpe050,1.5
AVLP476,GNG525,10.0
AVLP476,GNG667,3.0
AVLP476,ICL002m,1.0
AVLP476,ICL012m,2.0
AVLP476,OA-AL2i1,0.5
AVLP476,OA-ASM2,4.0
AVLP476,OA-VUMa8,15.0
AVLP476,PVLP016,2.0
AVLP476,PVLP093,3.0
AVLP476,PVLP200m_b,2.0
AVLP476,PVLP203m,1.25
AVLP476,SIP118m,0.6666667
AVLP476,SIP136m,3.5
AVLP476,SIP143m,1.0
AVLP476,SIP146m,0.33333334
AVLP476,SMP446,1.0
AVLP476,aIPg1,4.0
AVLP476,aSP10A_a,6.0
AVLP476,aSP10A_b,4.0
AVLP476,aSP10B,5.0
AVLP476,pC1_7a,2.5
AVLP477,AN00A006,0.25
AVLP477,AVLP096,0.5
AVLP477,AVLP462,0.5
AVLP477,AVLP477,0.75
AVLP477,AVLP562,20.5
AVLP477,AVLP700m,0.5
AVLP477,AVLP710m,4.5
AVLP477,AVLP714m,0.5
AVLP477,AVLP730m,0.5
AVLP477,AVLP734m,0.1
AVLP477,CB1062,1.5
AVLP477,CB1287,0.75
AVLP477,CB2286,0.5
AVLP477,CB3394,0.5
AVLP477,CL109,0.5
AVLP477,CL111,1.5
AVLP477,CL199,0.5
AVLP477,CL208,1.5
AVLP477,CL326,2.5
AVLP477,CL366,2.5
AVLP477,CRE004,21.5
AVLP477,CRE005,0.33333334
AVLP477,CRE006,0.75
AVLP477,CRE012,0.75
AVLP477,CRE021,121.75
AVLP477,CRE030_b,5.0
AVLP477,CRE065,2.0
AVLP477,CRE081,14.0
AVLP477,CRE100,1.0
AVLP477,DNa01,0.5
AVLP477,DNp60,0.5
AVLP477,DNp62,0.5
AVLP477,DNpe050,0.25
AVLP477,DNpe053,3.0
AVLP477,FB1C,0.25
AVLP477,FB1H,0.25
AVLP477,FB4E_a,0.1
AVLP477,FB4F_a,0.375
AVLP477,FB4G,0.75
AVLP477,FB4H,2.25
AVLP477,FB4K,9.125
AVLP477,FB4M,32.625
AVLP477,FB4O,0.25
AVLP477,FB4P_b,0.33333334
AVLP477,FB4P_c,0.5
AVLP477,FB4Q_b,0.25
AVLP477,FB4R,1.8333334
AVLP477,FB4Y,0.75
AVLP477,FB5D,0.16666667
AVLP477,FB5F,0.25
AVLP477,FB5L,2.0
AVLP477,FB5M,0.25
AVLP477,FB5N,0.25
AVLP477,FB5P,0.125
AVLP477,FB5T,1.5
AVLP477,FB5V_a,0.16666667
AVLP477,FB5V_b,0.75
AVLP477,FB5V_c,0.3
AVLP477,FB5X,3.9166667
AVLP477,FB6N,0.5
AVLP477,GNG011,1.0
AVLP477,GNG304,0.25
AVLP477,GNG305,1.0
AVLP477,GNG587,13.5
AVLP477,GNG667,4.0
AVLP477,ICL003m,1.0
AVLP477,ICL008m,0.25
AVLP477,ICL010m,2.0
AVLP477,LAL008,0.25
AVLP477,LAL040,0.5
AVLP477,LAL045,4.0
AVLP477,LAL101,0.5
AVLP477,LAL102,0.5
AVLP477,LAL154,2.0
AVLP477,LAL155,15.5
AVLP477,LAL159,15.5
AVLP477,LAL200,9.5
AVLP477,MBON20,0.75
AVLP477,MBON25,0.75
AVLP477,MBON25-like,0.125
AVLP477,MBON34,2.0
AVLP477,MBON35,0.25
AVLP477,OA-VPM3,0.25
AVLP477,OA-VUMa8,6.0
AVLP477,PAL01,0.5
AVLP477,PPL102,158.5
AVLP477,PPL103,30.0
AVLP477,PPL108,99.5
AVLP477,PPM1201,4.0
AVLP477,PVLP016,0.5
AVLP477,SAD075,0.25
AVLP477,SCL001m,1.1666666
AVLP477,SIP104m,0.125
AVLP477,SIP118m,0.16666667
AVLP477,SIP119m,0.14285715
AVLP477,SMP108,0.5
AVLP477,SMP122,13.0
AVLP477,SMP377,3.0
AVLP477,SMP471,37.5
AVLP477,SMP543,1.0
AVLP477,SMP593,3.5
AVLP477,SMP709m,1.5
AVLP477,SMP713m,0.75
AVLP477,VES020,0.33333334
AVLP477,VES053,8.0
AVLP477,VES092,0.5
AVLP477,VES095,7.25
AVLP477,VES096,20.0
AVLP477,VES097,18.5
AVLP477,VES101,7.0
AVLP477,aSP10B,0.5
AVLP488,AVLP176_b,2.0
AVLP488,AVLP178,0.5
AVLP488,AVLP210,3.0
AVLP488,AVLP397,35.0
AVLP488,AVLP477,4.5
AVLP488,AVLP520,132.0
AVLP488,AVLP562,2.0
AVLP488,AVLP710m,1.0
AVLP488,AVLP730m,1.0
AVLP488,CB1017,1.0
AVLP488,CB1189,59.0
AVLP488,CB1672,1.0
AVLP488,CB3019,3.0
AVLP488,CB3439,3.0
AVLP488,CB3666,1.0
AVLP488,CL062_b2,1.0
AVLP488,CL109,6.0
AVLP488,CL248,1.5
AVLP488,CL251,1.0
AVLP488,CL336,2.0
AVLP488,DNp64,4.0
AVLP488,DNpe050,0.5
AVLP488,DNpe053,1.0
AVLP488,OA-VPM4,3.0
AVLP488,OA-VUMa8,2.0
AVLP520,AVLP161,1.0
AVLP520,AVLP176_b,1.0
AVLP520,AVLP192_b,1.0
AVLP520,AVLP397,105.0
AVLP520,AVLP477,1.0
AVLP520,AVLP488,4.0
AVLP520,AVLP738m,4.0
AVLP520,AVLP746m,1.0
AVLP520,CB1017,4.0
AVLP520,CB1189,61.0
AVLP520,CB1301,8.0
AVLP520,CB1672,1.0
AVLP520,CB3019,1.0
AVLP520,CB3439,2.5
AVLP520,CB3666,41.0
AVLP520,CL109,1.0
AVLP520,CL251,4.0
AVLP520,DNp64,1.0
AVLP520,DNpe053,5.0
AVLP520,FB4B,1.5
AVLP520,OA-VPM4,3.0
AVLP520,OA-VUMa8,6.0
AVLP520,VES092,0.5
AVLP562,AOTU042,0.5
AVLP562,AVLP193,1.5
AVLP562,AVLP477,0.75
AVLP562,AVLP562,1.75
AVLP562,AstA1,5.0
AVLP562,CB1062,12.375
AVLP562,CB1287,13.0
AVLP562,CB3433,0.5
AVLP562,CL199,1.0
AVLP562,CL248,0.25
AVLP562,CL308,0.5
AVLP562,CL311,0.5
AVLP562,CL344_a,4.75
AVLP562,CRE004,5.0
AVLP562,CRE005,0.6666667
AVLP562,CRE011,2.0
AVLP562,CRE012,0.25
AVLP562,CRE021,45.0
AVLP562,CRE030_b,41.0
AVLP562,CRE044,0.5
AVLP562,CRE065,2.0
AVLP562,CRE081,2.0
AVLP562,CRE100,1.0
AVLP562,DNd05,0.5
AVLP562,DNp52,3.0
AVLP562,DNpe053,42.5
AVLP562,EL,0.027777778
AVLP562,ER5,0.023809524
AVLP562,ExR6,0.5
AVLP562,FB1C,0.25
AVLP562,FB1H,1.25
AVLP562,FB4B,3.25
AVLP562,FB4E_a,6.5
AVLP562,FB4E_b,6.625
AVLP562,FB4E_c,1.5
AVLP562,FB4F_a,0.125
AVLP562,FB4F_c,1.3333334
AVLP562,FB4G,0.25
AVLP562,FB4H,0.25
AVLP562,FB4I,0.25
AVLP562,FB4K,8.625
AVLP562,FB4M,1.125
AVLP562,FB4P_a,0.375
AVLP562,FB4R,1.0
AVLP562,FB4Y,3.625
AVLP562,FB5A,0.25
AVLP562,FB5E,0.25
AVLP562,FB5F,5.25
AVLP562,FB5M,0.5
AVLP562,FB5N,0.375
AVLP562,FB5P,1.5
AVLP562,FB5Q,0.875
AVLP562,FB5T,2.5
AVLP562,FB5V_a,4.5833335
AVLP562,FB5V_b,11.5
AVLP562,FB5V_c,0.5
AVLP562,FB5X,3.9166667
AVLP562,FB5Z,1.125
AVLP562,FB6X,0.25
AVLP562,GNG587,2.0
AVLP562,ICL010m,1.0
AVLP562,LAL007,0.5
AVLP562,LAL008,0.5
AVLP562,LAL045,6.0
AVLP562,LAL154,0.5
AVLP562,LAL159,0.5
AVLP562,LAL192,1.0
AVLP562,LAL200,22.5
AVLP562,LCNOp,0.25
AVLP562,MBON20,1.25
AVLP562,MBON25,5.0
AVLP562,MBON25-like,4.25
AVLP562,MBON34,9.25
AVLP562,MBON35,5.5
AVLP562,OA-VUMa8,0.5
AVLP562,PAL01,0.5
AVLP562,PPL102,15.0
AVLP562,PPL103,33.0
AVLP562,PPL108,83.0
AVLP562,SIP091,4.0
AVLP562,SIP136m,8.75
AVLP562,SIP146m,0.16666667
AVLP562,SMP052,35.5
AVLP562,SMP109,0.5
AVLP562,SMP122,7.0
AVLP562,SMP446,0.5
AVLP562,SMP471,9.0
AVLP562,SMP493,3.5
AVLP562,SMP543,1.0
AVLP562,SMP593,2.5
AVLP562,SMP709m,5.0
AVLP562,SMP713m,0.75
AVLP562,SMP714m,0.25
AVLP562,SMP715m,0.25
AVLP562,VES092,2.75
AVLP700m,AVLP210,1.0
AVLP700m,AVLP462,1.0
AVLP700m,AVLP704m,1.0
AVLP700m,AVLP710m,8.0
AVLP700m,AVLP730m,1.0
AVLP700m,AVLP733m,1.0
AVLP700m,AVLP734m,2.0
AVLP700m,AVLP751m,3.0
AVLP700m,AVLP760m,6.0
AVLP700m,CB3302,0.33333334
AVLP700m,CL062_a2,0.5
AVLP700m,CL062_b3,0.5
AVLP700m,CL122_a,5.0
AVLP700m,CL199,1.0
AVLP700m,CL208,0.33333334
AVLP700m,CL248,2.0
AVLP700m,CL251,1.0
AVLP700m,CL311,13.0
AVLP700m,CL335,2.0
AVLP700m,CL344_a,1.0
AVLP700m,CL366,3.0
AVLP700m,CRE021,6.5
AVLP700m,DNa01,3.0
AVLP700m,DNa14,4.0
AVLP700m,DNp36,2.0
AVLP700m,DNp46,29.0
AVLP700m,DNp62,0.5
AVLP700m,DNp64,29.0
AVLP700m,DNp67,3.0
AVLP700m,DNpe025,1.0
AVLP700m,DNpe050,38.0
AVLP700m,ICL002m,6.0
AVLP700m,ICL008m,4.0
AVLP700m,ICL010m,19.0
AVLP700m,ICL012m,14.0
AVLP700m,LAL029_b,3.0
AVLP700m,PVLP016,69.0
AVLP700m,PVLP200m_b,5.0
AVLP700m,PVLP203m,1.0
AVLP700m,SIP091,5.0
AVLP700m,SIP133m,0.5
AVLP700m,SIP136m,1.0
AVLP700m,SIP141m,8.0
AVLP700m,SIP143m,4.0
AVLP700m,SIP146m,0.33333334
AVLP700m,VES022,1.0
AVLP700m,VES087,1.0
AVLP700m,VES092,10.0
AVLP700m,aSP10A_b,0.5
AVLP700m,aSP10B,1.0
AVLP704m,AN08B032,1.0
AVLP704m,AVLP477,0.5
AVLP704m,AVLP700m,2.0
AVLP704m,AVLP710m,5.0
AVLP704m,AVLP716m,2.0
AVLP704m,AVLP727m,1.5
AVLP704m,AVLP730m,2.0
AVLP704m,AVLP733m,1.0
AVLP704m,AVLP734m,2.0
AVLP704m,AVLP751m,2.0
AVLP704m,AVLP760m,3.0
AVLP704m,CL062_b3,0.5
AVLP704m,CL208,0.6666667
AVLP704m,CL344_a,1.0
AVLP704m,CRE021,2.0
AVLP704m,DNae001,1.0
AVLP704m,DNg101,1.0
AVLP704m,DNp46,66.0
AVLP704m,DNp60,1.0
AVLP704m,DNp62,0.5
AVLP704m,DNp64,11.0
AVLP704m,DNpe050,28.5
AVLP704m,ICL002m,2.0
AVLP704m,ICL008m,3.0
AVLP704m,ICL010m,18.0
AVLP704m,ICL012m,5.0
AVLP704m,LAL029_b,11.0
AVLP704m,OA-ASM2,1.0
AVLP704m,OA-VUMa8,1.0
AVLP704m,PVLP016,89.0
AVLP704m,PVLP200m_b,4.0
AVLP704m,PVLP203m,1.0
AVLP704m,SCL001m,0.33333334
AVLP704m,SIP124m,0.33333334
AVLP704m,SIP136m,0.5
AVLP704m,SIP141m,4.0
AVLP704m,SIP143m,8.0
AVLP704m,SIP146m,0.6666667
AVLP704m,SMP109,1.0
AVLP704m,VES022,2.0
AVLP704m,VES092,5.5
AVLP704m,aSP10A_a,2.0
AVLP704m,pIP10,1.0
AVLP705m,AOTU042,3.0
AVLP705m,AVLP562,2.5
AVLP705m,AVLP734m,0.6
AVLP705m,CL208,0.33333334
AVLP705m,CRE004,11.0
AVLP705m,CRE012,0.5
AVLP705m,ExR6,14.0
AVLP705m,FB1C,8.5
AVLP705m,FB4G,5.5
AVLP705m,FB4H,0.5
AVLP705m,FB4M,0.75
AVLP705m,FB4Y,6.75
AVLP705m,FB5A,2.5
AVLP705m,LAL101,2.0
AVLP705m,LCNOpm,19.0
AVLP705m,MBON20,5.5
AVLP705m,PPL108,22.0
AVLP705m,PVLP093,18.0
AVLP705m,PVLP130,23.0
AVLP705m,SIP064,2.0
AVLP705m,SIP118m,0.33333334
AVLP705m,SIP136m,1.5
AVLP705m,VES092,0.5
AVLP705m,pC1_6a,1.0
AVLP709m,AN00A006,0.25
AVLP709m,AN08B032,0.5
AVLP709m,AVLP476,0.5
AVLP709m,AVLP477,0.5
AVLP709m,AVLP710m,1.5
AVLP709m,AVLP716m,3.5
AVLP709m,AVLP727m,1.0
AVLP709m,AVLP731m,0.5
AVLP709m,AVLP734m,0.1
AVLP709m,AVLP746m,0.5
AVLP709m,AVLP751m,1.0
AVLP709m,AVLP760m,0.25
AVLP709m,CB1017,0.5
AVLP709m,CL062_b1,0.25
AVLP709m,CL062_b2,2.0
AVLP709m,CL062_b3,1.0
AVLP709m,CL311,1.5
AVLP709m,CL344_a,19.5
AVLP709m,CRE021,0.25
AVLP709m,CRE065,0.5
AVLP709m,DNp46,1.0
AVLP709m,DNp60,2.0
AVLP709m,DNp62,0.5
AVLP709m,DNpe025,9.5
AVLP709m,DNpe050,2.25
AVLP709m,FB3A,0.125
AVLP709m,GNG011,1.0
AVLP709m,ICL002m,1.0
AVLP709m,ICL008m,0.25
AVLP709m,LAL029_b,0.5
AVLP709m,OA-VUMa8,0.5
AVLP709m,PVLP016,5.0
AVLP709m,PVLP203m,0.75
AVLP709m,SCL001m,0.16666667
AVLP709m,SIP091,2.0
AVLP709m,SIP104m,0.375
AVLP709m,SIP119m,0.071428575
AVLP709m,SIP133m,1.75
AVLP709m,VES203m,0.5
AVLP709m,pIP10,2.0
AVLP710m,AN00A006,-0.5
AVLP710m,AN05B103,-16.5
AVLP710m,ANXXX152,-21.0
AVLP710m,AVLP121,-0.5
AVLP710m,AVLP192_b,-0.5
AVLP710m,AVLP210,-1.0
AVLP710m,AVLP314,-1.0
AVLP710m,AVLP477,-2.5
AVLP710m,AVLP562,-1.0
AVLP710m,AVLP700m,-1.0
AVLP710m,AVLP714m,-4.0
AVLP710m,AVLP715m,-3.0
AVLP710m,AVLP716m,-68.0
AVLP710m,AVLP729m,-3.0
AVLP710m,AVLP730m,-3.0
AVLP710m,AVLP751m,-1.0
AVLP710m,AVLP760m,-0.5
AVLP710m,CB2286,-1.0
AVLP710m,CB3019,-1.0
AVLP710m,CL062_a2,-1.0
AVLP710m,CL062_b1,-1.0
AVLP710m,CL062_b3,-0.5
AVLP710m,CL122_a,-0.5
AVLP710m,CL199,-0.5
AVLP710m,CL208,-22.0
AVLP710m,CL248,-1.5
AVLP710m,CL251,-1.0
AVLP710m,CL310,-1.0
AVLP710m,CL311,-177.0
AVLP710m,CL335,-5.0
AVLP710m,CL344_a,-1.5
AVLP710m,CRE021,-13.5
AVLP710m,DNa01,-83.0
AVLP710m,DNg101,-56.0
AVLP710m,DNp101,-1.0
AVLP710m,DNp36,-7.0
AVLP710m,DNp46,-2.0
AVLP710m,DNp52,-1.0
AVLP710m,DNp60,-25.0
AVLP710m,DNp62,-1.5
AVLP710m,DNp64,-21.0
AVLP710m,DNp67,-10.0
AVLP710m,DNpe025,-23.0
AVLP710m,GNG011,-3.0
AVLP710m,GNG667,-4.5
AVLP710m,ICL002m,-5.0
AVLP710m,ICL003m,-9.0
AVLP710m,ICL008m,-0.5
AVLP710m,ICL013m_b,-17.0
AVLP710m,LAL029_b,-6.0
AVLP710m,OA-ASM2,-1.0
AVLP710m,OA-VUMa8,-1.0
AVLP710m,PVLP016,-116.0
AVLP710m,PVLP093,-1.0
AVLP710m,PVLP138,-2.0
AVLP710m,PVLP203m,-6.0
AVLP710m,SAD075,-0.75
AVLP710m,SCL001m,-1.3333334
AVLP710m,SIP091,-1.0
AVLP710m,SIP104m,-0.5
AVLP710m,SIP110m_a,-21.0
AVLP710m,SIP119m,-3.5714285
AVLP710m,SIP133m,-17.5
AVLP710m,SIP136m,-3.5
AVLP710m,SIP143m,-22.0
AVLP710m,SIP146m,-0.6666667
AVLP710m,SMP108,-1.0
AVLP710m,SMP543,-4.0
AVLP710m,SMP593,-2.0
AVLP710m,SMP723m,-3.0
AVLP710m,VES053,-6.0
AVLP710m,VES092,-1.5
AVLP710m,VES095,-5.5
AVLP710m,VES097,-5.0
AVLP710m,VES101,-31.0
AVLP710m,VES203m,-3.0
AVLP710m,VES204m,-1.0
AVLP710m,aSP10A_a,-2.0
AVLP710m,aSP10A_b,-0.5
AVLP710m,aSP10B,-2.0
AVLP710m,aSP22,-7.0
AVLP710m,pIP10,-131.0
AVLP714m,AN00A006,0.5
AVLP714m,AN05B103,0.5
AVLP714m,AN08B020,3.0
AVLP714m,AVLP096,1.0
AVLP714m,AVLP193,2.0
AVLP714m,AVLP256,7.0
AVLP714m,AVLP710m,1.0
AVLP714m,AVLP716m,2.0
AVLP714m,AVLP729m,1.0
AVLP714m,CB1017,3.0
AVLP714m,CB3302,0.6666667
AVLP714m,CL062_a2,0.5
AVLP714m,CL062_b3,2.0
AVLP714m,CL208,1.3333334
AVLP714m,CL248,17.0
AVLP714m,CL251,1.0
AVLP714m,CL310,12.0
AVLP714m,CRE021,4.5
AVLP714m,CRE065,2.0
AVLP714m,DNp46,2.0
AVLP714m,DNp60,1.0
AVLP714m,DNp62,0.5
AVLP714m,DNp67,15.0
AVLP714m,DNpe050,0.5
AVLP714m,ICL002m,1.0
AVLP714m,ICL003m,1.0
AVLP714m,ICL012m,6.0
AVLP714m,ICL013m_b,2.0
AVLP714m,OA-ASM2,20.0
AVLP714m,OA-VUMa8,3.0
AVLP714m,PVLP016,4.0
AVLP714m,PVLP138,8.0
AVLP714m,SIP091,68.0
AVLP714m,SIP104m,0.75
AVLP714m,SIP110m_a,3.0
AVLP714m,SIP118m,0.33333334
AVLP714m,SIP119m,0.2857143
AVLP714m,SIP124m,1.6666666
AVLP714m,SIP133m,0.5
AVLP714m,SIP136m,4.0
AVLP714m,SIP146m,1.3333334
AVLP714m,SMP543,3.0
AVLP714m,SMP593,1.0
AVLP714m,VES053,1.0
AVLP714m,VES092,1.5
AVLP714m,VES096,1.0
AVLP714m,VES109,5.0
AVLP714m,VES204m,1.0
AVLP714m,aIPg1,5.0
AVLP714m,aSP10B,2.0
AVLP714m,pC1_7a,0.5
AVLP714m,pIP10,1.0
AVLP715m,AN08B020,2.0
AVLP715m,AVLP256,6.0
AVLP715m,AVLP462,6.0
AVLP715m,AVLP714m,1.0
AVLP715m,AVLP716m,1.0
AVLP715m,AVLP746m,5.0
AVLP715m,AVLP760m,1.0
AVLP715m,CL062_b1,1.0
AVLP715m,CL062_b2,1.0
AVLP715m,CL062_b3,0.5
AVLP715m,CL248,5.0
AVLP715m,CL310,2.0
AVLP715m,CL344_a,1.0
AVLP715m,CRE021,6.5
AVLP715m,DNg101,2.0
AVLP715m,DNp46,2.0
AVLP715m,DNp60,28.0
AVLP715m,DNp62,1.0
AVLP715m,DNp67,11.0
AVLP715m,DNpe050,1.5
AVLP715m,GNG011,4.0
AVLP715m,ICL003m,1.0
AVLP715m,ICL012m,2.0
AVLP715m,OA-ASM2,3.0
AVLP715m,OA-VUMa8,1.0
AVLP715m,PVLP016,1.0
AVLP715m,PVLP138,3.0
AVLP715m,PVLP203m,0.5
AVLP715m,SIP091,32.0
AVLP715m,SIP104m,3.0
AVLP715m,SIP118m,1.3333334
AVLP715m,SIP119m,3.857143
AVLP715m,SIP133m,3.0
AVLP715m,SIP136m,1.0
AVLP715m,SIP143m,1.0
AVLP715m,SIP146m,1.3333334
AVLP715m,SMP493,1.0
AVLP715m,SMP586,1.0
AVLP715m,SMP593,1.0
AVLP715m,aIPg1,3.0
AVLP715m,pC1x_b,4.0
AVLP715m,pIP10,2.0
AVLP716m,AN00A006,0.5
AVLP716m,AN05B103,1.0
AVLP716m,AVLP096,1.0
AVLP716m,AVLP462,4.0
AVLP716m,AVLP477,0.5
AVLP716m,AVLP562,4.0
AVLP716m,AVLP700m,3.0
AVLP716m,AVLP704m,2.0
AVLP716m,AVLP709m,0.5
AVLP716m,AVLP710m,4.0
AVLP716m,AVLP714m,1.0
AVLP716m,AVLP715m,1.0
AVLP716m,AVLP727m,1.0
AVLP716m,AVLP728m,0.33333334
AVLP716m,AVLP730m,5.0
AVLP716m,AVLP731m,2.0
AVLP716m,AVLP733m,6.0
AVLP716m,AVLP734m,0.6
AVLP716m,AVLP738m,1.0
AVLP716m,AVLP751m,2.0
AVLP716m,AVLP760m,14.0
AVLP716m,CB1017,4.0
AVLP716m,CL062_a1,0.5
AVLP716m,CL062_b1,0.5
AVLP716m,CL062_b3,0.5
AVLP716m,CL122_a,3.5
AVLP716m,CL208,4.6666665
AVLP716m,CL248,27.0
AVLP716m,CL311,5.0
AVLP716m,CL335,2.0
AVLP716m,CL344_a,2.5
AVLP716m,CRE021,1.5
AVLP716m,CRE065,1.0
AVLP716m,CRE100,2.0
AVLP716m,DNa14,2.0
AVLP716m,DNg101,2.0
AVLP716m,DNp36,1.0
AVLP716m,DNp60,3.0
AVLP716m,DNp64,17.0
AVLP716m,DNpe050,102.0
AVLP716m,GNG011,2.0
AVLP716m,ICL002m,3.0
AVLP716m,ICL003m,12.0
AVLP716m,ICL008m,16.0
AVLP716m,ICL012m,3.0
AVLP716m,ICL013m_b,9.0
AVLP716m,LAL029_b,8.0
AVLP716m,OA-ASM2,1.0
AVLP716m,OA-VUMa8,3.0
AVLP716m,PVLP016,13.0
AVLP716m,PVLP138,4.0
AVLP716m,PVLP200m_b,13.0
AVLP716m,PVLP203m,3.75
AVLP716m,SCL001m,0.6666667
AVLP716m,SIP091,21.0
AVLP716m,SIP104m,0.25
AVLP716m,SIP124m,0.33333334
AVLP716m,SIP133m,4.5
AVLP716m,SIP136m,0.5
AVLP716m,SMP543,3.0
AVLP716m,SMP593,3.0
AVLP716m,SMP714m,0.5
AVLP716m,SMP723m,1.0
AVLP716m,VES022,3.0
AVLP716m,VES053,2.0
AVLP716m,VES092,1.5
AVLP716m,aIPg1,3.0
AVLP716m,aSP10A_a,1.0
AVLP716m,aSP10A_b,1.5
AVLP716m,pIP10,2.0
AVLP727m,AN05B103,15.75
AVLP727m,AN08B032,5.0
AVLP727m,AVLP700m,11.5
AVLP727m,AVLP704m,22.5
AVLP727m,AVLP709m,0.25
AVLP727m,AVLP710m,60.5
AVLP727m,AVLP715m,0.5
AVLP727m,AVLP716m,38.0
AVLP727m,AVLP727m,7.75
AVLP727m,AVLP728m,5.0
AVLP727m,AVLP729m,0.5
AVLP727m,AVLP731m,5.0
AVLP727m,AVLP733m,9.0
AVLP727m,AVLP734m,3.7
AVLP727m,AVLP737m,11.5
AVLP727m,AVLP738m,1.5
AVLP727m,AVLP751m,2.0
AVLP727m,AVLP760m,18.0
AVLP727m,CB1017,0.5
AVLP727m,CL062_a1,3.5
AVLP727m,CL062_a2,3.5
AVLP727m,CL062_b1,4.25
AVLP727m,CL062_b2,13.0
AVLP727m,CL062_b3,5.0
AVLP727m,CL122_a,0.25
AVLP727m,CL248,0.75
AVLP727m,CL326,1.0
AVLP727m,CL344_a,7.5
AVLP727m,CRE021,46.0
AVLP727m,DNp46,1.5
AVLP727m,DNp62,13.5
AVLP727m,DNpe050,1.75
AVLP727m,ICL002m,2.0
AVLP727m,ICL008m,5.0
AVLP727m,ICL012m,31.0
AVLP727m,OA-VPM4,0.5
AVLP727m,PVLP016,56.5
AVLP727m,PVLP138,2.0
AVLP727m,PVLP200m_b,26.5
AVLP727m,PVLP203m,0.5
AVLP727m,SCL001m,2.5
AVLP727m,SIP104m,0.125
AVLP727m,SIP124m,0.16666667
AVLP727m,SIP136m,0.25
AVLP727m,SIP143m,1.5
AVLP727m,SIP145m,1.5
AVLP727m,SMP028,34.5
AVLP727m,SMP723m,1.0
AVLP727m,VES024_a,0.5
AVLP727m,aSP10A_a,41.5
AVLP727m,aSP10A_b,4.25
AVLP727m,aSP10B,2.5
AVLP727m,pIP10,4.0
AVLP728m,AN00A006,0.16666667
AVLP728m,AN05B103,5.8333335
AVLP728m,AN08B032,2.0
AVLP728m,AVLP069_b,0.6666667
AVLP728m,AVLP193,0.33333334
AVLP728m,AVLP306,0.33333334
AVLP728m,AVLP444,0.6666667
AVLP728m,AVLP476,13.0
AVLP728m,AVLP700m,8.666667
AVLP728m,AVLP704m,13.666667
AVLP728m,AVLP710m,2.0
AVLP728m,AVLP727m,24.833334
AVLP728m,AVLP728m,2.0
AVLP728m,AVLP729m,5.6666665
AVLP728m,AVLP730m,0.6666667
AVLP728m,AVLP733m,2.0
AVLP728m,AVLP734m,0.53333336
AVLP728m,AVLP737m,0.6666667
AVLP728m,AVLP738m,1.0
AVLP728m,AVLP751m,67.666664
AVLP728m,AVLP760m,3.8333333
AVLP728m,CB1301,0.33333334
AVLP728m,CL062_a1,0.16666667
AVLP728m,CL062_a2,2.0
AVLP728m,CL062_b1,5.3333335
AVLP728m,CL062_b2,11.333333
AVLP728m,CL062_b3,17.666666
AVLP728m,CL122_a,1.1666666
AVLP728m,CL208,0.5555556
AVLP728m,CL311,0.33333334
AVLP728m,CL344_a,8.166667
AVLP728m,CRE021,3.3333333
AVLP728m,CRE065,1.0
AVLP728m,DNg101,0.6666667
AVLP728m,DNp60,0.33333334
AVLP728m,DNp62,4.6666665
AVLP728m,DNp64,0.6666667
AVLP728m,DNpe050,5.8333335
AVLP728m,ICL002m,9.666667
AVLP728m,ICL008m,2.5
AVLP728m,ICL012m,1.0
AVLP728m,OA-VPM4,0.33333334
AVLP728m,OA-VUMa8,1.0
AVLP728m,PVLP016,3.3333333
AVLP728m,PVLP138,0.33333334
AVLP728m,PVLP203m,2.25
AVLP728m,SIP104m,1.5
AVLP728m,SIP118m,0.11111111
AVLP728m,SIP119m,0.14285715
AVLP728m,SIP122m,1.3333334
AVLP728m,SIP124m,0.33333334
AVLP728m,SIP136m,0.16666667
AVLP728m,SIP141m,1.3333334
AVLP728m,SIP146m,0.22222222
AVLP728m,SMP028,33.333332
AVLP728m,SMP493,0.33333334
AVLP728m,SMP709m,0.33333334
AVLP728m,SMP723m,0.6666667
AVLP728m,aSP10A_a,9.666667
AVLP728m,aSP10A_b,1.1666666
AVLP728m,pC1_6a,0.33333334
AVLP728m,pC1_7a,0.8333333
AVLP728m,pIP10,1.0
AVLP729m,AN05B103,0.5
AVLP729m,AVLP306,0.5
AVLP729m,AVLP462,12.0
AVLP729m,AVLP476,2.0
AVLP729m,AVLP700m,22.0
AVLP729m,AVLP704m,9.0
AVLP729m,AVLP710m,3.0
AVLP729m,AVLP714m,8.0
AVLP729m,AVLP727m,6.5
AVLP729m,AVLP728m,6.0
AVLP729m,AVLP730m,1.0
AVLP729m,AVLP733m,1.0
AVLP729m,AVLP734m,1.2
AVLP729m,AVLP738m,2.0
AVLP729m,AVLP751m,5.0
AVLP729m,AVLP760m,2.0
AVLP729m,CB1017,5.0
AVLP729m,CB1301,11.0
AVLP729m,CL062_a1,0.5
AVLP729m,CL062_b1,1.0
AVLP729m,CL062_b2,6.0
AVLP729m,CL062_b3,8.5
AVLP729m,CL122_a,1.0
AVLP729m,CL208,2.0
AVLP729m,CL251,8.0
AVLP729m,CL311,1.0
AVLP729m,CL326,3.0
AVLP729m,CL344_a,0.5
AVLP729m,CRE021,0.5
AVLP729m,DNp62,0.5
AVLP729m,DNpe025,19.0
AVLP729m,DNpe050,0.5
AVLP729m,DNpe053,5.0
AVLP729m,FB1C,0.25
AVLP729m,ICL002m,14.0
AVLP729m,ICL008m,3.0
AVLP729m,ICL012m,2.0
AVLP729m,ICL013m_b,1.0
AVLP729m,PVLP138,15.0
AVLP729m,PVLP203m,6.0
AVLP729m,SIP104m,0.75
AVLP729m,SIP119m,0.2857143
AVLP729m,SIP136m,1.0
AVLP729m,SMP028,11.0
AVLP729m,VES022,15.0
AVLP729m,aSP10A_a,2.0
AVLP729m,aSP10A_b,1.5
AVLP729m,aSP22,1.0
AVLP730m,AN00A006,1.5
AVLP730m,AOTU100m,1.0
AVLP730m,AVLP210,2.0
AVLP730m,AVLP476,4.0
AVLP730m,AVLP477,0.5
AVLP730m,AVLP562,3.0
AVLP730m,AVLP710m,85.0
AVLP730m,AVLP714m,2.0
AVLP730m,AVLP716m,2.0
AVLP730m,AVLP734m,1.8
AVLP730m,AVLP760m,2.5
AVLP730m,CL062_a1,0.5
AVLP730m,CL062_b1,0.5
AVLP730m,CL062_b3,0.5
AVLP730m,CL199,0.5
AVLP730m,CL208,3.0
AVLP730m,CL248,3.0
AVLP730m,CL251,13.0
AVLP730m,CL311,9.0
AVLP730m,CL326,2.0
AVLP730m,CRE065,2.0
AVLP730m,DNp36,1.0
AVLP730m,DNp62,1.0
AVLP730m,DNp64,29.0
AVLP730m,DNpe025,5.0
AVLP730m,DNpe050,4.0
AVLP730m,ICL002m,6.0
AVLP730m,ICL003m,2.0
AVLP730m,ICL012m,3.0
AVLP730m,LAL013,4.0
AVLP730m,LAL029_b,10.0
AVLP730m,OA-VUMa8,7.0
AVLP730m,PVLP016,48.0
AVLP730m,PVLP200m_b,2.0
AVLP730m,PVLP203m,1.25
AVLP730m,SIP091,13.0
AVLP730m,SIP104m,1.0
AVLP730m,SIP124m,1.0
AVLP730m,SIP133m,0.5
AVLP730m,SIP136m,4.5
AVLP730m,SIP146m,1.3333334
AVLP730m,SMP709m,1.0
AVLP730m,VES022,15.0
AVLP730m,VES053,2.0
AVLP730m,VES087,1.0
AVLP730m,VES092,10.0
AVLP730m,aIPg1,3.0
AVLP730m,pC1_6a,4.0
AVLP730m,pC1_7a,1.0
AVLP731m,AVLP256,1.0
AVLP731m,AVLP476,1.0
AVLP731m,AVLP488,6.0
AVLP731m,AVLP709m,1.5
AVLP731m,AVLP710m,1.0
AVLP731m,AVLP716m,4.0
AVLP731m,AVLP727m,13.0
AVLP731m,AVLP728m,1.3333334
AVLP731m,AVLP733m,2.0
AVLP731m,AVLP734m,1.6
AVLP731m,AVLP746m,6.0
AVLP731m,AVLP760m,0.5
AVLP731m,CB1017,3.0
AVLP731m,CB1301,2.0
AVLP731m,CL062_a1,0.5
AVLP731m,CL062_a2,0.5
AVLP731m,CL062_b1,0.5
AVLP731m,CL208,10.0
AVLP731m,CL248,9.0
AVLP731m,CL344_a,1.0
AVLP731m,CRE021,52.5
AVLP731m,DNa01,1.0
AVLP731m,DNg101,1.0
AVLP731m,DNp46,14.0
AVLP731m,DNp64,14.0
AVLP731m,ICL010m,1.0
AVLP731m,ICL012m,1.0
AVLP731m,OA-VUMa8,1.0
AVLP731m,PVLP016,1.0
AVLP731m,PVLP200m_b,19.0
AVLP731m,SCL001m,0.33333334
AVLP731m,SIP104m,1.0
AVLP731m,SIP133m,8.0
AVLP731m,SIP145m,0.5
AVLP731m,aSP10A_a,1.0
AVLP731m,aSP10A_b,2.0
AVLP731m,aSP10B,1.0
AVLP731m,pC1_14a,1.0
AVLP733m,AOTU100m,1.0
AVLP733m,AVLP193,6.0
AVLP733m,AVLP709m,1.0
AVLP733m,AVLP710m,5.0
AVLP733m,AVLP716m,2.0
AVLP733m,AVLP727m,6.5
AVLP733m,AVLP728m,2.3333333
AVLP733m,AVLP731m,1.0
AVLP733m,AVLP734m,1.4
AVLP733m,AVLP738m,1.0
AVLP733m,AVLP751m,1.0
AVLP733m,AVLP760m,10.5
AVLP733m,CL062_b1,6.0
AVLP733m,CL062_b2,5.0
AVLP733m,CL062_b3,11.0
AVLP733m,CL208,2.3333333
AVLP733m,CL344_a,1.5
AVLP733m,CRE021,21.5
AVLP733m,CRE065,7.0
AVLP733m,DNae001,1.0
AVLP733m,DNpe050,0.5
AVLP733m,ICL008m,2.5
AVLP733m,ICL012m,2.0
AVLP733m,PVLP016,1.0
AVLP733m,PVLP138,1.0
AVLP733m,PVLP203m,0.25
AVLP733m,SCL001m,0.33333334
AVLP733m,SIP104m,0.5
AVLP733m,SIP119m,0.14285715
AVLP733m,SIP122m,2.0
AVLP733m,SIP133m,18.5
AVLP733m,SIP136m,1.5
AVLP733m,SIP141m,11.0
AVLP733m,SIP143m,2.0
AVLP733m,SIP146m,0.33333334
AVLP733m,SMP028,1.0
AVLP733m,VES022,4.0
AVLP733m,VES204m,1.0
AVLP733m,pC1_13b,1.0
AVLP734m,AN08B020,-0.2
AVLP734m,AN08B032,-1.8
AVLP734m,AOTU100m,-1.6
AVLP734m,AVLP176_b,-1.2
AVLP734m,AVLP193,-0.8
AVLP734m,AVLP210,-0.4
AVLP734m,AVLP314,-0.2
AVLP734m,AVLP476,-0.4
AVLP734m,AVLP477,-0.4
AVLP734m,AVLP700m,-0.4
AVLP734m,AVLP705m,-0.2
AVLP734m,AVLP709m,-2.7
AVLP734m,AVLP710m,-3.2
AVLP734m,AVLP714m,-4.2
AVLP734m,AVLP715m,-8.0
AVLP734m,AVLP716m,-3.2
AVLP734m,AVLP727m,-0.7
AVLP734m,AVLP728m,-1.8666667
AVLP734m,AVLP729m,-0.2
AVLP734m,AVLP730m,-0.4
AVLP734m,AVLP731m,-2.4
AVLP734m,AVLP733m,-17.4
AVLP734m,AVLP734m,-0.56
AVLP734m,AVLP737m,-0.6
AVLP734m,AVLP738m,-1.4
AVLP734m,AVLP746m,-2.0
AVLP734m,AVLP751m,-2.4
AVLP734m,AVLP760m,-1.8
AVLP734m,CB1301,-0.4
AVLP734m,CB3302,-0.13333334
AVLP734m,CL062_a1,-0.1
AVLP734m,CL062_a2,-0.3
AVLP734m,CL062_b1,-1.5
AVLP734m,CL062_b2,-0.8
AVLP734m,CL062_b3,-2.1
AVLP734m,CL122_a,-0.1
AVLP734m,CL208,-0.06666667
AVLP734m,CL248,-1.0
AVLP734m,CL251,-0.2
AVLP734m,CL311,-3.6
AVLP734m,CRE021,-7.7
AVLP734m,CRE065,-1.2
AVLP734m,DNa01,-1.4
AVLP734m,DNde002,-0.4
AVLP734m,DNg101,-4.4
AVLP734m,DNp36,-0.8
AVLP734m,DNp46,-0.2
AVLP734m,DNp60,-0.2
AVLP734m,DNp62,-0.1
AVLP734m,DNp64,-0.4
AVLP734m,DNp67,-1.0
AVLP734m,DNpe025,-11.0
AVLP734m,DNpe050,-6.3
AVLP734m,FB1C,-0.05
AVLP734m,ICL002m,-0.6
AVLP734m,ICL003m,-0.4
AVLP734m,ICL008m,-0.4
AVLP734m,LAL029_b,-0.2
AVLP734m,OA-ASM2,-0.2
AVLP734m,OA-VUMa8,-1.4
AVLP734m,PVLP016,-5.0
AVLP734m,PVLP093,-0.2
AVLP734m,PVLP200m_b,-1.4
AVLP734m,PVLP203m,-0.9
AVLP734m,SIP091,-16.6
AVLP734m,SIP104m,-0.25
AVLP734m,SIP110m_a,-2.0
AVLP734m,SIP118m,-1.0
AVLP734m,SIP119m,-1.9714285
AVLP734m,SIP136m,-9.5
AVLP734m,SIP141m,-0.4
AVLP734m,SIP143m,-0.2
AVLP734m,SIP145m,-0.5
AVLP734m,SIP146m,-0.13333334
AVLP734m,SMP028,-0.2
AVLP734m,SMP493,-0.6
AVLP734m,SMP543,-0.8
AVLP734m,SMP709m,-0.2
AVLP734m,SMP714m,-0.1
AVLP734m,VES022,-6.2
AVLP734m,VES202m,-0.6
AVLP734m,VES203m,-2.4
AVLP734m,VES204m,-3.8
AVLP734m,aIPg1,-1.4
AVLP734m,aSP10A_a,-0.6
AVLP734m,aSP10A_b,-1.6
AVLP734m,aSP22,-2.6
AVLP734m,pC1_13b,-1.0
AVLP734m,pC1_14a,-0.6
AVLP734m,pC1_6a,-0.2
AVLP734m,pIP10,-0.6
AVLP737m,ANXXX152,1.0
AVLP737m,AVLP476,1.0
AVLP737m,AVLP700m,2.0
AVLP737m,AVLP709m,0.5
AVLP737m,AVLP710m,1.0
AVLP737m,AVLP715m,1.0
AVLP737m,AVLP729m,1.0
AVLP737m,AVLP730m,1.0
AVLP737m,AVLP734m,0.2
AVLP737m,AVLP738m,10.0
AVLP737m,AVLP746m,2.0
AVLP737m,AVLP760m,5.0
AVLP737m,CL062_b3,0.5
AVLP737m,CL248,8.0
AVLP737m,CL344_a,2.0
AVLP737m,CRE021,3.5
AVLP737m,DNae001,3.0
AVLP737m,DNp36,13.0
AVLP737m,DNp60,1.0
AVLP737m,DNp64,2.0
AVLP737m,DNpe050,28.0
AVLP737m,ICL003m,2.0
AVLP737m,PVLP016,36.0
AVLP737m,PVLP200m_b,2.0
AVLP737m,SCL001m,0.33333334
AVLP737m,SIP104m,0.25
AVLP737m,SIP133m,27.0
AVLP737m,SIP141m,5.0
AVLP737m,SIP143m,9.0
AVLP737m,SMP028,1.0
AVLP737m,SMP493,1.0
AVLP737m,SMP714m,0.5
AVLP737m,WED014,1.0
AVLP737m,aSP10A_b,4.0
AVLP737m,aSP22,4.0
AVLP737m,pC1_14a,6.0
AVLP737m,pC1_6a,7.0
AVLP738m,AN00A006,0.5
AVLP738m,AOTU100m,1.0
AVLP738m,AVLP727m,1.0
AVLP738m,AVLP730m,1.0
AVLP738m,AVLP734m,1.2
AVLP738m,AVLP737m,19.0
AVLP738m,AVLP760m,2.0
AVLP738m,CB0244,1.0
AVLP738m,CB1301,1.0
AVLP738m,CL208,2.3333333
AVLP738m,CL248,1.5
AVLP738m,CL344_a,0.5
AVLP738m,CRE021,0.5
AVLP738m,DNp36,4.0
AVLP738m,DNpe050,24.0
AVLP738m,PVLP016,18.0
AVLP738m,SIP133m,24.5
AVLP738m,SIP136m,0.5
AVLP738m,SIP141m,9.0
AVLP738m,SIP145m,0.5
AVLP738m,SMP028,3.0
AVLP738m,SMP471,3.0
AVLP738m,SMP593,1.0
AVLP738m,SMP709m,1.0
AVLP738m,VES020,0.6666667
AVLP738m,VES101,3.0
AVLP738m,pC1_14a,3.0
AVLP738m,pC1_6a,47.0
AVLP738m,pC1_7a,0.5
AVLP746m,AN08B020,7.0
AVLP746m,AOTU100m,1.0
AVLP746m,AVLP477,1.0
AVLP746m,AVLP562,0.5
AVLP746m,AVLP715m,17.0
AVLP746m,AVLP734m,1.4
AVLP746m,AVLP737m,2.0
AVLP746m,AVLP760m,0.5
AVLP746m,CB3666,2.0
AVLP746m,CL248,0.5
AVLP746m,DNpe050,1.5
AVLP746m,FB1C,0.25
AVLP746m,LAL073,0.5
AVLP746m,MBON20,1.0
AVLP746m,OA-ASM2,1.0
AVLP746m,PPM1201,5.0
AVLP746m,PVLP093,2.0
AVLP746m,PVLP138,8.0
AVLP746m,SIP104m,1.75
AVLP746m,SIP110m_a,3.0
AVLP746m,SIP118m,1.3333334
AVLP746m,SIP119m,0.85714287
AVLP746m,SIP136m,3.0
AVLP746m,SIP146m,1.3333334
AVLP746m,SMP471,1.0
AVLP746m,SMP543,1.0
AVLP746m,VES022,3.0
AVLP746m,VES092,2.0
AVLP746m,aIPg1,3.0
AVLP746m,aSP22,4.0
AVLP746m,pC1_6a,2.0
AVLP751m,AN05B103,1.5
AVLP751m,AN08B032,1.0
AVLP751m,AVLP210,8.0
AVLP751m,AVLP476,2.0
AVLP751m,AVLP477,1.5
AVLP751m,AVLP700m,16.0
AVLP751m,AVLP704m,2.0
AVLP751m,AVLP709m,40.0
AVLP751m,AVLP710m,7.0
AVLP751m,AVLP714m,1.0
AVLP751m,AVLP716m,4.0
AVLP751m,AVLP728m,3.3333333
AVLP751m,AVLP729m,4.0
AVLP751m,AVLP730m,1.0
AVLP751m,AVLP731m,1.0
AVLP751m,AVLP734m,0.4
AVLP751m,AVLP737m,2.0
AVLP751m,AVLP738m,3.0
AVLP751m,AVLP760m,3.5
AVLP751m,CB1301,1.0
AVLP751m,CB3302,0.6666667
AVLP751m,CL062_a1,7.5
AVLP751m,CL062_a2,12.0
AVLP751m,CL062_b1,7.0
AVLP751m,CL062_b3,2.0
AVLP751m,CL208,2.3333333
AVLP751m,CL248,1.0
AVLP751m,CL310,1.0
AVLP751m,CL326,16.0
AVLP751m,CL344_a,3.0
AVLP751m,CL366,22.0
AVLP751m,CRE004,1.0
AVLP751m,CRE012,3.0
AVLP751m,CRE021,37.0
AVLP751m,CRE030_b,5.0
AVLP751m,CRE065,3.0
AVLP751m,CRE100,6.0
AVLP751m,DNg101,1.0
AVLP751m,DNp46,4.0
AVLP751m,DNp60,3.0
AVLP751m,DNp62,12.0
AVLP751m,DNp67,2.0
AVLP751m,DNpe025,23.0
AVLP751m,DNpe050,6.0
AVLP751m,DNpe053,8.0
AVLP751m,FB1C,0.5
AVLP751m,FB1G,0.5
AVLP751m,FB4Y,0.25
AVLP751m,FB5M,1.0
AVLP751m,FB5T,2.0
AVLP751m,FB5V_b,0.33333334
AVLP751m,GNG305,1.0
AVLP751m,ICL002m,7.0
AVLP751m,ICL008m,3.5
AVLP751m,ICL010m,1.0
AVLP751m,ICL012m,3.0
AVLP751m,LAL029_b,1.0
AVLP751m,LAL159,15.0
AVLP751m,MBON20,0.5
AVLP751m,OA-VUMa8,2.0
AVLP751m,PAL01,1.0
AVLP751m,PPL102,81.0
AVLP751m,PVLP016,23.0
AVLP751m,PVLP138,8.0
AVLP751m,PVLP200m_b,8.0
AVLP751m,PVLP203m,0.75
AVLP751m,SCL001m,0.6666667
AVLP751m,SIP104m,0.25
AVLP751m,SIP118m,0.33333334
AVLP751m,SIP119m,0.42857143
AVLP751m,SIP133m,1.5
AVLP751m,SIP136m,1.5
AVLP751m,SIP146m,0.33333334
AVLP751m,SMP028,5.0
AVLP751m,SMP446,11.0
AVLP751m,SMP493,1.0
AVLP751m,SMP543,3.0
AVLP751m,SMP709m,1.0
AVLP751m,SMP714m,0.5
AVLP751m,SMP715m,0.5
AVLP751m,VES020,0.6666667
AVLP751m,VES022,1.0
AVLP751m,aSP10A_a,13.0
AVLP751m,aSP10A_b,1.5
AVLP751m,aSP10B,31.0
AVLP751m,pC1_7a,0.5
AVLP751m,pIP10,55.0
AVLP760m,AVLP704m,-0.5
AVLP760m,AVLP709m,-0.25
AVLP760m,AVLP710m,-1.5
AVLP760m,AVLP714m,-5.0
AVLP760m,AVLP715m,-8.0
AVLP760m,AVLP716m,-6.0
AVLP760m,AVLP728m,-0.6666667
AVLP760m,AVLP733m,-2.0
AVLP760m,AVLP734m,-0.2
AVLP760m,AVLP751m,-1.0
AVLP760m,CB1301,-0.5
AVLP760m,CL062_b1,-0.25
AVLP760m,CL062_b3,-0.25
AVLP760m,CL248,-9.75
AVLP760m,CL251,-0.5
AVLP760m,CL344_a,-0.5
AVLP760m,CRE021,-1.0
AVLP760m,CRE065,-1.0
AVLP760m,CRE100,-0.5
AVLP760m,DNa01,-6.0
AVLP760m,DNae001,-0.5
AVLP760m,DNg101,-2.0
AVLP760m,DNp36,-3.5
AVLP760m,DNp46,-0.5
AVLP760m,DNp60,-16.0
AVLP760m,DNp62,-0.25
AVLP760m,DNp67,-5.0
AVLP760m,DNpe025,-2.0
AVLP760m,DNpe050,-2.25
AVLP760m,ICL002m,-0.5
AVLP760m,ICL008m,-0.25
AVLP760m,LAL029_b,-1.5
AVLP760m,PVLP016,-1.5
AVLP760m,PVLP138,-1.0
AVLP760m,PVLP203m,-0.125
AVLP760m,SIP091,-6.5
AVLP760m,SIP104m,-0.25
AVLP760m,SIP110m_a,-6.5
AVLP760m,SIP118m,-3.5
AVLP760m,SIP119m,-4.5
AVLP760m,SIP133m,-0.75
AVLP760m,SIP136m,-12.5
AVLP760m,SIP141m,-2.0
AVLP760m,SIP143m,-2.0
AVLP760m,SIP145m,-4.75
AVLP760m,SMP493,-0.5
AVLP760m,SMP543,-2.5
AVLP760m,VES022,-0.5
AVLP760m,VES087,-0.5
AVLP760m,VES203m,-5.0
AVLP760m,VES204m,-8.0
AVLP760m,aIPg1,-4.5
AVLP760m,aSP10A_b,-0.5
AVLP760m,aSP22,-5.5
AVLP760m,pC1_13b,-0.5
AVLP760m,pC1_14a,-12.0
AVLP760m,pIP10,-40.5
AstA1,AVLP069_b,-4.0
AstA1,AVLP110_a,-1.0
AstA1,AVLP176_b,-11.0
AstA1,AVLP178,-5.0
AstA1,AVLP190,-16.0
AstA1,AVLP210,-111.0
AstA1,AVLP397,-9.0
AstA1,AVLP520,-41.0
AstA1,AVLP562,-3.5
AstA1,AVLP730m,-1.0
AstA1,AVLP751m,-27.0
AstA1,AVLP760m,-2.0
AstA1,CB1189,-1.0
AstA1,CB1672,-22.0
AstA1,CB2286,-5.0
AstA1,CB2672,-9.0
AstA1,CB3019,-7.0
AstA1,CB3433,-9.0
AstA1,CB3666,-1.0
AstA1,CB3683,-10.0
AstA1,CL062_a1,-21.0
AstA1,CL062_a2,-8.5
AstA1,CL062_b1,-28.0
AstA1,CL062_b3,-4.5
AstA1,CL109,-2.0
AstA1,CL111,-32.0
AstA1,CL199,-72.0
AstA1,CL251,-1.0
AstA1,CL308,-3.0
AstA1,CL311,-2.0
AstA1,CL326,-2.0
AstA1,CL336,-39.0
AstA1,CL366,-1.0
AstA1,DNa14,-1.0
AstA1,DNp101,-1.0
AstA1,DNp62,-19.0
AstA1,DNp64,-9.0
AstA1,DNpe053,-6.0
AstA1,FB1D,-0.2
AstA1,FB1E_a,-1.4
AstA1,FB2E,-1.25
AstA1,FB2F_b,-1.3333334
AstA1,FB2F_d,-0.5
AstA1,FB2G_a,-2.0
AstA1,FB2I_a,-0.1
AstA1,FB2M_a,-0.75
AstA1,FB2M_b,-2.0
AstA1,FB4C,-1.0
AstA1,FB5G_b,-2.0
AstA1,FB5Y_b,-1.0
AstA1,FB6B,-1.0
AstA1,FB6C_b,-0.16666667
AstA1,FB6M,-0.5
AstA1,FB7E,-0.16666667
AstA1,FB7G,-0.75
AstA1,FB7I,-0.2
AstA1,FB7L,-18.833334
AstA1,FB8A,-8.5
AstA1,FB8C,-0.25
AstA1,FB8F_b,-0.33333334
AstA1,FB8G,-0.16666667
AstA1,FB8H,-14.5
AstA1,FB8I,-0.5
AstA1,FC1C_b,-0.1764706
AstA1,FR2,-0.16666667
AstA1,FS3_a,-0.13333334
AstA1,FS4A,-0.01754386
AstA1,GNG667,-0.5
AstA1,IB115,-6.0
AstA1,IPC,-1.5
AstA1,MBON35,-1.0
AstA1,OA-VPM3,-0.5
AstA1,OA-VPM4,-31.0
AstA1,PAL01,-2.0
AstA1,PPM1201,-11.0
AstA1,SA2_a,-0.6666667
AstA1,SCL001m,-1.3333334
AstA1,SIP110m_a,-1.0
AstA1,SIP118m,-0.33333334
AstA1,SIP136m,-22.0
AstA1,SMP052,-0.33333334
AstA1,SMP285,-1.0
AstA1,SMP593,-2.0
AstA1,SMP709m,-1.0
AstA1,SMP713m,-0.5
AstA1,SMP714m,-1.5
AstA1,pC1_7a,-4.0
AstA1,pC1x_b,-1.0
CB0244,AOTU019,8.0
CB0244,AOTU100m,1.0
CB0244,AVLP710m,2.0
CB0244,CRE012,0.5
CB0244,CRE100,2.0
CB0244,DNa01,78.0
CB0244,DNae001,2.0
CB0244,DNde002,62.0
CB0244,DNg101,22.0
CB0244,GNG011,127.0
CB0244,GNG304,1.5
CB0244,GNG667,14.5
CB0244,ICL002m,4.0
CB0244,LAL008,1.5
CB0244,LAL045,2.0
CB0244,LCNOp,0.5
CB0244,MBON35,1.5
CB0244,SAD075,0.25
CB0244,SMP543,1.0
CB0244,VES087,107.0
CB0244,VES092,7.5
CB1017,AVLP069_b,1.0
CB1017,AVLP190,1.0
CB1017,AVLP734m,0.6
CB1017,AstA1,10.0
CB1017,CB3666,1.0
CB1017,CL109,10.0
CB1017,CL208,0.33333334
CB1017,CL248,0.5
CB1017,CL326,4.0
CB1017,DNa14,5.0
CB1017,DNp64,1.0
CB1017,DNpe043,1.0
CB1017,DNpe053,5.0
CB1017,LAL029_b,1.0
CB1017,OA-ASM2,1.0
CB1017,OA-VPM4,3.0
CB1017,PVLP016,1.0
CB1017,SCL001m,0.33333334
CB1062,AVLP477,-0.125
CB1062,AVLP562,-1.0
CB1062,AstA1,-38.25
CB1062,CB1062,-1.125
CB1062,CB1287,-6.75
CB1062,CL199,-0.625
CB1062,CL208,-0.083333336
CB1062,CL251,-1.25
CB1062,CL326,-0.25
CB1062,CRE004,-0.75
CB1062,CRE005,-0.33333334
CB1062,CRE006,-0.125
CB1062,CRE012,-0.5
CB1062,CRE021,-0.25
CB1062,CRE030_b,-2.25
CB1062,DNp52,-5.0
CB1062,DNp62,-0.125
CB1062,DNpe053,-23.75
CB1062,ExR4,-0.125
CB1062,ExR6,-1.75
CB1062,FB1C,-3.125
CB1062,FB1H,-0.625
CB1062,FB4B,-0.375
CB1062,FB4C,-1.75
CB1062,FB4F_b,-0.25
CB1062,FB4G,-7.625
CB1062,FB4I,-0.125
CB1062,FB4M,-0.3125
CB1062,FB4N,-3.25
CB1062,FB4P_a,-0.3125
CB1062,FB4R,-0.041666668
CB1062,FB4Y,-1.25
CB1062,FB5D,-0.16666667
CB1062,FB5F,-0.25
CB1062,FB5N,-0.0625
CB1062,FB5T,-0.125
CB1062,FB5V_b,-0.125
CB1062,FB6R,-0.0625
CB1062,IB049,-0.5
CB1062,LAL007,-0.25
CB1062,LAL008,-0.125
CB1062,LAL101,-0.5
CB1062,LAL159,-0.5
CB1062,LAL162,-0.5
CB1062,MBON20,-40.75
CB1062,MBON25,-8.875
CB1062,MBON25-like,-6.9375
CB1062,MBON26,-1.25
CB1062,MBON34,-8.625
CB1062,MBON35,-0.25
CB1062,OA-VPM3,-0.25
CB1062,OA-VPM4,-1.5
CB1062,PAL01,-3.25
CB1062,PPL102,-1.25
CB1062,PPL103,-7.25
CB1062,PPL108,-9.25
CB1062,SMP109,-1.0
CB1062,SMP122,-1.5
CB1062,SMP377,-1.0
CB1062,SMP593,-2.75
CB1062,SMP709m,-0.25
CB1062,SMP713m,-0.125
CB1062,SMP714m,-0.125
CB1187,AVLP110_a,12.0
CB1187,AVLP115,1.0
CB1187,AVLP161,1.0
CB1187,CB1301,1.0
CB1187,IB115,1.0
CB1189,AVLP190,1.0
CB1189,AVLP397,7.0
CB1189,AVLP520,53.0
CB1189,AVLP705m,1.0
CB1189,AstA1,1.0
CB1189,CB1017,2.0
CB1189,DNpe053,2.0
CB1189,OA-VPM4,1.0
CB1287,AVLP562,-0.5
CB1287,CB1062,-0.375
CB1287,CB3394,-0.5
CB1287,CRE004,-34.5
CB1287,CRE005,-0.16666667
CB1287,CRE011,-0.5
CB1287,CRE012,-5.75
CB1287,CRE021,-3.5
CB1287,CRE030_b,-1.0
CB1287,CRE100,-5.5
CB1287,DNp52,-15.5
CB1287,ExR6,-2.75
CB1287,FB1H,-1.75
CB1287,FB4B,-0.25
CB1287,FB4D_c,-0.75
CB1287,FB4F_a,-1.25
CB1287,FB4F_b,-8.5
CB1287,FB4F_c,-0.083333336
CB1287,FB4G,-17.0
CB1287,FB4H,-27.0
CB1287,FB4I,-7.75
CB1287,FB4J,-3.75
CB1287,FB4K,-1.0
CB1287,FB4M,-2.0
CB1287,FB4R,-0.5
CB1287,FB5V_a,-0.41666666
CB1287,FB5V_b,-0.25
CB1287,FB5W_a,-0.33333334
CB1287,FB6N,-0.25
CB1287,IB049,-1.0
CB1287,ICL010m,-0.5
CB1287,LAL007,-0.5
CB1287,LAL159,-11.5
CB1287,LAL162,-3.0
CB1287,MBON20,-2.0
CB1287,MBON25-like,-0.25
CB1287,MBON34,-0.5
CB1287,MBON35,-0.25
CB1287,OA-VPM4,-1.0
CB1287,PPL102,-1.0
CB1287,PPL103,-1.5
CB1287,PPL108,-12.0
CB1287,SMP108,-0.5
CB1287,SMP122,-1.0
CB1287,SMP471,-1.5
CB1287,SMP593,-0.5
CB1287,SMP714m,-0.25
CB1287,SMP715m,-0.75
CB1287,VES053,-0.5
CB1301,AVLP110_a,1.0
CB1301,AVLP210,2.0
CB1301,AVLP314,1.0
CB1301,AVLP476,5.0
CB1301,AVLP477,0.5
CB1301,AVLP728m,0.33333334
CB1301,AVLP729m,7.0
CB1301,AVLP734m,0.2
CB1301,CB1187,1.0
CB1301,CB3302,0.33333334
CB1301,aSP10A_a,3.0
CB1541,IbSpsP,0.09677419
CB1541,PLP124,0.5
CB1672,AVLP036,1.0
CB1672,AVLP178,8.0
CB1672,AVLP190,1.0
CB1672,AVLP210,6.0
CB1672,AVLP477,1.0
CB1672,AVLP488,1.0
CB1672,AVLP562,16.5
CB1672,AstA1,21.0
CB1672,CB2286,1.0
CB1672,CB2672,2.0
CB1672,CB3019,1.0
CB1672,CB3433,5.0
CB1672,CB3683,24.0
CB1672,CL111,9.0
CB1672,CL199,16.0
CB1672,CL251,1.0
CB1672,CL335,1.0
CB1672,CL366,18.0
CB1672,DNp23,1.0
CB1672,DNpe053,7.0
CB1672,OA-ASM2,1.0
CB2286,AVLP036,3.0
CB2286,AVLP178,0.5
CB2286,AVLP210,14.0
CB2286,AVLP314,1.0
CB2286,AVLP476,2.0
CB2286,AVLP477,6.5
CB2286,AVLP562,35.5
CB2286,AVLP714m,1.0
CB2286,AstA1,1.0
CB2286,CB1017,1.0
CB2286,CB1672,1.0
CB2286,CB3019,4.0
CB2286,CB3439,1.5
CB2286,CB3683,1.0
CB2286,CL109,10.0
CB2286,CL199,1.0
CB2286,CL308,1.0
CB2286,CL335,1.0
CB2286,DNd05,1.0
CB2286,DNp23,3.0
CB2286,DNpe053,15.0
CB2286,SMP593,2.0
CB2286,aSP10B,1.0
CB2672,AVLP176_b,1.0
CB2672,AVLP477,4.5
CB2672,AVLP488,2.0
CB2672,AVLP562,7.0
CB2672,AstA1,5.0
CB2672,CB1672,2.0
CB2672,CB3433,1.0
CB2672,CB3439,0.5
CB2672,CB3683,1.0
CB2672,CL111,1.0
CB2672,CL199,10.0
CB2672,CL366,1.0
CB2672,DNp23,3.0
CB2672,DNpe053,3.0
CB2672,PVLP093,1.0
CB3019,AVLP069_b,1.0
CB3019,AVLP178,1.5
CB3019,AVLP210,3.0
CB3019,AVLP397,1.0
CB3019,AVLP476,1.0
CB3019,AVLP477,6.5
CB3019,AVLP488,3.0
CB3019,AVLP562,4.0
CB3019,CB1017,1.0
CB3019,CB1672,1.0
CB3019,CB2286,14.0
CB3019,CB3433,2.0
CB3019,CB3683,1.0
CB3019,CL199,1.5
CB3019,CL248,0.5
CB3019,DNp23,7.0
CB3019,DNp64,1.0
CB3019,DNpe053,7.0
CB3019,VES053,3.0
CB3302,AN27X013,0.11111111
CB3302,AVLP095,1.3333334
CB3302,AVLP096,1.0
CB3302,AVLP161,0.6666667
CB3302,AVLP192_b,0.8333333
CB3302,AVLP193,0.33333334
CB3302,AVLP210,2.0
CB3302,AVLP314,0.33333334
CB3302,AVLP476,3.6666667
CB3302,AVLP700m,1.3333334
CB3302,AVLP704m,3.0
CB3302,AVLP710m,6.6666665
CB3302,AVLP714m,0.6666667
CB3302,AVLP716m,0.33333334
CB3302,AVLP728m,0.22222222
CB3302,AVLP730m,3.6666667
CB3302,AVLP734m,0.13333334
CB3302,AVLP760m,0.16666667
CB3302,CB1017,2.0
CB3302,CB1301,0.33333334
CB3302,CB3302,1.1111112
CB3302,CL062_a1,0.33333334
CB3302,CL062_a2,2.3333333
CB3302,CL062_b1,1.3333334
CB3302,CL062_b2,3.0
CB3302,CL062_b3,2.3333333
CB3302,CL248,0.6666667
CB3302,CL311,0.33333334
CB3302,CL344_a,0.16666667
CB3302,CRE021,0.16666667
CB3302,CRE065,0.6666667
CB3302,DNc02,0.16666667
CB3302,DNp62,0.33333334
CB3302,DNp64,0.6666667
CB3302,DNpe025,2.3333333
CB3302,DNpe043,2.3333333
CB3302,DNpe050,0.33333334
CB3302,ICL002m,1.0
CB3302,ICL008m,0.6666667
CB3302,LAL029_b,4.6666665
CB3302,OA-AL2i1,0.33333334
CB3302,OA-VUMa8,21.333334
CB3302,PVLP016,2.3333333
CB3302,PVLP138,0.33333334
CB3302,PVLP203m,0.41666666
CB3302,SCL001m,0.44444445
CB3302,SIP091,1.0
CB3302,SIP104m,0.083333336
CB3302,SIP119m,0.04761905
CB3302,SIP133m,0.16666667
CB3302,SIP136m,6.5
CB3302,SIP143m,0.33333334
CB3302,SMP092,0.33333334
CB3302,SMP109,2.3333333
CB3302,SMP593,1.3333334
CB3302,SMP714m,0.33333334
CB3302,VES022,1.0
CB3302,VES024_a,2.6666667
CB3302,aSP10A_a,0.33333334
CB3302,pC1_7a,5.6666665
CB3394,AVLP751m,-1.0
CB3394,CL248,-3.0
CB3394,CL366,-4.0
CB3394,CRE004,-2.0
CB3394,CRE005,-0.33333334
CB3394,CRE012,-0.5
CB3394,DNp46,-1.0
CB3394,ExR4,-3.5
CB3394,ExR6,-1.0
CB3394,FB1C,-2.5
CB3394,FB3D,-5.0
CB3394,FB4E_a,-2.2
CB3394,FB4E_b,-4.5
CB3394,FB4E_c,-0.5
CB3394,FB4O,-0.33333334
CB3394,FB4P_a,-2.25
CB3394,FB4P_c,-0.5
CB3394,FB4R,-1.6666666
CB3394,FB4Y,-0.75
CB3394,FB5A,-0.25
CB3394,FB5D,-1.3333334
CB3394,FB5E,-0.5
CB3394,FB5V_c,-0.8
CB3394,LAL008,-1.5
CB3394,LAL101,-2.0
CB3394,LAL192,-1.0
CB3394,LNO1,-8.75
CB3394,SIP136m,-4.0
CB3394,SMP052,-0.33333334
CB3394,SMP092,-1.0
CB3394,SMP492,-1.0
CB3394,SMP543,-1.0
CB3394,SMP713m,-0.5
CB3394,VES092,-0.5
CB3394,VES109,-1.0
CB3433,AVLP178,2.5
CB3433,AVLP190,1.0
CB3433,AVLP210,1.0
CB3433,AVLP477,1.0
CB3433,AVLP488,1.0
CB3433,AVLP562,13.5
CB3433,AstA1,4.0
CB3433,CB1672,15.0
CB3433,CB2286,1.0
CB3433,CB2672,1.0
CB3433,CB3019,5.0
CB3433,CB3439,1.0
CB3433,CB3683,15.0
CB3433,CL062_a1,0.5
CB3433,CL062_b1,0.5
CB3433,CL111,13.0
CB3433,CL199,6.0
CB3433,DNpe053,1.0
CB3433,ICL012m,1.0
CB3439,AVLP069_b,-0.5
CB3439,AVLP161,-1.0
CB3439,AVLP176_b,-0.5
CB3439,AVLP178,-0.25
CB3439,AVLP190,-0.5
CB3439,AVLP210,-0.5
CB3439,AVLP314,-1.5
CB3439,AVLP397,-2.0
CB3439,AVLP444,-0.5
CB3439,AVLP477,-1.75
CB3439,AVLP488,-1.0
CB3439,AVLP520,-0.5
CB3439,AVLP562,-16.5
CB3439,AVLP710m,-2.5
CB3439,AVLP728m,-0.16666667
CB3439,AVLP733m,-0.5
CB3439,CB2286,-1.0
CB3439,CB3439,-0.25
CB3439,CB3683,-1.0
CB3439,CL109,-6.0
CB3439,CL111,-1.0
CB3439,CL122_a,-0.5
CB3439,CL199,-0.25
CB3439,CL248,-0.25
CB3439,CL310,-0.5
CB3439,CL366,-0.5
CB3439,DNp23,-8.0
CB3439,DNp64,-13.0
CB3439,DNpe050,-0.25
CB3439,FB4B,-0.25
CB3439,ICL010m,-0.5
CB3439,OA-AL2i1,-0.25
CB3439,PVLP016,-0.5
CB3439,PVLP093,-5.5
CB3439,PVLP138,-1.0
CB3439,SIP136m,-0.25
CB3439,SMP593,-3.0
CB3439,VES053,-20.0
CB3439,VES092,-1.0
CB3439,aIPg1,-0.5
CB3666,AVLP036,-1.0
CB3666,AVLP069_b,-2.0
CB3666,AVLP397,-6.0
CB3666,AVLP488,-1.0
CB3666,AVLP520,-24.0
CB3666,AVLP562,-1.0
CB3666,CB1017,-15.0
CB3666,CB1189,-2.0
CB3666,CB3433,-1.0
CB3666,CL062_b1,-2.0
CB3666,DNp64,-6.0
CB3666,OA-VPM4,-1.0
CB3683,AVLP036,1.0
CB3683,AVLP176_b,4.0
CB3683,AVLP178,8.0
CB3683,AVLP314,1.0
CB3683,AVLP477,6.5
CB3683,AVLP562,6.5
CB3683,AstA1,6.0
CB3683,CB1672,1.0
CB3683,CB2672,1.0
CB3683,CB3019,1.0
CB3683,CL199,6.5
CB3683,DNpe053,5.0
CL007,AN07B004,2.0
CL007,AstA1,1.0
CL007,CB1541,1.0
CL007,CL308,1.0
CL007,DNde002,1.0
CL007,DNpe027,6.0
CL007,DNpe053,1.0
CL007,Delta7,0.023809524
CL007,ER1_b,0.07692308
CL007,ExR3,2.0
CL007,FB2F_a,0.16666667
CL007,FB2H_b,1.0
CL007,FB2I_a,1.6
CL007,FB2J_a,0.5
CL007,FB2J_b,4.0
CL007,FB6M,1.0
CL007,FS1B_b,0.125
CL007,IB110,6.0
CL007,LAL200,16.0
CL007,LHPV6f1,0.33333334
CL007,LNO2,0.5
CL007,PLP124,0.5
CL007,SMP185,6.0
CL062_a1,AVLP176_b,0.5
CL062_a1,AVLP192_b,2.5
CL062_a1,AVLP193,3.0
CL062_a1,AVLP562,0.25
CL062_a1,AVLP710m,46.0
CL062_a1,AVLP727m,0.25
CL062_a1,AVLP734m,0.1
CL062_a1,AVLP737m,1.0
CL062_a1,AVLP738m,0.5
CL062_a1,AVLP751m,0.5
CL062_a1,CL062_a1,0.25
CL062_a1,CL062_a2,3.25
CL062_a1,CL062_b1,1.25
CL062_a1,CL062_b3,0.25
CL062_a1,CL122_a,4.0
CL062_a1,CL199,0.25
CL062_a1,CL208,0.6666667
CL062_a1,CL248,0.75
CL062_a1,CL335,21.5
CL062_a1,CL366,4.0
CL062_a1,CRE065,0.5
CL062_a1,CRE081,0.5
CL062_a1,DNp46,1.5
CL062_a1,DNp60,10.5
CL062_a1,DNp62,0.5
CL062_a1,DNp64,34.0
CL062_a1,DNp67,1.5
CL062_a1,DNpe025,1.5
CL062_a1,DNpe050,38.25
CL062_a1,GNG667,0.5
CL062_a1,ICL008m,0.25
CL062_a1,ICL010m,2.5
CL062_a1,ICL012m,2.0
CL062_a1,LAL013,0.5
CL062_a1,LAL029_b,4.0
CL062_a1,MBON35,1.0
CL062_a1,PVLP016,6.5
CL062_a1,PVLP203m,1.875
CL062_a1,SIP124m,0.16666667
CL062_a1,SIP136m,0.5
CL062_a1,SMP109,20.5
CL062_a1,SMP446,1.0
CL062_a1,SMP493,0.5
CL062_a1,VES053,3.5
CL062_a1,VES087,4.0
CL062_a1,VES092,2.5
CL062_a1,aSP10A_a,0.5
CL062_a1,aSP22,5.5
CL062_a2,AVLP178,0.5
CL062_a2,AVLP192_b,14.0
CL062_a2,AVLP193,6.5
CL062_a2,AVLP210,10.0
CL062_a2,AVLP462,0.5
CL062_a2,AVLP476,0.5
CL062_a2,AVLP477,0.5
CL062_a2,AVLP488,0.5
CL062_a2,AVLP520,0.5
CL062_a2,AVLP562,0.75
CL062_a2,AVLP700m,1.0
CL062_a2,AVLP709m,0.75
CL062_a2,AVLP710m,14.5
CL062_a2,AVLP751m,0.5
CL062_a2,AstA1,0.5
CL062_a2,CB3683,0.5
CL062_a2,CL062_a1,4.5
CL062_a2,CL062_a2,1.75
CL062_a2,CL062_b1,6.75
CL062_a2,CL062_b2,1.5
CL062_a2,CL062_b3,0.75
CL062_a2,CL122_a,3.25
CL062_a2,CL208,1.3333334
CL062_a2,CL248,2.0
CL062_a2,CL310,2.0
CL062_a2,CL335,45.5
CL062_a2,CL344_a,0.25
CL062_a2,CL366,0.5
CL062_a2,CRE021,0.75
CL062_a2,DNa14,10.5
CL062_a2,DNde002,8.0
CL062_a2,DNg101,2.0
CL062_a2,DNp101,0.5
CL062_a2,DNp23,0.5
CL062_a2,DNp46,0.5
CL062_a2,DNp60,14.0
CL062_a2,DNp64,37.0
CL062_a2,DNp67,33.0
CL062_a2,DNpe025,15.0
CL062_a2,DNpe050,53.5
CL062_a2,DNpe053,7.5
CL062_a2,GNG305,0.5
CL062_a2,ICL002m,1.5
CL062_a2,ICL003m,1.0
CL062_a2,ICL008m,0.5
CL062_a2,ICL010m,14.0
CL062_a2,ICL012m,2.5
CL062_a2,LAL029_b,1.0
CL062_a2,PVLP016,3.5
CL062_a2,PVLP203m,1.5
CL062_a2,SCL001m,0.5
CL062_a2,SIP104m,0.125
CL062_a2,SIP124m,0.16666667
CL062_a2,SIP143m,0.5
CL062_a2,SIP145m,0.25
CL062_a2,SMP109,18.5
CL062_a2,SMP446,1.0
CL062_a2,SMP714m,1.5
CL062_a2,SMP723m,1.0
CL062_a2,VES053,0.5
CL062_a2,VES087,2.5
CL062_a2,aSP10A_a,1.5
CL062_a2,aSP22,17.0
CL062_a2,pIP10,1.0
CL062_b1,AVLP176_b,0.5
CL062_b1,AVLP192_b,2.0
CL062_b1,AVLP193,1.0
CL062_b1,AVLP462,0.5
CL062_b1,AVLP477,0.25
CL062_b1,AVLP488,0.5
CL062_b1,AVLP520,1.0
CL062_b1,AVLP562,1.25
CL062_b1,AVLP710m,62.5
CL062_b1,AVLP715m,1.0
CL062_b1,AVLP729m,0.5
CL062_b1,AVLP733m,2.0
CL062_b1,AVLP734m,0.1
CL062_b1,AVLP760m,2.5
CL062_b1,CL062_a1,1.5
CL062_b1,CL062_a2,1.0
CL062_b1,CL062_b1,2.0
CL062_b1,CL062_b3,7.0
CL062_b1,CL122_a,8.75
CL062_b1,CL199,0.25
CL062_b1,CL208,0.33333334
CL062_b1,CL248,0.5
CL062_b1,CL335,2.5
CL062_b1,CL344_a,2.5
CL062_b1,CL366,3.5
CL062_b1,CRE021,0.25
CL062_b1,CRE065,1.0
CL062_b1,DNa14,0.5
CL062_b1,DNg101,2.5
CL062_b1,DNp60,2.5
CL062_b1,DNp64,9.0
CL062_b1,DNpe025,0.5
CL062_b1,DNpe050,47.75
CL062_b1,FB1G,1.5
CL062_b1,ICL008m,5.25
CL062_b1,ICL010m,3.0
CL062_b1,ICL012m,0.5
CL062_b1,MBON20,0.75
CL062_b1,OA-VUMa8,0.5
CL062_b1,PVLP016,7.0
CL062_b1,PVLP200m_b,1.5
CL062_b1,PVLP203m,0.875
CL062_b1,SIP143m,0.5
CL062_b1,SMP109,7.0
CL062_b1,SMP714m,0.25
CL062_b1,VES022,1.0
CL062_b1,VES053,1.5
CL062_b1,VES087,6.5
CL062_b1,VES092,8.5
CL062_b1,aSP10B,0.5
CL062_b2,AN00A006,0.5
CL062_b2,AVLP176_b,1.0
CL062_b2,AVLP193,3.0
CL062_b2,AVLP704m,1.0
CL062_b2,AVLP709m,2.0
CL062_b2,AVLP710m,31.0
CL062_b2,AVLP733m,1.0
CL062_b2,AVLP734m,1.2
CL062_b2,AVLP760m,8.0
CL062_b2,CL062_a2,1.0
CL062_b2,CL062_b1,1.0
CL062_b2,CL062_b3,3.5
CL062_b2,CL122_a,8.5
CL062_b2,CL208,0.33333334
CL062_b2,CL248,1.0
CL062_b2,CL311,3.0
CL062_b2,CL366,2.0
CL062_b2,CRE021,7.0
CL062_b2,DNp64,1.0
CL062_b2,DNp67,1.0
CL062_b2,DNpe050,38.0
CL062_b2,ICL008m,9.0
CL062_b2,OA-VUMa8,4.0
CL062_b2,PVLP203m,0.5
CL062_b2,SCL001m,1.6666666
CL062_b2,SIP143m,1.0
CL062_b2,SIP145m,1.0
CL062_b2,SMP109,3.0
CL062_b2,VES092,0.5
CL062_b2,pIP10,2.0
CL062_b3,AVLP192_b,1.75
CL062_b3,AVLP193,0.5
CL062_b3,AVLP210,0.5
CL062_b3,AVLP462,1.0
CL062_b3,AVLP476,2.0
CL062_b3,AVLP562,0.5
CL062_b3,AVLP700m,0.5
CL062_b3,AVLP704m,1.5
CL062_b3,AVLP710m,70.0
CL062_b3,AVLP714m,0.5
CL062_b3,AVLP716m,0.5
CL062_b3,AVLP727m,1.0
CL062_b3,AVLP728m,0.16666667
CL062_b3,AVLP733m,1.0
CL062_b3,AVLP734m,0.8
CL062_b3,AVLP760m,9.25
CL062_b3,CL062_a1,2.25
CL062_b3,CL062_a2,3.0
CL062_b3,CL062_b1,6.5
CL062_b3,CL062_b3,0.5
CL062_b3,CL122_a,12.25
CL062_b3,CL310,1.5
CL062_b3,CL311,3.0
CL062_b3,CL326,0.5
CL062_b3,CL335,1.5
CL062_b3,CL344_a,0.5
CL062_b3,CL366,7.5
CL062_b3,CRE021,6.5
CL062_b3,DNg101,1.5
CL062_b3,DNp60,3.0
CL062_b3,DNp64,2.5
CL062_b3,DNp67,0.5
CL062_b3,DNpe025,6.5
CL062_b3,DNpe050,51.75
CL062_b3,GNG305,1.0
CL062_b3,GNG667,0.5
CL062_b3,ICL002m,0.5
CL062_b3,ICL008m,8.75
CL062_b3,ICL012m,0.5
CL062_b3,OA-VUMa8,0.5
CL062_b3,PVLP016,16.5
CL062_b3,PVLP200m_b,1.0
CL062_b3,PVLP203m,2.125
CL062_b3,SCL001m,0.33333334
CL062_b3,SIP119m,0.14285715
CL062_b3,SIP133m,0.25
CL062_b3,SIP145m,0.75
CL062_b3,SIP146m,0.16666667
CL062_b3,SMP714m,0.25
CL062_b3,VES022,0.5
CL062_b3,VES092,5.5
CL062_b3,VES203m,0.5
CL062_b3,aSP10A_a,0.5
CL062_b3,aSP10B,0.5
CL109,AVLP190,1.0
CL109,AVLP193,1.0
CL109,AVLP520,1.0
CL109,AVLP562,13.0
CL109,CL111,34.0
CL109,CL199,0.5
CL109,CL248,26.0
CL109,CL308,4.0
CL109,CL326,1.0
CL109,CL344_a,1.5
CL109,DNa01,1.0
CL109,DNd05,29.0
CL109,DNde002,13.0
CL109,DNp101,5.0
CL109,DNp23,18.0
CL109,DNpe027,1.0
CL109,DNpe043,22.0
CL109,DNpe053,32.0
CL109,GNG667,2.0
CL109,IB023,51.0
CL109,IB115,1.0
CL109,MBON35,2.5
CL109,OA-VUMa8,2.0
CL109,PPM1201,1.0
CL109,SMP052,7.3333335
CL109,SMP492,15.0
CL109,SMP493,12.0
CL109,SMP543,48.0
CL109,SMP709m,1.0
CL109,VES092,15.0
CL109,aSP22,1.0
CL111,ATL042,2.0
CL111,AVLP069_b,1.0
CL111,AVLP444,1.0
CL111,AVLP562,1.0
CL111,CL062_a1,0.5
CL111,CL109,13.0
CL111,CL199,5.5
CL111,CL248,0.5
CL111,CL251,1.0
CL111,DNd05,24.0
CL111,DNp101,7.0
CL111,DNp23,13.0
CL111,DNpe043,3.0
CL111,DNpe053,10.0
CL111,GNG667,0.5
CL111,IB023,34.0
CL111,IB032,1.0
CL111,OA-VUMa8,2.0
CL111,PPM1204,3.0
CL111,SIP136m,0.5
CL111,SMP052,0.33333334
CL111,SMP492,4.0
CL111,SMP543,5.0
CL111,SMP709m,1.0
CL111,aSP22,2.0
CL122_a,AVLP095,-0.5
CL122_a,AVLP096,-0.5
CL122_a,AVLP192_b,-0.5
CL122_a,AVLP210,-1.0
CL122_a,AVLP306,-0.5
CL122_a,AVLP476,-0.5
CL122_a,AVLP488,-0.5
CL122_a,AVLP716m,-0.5
CL122_a,AVLP727m,-5.5
CL122_a,AVLP728m,-2.5
CL122_a,AVLP729m,-4.0
CL122_a,AVLP730m,-0.5
CL122_a,AVLP734m,-0.3
CL122_a,AVLP751m,-1.5
CL122_a,AVLP760m,-1.25
CL122_a,CB1017,-3.0
CL122_a,CB3439,-0.75
CL122_a,CL062_a1,-4.0
CL122_a,CL062_a2,-5.0
CL122_a,CL062_b1,-3.25
CL122_a,CL062_b2,-0.5
CL122_a,CL109,-1.5
CL122_a,CL199,-0.75
CL122_a,CL208,-5.1666665
CL122_a,CL310,-3.5
CL122_a,CL311,-6.0
CL122_a,CL326,-0.5
CL122_a,CL335,-0.5
CL122_a,CL344_a,-0.75
CL122_a,CRE021,-0.25
CL122_a,DNa14,-3.0
CL122_a,DNae001,-0.5
CL122_a,DNp101,-5.5
CL122_a,DNp23,-0.5
CL122_a,DNp60,-0.5
CL122_a,DNp67,-2.5
CL122_a,DNpe037,-0.5
CL122_a,DNpe050,-0.25
CL122_a,DNpe053,-1.5
CL122_a,ICL003m,-1.5
CL122_a,ICL008m,-0.25
CL122_a,ICL010m,-5.5
CL122_a,OA-VPM4,-1.0
CL122_a,OA-VUMa8,-0.5
CL122_a,PVLP093,-0.5
CL122_a,PVLP203m,-0.125
CL122_a,SIP091,-0.5
CL122_a,SIP104m,-0.125
CL122_a,SIP110m_a,-9.5
CL122_a,SIP133m,-7.0
CL122_a,SIP136m,-0.5
CL122_a,SIP141m,-0.5
CL122_a,SIP145m,-0.25
CL122_a,SMP028,-0.5
CL122_a,SMP543,-1.5
CL122_a,SMP593,-0.5
CL122_a,aSP10B,-0.5
CL122_a,pC1_14a,-5.5
CL122_a,pIP10,-7.5
CL199,ANXXX380,0.5
CL199,AOTU046,0.125
CL199,AVLP095,1.0
CL199,AVLP178,0.25
CL199,AVLP193,0.5
CL199,AVLP210,1.0
CL199,AVLP477,0.25
CL199,AVLP562,0.25
CL199,AVLP730m,0.5
CL199,AstA1,30.5
CL199,CB1287,0.25
CL199,CL062_a2,0.25
CL199,CL109,0.5
CL199,CL111,0.5
CL199,CL122_a,0.25
CL199,CL199,2.25
CL199,CL248,1.75
CL199,CL326,6.5
CL199,CL335,0.5
CL199,CL366,20.5
CL199,CRE004,13.5
CL199,CRE005,0.16666667
CL199,CRE021,16.25
CL199,CRE030_b,5.0
CL199,CRE100,2.5
CL199,DNd05,8.0
CL199,DNp101,80.0
CL199,DNp23,1.5
CL199,DNp52,1.0
CL199,DNp62,1.0
CL199,DNpe027,1.5
CL199,DNpe043,0.5
CL199,DNpe050,0.75
CL199,DNpe053,61.0
CL199,FB1C,0.125
CL199,FB4F_a,0.375
CL199,FB4F_b,0.25
CL199,FB4H,0.5
CL199,FB4K,2.0
CL199,FB4P_a,0.125
CL199,FB4P_b,0.16666667
CL199,FB4P_c,0.25
CL199,FB4R,0.083333336
CL199,FB5N,0.25
CL199,FB5V_b,0.41666666
CL199,FB5X,0.5
CL199,GNG011,0.5
CL199,GNG304,0.5
CL199,GNG305,0.5
CL199,GNG587,0.5
CL199,GNG667,1.0
CL199,IB049,1.5
CL199,IB115,0.5
CL199,LAL007,1.0
CL199,LAL119,4.5
CL199,LAL159,68.0
CL199,LAL162,23.0
CL199,LAL200,6.5
CL199,MBON26,6.0
CL199,OA-VPM3,1.25
CL199,OA-VUMa8,51.5
CL199,PAL01,2.5
CL199,PPL102,2.5
CL199,PPL103,8.5
CL199,PPL108,1.5
CL199,PVLP138,5.5
CL199,SCL001m,0.16666667
CL199,SIP119m,0.071428575
CL199,SMP052,0.33333334
CL199,SMP122,7.0
CL199,SMP446,2.5
CL199,SMP471,1.0
CL199,SMP593,3.5
CL199,SMP709m,0.5
CL199,VES020,0.33333334
CL199,VES053,44.0
CL199,VES092,0.25
CL199,VES095,1.75
CL199,VES097,0.5
CL199,pC1_7a,0.25
CL199,pIP10,0.5
CL208,AVLP036,0.33333334
CL208,AVLP462,0.6666667
CL208,AVLP488,0.33333334
CL208,AVLP710m,1.6666666
CL208,AVLP730m,0.33333334
CL208,AVLP734m,0.06666667
CL208,AVLP751m,0.33333334
CL208,AstA1,0.6666667
CL208,CB1062,0.16666667
CL208,CB3394,2.6666667
CL208,CL062_a2,0.16666667
CL208,CL062_b1,0.16666667
CL208,CL122_a,0.33333334
CL208,CL208,1.1111112
CL208,CL248,0.33333334
CL208,CL310,1.0
CL208,CL335,7.3333335
CL208,CRE021,2.8333333
CL208,CRE100,0.6666667
CL208,DNp23,1.0
CL208,DNp36,1.3333334
CL208,DNp46,0.33333334
CL208,DNp64,3.3333333
CL208,DNpe043,0.6666667
CL208,DNpe050,0.5
CL208,DNpe053,2.6666667
CL208,FB5D,0.44444445
CL208,FB5X,0.055555556
CL208,GNG305,0.6666667
CL208,GNG667,0.33333334
CL208,LAL200,0.33333334
CL208,MBON35,0.16666667
CL208,OA-AL2i1,0.5
CL208,OA-VPM3,0.16666667
CL208,PPL102,1.0
CL208,PVLP016,1.3333334
CL208,PVLP200m_b,0.33333334
CL208,PVLP203m,0.41666666
CL208,SIP091,0.33333334
CL208,SIP110m_a,0.33333334
CL208,SIP119m,0.14285715
CL208,SIP133m,0.5
CL208,SIP136m,0.33333334
CL208,SMP092,0.33333334
CL208,SMP471,0.33333334
CL208,SMP543,1.3333334
CL208,SMP586,0.6666667
CL208,VES020,1.1111112
CL208,VES092,0.5
CL208,VES097,7.3333335
CL208,VES101,4.0
CL208,VES109,0.33333334
CL208,VES204m,0.33333334
CL208,WED014,0.6666667
CL208,aSP22,1.0
CL208,pC1_13b,0.33333334
CL248,ANXXX152,-0.5
CL248,AVLP176_b,-0.5
CL248,AVLP210,-0.5
CL248,AVLP477,-1.25
CL248,AVLP562,-0.5
CL248,AVLP709m,-0.25
CL248,AVLP710m,-1.0
CL248,AVLP716m,-0.5
CL248,AVLP730m,-4.0
CL248,AVLP733m,-0.5
CL248,AVLP746m,-0.5
CL248,AVLP751m,-1.0
CL248,AVLP760m,-0.25
CL248,CB1017,-1.0
CL248,CB2286,-0.5
CL248,CL062_a2,-0.25
CL248,CL062_b1,-0.5
CL248,CL062_b2,-0.5
CL248,CL062_b3,-1.5
CL248,CL208,-1.5
CL248,CL248,-2.0
CL248,CL310,-6.0
CL248,CL311,-11.5
CL248,CL335,-3.0
CL248,CL344_a,-1.75
CL248,CL366,-3.5
CL248,CRE004,-0.5
CL248,CRE021,-0.5
CL248,DNa01,-18.0
CL248,DNd05,-3.5
CL248,DNg101,-30.0
CL248,DNp101,-12.0
CL248,DNp23,-1.5
CL248,DNp36,-0.5
CL248,DNp52,-0.5
CL248,DNp60,-0.5
CL248,DNp64,-1.0
CL248,DNp67,-0.5
CL248,DNpe025,-1.0
CL248,DNpe043,-1.0
CL248,DNpe050,-1.0
CL248,GNG011,-104.0
CL248,GNG304,-0.75
CL248,GNG305,-2.5
CL248,GNG525,-0.5
CL248,GNG667,-0.25
CL248,LAL007,-1.0
CL248,LAL162,-4.0
CL248,MBON35,-0.75
CL248,OA-ASM2,-1.0
CL248,OA-VUMa8,-2.5
CL248,PAL01,-0.5
CL248,PPL103,-2.0
CL248,PPM1201,-0.5
CL248,PVLP016,-0.5
CL248,PVLP203m,-1.125
CL248,SAD075,-4.75
CL248,SCL001m,-1.5
CL248,SIP104m,-0.125
CL248,SIP110m_a,-6.0
CL248,SIP119m,-0.2857143
CL248,SIP133m,-1.5
CL248,SIP136m,-0.25
CL248,SIP143m,-0.5
CL248,SMP493,-0.5
CL248,SMP543,-2.0
CL248,SMP586,-1.0
CL248,SMP593,-0.5
CL248,VES020,-0.33333334
CL248,VES053,-21.5
CL248,VES087,-2.0
CL248,VES092,-1.25
CL248,VES095,-46.25
CL248,VES096,-10.5
CL248,VES097,-7.0
CL248,VES101,-3.0
CL248,VES204m,-4.0
CL248,WED014,-0.5
CL248,aSP10B,-2.0
CL248,aSP22,-0.5
CL248,pIP10,-30.0
CL251,AVLP178,0.5
CL251,AVLP562,6.0
CL251,AVLP710m,2.0
CL251,AVLP734m,0.2
CL251,AstA1,3.0
CL251,CB1062,0.5
CL251,CB3433,2.0
CL251,CL062_a1,0.5
CL251,CL109,1.0
CL251,CL199,3.0
CL251,CL208,1.3333334
CL251,CL248,3.0
CL251,CL311,4.0
CL251,CL335,2.0
CL251,CL366,2.0
CL251,CRE004,11.0
CL251,CRE006,0.5
CL251,CRE021,8.5
CL251,CRE100,4.0
CL251,DNp101,1.0
CL251,DNp46,3.0
CL251,DNp64,4.0
CL251,DNpe053,18.0
CL251,FB4F_c,0.33333334
CL251,FB4K,10.0
CL251,FB4Y,0.25
CL251,FB5M,5.0
CL251,FB5N,1.5
CL251,GNG667,2.0
CL251,LAL200,5.0
CL251,MBON34,3.0
CL251,MBON35,2.0
CL251,OA-VUMa8,1.0
CL251,PAL01,23.0
CL251,PPL102,8.0
CL251,PPL108,1.0
CL251,PVLP016,3.0
CL251,SIP104m,0.5
CL251,SIP133m,1.5
CL251,SIP136m,0.5
CL251,SMP052,21.333334
CL251,SMP092,5.0
CL251,SMP285,4.0
CL251,SMP543,73.0
CL251,SMP709m,1.0
CL251,SMP715m,10.0
CL251,VES053,3.0
CL251,VES092,2.5
CL251,aSP10A_b,0.5
CL308,AN07B004,1.0
CL308,AOTU019,2.0
CL308,AOTU042,2.0
CL308,CB1287,0.5
CL308,CL111,7.0
CL308,CL248,0.5
CL308,CL336,10.0
CL308,CRE004,5.0
CL308,DNpe037,2.0
CL308,DNpe043,2.0
CL308,DNpe053,3.0
CL308,FB2D,3.6666667
CL308,FB2K,0.5555556
CL308,FB4B,1.0
CL308,FB4E_a,0.6
CL308,FB4F_a,1.0
CL308,FB4F_b,1.0
CL308,FB4F_c,2.3333333
CL308,FB4I,1.5
CL308,FB4R,0.16666667
CL308,FB5A,1.0
CL308,FB5V_b,0.6666667
CL308,FB5V_c,0.6
CL308,FB5X,0.16666667
CL308,LAL040,7.0
CL308,LAL045,1.0
CL308,LAL159,3.0
CL308,LAL200,13.0
CL308,LAL205,1.0
CL308,MBON34,1.0
CL308,PFL3,0.041666668
CL308,PPL103,1.0
CL308,PPL108,1.0
CL308,PPM1204,1.0
CL308,SIP136m,0.5
CL308,SMP543,30.0
CL310,AVLP095,1.0
CL310,AVLP476,1.0
CL310,AVLP562,0.5
CL310,AVLP710m,3.0
CL310,CL062_b1,0.5
CL310,CL122_a,0.5
CL310,CL248,12.5
CL310,CL311,1.0
CL310,CL366,3.0
CL310,CRE021,1.0
CL310,DNa01,7.0
CL310,DNa14,2.0
CL310,DNd05,6.0
CL310,DNde002,3.0
CL310,DNp101,1.0
CL310,DNp36,1.0
CL310,DNp67,33.0
CL310,GNG305,1.0
CL310,ICL003m,1.0
CL310,ICL012m,1.0
CL310,SCL001m,1.0
CL310,SIP133m,1.0
CL310,SIP143m,1.0
CL310,SMP446,1.0
CL310,VES053,9.0
CL310,VES087,2.0
CL310,VES092,0.5
CL310,VES096,1.0
CL310,aSP10A_b,0.5
CL310,pIP10,1.0
CL311,AN00A006,0.5
CL311,AOTU019,2.0
CL311,AVLP476,68.0
CL311,AVLP709m,2.0
CL311,CL248,0.5
CL311,DNa01,3.0
CL311,DNg101,3.0
CL311,DNp36,1.0
CL311,DNp67,4.0
CL311,DNpe025,1.0
CL311,GNG011,263.0
CL311,GNG304,10.0
CL311,GNG525,2.0
CL311,GNG667,2.0
CL311,PVLP016,1.0
CL311,PVLP200m_b,1.0
CL311,PVLP203m,0.25
CL311,SCL001m,0.33333334
CL311,SMP543,1.0
CL311,VES053,2.0
CL311,VES087,73.0
CL311,VES092,0.5
CL311,VES203m,1.0
CL311,pC1_13b,1.0
CL326,AN00A006,0.5
CL326,AVLP210,5.0
CL326,AVLP462,1.0
CL326,AVLP562,0.5
CL326,AVLP710m,4.0
CL326,AVLP751m,4.0
CL326,AstA1,1.0
CL326,CB1017,9.0
CL326,CB1062,0.25
CL326,CB1287,11.5
CL326,CB3302,0.6666667
CL326,CL062_b1,0.5
CL326,CL199,1.0
CL326,CL208,2.6666667
CL326,CL310,1.0
CL326,CL311,4.0
CL326,CL344_a,0.5
CL326,CL366,3.0
CL326,CRE005,0.33333334
CL326,CRE012,1.0
CL326,CRE021,61.5
CL326,DNa14,1.0
CL326,DNp62,1.5
CL326,DNp64,3.0
CL326,DNpe050,0.5
CL326,DNpe053,2.0
CL326,FB4F_a,0.25
CL326,FB4O,2.6666667
CL326,FB4P_a,7.0
CL326,FB4P_c,1.0
CL326,FB4R,1.6666666
CL326,FB5C,1.3333334
CL326,FB5D,7.0
CL326,FB5F,8.0
CL326,FB5M,0.5
CL326,FB5N,4.75
CL326,FB5T,0.5
CL326,FB5W_a,1.1666666
CL326,FB5X,2.3333333
CL326,GNG667,1.5
CL326,LAL029_b,1.0
CL326,MBON25,1.0
CL326,MBON25-like,0.25
CL326,MBON34,2.5
CL326,OA-VPM4,1.0
CL326,OA-VUMa8,1.0
CL326,PPL102,11.0
CL326,PPL103,2.0
CL326,PPL108,1.0
CL326,PVLP016,3.0
CL326,PVLP203m,0.25
CL326,SIP136m,0.5
CL326,SMP122,29.0
CL326,SMP471,4.0
CL326,SMP586,1.0
CL326,VES053,1.0
CL326,aSP10A_a,2.0
CL326,aSP10B,2.0
CL335,ANXXX152,2.0
CL335,AVLP095,1.0
CL335,AVLP121,0.5
CL335,AVLP193,2.0
CL335,AVLP210,2.0
CL335,AVLP476,2.0
CL335,AVLP700m,2.0
CL335,AVLP709m,0.5
CL335,AVLP710m,4.0
CL335,AVLP751m,2.0
CL335,AVLP760m,0.5
CL335,CL062_a1,1.0
CL335,CL062_a2,4.0
CL335,CL062_b1,3.0
CL335,CL199,0.5
CL335,CL208,6.0
CL335,CL248,0.5
CL335,CL311,2.0
CL335,CL344_a,1.0
CL335,DNg101,17.0
CL335,DNp36,1.0
CL335,DNp46,2.0
CL335,DNp52,1.0
CL335,DNp60,10.0
CL335,DNp64,14.0
CL335,DNp67,13.0
CL335,DNpe025,52.0
CL335,DNpe050,23.5
CL335,ICL002m,32.0
CL335,ICL010m,7.0
CL335,ICL012m,3.0
CL335,ICL013m_b,3.0
CL335,LPsP,0.5
CL335,PVLP016,6.0
CL335,PVLP130,2.0
CL335,PVLP203m,9.0
CL335,SIP110m_a,1.0
CL335,SIP119m,0.42857143
CL335,SIP136m,1.5
CL335,SMP446,6.0
CL335,SMP543,2.0
CL335,SMP586,1.0
CL335,VES053,2.0
CL335,VES087,1.0
CL335,VES097,3.0
CL335,VES101,1.0
CL335,aSP10B,2.0
CL336,AN07B004,2.0
CL336,AVLP210,1.0
CL336,AstA1,1.0
CL336,DNpe037,4.0
CL336,DNpe053,1.0
CL336,FC2C,0.04255319
CL336,FS3_d,0.032258064
CL336,FS4C,0.035714287
CL336,OA-AL2i1,5.0
CL336,OA-VPM4,1.0
CL336,SIP136m,1.0
CL336,SMP593,1.0
CL336,WED210,11.0
CL344_a,AN00A006,0.75
CL344_a,AN05B103,1.0
CL344_a,AN08B032,2.5
CL344_a,ANXXX152,2.0
CL344_a,AOTU042,0.5
CL344_a,AOTU100m,1.0
CL344_a,AVLP096,0.5
CL344_a,AVLP193,0.5
CL344_a,AVLP256,0.5
CL344_a,AVLP306,0.25
CL344_a,AVLP462,0.5
CL344_a,AVLP562,5.5
CL344_a,AVLP700m,1.5
CL344_a,AVLP704m,3.5
CL344_a,AVLP709m,7.5
CL344_a,AVLP710m,8.0
CL344_a,AVLP714m,3.0
CL344_a,AVLP715m,1.5
CL344_a,AVLP716m,5.5
CL344_a,AVLP727m,5.0
CL344_a,AVLP728m,3.1666667
CL344_a,AVLP729m,2.5
CL344_a,AVLP730m,1.5
CL344_a,AVLP731m,1.5
CL344_a,AVLP733m,4.0
CL344_a,AVLP734m,2.8
CL344_a,AVLP737m,2.0
CL344_a,AVLP738m,1.0
CL344_a,AVLP746m,0.5
CL344_a,AVLP751m,8.5
CL344_a,AVLP760m,4.5
CL344_a,CB1187,0.5
CL344_a,CB3302,0.33333334
CL344_a,CL062_a1,0.75
CL344_a,CL062_a2,1.25
CL344_a,CL062_b1,4.0
CL344_a,CL062_b2,1.5
CL344_a,CL062_b3,2.75
CL344_a,CL122_a,0.25
CL344_a,CL208,2.6666667
CL344_a,CL248,2.25
CL344_a,CL310,1.5
CL344_a,CL311,3.5
CL344_a,CL326,1.0
CL344_a,CL335,0.5
CL344_a,CL344_a,1.25
CL344_a,CRE004,0.5
CL344_a,CRE012,0.5
CL344_a,CRE021,13.0
CL344_a,CRE065,0.5
CL344_a,DNa01,1.0
CL344_a,DNa14,2.0
CL344_a,DNde002,1.0
CL344_a,DNg101,8.0
CL344_a,DNp101,1.0
CL344_a,DNp36,5.5
CL344_a,DNp46,3.5
CL344_a,DNp52,0.5
CL344_a,DNp60,7.0
CL344_a,DNp62,1.75
CL344_a,DNp67,2.0
CL344_a,DNpe025,0.5
CL344_a,DNpe050,3.75
CL344_a,FB4F_c,0.083333336
CL344_a,FB4P_a,0.125
CL344_a,FB5A,0.125
CL344_a,FB5V_a,0.083333336
CL344_a,FB5V_b,0.083333336
CL344_a,GNG305,0.5
CL344_a,GNG667,0.75
CL344_a,ICL002m,3.0
CL344_a,ICL003m,6.0
CL344_a,ICL008m,2.25
CL344_a,ICL010m,0.5
CL344_a,ICL012m,2.5
CL344_a,ICL013m_b,2.0
CL344_a,LAL013,0.5
CL344_a,LAL029_b,3.0
CL344_a,LAL102,0.5
CL344_a,LAL200,0.5
CL344_a,MBON35,0.5
CL344_a,OA-ASM2,1.0
CL344_a,OA-VUMa8,2.5
CL344_a,PVLP016,6.0
CL344_a,PVLP138,2.0
CL344_a,PVLP200m_b,1.5
CL344_a,PVLP203m,1.75
CL344_a,SCL001m,5.1666665
CL344_a,SIP091,3.5
CL344_a,SIP104m,1.375
CL344_a,SIP110m_a,4.0
CL344_a,SIP118m,0.8333333
CL344_a,SIP119m,0.35714287
CL344_a,SIP122m,0.5
CL344_a,SIP124m,0.5
CL344_a,SIP133m,18.0
CL344_a,SIP136m,4.25
CL344_a,SIP141m,7.0
CL344_a,SIP143m,5.5
CL344_a,SIP145m,1.75
CL344_a,SIP146m,1.0
CL344_a,SMP028,1.0
CL344_a,SMP052,0.8333333
CL344_a,SMP109,1.0
CL344_a,SMP543,0.5
CL344_a,SMP709m,2.5
CL344_a,SMP714m,1.5
CL344_a,SMP715m,0.25
CL344_a,SMP723m,1.5
CL344_a,VES092,0.75
CL344_a,VES202m,1.5
CL344_a,VES203m,1.0
CL344_a,VES204m,1.0
CL344_a,WED014,0.5
CL344_a,aIPg1,0.5
CL344_a,aSP10A_a,4.0
CL344_a,aSP10A_b,2.25
CL344_a,aSP22,4.0
CL344_a,pC1_13b,1.0
CL344_a,pC1_14a,3.0
CL344_a,pC1_7a,1.5
CL344_a,pC1x_b,0.5
CL344_a,pIP10,4.0
CL366,AOTU100m,-4.0
CL366,AVLP036,-1.0
CL366,AVLP121,-6.0
CL366,AVLP176_b,-10.0
CL366,AVLP178,-0.5
CL366,AVLP210,-28.0
CL366,AVLP562,-4.0
CL366,AVLP700m,-3.0
CL366,AVLP704m,-2.0
CL366,AVLP710m,-42.0
CL366,AVLP751m,-19.0
CL366,CB1672,-1.0
CL366,CB3019,-5.0
CL366,CB3439,-0.5
CL366,CL062_a1,-16.0
CL366,CL062_a2,-8.0
CL366,CL062_b1,-9.0
CL366,CL062_b2,-8.0
CL366,CL062_b3,-8.5
CL366,CL111,-19.0
CL366,CL199,-26.5
CL366,CL208,-0.33333334
CL366,CL248,-0.5
CL366,CL251,-1.0
CL366,CL308,-5.0
CL366,CL310,-24.0
CL366,CL311,-64.0
CL366,CL326,-3.0
CL366,CL335,-13.0
CL366,CL336,-1.0
CL366,DNa14,-15.0
CL366,DNd05,-2.0
CL366,DNde002,-9.0
CL366,DNg101,-3.0
CL366,DNp23,-1.0
CL366,DNp36,-25.0
CL366,DNp46,-25.0
CL366,DNp62,-5.0
CL366,DNp64,-5.0
CL366,DNpe025,-17.0
CL366,DNpe027,-2.0
CL366,DNpe037,-1.0
CL366,DNpe043,-15.0
CL366,DNpe050,-0.5
CL366,DNpe053,-5.0
CL366,FB1C,-1.5
CL366,FB8C,-0.25
CL366,GNG304,-0.5
CL366,GNG667,-14.5
CL366,IB115,-21.0
CL366,ICL002m,-1.0
CL366,ICL012m,-8.0
CL366,LAL029_b,-4.0
CL366,LAL192,-1.0
CL366,LT66,-0.5
CL366,OA-AL2i1,-0.5
CL366,OA-ASM2,-4.0
CL366,OA-VPM3,-0.5
CL366,OA-VUMa8,-2.0
CL366,PPM1201,-31.0
CL366,PVLP016,-1.0
CL366,PVLP138,-1.0
CL366,PVLP200m_b,-1.0
CL366,SCL001m,-0.33333334
CL366,SIP091,-16.0
CL366,SIP110m_a,-3.0
CL366,SIP118m,-4.3333335
CL366,SIP119m,-1.1428572
CL366,SIP133m,-4.0
CL366,SIP136m,-77.5
CL366,SMP052,-8.666667
CL366,SMP543,-7.0
CL366,SMP593,-5.0
CL366,SMP709m,-7.0
CL366,SMP713m,-2.0
CL366,SMP714m,-0.5
CL366,VES020,-0.33333334
CL366,VES053,-42.0
CL366,VES092,-0.5
CL366,VES109,-1.0
CL366,aSP22,-4.0
CL366,pC1_13b,-7.0
CL366,pC1_7a,-0.5
CL366,pIP10,-1.0
CRE004,AN00A006,0.5
CRE004,ATL028,1.0
CRE004,AVLP462,13.0
CRE004,AVLP476,2.0
CRE004,AVLP562,0.5
CRE004,AVLP710m,1.0
CRE004,AVLP716m,1.0
CRE004,CB1062,2.0
CRE004,CB1287,4.0
CRE004,CB3394,1.0
CRE004,CL199,0.5
CRE004,CL208,2.0
CRE004,CRE005,0.33333334
CRE004,CRE006,2.0
CRE004,CRE021,25.0
CRE004,CRE030_b,6.0
CRE004,CRE044,1.0
CRE004,CRE100,2.0
CRE004,DNp62,0.5
CRE004,DNpe053,4.0
CRE004,EL,2.8333333
CRE004,ExR4,0.5
CRE004,FB1H,18.5
CRE004,FB2F_a,0.33333334
CRE004,FB2G_b,1.5
CRE004,FB2M_b,0.5
CRE004,FB4B,1.0
CRE004,FB4C,1.0
CRE004,FB4D_a,0.5
CRE004,FB4F_a,21.75
CRE004,FB4F_b,10.5
CRE004,FB4F_c,13.833333
CRE004,FB4G,25.5
CRE004,FB4H,26.5
CRE004,FB4I,9.0
CRE004,FB4J,5.5
CRE004,FB4K,0.25
CRE004,FB4M,28.75
CRE004,FB4N,5.0
CRE004,FB4O,2.3333333
CRE004,FB4P_a,0.5
CRE004,FB4P_c,0.5
CRE004,FB4X,1.5
CRE004,FB4Y,18.25
CRE004,FB5AB,0.5
CRE004,FB5I,0.5
CRE004,FB5K,1.0
CRE004,FB5M,0.5
CRE004,FB5N,0.25
CRE004,FB5P,1.25
CRE004,FB5T,1.5
CRE004,FB5V_a,0.16666667
CRE004,FB5V_b,0.8333333
CRE004,FB5V_c,0.2
CRE004,FB5X,0.8333333
CRE004,GNG304,0.5
CRE004,GNG587,1.0
CRE004,GNG667,1.0
CRE004,LAL045,2.0
CRE004,LAL073,0.5
CRE004,LAL102,1.0
CRE004,LAL119,4.0
CRE004,LAL155,10.0
CRE004,LAL159,50.0
CRE004,LAL162,2.0
CRE004,LAL200,3.0
CRE004,LAL208,3.0
CRE004,LCNOp,0.5
CRE004,LCNOpm,0.5
CRE004,MBON20,2.0
CRE004,MBON25,0.5
CRE004,MBON25-like,1.75
CRE004,MBON26,6.0
CRE004,MBON34,4.5
CRE004,MBON35,1.5
CRE004,OA-VPM3,2.5
CRE004,OA-VPM4,1.0
CRE004,OA-VUMa8,3.0
CRE004,PAL01,10.0
CRE004,PAM03,1.0
CRE004,PFR_a,0.64285713
CRE004,PFR_b,6.1875
CRE004,PPL102,1.0
CRE004,PPL103,3.0
CRE004,PPL108,90.0
CRE004,PVLP138,1.0
CRE004,PVLP203m,0.25
CRE004,SIP064,3.0
CRE004,SIP119m,0.2857143
CRE004,SIP136m,0.5
CRE004,SMP052,0.33333334
CRE004,SMP092,4.0
CRE004,SMP108,1.0
CRE004,SMP122,32.0
CRE004,SMP597,1.0
CRE004,SMP709m,1.0
CRE004,SMP713m,5.5
CRE004,VES020,1.0
CRE004,VES053,6.0
CRE004,VES087,1.0
CRE004,VES092,14.5
CRE004,pIP10,1.0
CRE005,AOTU042,0.33333334
CRE005,ATL018,7.3333335
CRE005,ATL028,2.3333333
CRE005,AVLP477,0.16666667
CRE005,AVLP562,0.16666667
CRE005,AVLP705m,9.666667
CRE005,CB1062,0.25
CRE005,CB1287,0.16666667
CRE005,CL366,0.33333334
CRE005,CRE004,1.6666666
CRE005,CRE005,3.2222223
CRE005,CRE006,5.1666665
CRE005,CRE012,93.333336
CRE005,CRE021,1.0
CRE005,CRE044,1.0
CRE005,CRE081,0.33333334
CRE005,CRE100,6.0
CRE005,DNp52,9.333333
CRE005,DNp62,0.16666667
CRE005,DNpe053,0.6666667
CRE005,ExR4,0.16666667
CRE005,ExR6,5.3333335
CRE005,ExR7,0.16666667
CRE005,FB1C,1.3333334
CRE005,FB1H,13.833333
CRE005,FB2B_b,0.5833333
CRE005,FB2C,0.06666667
CRE005,FB2G_b,0.33333334
CRE005,FB2K,0.037037037
CRE005,FB2M_b,0.16666667
CRE005,FB3C,0.025641026
CRE005,FB4A_a,0.2777778
CRE005,FB4C,0.6666667
CRE005,FB4D_a,0.33333334
CRE005,FB4D_b,0.16666667
CRE005,FB4D_c,0.5
CRE005,FB4E_a,0.06666667
CRE005,FB4E_b,0.33333334
CRE005,FB4F_a,4.75
CRE005,FB4F_b,1.6666666
CRE005,FB4F_c,2.5
CRE005,FB4G,30.333334
CRE005,FB4H,4.3333335
CRE005,FB4I,1.8333334
CRE005,FB4J,0.5
CRE005,FB4K,0.083333336
CRE005,FB4M,0.9166667
CRE005,FB4N,0.5
CRE005,FB4O,1.8888888
CRE005,FB4P_a,1.0833334
CRE005,FB4P_b,13.222222
CRE005,FB4P_c,7.3333335
CRE005,FB4Q_a,8.0
CRE005,FB4Q_c,1.2222222
CRE005,FB4R,0.22222222
CRE005,FB4X,0.16666667
CRE005,FB4Y,13.333333
CRE005,FB5A,2.4166667
CRE005,FB5B,0.055555556
CRE005,FB5C,0.11111111
CRE005,FB5D,2.1111112
CRE005,FB5H,0.33333334
CRE005,FB5K,0.33333334
CRE005,FB5L,0.33333334
CRE005,FB5N,0.25
CRE005,FB5T,0.33333334
CRE005,FB5V_a,0.2777778
CRE005,FB5V_b,1.0
CRE005,FB5V_c,0.2
CRE005,FB5W_a,0.11111111
CRE005,FB6S,0.041666668
CRE005,FC2A,0.018518519
CRE005,FC2B,0.012345679
CRE005,FC2C,0.0070921984
CRE005,FC3_a,0.019607844
CRE005,GNG304,0.16666667
CRE005,IB005,17.666666
CRE005,IB049,8.333333
CRE005,ICL010m,0.33333334
CRE005,LAL007,1.0
CRE005,LAL008,0.6666667
CRE005,LAL040,2.0
CRE005,LAL042,0.33333334
CRE005,LAL045,1.6666666
CRE005,LAL101,0.6666667
CRE005,LAL102,0.33333334
CRE005,LAL119,0.33333334
CRE005,LAL154,4.0
CRE005,LAL155,14.333333
CRE005,LAL159,34.333332
CRE005,LAL162,1.3333334
CRE005,LAL200,0.6666667
CRE005,LCNOp,3.6666667
CRE005,LCNOpm,0.8333333
CRE005,LNO2,0.16666667
CRE005,MBON20,1.1666666
CRE005,MBON25,0.16666667
CRE005,MBON26,21.0
CRE005,MBON34,0.5
CRE005,MBON35,0.8333333
CRE005,OA-VPM3,0.16666667
CRE005,OA-VPM4,0.33333334
CRE005,OA-VUMa8,4.3333335
CRE005,PPL102,1.0
CRE005,PPL103,0.33333334
CRE005,PPL108,1.0
CRE005,PVLP138,0.33333334
CRE005,PVLP200m_b,0.33333334
CRE005,SLP215,0.33333334
CRE005,SMP052,0.7777778
CRE005,SMP108,0.33333334
CRE005,SMP109,0.33333334
CRE005,SMP122,1.0
CRE005,SMP377,2.6666667
CRE005,SMP446,0.6666667
CRE005,SMP471,0.33333334
CRE005,SMP493,1.0
CRE005,SMP543,0.33333334
CRE005,SMP593,1.6666666
CRE005,VES092,10.666667
CRE005,VES109,0.33333334
CRE006,AVLP562,-6.75
CRE006,CB0244,-2.0
CRE006,CB1062,-3.875
CRE006,CL208,-3.6666667
CRE006,CL326,-2.0
CRE006,CRE004,-7.0
CRE006,CRE011,-70.5
CRE006,CRE012,-75.5
CRE006,CRE021,-30.0
CRE006,CRE044,-4.5
CRE006,ExR4,-0.5
CRE006,FB4A_a,-0.083333336
CRE006,FB4F_b,-0.5
CRE006,FB4H,-0.25
CRE006,FB4O,-0.16666667
CRE006,FB4P_a,-1.25
CRE006,FB4P_b,-2.6666667
CRE006,FB4P_c,-2.25
CRE006,FB4Q_b,-2.5
CRE006,FB4Q_c,-0.8333333
CRE006,FB4R,-5.4166665
CRE006,FB5A,-3.25
CRE006,FB5E,-2.0
CRE006,FB5F,-0.25
CRE006,FB5I,-0.25
CRE006,FB5T,-0.25
CRE006,FB5V_a,-0.6666667
CRE006,FB5V_b,-0.5833333
CRE006,FB5V_c,-10.3
CRE006,FB5X,-4.5
CRE006,LAL007,-0.5
CRE006,LAL008,-0.75
CRE006,LAL040,-9.0
CRE006,LAL045,-2.5
CRE006,LAL101,-2.5
CRE006,LAL119,-0.5
CRE006,LAL154,-1.0
CRE006,LAL155,-46.5
CRE006,MBON25,-0.25
CRE006,MBON25-like,-0.5
CRE006,MBON35,-0.5
CRE006,OA-VUMa8,-1.0
CRE006,PPL102,-2.0
CRE006,PPL108,-18.5
CRE006,SMP108,-10.0
CRE006,SMP109,-0.5
CRE006,SMP122,-6.0
CRE006,SMP446,-21.5
CRE006,SMP471,-71.5
CRE006,SMP586,-11.5
CRE006,SMP593,-0.5
CRE006,SMP709m,-1.5
CRE006,SMP713m,-0.25
CRE011,ATL011,227.0
CRE011,ATL012,233.0
CRE011,ATL018,2.0
CRE011,ATL032,2.0
CRE011,ATL042,1.0
CRE011,AVLP562,0.5
CRE011,CRE012,2.5
CRE011,CRE021,6.0
CRE011,CRE030_b,2.0
CRE011,DNae001,1.0
CRE011,DNp62,0.5
CRE011,DNpe027,1.0
CRE011,FB1C,0.25
CRE011,FB1G,0.5
CRE011,FB1H,6.5
CRE011,FB2F_a,0.33333334
CRE011,FB2G_b,0.16666667
CRE011,FB2H_a,2.0
CRE011,FB2I_a,0.3
CRE011,FB2I_b,7.0
CRE011,FB2M_b,0.5
CRE011,FB4A_a,0.16666667
CRE011,FB4F_b,0.5
CRE011,FB4G,1.0
CRE011,FB4H,0.5
CRE011,FB4P_a,0.5
CRE011,FB4P_b,0.33333334
CRE011,FB4R,0.16666667
CRE011,FB4X,4.0
CRE011,FB4Y,0.5
CRE011,FB5A,0.25
CRE011,FB5AB,0.5
CRE011,FB5N,0.25
CRE011,FB5V_a,0.16666667
CRE011,FB5V_c,0.2
CRE011,GNG667,0.5
CRE011,ICL010m,1.0
CRE011,IbSpsP,0.2580645
CRE011,LAL008,11.5
CRE011,LAL040,1.0
CRE011,LAL042,20.0
CRE011,LAL045,1.0
CRE011,LAL073,0.5
CRE011,LAL119,3.0
CRE011,LAL155,4.0
CRE011,LAL162,2.0
CRE011,LAL171,2.0
CRE011,LAL192,1.0
CRE011,LAL200,1.0
CRE011,LAL208,38.0
CRE011,LCNOpm,1.5
CRE011,LHPV6f1,1.6666666
CRE011,LNO1,0.25
CRE011,MBON20,7.0
CRE011,MBON25,1.5
CRE011,MBON25-like,3.5
CRE011,MBON26,2.0
CRE011,MBON35,3.0
CRE011,OA-VUMa8,2.0
CRE011,PEN_a(PEN1),0.05
CRE011,PFR_b,0.375
CRE011,PPL102,5.0
CRE011,PPL103,1.0
CRE011,PPL108,2.0
CRE011,SIP087,35.0
CRE011,SMP016_b,2.0
CRE011,SMP108,5.0
CRE011,SMP185,1.0
CRE011,SMP543,2.0
CRE011,SMP713m,0.5
CRE011,VES092,0.5
CRE012,AOTU019,-0.5
CRE012,AOTU042,-1.0
CRE012,ATL028,-0.5
CRE012,ATL036,-1.5
CRE012,AVLP477,-1.25
CRE012,AVLP562,-0.25
CRE012,AVLP705m,-2.5
CRE012,AVLP714m,-1.5
CRE012,AVLP751m,-1.5
CRE012,CB1287,-0.5
CRE012,CB3394,-0.5
CRE012,CRE004,-2.0
CRE012,CRE005,-87.333336
CRE012,CRE006,-12.75
CRE012,CRE011,-2.0
CRE012,CRE012,-0.5
CRE012,CRE021,-1.0
CRE012,CRE030_b,-0.5
CRE012,CRE044,-7.5
CRE012,CRE100,-39.5
CRE012,DNae001,-3.0
CRE012,DNde002,-1.5
CRE012,DNpe027,-1.5
CRE012,ExR4,-1.25
CRE012,ExR6,-0.5
CRE012,ExR7,-0.125
CRE012,FB2C,-0.1
CRE012,FB2K,-0.055555556
CRE012,FB3C,-0.03846154
CRE012,FB4B,-0.25
CRE012,FB4C,-0.75
CRE012,FB4E_a,-0.4
CRE012,FB4G,-0.75
CRE012,FB4H,-0.5
CRE012,FB4I,-0.25
CRE012,FB4K,-0.125
CRE012,FB4N,-16.25
CRE012,FB4O,-0.16666667
CRE012,FB4P_b,-0.6666667
CRE012,FB4Q_a,-0.25
CRE012,FB4Q_c,-0.16666667
CRE012,FB4R,-1.9166666
CRE012,FB4X,-0.25
CRE012,FB4Y,-1.125
CRE012,FB5A,-0.25
CRE012,FB5AB,-0.25
CRE012,FB5C,-0.16666667
CRE012,FB5D,-0.16666667
CRE012,FB5E,-0.25
CRE012,FB5M,-0.5
CRE012,FB5P,-0.75
CRE012,FB5T,-4.0
CRE012,FB5V_a,-2.9166667
CRE012,FB5V_b,-1.6666666
CRE012,FB5V_c,-5.0
CRE012,GNG587,-0.5
CRE012,IB049,-2.0
CRE012,ICL002m,-1.0
CRE012,LAL007,-53.5
CRE012,LAL008,-0.75
CRE012,LAL042,-2.0
CRE012,LAL045,-10.0
CRE012,LAL073,-5.75
CRE012,LAL119,-122.5
CRE012,LAL154,-1.5
CRE012,LAL155,-5.5
CRE012,LAL159,-3.0
CRE012,LAL200,-12.0
CRE012,LAL208,-0.5
CRE012,LCNOpm,-1.25
CRE012,LNO1,-0.125
CRE012,LNO2,-1.25
CRE012,MBON20,-0.25
CRE012,MBON25-like,-0.25
CRE012,MBON26,-4.5
CRE012,MBON34,-0.5
CRE012,MBON35,-113.0
CRE012,OA-VUMa8,-2.0
CRE012,PPL102,-1.0
CRE012,PPL103,-0.5
CRE012,PPL108,-1.5
CRE012,PVLP016,-0.5
CRE012,PVLP200m_b,-0.5
CRE012,SIP136m,-0.5
CRE012,SMP052,-1.5
CRE012,SMP108,-0.5
CRE012,SMP109,-9.5
CRE012,SMP185,-0.5
CRE012,SMP377,-1.0
CRE012,SMP446,-1.5
CRE012,SMP492,-0.5
CRE012,SMP493,-0.5
CRE012,SMP543,-6.5
CRE012,SMP709m,-5.0
CRE012,SMP713m,-0.5
CRE012,SMP714m,-1.25
CRE012,SMP715m,-0.5
CRE012,VES053,-6.5
CRE012,VES092,-1.5
CRE021,AN00A006,-0.5
CRE021,AN05B103,-0.5
CRE021,AOTU019,-3.0
CRE021,AOTU100m,-1.5
CRE021,AVLP193,-1.5
CRE021,AVLP256,-1.5
CRE021,AVLP477,-1.0
CRE021,AVLP700m,-62.0
CRE021,AVLP704m,-73.5
CRE021,AVLP709m,-11.5
CRE021,AVLP710m,-14.5
CRE021,AVLP714m,-37.5
CRE021,AVLP715m,-4.5
CRE021,AVLP716m,-6.5
CRE021,AVLP727m,-5.0
CRE021,AVLP728m,-1.5
CRE021,AVLP729m,-3.5
CRE021,AVLP730m,-2.5
CRE021,AVLP733m,-0.5
CRE021,AVLP734m,-0.9
CRE021,AVLP737m,-1.0
CRE021,AVLP751m,-3.0
CRE021,AVLP760m,-7.75
CRE021,CB1062,-1.25
CRE021,CB1287,-2.5
CRE021,CB3302,-0.16666667
CRE021,CL062_a1,-5.25
CRE021,CL062_a2,-10.75
CRE021,CL062_b1,-3.0
CRE021,CL062_b2,-17.0
CRE021,CL062_b3,-14.25
CRE021,CL208,-4.0
CRE021,CL248,-4.25
CRE021,CL251,-6.5
CRE021,CL310,-16.0
CRE021,CL311,-13.0
CRE021,CL326,-5.5
CRE021,CL344_a,-1.5
CRE021,CRE004,-2.5
CRE021,CRE005,-0.5
CRE021,CRE006,-1.0
CRE021,CRE011,-6.5
CRE021,CRE012,-1.0
CRE021,CRE021,-1.75
CRE021,CRE030_b,-2.5
CRE021,CRE044,-18.0
CRE021,CRE081,-1.5
CRE021,CRE100,-0.5
CRE021,DNa01,-38.5
CRE021,DNa14,-0.5
CRE021,DNae001,-55.0
CRE021,DNde002,-1.0
CRE021,DNg101,-21.0
CRE021,DNp36,-63.0
CRE021,DNp46,-49.5
CRE021,DNp52,-0.5
CRE021,DNp60,-11.5
CRE021,DNp62,-15.0
CRE021,DNp64,-0.5
CRE021,DNp67,-20.5
CRE021,DNpe025,-34.0
CRE021,DNpe050,-28.5
CRE021,ExR6,-0.75
CRE021,FB1C,-1.75
CRE021,FB1H,-0.75
CRE021,FB2C,-0.7
CRE021,FB2D,-0.083333336
CRE021,FB4C,-0.25
CRE021,FB4F_a,-0.75
CRE021,FB4F_c,-0.33333334
CRE021,FB4G,-0.25
CRE021,FB4I,-0.25
CRE021,FB4J,-0.75
CRE021,FB4K,-0.5
CRE021,FB4M,-0.375
CRE021,FB4N,-6.0
CRE021,FB4O,-0.75
CRE021,FB4P_a,-2.5
CRE021,FB4P_b,-0.33333334
CRE021,FB4P_c,-0.25
CRE021,FB4Q_b,-0.5
CRE021,FB4Q_c,-0.6666667
CRE021,FB4R,-0.5
CRE021,FB4Y,-0.25
CRE021,FB5A,-1.75
CRE021,FB5C,-0.16666667
CRE021,FB5D,-0.33333334
CRE021,FB5E,-0.25
CRE021,FB5H,-10.75
CRE021,FB5I,-2.0
CRE021,FB5N,-0.125
CRE021,FB5P,-0.25
CRE021,FB5T,-3.0
CRE021,FB5V_a,-1.4166666
CRE021,FB5V_b,-0.41666666
CRE021,FB5V_c,-3.3
CRE021,FB5W_b,-0.16666667
CRE021,FB5X,-0.16666667
CRE021,FB5Y_a,-0.5
CRE021,FB5Z,-0.375
CRE021,FB6O,-0.25
CRE021,FB6X,-0.25
CRE021,GNG011,-0.5
CRE021,GNG305,-0.5
CRE021,IB049,-0.5
CRE021,ICL002m,-54.5
CRE021,ICL008m,-9.0
CRE021,ICL010m,-19.0
CRE021,ICL012m,-43.5
CRE021,ICL013m_b,-0.5
CRE021,LAL007,-1.5
CRE021,LAL013,-0.5
CRE021,LAL029_b,-4.0
CRE021,LAL042,-0.5
CRE021,LAL102,-1.0
CRE021,LAL154,-0.5
CRE021,LAL155,-0.5
CRE021,MBON20,-1.25
CRE021,MBON25,-4.0
CRE021,MBON25-like,-4.125
CRE021,MBON34,-5.0
CRE021,OA-AL2i1,-0.25
CRE021,OA-VPM3,-1.0
CRE021,OA-VUMa8,-0.5
CRE021,PPL102,-3.5
CRE021,PPL103,-19.0
CRE021,PVLP016,-30.0
CRE021,PVLP138,-3.5
CRE021,PVLP200m_b,-44.5
CRE021,PVLP203m,-14.25
CRE021,SCL001m,-1.3333334
CRE021,SIP064,-0.5
CRE021,SIP087,-1.5
CRE021,SIP091,-5.5
CRE021,SIP104m,-0.875
CRE021,SIP110m_a,-0.5
CRE021,SIP118m,-2.5
CRE021,SIP119m,-1.4285715
CRE021,SIP124m,-0.6666667
CRE021,SIP133m,-13.0
CRE021,SIP136m,-5.75
CRE021,SIP141m,-6.0
CRE021,SIP143m,-5.5
CRE021,SIP145m,-2.5
CRE021,SIP146m,-0.33333334
CRE021,SMP028,-0.5
CRE021,SMP109,-1.0
CRE021,SMP122,-0.5
CRE021,SMP471,-0.5
CRE021,SMP543,-6.0
CRE021,SMP709m,-2.0
CRE021,SMP713m,-4.0
CRE021,SMP714m,-16.5
CRE021,SMP715m,-10.25
CRE021,VES092,-0.25
CRE021,VES202m,-1.0
CRE021,VES203m,-41.5
CRE021,VES204m,-22.5
CRE021,aSP10A_a,-0.5
CRE021,aSP10A_b,-0.75
CRE021,aSP22,-2.0
CRE021,pC1_13b,-4.0
CRE021,pC1x_b,-0.5
CRE021,pIP10,-87.0
CRE030_b,AN08B027,-1.0
CRE030_b,AVLP477,-0.5
CRE030_b,AVLP562,-0.5
CRE030_b,CB1062,-1.0
CRE030_b,CL199,-0.5
CRE030_b,CL326,-2.0
CRE030_b,CRE004,-11.0
CRE030_b,CRE006,-0.5
CRE030_b,CRE012,-6.5
CRE030_b,CRE021,-0.5
CRE030_b,CRE044,-2.0
CRE030_b,CRE081,-2.0
CRE030_b,CRE100,-3.0
CRE030_b,DNp52,-32.0
CRE030_b,DNp62,-2.5
CRE030_b,ExR6,-3.5
CRE030_b,FB1H,-5.5
CRE030_b,FB4F_a,-9.0
CRE030_b,FB4F_b,-1.5
CRE030_b,FB4F_c,-1.3333334
CRE030_b,FB4G,-4.5
CRE030_b,FB4H,-1.0
CRE030_b,FB4I,-1.0
CRE030_b,FB4K,-0.75
CRE030_b,FB4M,-0.25
CRE030_b,FB4N,-0.5
CRE030_b,FB4R,-4.8333335
CRE030_b,FB4Y,-0.5
CRE030_b,FB5I,-1.0
CRE030_b,FB5V_b,-0.16666667
CRE030_b,IB049,-3.0
CRE030_b,LAL007,-2.0
CRE030_b,LAL155,-1.0
CRE030_b,LAL159,-36.0
CRE030_b,LAL162,-30.0
CRE030_b,MBON20,-15.0
CRE030_b,MBON25,-0.5
CRE030_b,MBON25-like,-0.5
CRE030_b,MBON26,-11.0
CRE030_b,MBON34,-1.0
CRE030_b,OA-VPM4,-3.0
CRE030_b,PPL102,-16.0
CRE030_b,PPL108,-8.0
CRE030_b,SMP109,-3.0
CRE030_b,SMP446,-1.0
CRE030_b,SMP714m,-1.0
CRE030_b,SMP715m,-0.5
CRE044,CB1287,-9.5
CRE044,CRE005,-0.33333334
CRE044,CRE006,-0.5
CRE044,CRE012,-8.5
CRE044,CRE021,-0.5
CRE044,DNp52,-3.0
CRE044,FB4E_a,-0.2
CRE044,FB4F_a,-3.5
CRE044,FB4F_b,-3.0
CRE044,FB4F_c,-0.33333334
CRE044,FB4G,-0.5
CRE044,FB4H,-3.0
CRE044,FB4I,-5.5
CRE044,FB4J,-1.5
CRE044,FB4K,-1.25
CRE044,FB4R,-2.8333333
CRE044,LAL154,-1.0
CRE044,LAL155,-4.0
CRE044,LAL159,-7.0
CRE044,LCNOpm,-2.5
CRE044,MBON25-like,-0.75
CRE044,MBON34,-4.0
CRE044,MBON35,-0.5
CRE044,PVLP138,-11.0
CRE044,SMP052,-0.33333334
CRE044,SMP543,-1.0
CRE044,VES092,-0.5
CRE065,AVLP730m,1.0
CRE065,CRE004,37.0
CRE065,CRE005,0.33333334
CRE065,CRE021,2.0
CRE065,CRE030_b,1.0
CRE065,CRE100,10.0
CRE065,DNp36,3.0
CRE065,FB4H,2.5
CRE065,FB4K,3.0
CRE065,FB4M,2.25
CRE065,FB4P_b,1.6666666
CRE065,FB4R,0.6666667
CRE065,FB5N,0.25
CRE065,FB5T,2.0
CRE065,FB5V_a,3.1666667
CRE065,FB5V_b,4.3333335
CRE065,FB5V_c,0.8
CRE065,LAL073,0.5
CRE065,LAL154,5.0
CRE065,LAL200,1.0
CRE065,MBON34,1.0
CRE065,MBON35,2.5
CRE065,PPL102,5.0
CRE065,PPL108,7.0
CRE065,SIP124m,0.33333334
CRE081,CB1062,0.25
CRE081,CRE004,7.0
CRE081,CRE005,0.33333334
CRE081,CRE006,0.5
CRE081,CRE021,2.0
CRE081,FB4G,1.5
CRE081,FB4Y,0.5
CRE081,FB5H,0.5
CRE081,FB5I,0.5
CRE081,FB5O,0.5
CRE081,FB5V_b,0.5
CRE081,FB5W_b,0.33333334
CRE081,FB5Z,1.25
CRE081,FB6W,1.0
CRE081,FB6X,0.5
CRE081,LAL101,2.0
CRE081,PAL01,7.0
CRE081,PPL102,3.0
CRE081,PPL108,3.0
CRE081,SIP087,1.0
CRE081,SIP136m,1.0
CRE081,SMP714m,2.0
CRE081,SMP715m,5.0
CRE100,AN00A006,-3.5
CRE100,AN07B004,-3.0
CRE100,AN09A005,-6.3333335
CRE100,AN27X013,-8.0
CRE100,AVLP462,-1.0
CRE100,AVLP477,-19.0
CRE100,AVLP562,-0.5
CRE100,AVLP710m,-1.0
CRE100,AVLP716m,-33.0
CRE100,CL199,-0.5
CRE100,CL308,-1.0
CRE100,CL310,-2.0
CRE100,CL311,-1.0
CRE100,CRE006,-0.5
CRE100,CRE011,-1.0
CRE100,CRE012,-1.0
CRE100,CRE021,-1.0
CRE100,DNp23,-3.0
CRE100,DNp62,-0.5
CRE100,ExR3,-2.5
CRE100,ExR6,-0.5
CRE100,FB1H,-0.5
CRE100,FB4C,-0.5
CRE100,FB4F_b,-0.5
CRE100,FB4K,-0.25
CRE100,FB4N,-0.5
CRE100,FB4P_a,-3.25
CRE100,FB4Y,-0.75
CRE100,FB5A,-0.5
CRE100,FB5D,-2.6666667
CRE100,FB5M,-0.5
CRE100,FB5T,-0.5
CRE100,FB5V_a,-0.33333334
CRE100,FB5V_b,-0.16666667
CRE100,FB5X,-1.3333334
CRE100,FC1D,-0.04
CRE100,FC2A,-0.055555556
CRE100,GNG304,-30.5
CRE100,GNG587,-6.0
CRE100,ICL010m,-2.0
CRE100,LAL045,-5.0
CRE100,LAL135,-28.0
CRE100,LAL200,-3.0
CRE100,MBON35,-9.0
CRE100,OA-AL2i1,-4.0
CRE100,OA-VPM3,-129.0
CRE100,OA-VPM4,-226.0
CRE100,OA-VUMa8,-216.0
CRE100,PPL102,-3.0
CRE100,PVLP203m,-0.25
CRE100,SAD075,-0.25
CRE100,SCL001m,-4.6666665
CRE100,SIP064,-1.0
CRE100,SIP119m,-0.14285715
CRE100,SIP136m,-5.5
CRE100,SMP108,-2.0
CRE100,SMP109,-1.0
CRE100,SMP543,-1.0
CRE100,SMP593,-17.0
CRE100,VES053,-1.0
CRE100,VES087,-4.0
CRE100,VES092,-1.0
CRE100,VES095,-1.5
CRE100,VES097,-38.0
CRE100,VES203m,-1.0
CRE100,VES204m,-5.0
DNa01,AOTU019,2.0
DNa01,CB0244,3.0
DNa01,DNae001,1.0
DNa01,DNp67,1.0
DNa01,GNG011,3.0
DNa01,GNG525,1.0
DNa01,GNG667,1.5
DNa01,IB023,1.0
DNa01,ICL002m,1.0
DNa01,LAL008,0.5
DNa01,LAL045,1.0
DNa01,LAL073,0.5
DNa01,aSP22,1.0
DNa14,AN00A006,0.5
DNa14,AVLP710m,1.0
DNa14,CL326,3.0
DNa14,CRE021,0.5
DNa14,DNp62,1.0
DNa14,ICL012m,1.0
DNa14,VES053,2.0
DNae001,AVLP476,1.0
DNae001,DNg101,1.0
DNae001,DNpe027,1.0
DNae001,GNG011,22.0
DNae001,GNG304,6.5
DNae001,GNG667,3.0
DNae001,LAL073,1.0
DNae001,PVLP203m,1.5
DNae001,VES087,1.0
DNae001,aSP22,1.0
DNc01,AN09A005,1.8333334
DNc01,AN27X013,2.6666667
DNc01,ANXXX380,0.5
DNc01,AVLP025,0.5
DNc01,AVLP095,0.5
DNc01,CB3302,0.5
DNc01,CL199,0.5
DNc01,CL248,0.5
DNc01,CL366,1.0
DNc01,CRE004,0.5
DNc01,DNc01,1.75
DNc01,DNc02,7.5
DNc01,Delta7,0.05952381
DNc01,EA27X006,1.0
DNc01,EL,0.083333336
DNc01,EPG,0.10869565
DNc01,ER2_a,0.083333336
DNc01,ER2_c,0.025
DNc01,ER4d,0.03846154
DNc01,ER4m,0.045454547
DNc01,ExR5,0.125
DNc01,FB4M,0.125
DNc01,FB4Y,0.125
DNc01,FB8I,0.083333336
DNc01,FS3,0.25
DNc01,GNG667,0.25
DNc01,IPC,0.25
DNc01,LPsP,0.75
DNc01,MBON02,0.5
DNc01,OA-AL2i1,0.25
DNc01,PAM03,0.5
DNc01,PEG,0.027777778
DNc01,PEN_a(PEN1),0.025
DNc01,PFGs,0.027777778
DNc01,PFL1,0.035714287
DNc01,PFNa,0.00862069
DNc01,PFR_a,0.017857144
DNc01,SAD075,0.125
DNc01,SIP143m,0.5
DNc01,VES092,1.5
DNc01,VES095,0.5
DNc01,VES096,0.5
DNc01,VM3_adPN,0.5
DNc01,aSP10B,0.5
DNc01,hDeltaD,0.0625
DNc01,hDeltaE,0.0625
DNc01,hDeltaL,0.045454547
DNc01,vDeltaM,0.009090909
DNc02,AN05B103,0.25
DNc02,AN09A005,2.6666667
DNc02,AN27X013,0.6666667
DNc02,AOTU046,0.375
DNc02,AVLP110_a,0.5
DNc02,AVLP115,0.5
DNc02,AVLP161,0.5
DNc02,AVLP476,0.5
DNc02,AVLP562,0.25
DNc02,AVLP730m,0.5
DNc02,CL251,0.5
DNc02,DNc01,6.5
DNc02,DNc02,1.5
DNc02,DNp23,0.5
DNc02,DNp36,0.5
DNc02,DNpe043,0.5
DNc02,Delta7,0.023809524
DNc02,EA27X006,0.5
DNc02,EL,0.11111111
DNc02,EPG,0.1521739
DNc02,ER2_a,0.041666668
DNc02,ER2_b,0.125
DNc02,ER3d_a,0.071428575
DNc02,ER3d_b,0.025
DNc02,ER3w_a,0.071428575
DNc02,ER4d,0.057692308
DNc02,ER5,0.04761905
DNc02,ER6,0.125
DNc02,ExR1,0.75
DNc02,ExR2,0.375
DNc02,ExR4,0.25
DNc02,ExR5,0.625
DNc02,FB1C,0.5
DNc02,FB2B_a,0.125
DNc02,FB2B_b,0.125
DNc02,FB2C,0.1
DNc02,FB2L,0.125
DNc02,FB3C,0.03846154
DNc02,FB4E_c,0.25
DNc02,FB4Y,0.25
DNc02,FB5N,0.125
DNc02,FB6C_b,0.16666667
DNc02,FB6K,0.125
DNc02,FB6M,0.125
DNc02,FB7F,0.25
DNc02,FB8B,0.125
DNc02,FB8C,0.125
DNc02,FB8F_b,0.11111111
DNc02,FC1A,0.029411765
DNc02,FC1F,0.033333335
DNc02,FR2,0.027777778
DNc02,FS1B_b,0.03125
DNc02,FS4B,0.01724138
DNc02,IPC,1.0
DNc02,IbSpsP,0.016129032
DNc02,LPsP,0.25
DNc02,OA-AL2i1,0.75
DNc02,OA-ASM2,0.5
DNc02,OA-VPM4,0.5
DNc02,PAL01,1.0
DNc02,PAM09,0.25
DNc02,PEN_a(PEN1),0.2
DNc02,PEN_b(PEN2),0.022727273
DNc02,PFGs,0.055555556
DNc02,PFL1,0.10714286
DNc02,PFL2,0.083333336
DNc02,PFL3,0.020833334
DNc02,PFNa,0.00862069
DNc02,PFNd,0.0125
DNc02,PFNp_a,0.0078125
DNc02,PFNp_d,0.017857144
DNc02,PFNv,0.025
DNc02,PFR_b,0.0625
DNc02,SA3,0.0625
DNc02,SAF,0.0625
DNc02,SIP091,0.5
DNc02,SIP122m,0.5
DNc02,VES092,1.0
DNc02,VM3_adPN,0.5
DNc02,hDeltaB,0.02631579
DNc02,hDeltaF,0.0625
DNc02,hDeltaJ,0.016129032
DNc02,hDeltaK,0.048387095
DNc02,vDeltaA_b,0.06451613
DNc02,vDeltaC,0.018518519
DNc02,vDeltaK,0.010638298
DNc02,vDeltaL,0.027027028
DNc02,vDeltaM,0.009090909
DNd05,AN07B004,15.0
DNd05,CRE004,2.0
DNd05,DNa01,1.0
DNd05,OA-ASM2,1.0
DNd05,OA-VUMa8,1.0
DNd05,PVLP203m,0.25
DNd05,SIP136m,0.5
DNd05,SMP593,4.0
DNd05,VES053,1.0
DNd05,VES092,0.5
DNde002,AN09A005,0.33333334
DNde002,CL109,1.0
DNde002,DNae001,1.0
DNde002,DNg101,3.0
DNde002,DNpe025,1.0
DNde002,LAL042,1.0
DNde002,PVLP203m,0.25
DNde002,SIP133m,0.5
DNde002,VES087,10.0
DNg101,AN05B103,0.5
DNg101,AVLP714m,1.0
DNg101,CB0244,21.0
DNg101,CL122_a,0.5
DNg101,CL248,1.5
DNg101,CL311,1.0
DNg101,CL344_a,4.0
DNg101,CL366,1.0
DNg101,CRE021,0.5
DNg101,DNa01,10.0
DNg101,DNae001,1.0
DNg101,DNde002,4.0
DNg101,DNp36,4.0
DNg101,DNp60,29.0
DNg101,DNp67,11.0
DNg101,GNG011,8.0
DNg101,ICL002m,2.0
DNg101,ICL003m,1.0
DNg101,ICL012m,3.0
DNg101,ICL013m_b,5.0
DNg101,OA-VUMa8,1.0
DNg101,PVLP203m,0.5
DNg101,SAD075,0.25
DNg101,SIP091,6.0
DNg101,SIP104m,0.75
DNg101,SIP122m,1.0
DNg101,SIP133m,11.0
DNg101,SIP136m,0.5
DNg101,SIP141m,1.0
DNg101,SIP143m,7.0
DNg101,SIP145m,0.5
DNg101,SLP215,1.0
DNg101,SMP543,1.0
DNg101,SMP593,1.0
DNg101,VES087,9.0
DNg101,VES092,1.0
DNg101,VES101,1.0
DNg101,VES204m,2.0
DNg101,aSP22,3.0
DNg101,pIP10,1.0
DNp101,AN00A006,0.5
DNp101,AN05B103,1.0
DNp101,AVLP476,2.0
DNp101,AstA1,4.0
DNp101,CL122_a,2.0
DNp101,CL310,2.0
DNp101,CL311,1.0
DNp101,CL366,118.0
DNp101,CRE004,2.0
DNp101,DNg101,1.0
DNp101,DNpe050,1.0
DNp101,EPG,0.02173913
DNp101,FS2,0.023809524
DNp101,GNG011,2.0
DNp101,GNG305,2.0
DNp101,GNG667,0.5
DNp101,OA-AL2i1,13.0
DNp101,PFGs,0.055555556
DNp101,PFL3,0.125
DNp101,SIP136m,0.5
DNp101,SMP593,18.0
DNp101,VES053,2.0
DNp101,VES092,1.5
DNp101,hDeltaB,0.10526316
DNp101,hDeltaH,0.125
DNp101,hDeltaK,0.06451613
DNp101,pIP10,1.0
DNp23,AN05B103,2.0
DNp23,AVLP462,2.0
DNp23,AVLP476,20.0
DNp23,CL122_a,0.5
DNp23,CL248,22.5
DNp23,CL344_a,1.5
DNp23,CL366,2.0
DNp23,CRE004,3.0
DNp23,CRE100,14.0
DNp23,DNc02,2.0
DNp23,DNd05,3.0
DNp23,DNp101,1.0
DNp23,DNp52,2.0
DNp23,DNp64,1.0
DNp23,GNG011,2.0
DNp23,GNG304,1.0
DNp23,GNG525,2.0
DNp23,GNG667,0.5
DNp23,OA-AL2i1,0.5
DNp23,PVLP093,1.0
DNp23,SIP136m,0.5
DNp23,SMP092,14.0
DNp23,SMP543,57.0
DNp23,SMP593,2.0
DNp23,VES024_a,1.0
DNp23,VES053,2.0
DNp23,VES092,9.0
DNp23,VES095,0.5
DNp36,AN00A006,-1.5
DNp36,AN05B103,-1.5
DNp36,AN08B032,-1.0
DNp36,ANXXX152,-9.0
DNp36,AOTU042,-1.0
DNp36,AOTU100m,-1.0
DNp36,AVLP095,-1.0
DNp36,AVLP096,-1.0
DNp36,AVLP714m,-1.0
DNp36,AVLP737m,-1.0
DNp36,AVLP760m,-1.0
DNp36,CL122_a,-0.5
DNp36,CL248,-2.0
DNp36,CL310,-1.0
DNp36,CL311,-3.0
DNp36,CL335,-1.0
DNp36,CL344_a,-1.5
DNp36,CRE021,-3.5
DNp36,DNa01,-2.0
DNp36,DNde002,-3.0
DNp36,DNg101,-2.0
DNp36,DNp46,-11.0
DNp36,DNp60,-10.0
DNp36,DNp67,-21.0
DNp36,DNpe025,-7.0
DNp36,DNpe043,-4.0
DNp36,DNpe050,-0.5
DNp36,DNpe053,-1.0
DNp36,GNG304,-0.5
DNp36,GNG525,-7.0
DNp36,GNG667,-1.0
DNp36,ICL002m,-7.0
DNp36,ICL003m,-4.0
DNp36,ICL013m_b,-33.0
DNp36,PVLP130,-1.0
DNp36,PVLP200m_b,-9.0
DNp36,PVLP203m,-3.0
DNp36,SCL001m,-0.6666667
DNp36,SIP091,-61.0
DNp36,SIP104m,-0.25
DNp36,SIP110m_a,-2.0
DNp36,SIP119m,-0.14285715
DNp36,SIP133m,-1.0
DNp36,SIP136m,-18.0
DNp36,SIP141m,-1.0
DNp36,VES022,-2.0
DNp36,VES024_a,-3.0
DNp36,VES092,-0.5
DNp36,VES202m,-29.0
DNp36,VES203m,-1.0
DNp36,WED014,-3.0
DNp36,aSP22,-9.0
DNp36,pIP10,-13.0
DNp46,AN05B103,0.5
DNp46,AN07B004,18.0
DNp46,AVLP096,2.0
DNp46,AVLP700m,2.0
DNp46,AVLP704m,2.0
DNp46,AVLP709m,4.0
DNp46,AVLP710m,6.0
DNp46,AVLP714m,3.0
DNp46,AVLP716m,1.0
DNp46,AVLP727m,0.5
DNp46,AVLP730m,1.0
DNp46,AVLP731m,1.0
DNp46,AVLP734m,0.2
DNp46,AVLP751m,2.0
DNp46,AVLP760m,1.0
DNp46,AstA1,25.0
DNp46,CL062_a1,1.5
DNp46,CL062_a2,0.5
DNp46,CL062_b2,1.0
DNp46,CL062_b3,0.5
DNp46,CL122_a,0.5
DNp46,CL208,1.3333334
DNp46,CL251,3.0
DNp46,CL311,5.0
DNp46,CL335,6.0
DNp46,CL344_a,2.0
DNp46,CL366,25.0
DNp46,CRE021,36.5
DNp46,DNc02,1.0
DNp46,DNp60,1.0
DNp46,DNp62,2.0
DNp46,DNp64,2.0
DNp46,DNp67,1.0
DNp46,DNpe025,2.0
DNp46,DNpe050,2.5
DNp46,DNpe053,38.0
DNp46,GNG305,41.0
DNp46,LAL029_b,4.0
DNp46,OA-AL2i1,1.5
DNp46,OA-VPM3,10.0
DNp46,OA-VUMa8,1.0
DNp46,PVLP016,37.0
DNp46,PVLP093,1.0
DNp46,PVLP200m_b,4.0
DNp46,PVLP203m,5.25
DNp46,SCL001m,15.333333
DNp46,SIP104m,0.25
DNp46,SIP136m,1.5
DNp46,SIP146m,0.6666667
DNp46,SMP109,1.0
DNp46,SMP715m,0.5
DNp46,aSP10B,1.0
DNp46,pC1_13b,1.0
DNp46,pIP10,75.0
DNp52,AVLP710m,2.0
DNp52,CB1062,0.5
DNp52,CL208,2.0
DNp52,CRE004,3.0
DNp52,CRE100,3.0
DNp52,DNc01,0.5
DNp52,DNc02,1.5
DNp52,DNg101,3.0
DNp52,FB4O,0.16666667
DNp52,GNG587,1.0
DNp52,LAL045,1.0
DNp52,LAL162,1.0
DNp52,MBON20,1.0
DNp52,OA-AL2i1,0.5
DNp52,PPL103,2.0
DNp52,SMP543,1.0
DNp52,VES092,6.0
DNp52,VES095,9.5
DNp52,VES097,46.0
DNp52,VES101,18.0
DNp52,pIP10,5.0
DNp60,AN00A006,1.0
DNp60,ANXXX152,16.0
DNp60,AVLP096,2.0
DNp60,AVLP716m,2.0
DNp60,CL208,0.33333334
DNp60,CL326,1.0
DNp60,CL344_a,16.5
DNp60,DNa01,1.0
DNp60,DNp36,1.0
DNp60,DNp62,1.0
DNp60,DNp67,7.0
DNp60,GNG305,6.0
DNp60,ICL003m,1.0
DNp60,SIP110m_a,1.0
DNp60,SIP119m,0.2857143
DNp60,SIP133m,3.0
DNp60,SIP141m,6.0
DNp60,aSP22,1.0
DNp60,pIP10,2.0
DNp62,AN05B103,1.25
DNp62,AN08B027,1.5
DNp62,AN08B032,2.0
DNp62,ANXXX152,0.5
DNp62,AVLP096,0.5
DNp62,AVLP121,0.25
DNp62,AVLP192_b,0.25
DNp62,AVLP306,0.25
DNp62,AVLP462,0.5
DNp62,AVLP477,0.75
DNp62,AVLP562,0.25
DNp62,AVLP700m,1.5
DNp62,AVLP704m,1.5
DNp62,AVLP709m,1.0
DNp62,AVLP710m,2.5
DNp62,AVLP714m,2.0
DNp62,AVLP715m,4.5
DNp62,AVLP716m,0.5
DNp62,AVLP727m,8.0
DNp62,AVLP728m,5.1666665
DNp62,AVLP729m,0.5
DNp62,AVLP730m,0.5
DNp62,AVLP733m,1.5
DNp62,AVLP734m,0.3
DNp62,AVLP738m,0.5
DNp62,AVLP746m,0.5
DNp62,AVLP751m,15.0
DNp62,AVLP760m,1.25
DNp62,CB1062,0.125
DNp62,CB1189,0.5
DNp62,CB1287,0.5
DNp62,CB3302,0.8333333
DNp62,CL062_a2,0.75
DNp62,CL062_b1,0.5
DNp62,CL062_b2,0.5
DNp62,CL062_b3,1.5
DNp62,CL199,1.0
DNp62,CL208,0.33333334
DNp62,CL248,0.5
DNp62,CL251,0.5
DNp62,CL326,1.0
DNp62,CL344_a,1.25
DNp62,CL366,0.5
DNp62,CRE004,1.5
DNp62,CRE005,0.16666667
DNp62,CRE006,0.25
DNp62,CRE011,2.5
DNp62,CRE012,0.5
DNp62,CRE021,2.0
DNp62,CRE030_b,1.0
DNp62,CRE081,1.5
DNp62,DNp36,1.0
DNp62,DNp46,2.0
DNp62,DNp52,0.5
DNp62,DNp62,0.25
DNp62,DNpe050,0.75
DNp62,DNpe053,0.5
DNp62,DPM,0.5
DNp62,FB1H,0.25
DNp62,FB4C,0.5
DNp62,FB4D_a,0.25
DNp62,FB4D_c,0.25
DNp62,FB4E_a,0.1
DNp62,FB4F_a,0.125
DNp62,FB4F_b,0.5
DNp62,FB4F_c,0.083333336
DNp62,FB4H,0.25
DNp62,FB4K,0.25
DNp62,FB4R,1.1666666
DNp62,FB5D,0.33333334
DNp62,FB5N,0.5
DNp62,FB5V_a,0.083333336
DNp62,FB5V_b,0.25
DNp62,GNG011,1.0
DNp62,GNG304,0.5
DNp62,GNG667,5.75
DNp62,ICL002m,1.5
DNp62,ICL003m,0.5
DNp62,ICL010m,1.0
DNp62,ICL012m,1.0
DNp62,LAL029_b,0.5
DNp62,LAL042,0.5
DNp62,LAL045,1.0
DNp62,LAL119,2.5
DNp62,LAL135,0.5
DNp62,LAL154,1.5
DNp62,LAL155,0.5
DNp62,LAL159,0.5
DNp62,LAL208,0.5
DNp62,MBON20,1.75
DNp62,MBON25,1.0
DNp62,MBON25-like,0.125
DNp62,MBON26,1.0
DNp62,MBON34,0.5
DNp62,MBON35,1.25
DNp62,OA-VPM4,0.5
DNp62,OA-VUMa8,0.5
DNp62,PPL102,1.0
DNp62,PPL103,0.5
DNp62,PPL108,0.5
DNp62,PVLP016,0.5
DNp62,PVLP203m,0.375
DNp62,SAD075,0.375
DNp62,SCL001m,0.5
DNp62,SIP091,0.5
DNp62,SIP104m,0.25
DNp62,SIP118m,0.16666667
DNp62,SIP124m,0.8333333
DNp62,SIP133m,3.25
DNp62,SIP136m,2.25
DNp62,SIP141m,0.5
DNp62,SIP146m,0.16666667
DNp62,SMP028,0.5
DNp62,SMP052,0.16666667
DNp62,SMP108,2.0
DNp62,SMP122,1.0
DNp62,SMP446,1.0
DNp62,SMP471,2.0
DNp62,SMP493,1.5
DNp62,SMP586,4.5
DNp62,SMP593,0.5
DNp62,SMP713m,0.25
DNp62,SMP715m,0.25
DNp62,SMP723m,0.5
DNp62,VES022,1.5
DNp62,VES087,1.0
DNp62,VES092,1.5
DNp62,aSP10A_a,1.5
DNp62,aSP10A_b,2.25
DNp62,aSP10B,0.5
DNp62,pC1_7a,0.25
DNp62,pIP10,1.0
DNp64,AN00A006,4.0
DNp64,AN07B004,6.0
DNp64,AN27X013,0.33333334
DNp64,ANXXX380,1.0
DNp64,AstA1,2.0
DNp64,CB1189,1.0
DNp64,CB3394,5.0
DNp64,CL366,14.0
DNp64,CRE021,0.5
DNp64,CRE044,1.0
DNp64,DNp62,0.5
DNp64,DNpe053,7.0
DNp64,FB1C,0.25
DNp64,FB4K,0.5
DNp64,FB4M,1.25
DNp64,FB4Y,0.25
DNp64,GNG011,1.0
DNp64,LAL135,1.0
DNp64,LAL159,4.0
DNp64,OA-AL2i1,25.5
DNp64,OA-VUMa8,18.0
DNp64,PPL102,1.0
DNp64,PPL103,1.0
DNp64,SIP136m,0.5
DNp64,SMP052,2.6666667
DNp64,SMP543,34.0
DNp64,SMP593,6.0
DNp64,SMP714m,0.5
DNp64,VES020,0.33333334
DNp64,VES024_a,1.0
DNp64,VES053,15.0
DNp64,VES092,8.0
DNp64,VES109,10.0
DNp64,VES204m,1.0
DNp64,pIP10,3.0
DNp67,AN00A006,1.0
DNp67,ANXXX152,8.0
DNp67,AOTU100m,2.0
DNp67,AVLP714m,3.0
DNp67,AVLP715m,1.0
DNp67,AVLP716m,1.0
DNp67,AVLP760m,1.0
DNp67,CL122_a,0.5
DNp67,CL310,1.0
DNp67,CL311,1.0
DNp67,DNg101,1.0
DNp67,DNp60,7.0
DNp67,DNpe050,0.5
DNp67,ICL013m_b,1.0
DNp67,PPM1201,2.0
DNp67,PVLP203m,0.25
DNp67,SIP133m,0.5
DNp67,SIP146m,0.33333334
DNp67,VES204m,1.0
DNpe025,AN07B004,10.0
DNpe025,AN08B020,1.0
DNpe025,AN08B032,14.0
DNpe025,DNa01,1.0
DNpe025,DNg101,2.0
DNpe025,DNp36,2.0
DNpe025,DNpe027,3.0
DNpe025,ExR5,1.75
DNpe025,GNG011,3.0
DNpe025,PVLP203m,0.5
DNpe025,SIP104m,0.25
DNpe025,SIP119m,0.14285715
DNpe025,VES022,4.0
DNpe025,VES087,1.0
DNpe027,AN00A006,1.5
DNpe027,AOTU019,7.0
DNpe027,ATL035,1.0
DNpe027,CB0244,6.0
DNpe027,CRE005,0.33333334
DNpe027,CRE006,0.5
DNpe027,CRE011,195.0
DNpe027,CRE012,9.5
DNpe027,CRE021,7.5
DNpe027,CRE100,1.0
DNpe027,DNde002,3.0
DNpe027,DNp52,6.0
DNpe027,ExR4,32.5
DNpe027,ExR6,71.5
DNpe027,FB2K,0.11111111
DNpe027,FB4B,0.5
DNpe027,FB4E_b,0.5
DNpe027,FB4F_a,0.5
DNpe027,FB4F_c,0.33333334
DNpe027,FB4I,6.0
DNpe027,FB4M,0.25
DNpe027,FB4Y,1.5
DNpe027,FB5A,1.25
DNpe027,FB5D,1.6666666
DNpe027,FB5V_a,4.5
DNpe027,FB5V_b,2.6666667
DNpe027,FB5V_c,0.2
DNpe027,GNG011,2.0
DNpe027,GNG667,4.5
DNpe027,LAL008,1.5
DNpe027,LAL042,7.0
DNpe027,LAL045,68.0
DNpe027,LAL073,0.5
DNpe027,LCNOp,47.0
DNpe027,LNO2,3.0
DNpe027,MBON35,4.0
DNpe027,PPL108,3.0
DNpe027,PVLP138,1.0
DNpe027,PVLP200m_b,1.0
DNpe027,SAD075,0.25
DNpe027,SMP052,0.33333334
DNpe027,SMP109,2.0
DNpe027,VES087,1.0
DNpe027,VES092,0.5
DNpe037,AN07B004,1.0
DNpe037,AN09A005,0.33333334
DNpe037,AN27X013,0.6666667
DNpe037,CL336,3.0
DNpe037,CL366,6.0
DNpe037,DNc02,0.5
DNpe037,DNp36,1.0
DNpe037,DNpe053,3.0
DNpe037,ExR3,5.0
DNpe037,LT66,0.5
DNpe037,OA-AL2i1,11.5
DNpe037,OA-VPM4,57.0
DNpe037,OA-VUMa8,1.0
DNpe037,PVLP130,3.0
DNpe037,SIP136m,8.5
DNpe037,SMP586,2.0
DNpe037,VES109,3.0
DNpe037,aSP22,1.0
DNpe043,CL109,2.0
DNpe043,CL199,0.5
DNpe043,CL248,1.0
DNpe043,CL366,18.0
DNpe043,DNp101,1.0
DNpe043,DNp62,0.5
DNpe043,DNp64,1.0
DNpe043,DNpe050,5.0
DNpe043,DNpe053,3.0
DNpe043,FB8C,0.25
DNpe043,GNG011,1.0
DNpe043,GNG305,1.0
DNpe043,IB115,2.0
DNpe043,OA-VPM4,1.0
DNpe043,SIP119m,0.14285715
DNpe043,SIP136m,1.5
DNpe043,SMP052,2.3333333
DNpe043,SMP446,2.0
DNpe043,SMP715m,0.5
DNpe043,VES020,1.0
DNpe043,VES053,2.0
DNpe050,AN00A006,0.25
DNpe050,AN05B103,6.5
DNpe050,AN07B004,1.0
DNpe050,AN08B032,9.5
DNpe050,ANXXX152,57.5
DNpe050,AVLP121,0.25
DNpe050,AVLP476,35.5
DNpe050,AVLP700m,0.5
DNpe050,AVLP716m,0.5
DNpe050,AVLP730m,0.5
DNpe050,AVLP734m,0.3
DNpe050,AVLP751m,0.5
DNpe050,AVLP760m,1.0
DNpe050,CL062_b2,0.5
DNpe050,CL248,1.0
DNpe050,CL335,0.5
DNpe050,CL366,0.5
DNpe050,DNg101,2.5
DNpe050,DNp101,1.0
DNpe050,DNp23,0.5
DNpe050,DNp36,0.5
DNpe050,DNp60,0.5
DNpe050,DNpe025,1.5
DNpe050,GNG011,7.0
DNpe050,GNG305,0.5
DNpe050,GNG525,1.0
DNpe050,OA-AL2i1,6.5
DNpe050,OA-VUMa8,0.5
DNpe050,PVLP016,2.0
DNpe050,PVLP203m,0.125
DNpe050,SCL001m,0.33333334
DNpe050,SIP119m,0.14285715
DNpe050,SIP136m,6.0
DNpe050,VES024_a,2.5
DNpe050,aSP10A_a,1.0
DNpe050,pIP10,1.5
DNpe053,AN09A005,1.3333334
DNpe053,AN27X013,1.3333334
DNpe053,AVLP716m,1.0
DNpe053,AVLP734m,0.2
DNpe053,AVLP751m,5.0
DNpe053,AstA1,603.0
DNpe053,CB1017,12.0
DNpe053,CL251,20.0
DNpe053,CL336,1.0
DNpe053,CL366,3.0
DNpe053,CRE004,246.0
DNpe053,CRE081,2.0
DNpe053,DNc02,1.0
DNpe053,DNp46,1.0
DNpe053,DNp62,2.0
DNpe053,ExR1,0.25
DNpe053,ExR3,3.5
DNpe053,FB1D,3.4
DNpe053,FB1E_a,0.4
DNpe053,FB1E_b,6.5
DNpe053,FB1H,1.0
DNpe053,FB2G_b,0.5
DNpe053,FB4C,0.5
DNpe053,FB4K,0.25
DNpe053,FB4L,0.5
DNpe053,FB4M,10.0
DNpe053,FB4Q_b,0.5
DNpe053,FB4Y,1.5
DNpe053,FB5C,0.33333334
DNpe053,FB5G_b,0.5
DNpe053,FB6F,7.5
DNpe053,FB6K,1.5
DNpe053,FB6M,0.5
DNpe053,FB6Q,0.5
DNpe053,FB6Y,0.5
DNpe053,FB7F,0.5
DNpe053,FB7K,3.25
DNpe053,FB8B,27.75
DNpe053,FB8C,17.25
DNpe053,FB8F_b,0.11111111
DNpe053,FS3_a,0.13333334
DNpe053,FS3_b,0.071428575
DNpe053,FS3_c,0.14285715
DNpe053,FS3_d,0.032258064
DNpe053,FS4A,0.0877193
DNpe053,FS4B,0.03448276
DNpe053,GNG304,0.5
DNpe053,IPC,1.5
DNpe053,LAL192,2.0
DNpe053,MBON26,18.0
DNpe053,MBON35,1.0
DNpe053,OA-AL2i1,0.5
DNpe053,OA-ASM2,6.0
DNpe053,OA-VPM3,13.5
DNpe053,OA-VPM4,11.0
DNpe053,OA-VUMa8,1.0
DNpe053,PAL01,261.0
DNpe053,PPL103,8.0
DNpe053,PPL108,3.0
DNpe053,SIP064,4.0
DNpe053,SIP119m,0.42857143
DNpe053,SMP028,9.0
DNpe053,SMP092,2.0
DNpe053,SMP122,1.0
DNpe053,SMP285,1.0
DNpe053,SMP446,2.0
DNpe053,SMP493,4.0
DNpe053,SMP586,4.0
DNpe053,SMP593,99.0
DNpe053,SMP713m,0.5
DNpe053,SMP723m,1.0
DNpe053,VES095,0.5
DNpe053,pC1x_b,1.0
DNpe053,pIP10,24.0
DPM,CRE081,1.0
DPM,DPM,1.0
DPM,FB1C,0.25
DPM,FB2B_a,0.25
DPM,FB4R,0.16666667
DPM,FS2,0.023809524
DPM,KCab-c,1.5454545
DPM,KCab-m,1.75
DPM,KCab-s,2.6666667
DPM,LAL154,1.0
DPM,MBON02,20.5
DPM,MBON20,13.5
DPM,MBON25,2.5
DPM,MBON25-like,1.5
DPM,MBON26,31.0
DPM,MBON34,0.5
DPM,MBON35,1.0
DPM,OA-VPM3,5.5
DPM,OA-VPM4,7.0
DPM,PAM04,1.8
DPM,PAM09,3.5
DPM,PPL102,18.0
DPM,PPL103,96.0
DPM,SMP715m,0.5
Delta7,AN09A005,-0.13492064
Delta7,AN27X013,-0.2777778
Delta7,DNc01,-0.29761904
Delta7,DNc02,-0.083333336
Delta7,Delta7,-15.044785
Delta7,EL,-0.06878307
Delta7,EPG,-2.2225673
Delta7,EPGt,-6.3511906
Delta7,FC3_a,-0.004201681
Delta7,FC3_b,-0.0011904762
Delta7,FR1,-0.0013227513
Delta7,FS1A_c,-0.007936508
Delta7,IbSpsP,-4.0076804
Delta7,LPsP,-65.809525
Delta7,OA-AL2i1,-1.2380953
Delta7,P6-8P9,-4.2261906
Delta7,PEG,-5.193122
Delta7,PEN_a(PEN1),-1.402381
Delta7,PEN_b(PEN2),-6.5595236
Delta7,PFGs,-1.9087301
Delta7,PFL1,-8.047619
Delta7,PFL2,-6.486111
Delta7,PFL3,-5.5724206
Delta7,PFNa,-2.973317
Delta7,PFNd,-2.6607144
Delta7,PFNm_a,-0.9671202
Delta7,PFNm_b,-0.9175824
Delta7,PFNp_a,-0.6082589
Delta7,PFNp_b,-0.3830532
Delta7,PFNp_c,-1.0244048
Delta7,PFNp_d,-0.23469388
Delta7,PFNp_e,-0.7763975
Delta7,PFNv,-2.6130953
Delta7,PFR_a,-0.9430272
Delta7,PFR_b,-2.1264882
Delta7,SpsP,-0.625
Delta7,hDeltaG,-0.0029761905
Delta7,hDeltaI,-0.004201681
Delta7,pC1x_b,-0.071428575
EA27X006,AN09A005,1.6666666
EA27X006,AN27X013,1.3333334
EA27X006,DNc01,0.5
EA27X006,DNc02,1.0
EA27X006,EL,0.11111111
EA27X006,ER2_a,0.083333336
EA27X006,ER2_c,0.1
EA27X006,ER2_d,0.2
EA27X006,ER3d_a,0.14285715
EA27X006,ER3d_b,0.25
EA27X006,ER3d_c,0.5555556
EA27X006,ER3d_d,0.45454547
EA27X006,ER3d_e,0.14285715
EA27X006,ER3m,0.055555556
EA27X006,ER3w_b,0.055555556
EA27X006,ER4d,0.03846154
EA27X006,ER5,0.04761905
EA27X006,ExR1,0.75
EA27X006,ExR3,3.5
EA27X006,ExR7,0.25
EA27X006,FB4Z_a,0.125
EA27X006,FB5AB,0.5
EA27X006,FB7K,0.25
EL,AN09A005,0.037037037
EL,ATL028,0.11111111
EL,CL326,0.055555556
EL,CRE004,0.11111111
EL,DNc01,0.055555556
EL,Delta7,0.007936508
EL,EL,4.6080246
EL,EPG,4.479469
EL,EPGt,0.097222224
EL,ER1_a,2.540404
EL,ER1_b,1.7735043
EL,ER1_c,1.5694444
EL,ER2_a,3.9537036
EL,ER2_b,4.3194447
EL,ER2_c,3.825
EL,ER2_d,4.4444447
EL,ER3a_a,0.8851852
EL,ER3a_b,2.3888888
EL,ER3a_c,4.0694447
EL,ER3a_d,1.0555556
EL,ER3d_a,4.9761906
EL,ER3d_b,7.5916667
EL,ER3d_c,3.7839506
EL,ER3d_d,2.2828283
EL,ER3d_e,6.2063494
EL,ER3m,2.6049383
EL,ER3p_a,12.9087305
EL,ER3p_b,14.361111
EL,ER3w_a,5.2222223
EL,ER3w_b,4.2006173
EL,ER3w_c,5.25
EL,ER4d,8.92735
EL,ER4m,2.4191918
EL,ER5,1.7089947
EL,ER6,0.75
EL,ExR1,11.694445
EL,ExR2,0.5972222
EL,ExR3,3.1944444
EL,ExR4,1.3333334
EL,ExR5,1.6805556
EL,ExR6,1.5833334
EL,ExR7,2.9722223
EL,ExR8,0.20833333
EL,FB1B,0.013888889
EL,FB1C,0.25
EL,FB1G,0.055555556
EL,FB2A,0.013888889
EL,FB2B_a,0.013888889
EL,FB3C,0.055555556
EL,FB3E,0.083333336
EL,FB4B,0.055555556
EL,FB4C,0.3888889
EL,FB4F_a,0.013888889
EL,FB4F_c,0.018518519
EL,FB4J,0.027777778
EL,FB4K,0.013888889
EL,FB4L,0.027777778
EL,FB4M,0.06944445
EL,FB4N,0.027777778
EL,FB4P_a,0.027777778
EL,FB4R,0.055555556
EL,FB4Y,3.0416667
EL,FB4Z_a,0.041666668
EL,FB4Z_c,0.013888889
EL,FB5M,0.055555556
EL,FB5R,0.041666668
EL,FB5W_a,0.009259259
EL,FB5W_b,0.018518519
EL,FB5Y_a,0.055555556
EL,FB6M,0.027777778
EL,FB6N,0.027777778
EL,FB6O,0.027777778
EL,FB6X,0.027777778
EL,FB7L,0.009259259
EL,FB9B_d,0.027777778
EL,FC1A,0.003267974
EL,FC1E,0.0025252525
EL,FC1F,0.0037037036
EL,FC2A,0.0061728396
EL,FC2B,0.004115226
EL,FC2C,0.0047281324
EL,FC3_a,0.006535948
EL,FC3_b,0.008333334
EL,FR1,0.0061728396
EL,FR2,0.0061728396
EL,FS1A_b,0.0042735045
EL,FS2,0.003968254
EL,FS3_d,0.0017921147
EL,FS4A,0.0009746589
EL,FS4B,0.0019157088
EL,LAL073,0.055555556
EL,LNO2,0.027777778
EL,OA-VPM3,0.055555556
EL,PEG,0.25617284
EL,PEN_a(PEN1),0.38333333
EL,PEN_b(PEN2),0.32323232
EL,PFGs,0.2962963
EL,PFL1,0.01984127
EL,PFL3,0.030092593
EL,PFNd,0.004166667
EL,PFNp_a,0.00086805556
EL,PFR_a,0.115079366
EL,PFR_b,0.045138888
EL,SIP087,0.055555556
EL,hDeltaA,0.046296295
EL,hDeltaB,0.07602339
EL,hDeltaC,0.0055555557
EL,hDeltaE,0.0069444445
EL,hDeltaI,0.006535948
EL,hDeltaJ,0.014336918
EL,hDeltaK,0.050179213
EL,hDeltaL,0.02020202
EL,vDeltaA_a,0.0007936508
EL,vDeltaD,0.0026455026
EL,vDeltaE,0.0030864198
EL,vDeltaJ,0.005050505
EL,vDeltaK,0.0011820331
EL,vDeltaL,0.0045045046
EL,vDeltaM,0.003030303
EPG,AN09A005,0.014492754
EPG,AOTU046,0.14673913
EPG,DNc01,0.18478261
EPG,DNc02,0.17391305
EPG,Delta7,10.298137
EPG,EL,11.056764
EPG,EPG,5.4281664
EPG,EPGt,1.0923913
EPG,ER1_a,1.0256917
EPG,ER1_b,1.6772575
EPG,ER1_c,1.1032609
EPG,ER2_a,2.4583333
EPG,ER2_b,1.8152174
EPG,ER2_c,2.9358695
EPG,ER2_d,2.221739
EPG,ER3a_a,0.007246377
EPG,ER3a_b,0.025362318
EPG,ER3a_c,0.26086956
EPG,ER3a_d,0.008695652
EPG,ER3d_a,0.07763975
EPG,ER3d_b,0.045652173
EPG,ER3d_c,0.04347826
EPG,ER3d_d,0.02173913
EPG,ER3d_e,0.04347826
EPG,ER3m,0.020531401
EPG,ER3p_a,0.15372671
EPG,ER3p_b,0.07065217
EPG,ER3w_a,1.841615
EPG,ER3w_b,0.7089372
EPG,ER3w_c,0.9492754
EPG,ER4d,2.1722407
EPG,ER4m,8.867589
EPG,ER5,0.017598344
EPG,ER6,24.891304
EPG,ExR1,12.217391
EPG,ExR2,3.4402175
EPG,ExR3,0.38043478
EPG,ExR4,37.652172
EPG,ExR5,7.152174
EPG,ExR6,110.53261
EPG,ExR7,7.548913
EPG,ExR8,4.9619565
EPG,FB1C,1.1467391
EPG,FB1G,0.010869565
EPG,FB1H,0.032608695
EPG,FB2B_b,0.0054347827
EPG,FB2D,0.007246377
EPG,FB2H_a,0.010869565
EPG,FB2I_a,0.002173913
EPG,FB2L,0.0054347827
EPG,FB3A,0.016304348
EPG,FB3C,0.2173913
EPG,FB3D,0.04347826
EPG,FB3E,0.47826087
EPG,FB4A_b,0.010869565
EPG,FB4B,0.02173913
EPG,FB4C,0.9673913
EPG,FB4E_c,0.010869565
EPG,FB4F_a,0.010869565
EPG,FB4F_c,0.007246377
EPG,FB4G,0.054347824
EPG,FB4H,0.02173913
EPG,FB4K,0.010869565
EPG,FB4M,0.038043477
EPG,FB4P_a,0.02173913
EPG,FB4R,0.010869565
EPG,FB4Y,5.945652
EPG,FB4Z_a,0.010869565
EPG,FB4Z_c,0.0054347827
EPG,FB5A,0.02173913
EPG,FB5AB,0.010869565
EPG,FB5H,0.010869565
EPG,FB5K,0.010869565
EPG,FB5L,0.010869565
EPG,FB5M,0.02173913
EPG,FB5T,0.032608695
EPG,FB5U,0.0054347827
EPG,FB5V_a,0.010869565
EPG,FB5V_b,0.0036231885
EPG,FB5V_c,0.013043478
EPG,FB5W_a,0.0036231885
EPG,FB5W_b,0.02173913
EPG,FB5X,0.0036231885
EPG,FB5Y_b,0.02173913
EPG,FB5Z,0.0054347827
EPG,FB6N,0.010869565
EPG,FB6O,0.010869565
EPG,FB6S,0.0027173914
EPG,FB6U,0.0054347827
EPG,FB7E,0.0036231885
EPG,FB8H,0.010869565
EPG,FC1B,0.0009881423
EPG,FC1C_b,0.0012787724
EPG,FC1D,0.0026086958
EPG,FC2A,0.0036231885
EPG,FC2B,0.0040257648
EPG,FC2C,0.007863089
EPG,FC3_a,0.006393862
EPG,FC3_b,0.004347826
EPG,FC3_c,0.004347826
EPG,FR1,0.019323671
EPG,FR2,0.002415459
EPG,FS1A_a,0.0013586957
EPG,FS1A_c,0.018115941
EPG,FS1B_b,0.0027173914
EPG,FS2,0.0051759835
EPG,FS3_a,0.0014492754
EPG,FS3_b,0.0031055901
EPG,FS3_c,0.0062111802
EPG,FS3_d,0.002103787
EPG,FS4A,0.00877193
EPG,FS4C,0.0023291926
EPG,GLNO,4.1630435
EPG,IbSpsP,0.5406732
EPG,LNO2,0.9673913
EPG,LPsP,22.695652
EPG,OA-AL2i1,0.5543478
EPG,P6-8P9,2.125
EPG,PAM09,0.010869565
EPG,PEG,7.4323673
EPG,PEN_a(PEN1),6.630435
EPG,PEN_b(PEN2),6.1561265
EPG,PFGs,0.84903383
EPG,PFL1,0.83540374
EPG,PFL2,1.8768116
EPG,PFL3,1.0706521
EPG,PFNa,0.30584708
EPG,PFNd,1.0755435
EPG,PFNm_a,0.123188406
EPG,PFNm_b,0.08695652
EPG,PFNp_a,0.06487772
EPG,PFNp_b,0.045076728
EPG,PFNp_c,0.23586957
EPG,PFNp_d,0.0031055901
EPG,PFNp_e,0.1994329
EPG,PFNv,0.48913044
EPG,PFR_a,0.06677019
EPG,PFR_b,0.29891303
EPG,SAD047,0.02173913
EPG,SMP493,0.04347826
EPG,SMP586,0.02173913
EPG,SpsP,0.0054347827
EPG,hDeltaA,0.0036231885
EPG,hDeltaB,0.012585812
EPG,hDeltaC,0.002173913
EPG,hDeltaE,0.0027173914
EPG,hDeltaF,0.0027173914
EPG,hDeltaH,0.008152174
EPG,hDeltaI,0.012787724
EPG,hDeltaJ,0.0035063114
EPG,hDeltaK,0.04558205
EPG,hDeltaM,0.008152174
EPG,vDeltaA_b,0.0014025245
EPG,vDeltaD,0.0010351967
EPG,vDeltaF,0.004830918
EPG,vDeltaI_a,0.0025575447
EPG,vDeltaI_b,0.008695652
EPG,vDeltaJ,0.01778656
EPG,vDeltaK,0.008788159
EPG,vDeltaL,0.0052878964
EPG,vDeltaM,0.0011857707
EPGt,Delta7,3.5357144
EPGt,EL,0.2361111
EPGt,EPG,0.2228261
EPGt,EPGt,2.75
EPGt,ER1_b,0.115384616
EPGt,ER3a_b,0.041666668
EPGt,ER3p_a,0.017857144
EPGt,ER6,0.75
EPGt,ExR1,1.1875
EPGt,ExR2,0.0625
EPGt,ExR4,2.625
EPGt,ExR6,5.0
EPGt,ExR7,0.0625
EPGt,ExR8,0.0625
EPGt,FB1A,0.0625
EPGt,FB1C,0.0625
EPGt,FB4C,0.375
EPGt,FB4G,0.125
EPGt,FB4Y,0.125
EPGt,FC1C_a,0.020833334
EPGt,FC1D,0.01
EPGt,FC1E,0.022727273
EPGt,FC2A,0.097222224
EPGt,FC2B,0.09259259
EPGt,FC2C,0.005319149
EPGt,FC3_a,0.10294118
EPGt,FC3_c,0.033333335
EPGt,FR1,0.3472222
EPGt,FR2,0.15277778
EPGt,FS1A_a,0.03125
EPGt,FS2,0.005952381
EPGt,FS3_c,0.035714287
EPGt,FS3_d,0.008064516
EPGt,FS4A,0.013157895
EPGt,FS4C,0.017857144
EPGt,GLNO,0.0625
EPGt,IbSpsP,0.91129035
EPGt,LPsP,36.875
EPGt,OA-AL2i1,0.875
EPGt,OA-VPM3,0.125
EPGt,P6-8P9,0.875
EPGt,PEG,4.736111
EPGt,PEN_a(PEN1),1.0
EPGt,PEN_b(PEN2),1.3181819
EPGt,PFGs,0.2777778
EPGt,PFNa,0.625
EPGt,PFNd,2.30625
EPGt,PFNm_a,0.1904762
EPGt,PFNm_b,0.14423077
EPGt,PFNp_a,0.18359375
EPGt,PFNp_b,0.075367644
EPGt,PFNp_c,0.5125
EPGt,PFNp_e,0.45652175
EPGt,PFNv,1.0
EPGt,PFR_b,0.078125
EPGt,SpsP,0.25
EPGt,hDeltaB,0.02631579
EPGt,hDeltaK,0.008064516
EPGt,vDeltaK,0.005319149
EPGt,vDeltaM,0.0045454544
ER1_a,AN09A005,-0.3030303
ER1_a,EL,-7.1060605
ER1_a,EPG,-8.482213
ER1_a,EPGt,-0.8636364
ER1_a,ER1_a,-6.876033
ER1_a,ER1_b,-14.986014
ER1_a,ER1_c,-8.25
ER1_a,ER2_b,-0.11363637
ER1_a,ER2_d,-0.07272727
ER1_a,ER3a_a,-0.012121212
ER1_a,ER3a_b,-0.24242425
ER1_a,ER3a_c,-1.4545455
ER1_a,ER3a_d,-0.09090909
ER1_a,ER3d_e,-0.025974026
ER1_a,ER3m,-0.10606061
ER1_a,ER3p_a,-0.21428572
ER1_a,ER3p_b,-0.22727273
ER1_a,ER3w_a,-0.18181819
ER1_a,ER3w_b,-0.14646465
ER1_a,ER3w_c,-0.07575758
ER1_a,ExR1,-0.06818182
ER1_a,ExR2,-0.20454545
ER1_a,ExR4,-0.09090909
ER1_a,ExR5,-1.3636364
ER1_a,ExR6,-2.590909
ER1_a,ExR7,-0.20454545
ER1_a,FB3C,-0.034965035
ER1_a,FB4B,-0.09090909
ER1_a,FB4L,-0.045454547
ER1_a,FB4Y,-0.38636363
ER1_a,LAL073,-0.045454547
ER1_a,PEG,-1.2979798
ER1_a,PEN_a(PEN1),-4.8772726
ER1_a,PEN_b(PEN2),-0.11983471
ER1_a,PFL1,-0.0064935065
ER1_b,AN09A005,-0.051282052
ER1_b,EL,-7.0726495
ER1_b,EPG,-9.421405
ER1_b,EPGt,-0.5769231
ER1_b,ER1_a,-4.916084
ER1_b,ER1_b,-4.928994
ER1_b,ER1_c,-4.5384617
ER1_b,ER3a_a,-0.0051282053
ER1_b,ER3a_c,-0.01923077
ER1_b,ER3m,-0.02991453
ER1_b,ER3p_a,-0.016483517
ER1_b,ER3p_b,-0.03846154
ER1_b,ER3w_b,-0.034188036
ER1_b,ER4m,-0.006993007
ER1_b,ExR1,-0.01923077
ER1_b,ExR2,-0.32692307
ER1_b,ExR4,-0.30769232
ER1_b,ExR5,-2.8461537
ER1_b,ExR6,-6.6923075
ER1_b,ExR7,-0.26923078
ER1_b,ExR8,-0.01923077
ER1_b,FB1C,-0.01923077
ER1_b,FB2A,-0.01923077
ER1_b,FB2F_a,-0.025641026
ER1_b,FB2I_a,-0.0076923077
ER1_b,FB2K,-0.008547009
ER1_b,FB3C,-0.041420117
ER1_b,FB4K,-0.01923077
ER1_b,FB4Y,-1.1153846
ER1_b,FB5X,-0.012820513
ER1_b,FC3_b,-0.0038461538
ER1_b,LCNOpm,-0.07692308
ER1_b,LNO1,-0.057692308
ER1_b,LNOa,-0.07692308
ER1_b,PEG,-0.3846154
ER1_b,PEN_a(PEN1),-8.361539
ER1_b,PEN_b(PEN2),-0.44405594
ER1_b,PFL1,-0.0054945056
ER1_b,hDeltaK,-0.0024813896
ER1_c,EL,-7.4583335
ER1_c,EPG,-8.434783
ER1_c,EPGt,-0.3125
ER1_c,ER1_a,-6.7727275
ER1_c,ER1_b,-12.980769
ER1_c,ER1_c,-5.0
ER1_c,ER3a_c,-0.1875
ER1_c,ER3m,-0.013888889
ER1_c,ER3p_a,-0.05357143
ER1_c,ER3p_b,-0.0625
ER1_c,ER3w_b,-0.055555556
ER1_c,ExR1,-0.0625
ER1_c,ExR2,-0.125
ER1_c,ExR4,-0.125
ER1_c,ExR5,-1.375
ER1_c,ExR6,-3.125
ER1_c,ExR7,-0.125
ER1_c,FB2B_b,-0.0625
ER1_c,FB2I_a,-0.025
ER1_c,FB4Y,-0.75
ER1_c,PEG,-1.25
ER1_c,PEN_a(PEN1),-3.1625
ER1_c,PEN_b(PEN2),-0.10227273
ER2_a,AOTU046,-0.14583333
ER2_a,DNc01,-0.083333336
ER2_a,DNc02,-0.125
ER2_a,EL,-9.578704
ER2_a,EPG,-14.900362
ER2_a,ER1_a,-0.015151516
ER2_a,ER2_a,-28.618055
ER2_a,ER2_b,-12.3125
ER2_a,ER2_c,-24.354166
ER2_a,ER2_d,-25.566668
ER2_a,ER3a_a,-0.06111111
ER2_a,ER3a_b,-0.097222224
ER2_a,ER3a_c,-0.45833334
ER2_a,ER3a_d,-0.1
ER2_a,ER3d_a,-1.6785715
ER2_a,ER3d_b,-0.475
ER2_a,ER3d_c,-1.824074
ER2_a,ER3d_d,-0.8863636
ER2_a,ER3d_e,-1.4523809
ER2_a,ER3m,-0.2175926
ER2_a,ER3p_b,-0.0625
ER2_a,ER3w_a,-6.095238
ER2_a,ER3w_b,-0.023148147
ER2_a,ER3w_c,-0.4027778
ER2_a,ER4d,-0.88782054
ER2_a,ER4m,-5.1666665
ER2_a,ER5,-0.103174604
ER2_a,ExR1,-6.7291665
ER2_a,ExR2,-1.6875
ER2_a,ExR3,-4.1666665
ER2_a,ExR4,-1.5
ER2_a,ExR5,-6.9166665
ER2_a,ExR6,-0.041666668
ER2_a,ExR7,-0.0625
ER2_a,ExR8,-0.375
ER2_a,FB1C,-0.020833334
ER2_a,FB4Y,-0.041666668
ER2_a,PEG,-0.032407407
ER2_a,PEN_a(PEN1),-0.029166667
ER2_a,PEN_b(PEN2),-0.34848484
ER2_a,hDeltaK,-0.002688172
ER2_a,hDeltaM,-0.010416667
ER2_b,DNc02,-0.125
ER2_b,EL,-7.1944447
ER2_b,EPG,-13.445652
ER2_b,ER1_a,-0.25
ER2_b,ER2_a,-9.020833
ER2_b,ER2_b,-26.375
ER2_b,ER2_c,-2.6875
ER2_b,ER2_d,-21.6
ER2_b,ER3a_a,-0.016666668
ER2_b,ER3a_b,-0.125
ER2_b,ER3a_c,-1.125
ER2_b,ER3d_a,-3.0357144
ER2_b,ER3d_b,-0.125
ER2_b,ER3d_c,-1.2777778
ER2_b,ER3d_d,-0.06818182
ER2_b,ER3d_e,-3.8214285
ER2_b,ER3m,-0.5694444
ER2_b,ER3p_a,-0.08928572
ER2_b,ER3p_b,-0.9375
ER2_b,ER3w_a,-36.607143
ER2_b,ER3w_b,-2.9027777
ER2_b,ER3w_c,-14.625
ER2_b,ER4d,-0.03846154
ER2_b,ER4m,-6.7045455
ER2_b,ER5,-0.011904762
ER2_b,ExR1,-3.5625
ER2_b,ExR2,-0.4375
ER2_b,ExR3,-0.5
ER2_b,ExR4,-0.75
ER2_b,ExR5,-6.4375
ER2_b,ExR6,-0.125
ER2_b,PEG,-0.027777778
ER2_b,PEN_b(PEN2),-0.11363637
ER2_c,AOTU046,-0.05
ER2_c,DNc01,-0.175
ER2_c,DNc02,-0.075
ER2_c,EL,-10.252778
ER2_c,EPG,-15.858696
ER2_c,ER1_b,-0.0038461538
ER2_c,ER2_a,-25.4125
ER2_c,ER2_b,-3.6125
ER2_c,ER2_c,-39.3475
ER2_c,ER2_d,-12.65
ER2_c,ER3a_a,-0.033333335
ER2_c,ER3a_b,-0.083333336
ER2_c,ER3a_c,-0.225
ER2_c,ER3a_d,-0.04
ER2_c,ER3d_a,-0.12857144
ER2_c,ER3d_b,-0.005
ER2_c,ER3d_c,-0.07777778
ER2_c,ER3d_d,-0.036363635
ER2_c,ER3d_e,-0.07857143
ER2_c,ER3m,-0.036111113
ER2_c,ER3w_a,-0.9071429
ER2_c,ER3w_b,-0.0027777778
ER2_c,ER3w_c,-0.025
ER2_c,ER4d,-5.001923
ER2_c,ER4m,-3.959091
ER2_c,ER5,-0.14285715
ER2_c,ExR1,-2.75
ER2_c,ExR2,-3.4
ER2_c,ExR3,-2.3
ER2_c,ExR4,-2.45
ER2_c,ExR5,-6.35
ER2_c,ExR6,-0.175
ER2_c,ExR7,-0.05
ER2_c,ExR8,-0.625
ER2_c,FB4Y,-0.15
ER2_c,FB5D,-0.016666668
ER2_c,PEG,-0.013888889
ER2_c,PEN_a(PEN1),-0.04
ER2_c,PEN_b(PEN2),-0.34545454
ER2_c,SAF,-0.00625
ER2_c,TuBu09,-0.008333334
ER2_c,hDeltaK,-0.0032258064
ER2_d,DNc01,-0.1
ER2_d,EL,-8.422222
ER2_d,EPG,-14.326087
ER2_d,ER1_a,-0.018181818
ER2_d,ER2_a,-22.133333
ER2_d,ER2_b,-28.35
ER2_d,ER2_c,-11.5
ER2_d,ER2_d,-26.96
ER2_d,ER3a_a,-0.12
ER2_d,ER3a_b,-0.06666667
ER2_d,ER3a_c,-1.25
ER2_d,ER3d_a,-3.0857143
ER2_d,ER3d_b,-0.49
ER2_d,ER3d_c,-2.3333333
ER2_d,ER3d_d,-0.8181818
ER2_d,ER3d_e,-2.6571429
ER2_d,ER3m,-0.46666667
ER2_d,ER3p_a,-0.114285715
ER2_d,ER3p_b,-0.55
ER2_d,ER3w_a,-18.142857
ER2_d,ER3w_b,-0.45555556
ER2_d,ER3w_c,-3.0333333
ER2_d,ER4d,-0.2
ER2_d,ER4m,-6.6181817
ER2_d,ExR1,-5.05
ER2_d,ExR2,-0.7
ER2_d,ExR3,-2.4
ER2_d,ExR4,-1.2
ER2_d,ExR5,-6.85
ER2_d,ExR6,-0.1
ER2_d,ExR7,-0.3
ER2_d,ExR8,-0.15
ER2_d,FB4Y,-0.05
ER2_d,PEN_a(PEN1),-0.02
ER2_d,PEN_b(PEN2),-0.13636364
ER2_d,hDeltaK,-0.006451613
ER3a_a,AN09A005,-0.022222223
ER3a_a,EL,-1.3666667
ER3a_a,EPG,-0.36956522
ER3a_a,ER1_a,-0.060606062
ER3a_a,ER1_b,-0.020512821
ER3a_a,ER1_c,-0.033333335
ER3a_a,ER2_a,-0.1
ER3a_a,ER2_b,-0.016666668
ER3a_a,ER2_c,-0.026666667
ER3a_a,ER2_d,-0.053333335
ER3a_a,ER3a_a,-22.835556
ER3a_a,ER3a_b,-5.633333
ER3a_a,ER3a_c,-1.3166667
ER3a_a,ER3a_d,-20.28
ER3a_a,ER3d_a,-0.13333334
ER3a_a,ER3d_b,-0.07
ER3a_a,ER3d_c,-0.05925926
ER3a_a,ER3d_d,-0.042424243
ER3a_a,ER3d_e,-0.4857143
ER3a_a,ER3m,-19.225925
ER3a_a,ER3p_a,-0.014285714
ER3a_a,ER3p_b,-0.05
ER3a_a,ER3w_a,-0.00952381
ER3a_a,ER4d,-0.017948719
ER3a_a,ER4m,-0.012121212
ER3a_a,ER5,-0.47619048
ER3a_a,ER6,-0.016666668
ER3a_a,ExR1,-50.883335
ER3a_a,ExR2,-0.016666668
ER3a_a,ExR3,-0.43333334
ER3a_a,ExR5,-0.1
ER3a_a,ExR7,-0.06666667
ER3a_a,FB1B,-0.016666668
ER3a_a,FB1C,-0.016666668
ER3a_a,FB2D,-0.011111111
ER3a_a,FB3C,-0.015384615
ER3a_a,LNO2,-0.33333334
ER3a_a,PEG,-0.0037037036
ER3a_a,PFGs,-0.0037037036
ER3a_a,PFL2,-0.0055555557
ER3a_a,PFL3,-0.0027777778
ER3a_b,AN09A005,-0.055555556
ER3a_b,EL,-10.62963
ER3a_b,EPG,-0.44927537
ER3a_b,ER1_a,-0.22727273
ER3a_b,ER1_b,-0.025641026
ER3a_b,ER1_c,-0.041666668
ER3a_b,ER2_a,-0.41666666
ER3a_b,ER2_c,-0.11666667
ER3a_b,ER2_d,-0.1
ER3a_b,ER3a_a,-17.066668
ER3a_b,ER3a_b,-29.5
ER3a_b,ER3a_c,-23.791666
ER3a_b,ER3a_d,-23.933332
ER3a_b,ER3d_a,-0.21428572
ER3a_b,ER3d_b,-0.11666667
ER3a_b,ER3d_c,-0.09259259
ER3a_b,ER3d_d,-0.10606061
ER3a_b,ER3d_e,-0.5
ER3a_b,ER3m,-2.9722223
ER3a_b,ER3p_b,-0.041666668
ER3a_b,ER3w_a,-0.023809524
ER3a_b,ER3w_b,-0.009259259
ER3a_b,ER4d,-0.102564104
ER3a_b,ER5,-0.88095236
ER3a_b,ExR1,-25.875
ER3a_b,ExR3,-1.1666666
ER3a_b,ExR5,-0.5
ER3a_b,ExR7,-0.083333336
ER3a_b,FB3C,-0.012820513
ER3a_b,PEG,-0.074074075
ER3a_b,PFL1,-0.011904762
ER3a_b,PFL3,-0.0069444445
ER3a_c,EA27X006,-0.75
ER3a_c,EL,-10.902778
ER3a_c,EPG,-3.5652175
ER3a_c,ER1_a,-1.0454545
ER3a_c,ER1_b,-0.115384616
ER3a_c,ER1_c,-0.0625
ER3a_c,ER2_a,-0.6041667
ER3a_c,ER2_b,-0.6875
ER3a_c,ER2_c,-0.175
ER3a_c,ER2_d,-0.45
ER3a_c,ER3a_a,-1.8666667
ER3a_c,ER3a_b,-42.0
ER3a_c,ER3a_c,-43.875
ER3a_c,ER3a_d,-8.35
ER3a_c,ER3d_a,-1.0357143
ER3a_c,ER3d_b,-0.2
ER3a_c,ER3d_c,-0.6388889
ER3a_c,ER3d_d,-0.1590909
ER3a_c,ER3d_e,-2.107143
ER3a_c,ER3m,-2.2222223
ER3a_c,ER3p_a,-0.35714287
ER3a_c,ER3p_b,-0.5625
ER3a_c,ER3w_a,-0.35714287
ER3a_c,ER3w_b,-0.055555556
ER3a_c,ER3w_c,-0.083333336
ER3a_c,ER4d,-0.15384616
ER3a_c,ER4m,-0.022727273
ER3a_c,ER5,-0.25
ER3a_c,ExR1,-6.625
ER3a_c,ExR2,-0.0625
ER3a_c,ExR3,-2.25
ER3a_c,ExR5,-3.125
ER3a_c,ExR7,-0.125
ER3a_c,FB4K,-0.0625
ER3a_c,LAL013,-0.25
ER3a_c,PEG,-0.06944445
ER3a_c,PEN_a(PEN1),-0.4125
ER3a_c,PFL3,-0.010416667
ER3a_d,EL,-3.7
ER3a_d,EPG,-0.13043478
ER3a_d,ER1_a,-0.054545455
ER3a_d,ER2_a,-0.18333334
ER3a_d,ER2_c,-0.04
ER3a_d,ER2_d,-0.08
ER3a_d,ER3a_a,-25.92
ER3a_d,ER3a_b,-10.3
ER3a_d,ER3a_c,-3.4
ER3a_d,ER3a_d,-18.92
ER3a_d,ER3d_a,-0.057142857
ER3a_d,ER3d_b,-0.03
ER3a_d,ER3d_c,-0.17777778
ER3a_d,ER3d_d,-0.07272727
ER3a_d,ER3d_e,-0.5714286
ER3a_d,ER3m,-12.7
ER3a_d,ER3p_a,-0.014285714
ER3a_d,ER4d,-0.046153847
ER3a_d,ER4m,-0.018181818
ER3a_d,ER5,-1.3047619
ER3a_d,ExR1,-43.5
ER3a_d,ExR3,-0.8
ER3a_d,ExR7,-0.1
ER3a_d,FB3C,-0.015384615
ER3a_d,LNO2,-0.3
ER3a_d,PEG,-0.011111111
ER3d_a,EL,-2.4920635
ER3d_a,EPG,-5.9937887
ER3d_a,ER1_b,-0.010989011
ER3d_a,ER2_a,-1.2142857
ER3d_a,ER2_b,-2.0
ER3d_a,ER2_c,-0.057142857
ER3d_a,ER2_d,-1.8571428
ER3d_a,ER3a_a,-0.14285715
ER3d_a,ER3a_b,-0.1904762
ER3d_a,ER3a_c,-0.60714287
ER3d_a,ER3a_d,-0.114285715
ER3d_a,ER3d_a,-40.959183
ER3d_a,ER3d_b,-0.8357143
ER3d_a,ER3d_c,-31.936508
ER3d_a,ER3d_d,-7.4805193
ER3d_a,ER3d_e,-39.734695
ER3d_a,ER3m,-0.64285713
ER3d_a,ER3p_a,-0.010204081
ER3d_a,ER3w_a,-1.4081633
ER3d_a,ER3w_b,-0.015873017
ER3d_a,ER3w_c,-0.04761905
ER3d_a,ER4d,-0.043956045
ER3d_a,ER4m,-0.077922076
ER3d_a,ER5,-0.034013607
ER3d_a,ExR1,-42.857143
ER3d_a,ExR2,-0.071428575
ER3d_a,ExR3,-9.571428
ER3d_a,ExR5,-0.9285714
ER3d_a,ExR7,-0.035714287
ER3d_a,PEG,-0.007936508
ER3d_a,SAF,-0.017857144
ER3d_b,AN09A005,-0.083333336
ER3d_b,EL,-3.925
ER3d_b,EPG,-3.9923913
ER3d_b,ER1_a,-0.036363635
ER3d_b,ER1_c,-0.0125
ER3d_b,ER2_a,-0.325
ER3d_b,ER2_b,-0.15
ER3d_b,ER2_c,-0.005
ER3d_b,ER2_d,-0.41
ER3d_b,ER3a_a,-0.04
ER3d_b,ER3a_b,-0.041666668
ER3d_b,ER3a_c,-0.525
ER3d_b,ER3a_d,-0.01
ER3d_b,ER3d_a,-1.1642857
ER3d_b,ER3d_b,-32.8925
ER3d_b,ER3d_c,-2.8833334
ER3d_b,ER3d_d,-13.740909
ER3d_b,ER3d_e,-1.1642857
ER3d_b,ER3m,-0.31388888
ER3d_b,ER3p_a,-0.24285714
ER3d_b,ER3p_b,-8.5125
ER3d_b,ER3w_a,-0.12142857
ER3d_b,ER3w_b,-0.011111111
ER3d_b,ER3w_c,-0.033333335
ER3d_b,ER4d,-0.036538463
ER3d_b,ER4m,-0.013636364
ER3d_b,ER5,-0.035714287
ER3d_b,ExR1,-27.5125
ER3d_b,ExR2,-0.0125
ER3d_b,ExR3,-11.0
ER3d_b,ExR4,-0.025
ER3d_b,ExR7,-0.0375
ER3d_b,PEG,-0.008333334
ER3d_c,AOTU046,-0.027777778
ER3d_c,EA27X006,-0.11111111
ER3d_c,EL,-1.8950617
ER3d_c,EPG,-5.1666665
ER3d_c,ER1_a,-0.01010101
ER3d_c,ER2_a,-1.0092592
ER3d_c,ER2_b,-0.6111111
ER3d_c,ER2_c,-0.033333335
ER3d_c,ER2_d,-1.0222223
ER3d_c,ER3a_a,-0.1037037
ER3d_c,ER3a_b,-0.09259259
ER3d_c,ER3a_c,-0.4722222
ER3d_c,ER3a_d,-0.06666667
ER3d_c,ER3d_a,-37.460316
ER3d_c,ER3d_b,-1.4722222
ER3d_c,ER3d_c,-36.580246
ER3d_c,ER3d_d,-17.49495
ER3d_c,ER3d_e,-23.269842
ER3d_c,ER3m,-0.4691358
ER3d_c,ER3p_a,-0.007936508
ER3d_c,ER3p_b,-0.027777778
ER3d_c,ER3w_a,-0.63492066
ER3d_c,ER3w_c,-0.074074075
ER3d_c,ER4d,-0.012820513
ER3d_c,ER4m,-0.09090909
ER3d_c,ER5,-0.031746034
ER3d_c,ExR1,-41.97222
ER3d_c,ExR2,-0.027777778
ER3d_c,ExR3,-11.722222
ER3d_c,ExR5,-0.41666666
ER3d_c,ExR7,-0.16666667
ER3d_c,PEG,-0.012345679
ER3d_d,AN09A005,-0.09090909
ER3d_d,EA27X006,-0.18181819
ER3d_d,EL,-1.3333334
ER3d_d,EPG,-3.555336
ER3d_d,ER1_a,-0.008264462
ER3d_d,ER1_b,-0.006993007
ER3d_d,ER2_a,-0.46212122
ER3d_d,ER2_b,-0.022727273
ER3d_d,ER2_c,-0.022727273
ER3d_d,ER2_d,-0.4181818
ER3d_d,ER3a_a,-0.030303031
ER3d_d,ER3a_c,-0.3181818
ER3d_d,ER3a_d,-0.07272727
ER3d_d,ER3d_a,-11.909091
ER3d_d,ER3d_b,-10.527273
ER3d_d,ER3d_c,-24.454546
ER3d_d,ER3d_d,-40.454544
ER3d_d,ER3d_e,-5.714286
ER3d_d,ER3m,-0.09090909
ER3d_d,ER3p_a,-0.025974026
ER3d_d,ER3p_b,-0.022727273
ER3d_d,ER3w_a,-0.09090909
ER3d_d,ER3w_b,-0.005050505
ER3d_d,ER4d,-0.006993007
ER3d_d,ER4m,-0.008264462
ER3d_d,ER5,-0.012987013
ER3d_d,ExR1,-41.68182
ER3d_d,ExR2,-0.045454547
ER3d_d,ExR3,-14.454545
ER3d_d,ExR5,-0.06818182
ER3d_d,ExR7,-0.09090909
ER3d_d,FB9B_b,-0.022727273
ER3d_d,PFL3,-0.003787879
ER3d_e,AN09A005,-0.04761905
ER3d_e,DNc01,-0.071428575
ER3d_e,EA27X006,-0.14285715
ER3d_e,EL,-2.3888888
ER3d_e,EPG,-6.068323
ER3d_e,ER1_a,-0.077922076
ER3d_e,ER2_a,-0.8095238
ER3d_e,ER2_b,-1.4285715
ER3d_e,ER2_c,-0.057142857
ER3d_e,ER2_d,-1.6285714
ER3d_e,ER3a_a,-0.2952381
ER3d_e,ER3a_b,-0.21428572
ER3d_e,ER3a_c,-0.96428573
ER3d_e,ER3a_d,-0.2857143
ER3d_e,ER3d_a,-40.7551
ER3d_e,ER3d_b,-0.75
ER3d_e,ER3d_c,-19.492064
ER3d_e,ER3d_d,-4.051948
ER3d_e,ER3d_e,-58.857143
ER3d_e,ER3m,-3.4444444
ER3d_e,ER3p_a,-0.08163265
ER3d_e,ER3p_b,-0.35714287
ER3d_e,ER3w_a,-1.6530613
ER3d_e,ER3w_b,-0.023809524
ER3d_e,ER3w_c,-0.071428575
ER3d_e,ER4d,-0.027472528
ER3d_e,ER4m,-0.051948052
ER3d_e,ER5,-0.006802721
ER3d_e,ExR1,-44.714287
ER3d_e,ExR2,-0.071428575
ER3d_e,ExR3,-5.785714
ER3d_e,ExR5,-0.39285713
ER3d_e,ExR7,-0.32142857
ER3d_e,FB2B_b,-0.071428575
ER3d_e,FB3C,-0.021978023
ER3d_e,PEG,-0.007936508
ER3m,AN09A005,-0.018518519
ER3m,EL,-1.0061729
ER3m,EPG,-4.9335747
ER3m,ER1_a,-0.21212122
ER3m,ER1_b,-0.025641026
ER3m,ER1_c,-0.055555556
ER3m,ER2_a,-0.12037037
ER3m,ER2_b,-0.625
ER3m,ER2_c,-0.019444445
ER3m,ER2_d,-0.4
ER3m,ER3a_a,-11.551852
ER3m,ER3a_b,-1.0092592
ER3m,ER3a_c,-2.1388888
ER3m,ER3a_d,-5.8444443
ER3m,ER3d_a,-0.71428573
ER3m,ER3d_b,-0.23333333
ER3m,ER3d_c,-0.39506173
ER3m,ER3d_d,-0.18686868
ER3m,ER3d_e,-3.3174603
ER3m,ER3m,-33.32716
ER3m,ER3p_a,-0.8888889
ER3m,ER3p_b,-1.1666666
ER3m,ER3w_a,-0.56349206
ER3m,ER3w_b,-0.14506173
ER3m,ER3w_c,-0.09259259
ER3m,ER4d,-0.0064102565
ER3m,ER4m,-0.005050505
ER3m,ER5,-0.015873017
ER3m,ExR1,-45.208332
ER3m,ExR2,-0.097222224
ER3m,ExR3,-0.8055556
ER3m,ExR5,-0.027777778
ER3m,ExR7,-0.06944445
ER3m,FB2B_b,-0.013888889
ER3m,FB2D,-0.009259259
ER3m,FB3C,-0.034188036
ER3m,FB3E,-0.027777778
ER3m,LNO2,-0.16666667
ER3m,PEG,-0.021604938
ER3m,PEN_a(PEN1),-0.0055555557
ER3m,PFGs,-0.0030864198
ER3m,PFL2,-0.0046296297
ER3p_a,EL,-3.8888888
ER3p_a,EPG,-13.857142
ER3p_a,EPGt,-2.4642856
ER3p_a,ER1_a,-0.90909094
ER3p_a,ER1_b,-0.13186814
ER3p_a,ER1_c,-0.4107143
ER3p_a,ER2_a,-0.011904762
ER3p_a,ER2_b,-0.16071428
ER3p_a,ER2_c,-0.0035714286
ER3p_a,ER2_d,-0.028571429
ER3p_a,ER3a_a,-0.00952381
ER3p_a,ER3a_c,-0.5
ER3p_a,ER3d_a,-0.010204081
ER3p_a,ER3d_b,-0.10714286
ER3p_a,ER3d_c,-0.007936508
ER3p_a,ER3d_d,-0.058441557
ER3p_a,ER3d_e,-0.06122449
ER3p_a,ER3m,-1.0714285
ER3p_a,ER3p_a,-36.933674
ER3p_a,ER3p_b,-5.160714
ER3p_a,ER3w_a,-0.6530612
ER3p_a,ER3w_b,-2.8968253
ER3p_a,ER3w_c,-1.3333334
ER3p_a,ER4d,-0.0054945056
ER3p_a,ER4m,-0.0064935065
ER3p_a,ER5,-0.017006803
ER3p_a,ExR1,-0.035714287
ER3p_a,ExR2,-0.017857144
ER3p_a,ExR5,-0.05357143
ER3p_a,ExR6,-0.21428572
ER3p_a,FB5Q,-0.017857144
ER3p_a,FB6U,-0.017857144
ER3p_a,FB7G,-0.017857144
ER3p_a,FB9B_d,-0.017857144
ER3p_a,PEG,-0.03968254
ER3p_a,PEN_a(PEN1),-0.03214286
ER3p_b,EL,-8.027778
ER3p_b,EPG,-8.521739
ER3p_b,EPGt,-0.5
ER3p_b,ER1_a,-0.5
ER3p_b,ER1_c,-0.0625
ER3p_b,ER2_a,-0.16666667
ER3p_b,ER2_b,-1.0
ER3p_b,ER2_d,-0.75
ER3p_b,ER3a_a,-0.1
ER3p_b,ER3a_b,-0.041666668
ER3p_b,ER3a_c,-1.5625
ER3p_b,ER3a_d,-0.05
ER3p_b,ER3d_b,-5.75
ER3p_b,ER3d_c,-0.19444445
ER3p_b,ER3d_d,-0.022727273
ER3p_b,ER3d_e,-0.5714286
ER3p_b,ER3m,-2.8611112
ER3p_b,ER3p_a,-9.982142
ER3p_b,ER3p_b,-76.1875
ER3p_b,ER3w_a,-1.0357143
ER3p_b,ER3w_b,-0.7361111
ER3p_b,ER3w_c,-0.33333334
ER3p_b,ER4d,-0.03846154
ER3p_b,ER5,-0.011904762
ER3p_b,ExR1,-0.9375
ER3p_b,ExR3,-0.875
ER3p_b,PEG,-0.06944445
ER3p_b,PEN_a(PEN1),-0.0875
ER3w_a,AOTU046,-0.14285715
ER3w_a,DNc01,-0.071428575
ER3w_a,DNc02,-0.071428575
ER3w_a,EL,-5.571429
ER3w_a,EPG,-12.52795
ER3w_a,EPGt,-0.39285713
ER3w_a,ER1_a,-0.20779221
ER3w_a,ER1_c,-0.035714287
ER3w_a,ER2_a,-3.5119047
ER3w_a,ER2_b,-26.107143
ER3w_a,ER2_c,-0.55714285
ER3w_a,ER2_d,-11.885715
ER3w_a,ER3a_a,-0.00952381
ER3w_a,ER3a_b,-0.11904762
ER3w_a,ER3a_c,-0.78571427
ER3w_a,ER3d_a,-2.6938775
ER3w_a,ER3d_b,-0.20714286
ER3w_a,ER3d_c,-0.95238096
ER3w_a,ER3d_d,-0.25974026
ER3w_a,ER3d_e,-1.9387755
ER3w_a,ER3m,-0.32539684
ER3w_a,ER3p_a,-0.39795917
ER3w_a,ER3p_b,-0.5
ER3w_a,ER3w_a,-31.938776
ER3w_a,ER3w_b,-9.595238
ER3w_a,ER3w_c,-29.952381
ER3w_a,ER4d,-0.010989011
ER3w_a,ER4m,-4.6363635
ER3w_a,ER5,-0.020408163
ER3w_a,ExR1,-5.035714
ER3w_a,ExR2,-0.2857143
ER3w_a,ExR3,-1.0714285
ER3w_a,ExR4,-0.14285715
ER3w_a,ExR5,-5.285714
ER3w_a,ExR6,-0.071428575
ER3w_a,ExR7,-0.42857143
ER3w_a,FB4Y,-0.035714287
ER3w_a,PEG,-0.007936508
ER3w_a,PEN_a(PEN1),-0.014285714
ER3w_a,PEN_b(PEN2),-0.038961038
ER3w_b,AOTU046,-0.06944445
ER3w_b,DNc01,-0.027777778
ER3w_b,EL,-1.8641975
ER3w_b,EPG,-12.763285
ER3w_b,EPGt,-0.30555555
ER3w_b,ER1_a,-0.33333334
ER3w_b,ER1_b,-0.08974359
ER3w_b,ER1_c,-0.027777778
ER3w_b,ER2_b,-0.4861111
ER3w_b,ER2_d,-0.055555556
ER3w_b,ER3a_c,-0.06944445
ER3w_b,ER3d_b,-0.0055555557
ER3w_b,ER3d_e,-0.023809524
ER3w_b,ER3m,-0.074074075
ER3w_b,ER3p_a,-1.6269841
ER3w_b,ER3p_b,-0.25
ER3w_b,ER3w_a,-3.6190476
ER3w_b,ER3w_b,-32.225307
ER3w_b,ER3w_c,-20.24074
ER3w_b,ER4m,-0.055555556
ER3w_b,ER5,-0.007936508
ER3w_b,ExR1,-1.8472222
ER3w_b,ExR2,-0.013888889
ER3w_b,ExR5,-1.2083334
ER3w_b,ExR7,-0.18055555
ER3w_b,FB4R,-0.009259259
ER3w_b,PEG,-0.0030864198
ER3w_b,PEN_a(PEN1),-0.0027777778
ER3w_b,TuBu09,-0.009259259
ER3w_b,hDeltaM,-0.0069444445
ER3w_c,AN09A005,-0.11111111
ER3w_c,DNc02,-0.083333336
ER3w_c,EL,-3.0833333
ER3w_c,EPG,-12.728261
ER3w_c,EPGt,-0.5833333
ER3w_c,ER1_a,-0.43939394
ER3w_c,ER1_b,-0.012820513
ER3w_c,ER2_a,-0.083333336
ER3w_c,ER2_b,-4.9166665
ER3w_c,ER2_c,-0.025
ER3w_c,ER2_d,-1.2
ER3w_c,ER3a_c,-0.20833333
ER3w_c,ER3d_a,-0.023809524
ER3w_c,ER3m,-0.037037037
ER3w_c,ER3p_a,-0.6785714
ER3w_c,ER3p_b,-0.16666667
ER3w_c,ER3w_a,-16.5
ER3w_c,ER3w_b,-29.222221
ER3w_c,ER3w_c,-31.527779
ER3w_c,ER4m,-0.8030303
ER3w_c,ExR1,-2.6666667
ER3w_c,ExR2,-0.083333336
ER3w_c,ExR5,-2.5833333
ER3w_c,ExR7,-0.16666667
ER3w_c,FB4Y,-0.041666668
ER3w_c,PEG,-0.009259259
ER4d,AOTU046,-0.1923077
ER4d,DNc01,-0.03846154
ER4d,DNc02,-0.057692308
ER4d,EL,-8.369658
ER4d,EPG,-10.313545
ER4d,ER2_a,-0.75
ER4d,ER2_b,-0.009615385
ER4d,ER2_c,-3.1326923
ER4d,ER2_d,-0.16923077
ER4d,ER3a_a,-0.015384615
ER4d,ER3a_b,-0.01923077
ER4d,ER3a_c,-0.13461539
ER4d,ER3d_a,-0.04945055
ER4d,ER3d_b,-0.073076926
ER4d,ER3d_c,-0.012820513
ER4d,ER3d_d,-0.0034965035
ER4d,ER3d_e,-0.04945055
ER4d,ER3m,-0.012820513
ER4d,ER3p_a,-0.008241759
ER4d,ER3p_b,-0.01923077
ER4d,ER3w_a,-0.021978023
ER4d,ER3w_b,-0.0042735045
ER4d,ER4d,-58.347633
ER4d,ER4m,-1.0909091
ER4d,ER5,-0.10622711
ER4d,ER6,-0.01923077
ER4d,ExR1,-10.384615
ER4d,ExR2,-3.0480769
ER4d,ExR3,-2.4230769
ER4d,ExR4,-6.0384617
ER4d,ExR5,-18.663462
ER4d,ExR7,-0.03846154
ER4d,ExR8,-0.26923078
ER4d,FB4L,-0.01923077
ER4d,FB4Y,-0.5
ER4d,FB7H,-0.03846154
ER4d,FC3_a,-0.05882353
ER4d,FS1A_a,-0.0024038462
ER4d,PEN_a(PEN1),-0.23461539
ER4d,PEN_b(PEN2),-1.3548951
ER4d,PFR_a,-0.0013736264
ER4m,AOTU046,-0.022727273
ER4m,DNc01,-0.18181819
ER4m,DNc02,-0.045454547
ER4m,EL,-20.464647
ER4m,EPG,-41.901184
ER4m,ER1_a,-0.008264462
ER4m,ER2_a,-12.083333
ER4m,ER2_b,-24.454546
ER4m,ER2_c,-10.009091
ER4m,ER2_d,-18.690908
ER4m,ER3a_a,-0.006060606
ER4m,ER3a_c,-0.18181819
ER4m,ER3d_a,-1.012987
ER4m,ER3d_c,-0.4949495
ER4m,ER3d_d,-0.008264462
ER4m,ER3d_e,-0.41558442
ER4m,ER3m,-0.01010101
ER4m,ER3w_a,-22.87013
ER4m,ER3w_b,-1.010101
ER4m,ER3w_c,-10.469697
ER4m,ER4d,-1.5
ER4m,ER4m,-120.495865
ER4m,ER5,-0.0995671
ER4m,ER6,-0.09090909
ER4m,ExR1,-1.75
ER4m,ExR2,-15.909091
ER4m,ExR3,-1.9090909
ER4m,ExR4,-31.636364
ER4m,ExR5,-5.840909
ER4m,ExR6,-0.8636364
ER4m,ExR7,-0.18181819
ER4m,ExR8,-1.0909091
ER4m,FB1C,-1.0454545
ER4m,FB2B_b,-0.022727273
ER4m,FB4Y,-1.0
ER4m,FB5A,-0.022727273
ER4m,PEG,-0.20707071
ER4m,PEN_a(PEN1),-0.7590909
ER4m,PEN_b(PEN2),-0.57024795
ER4m,PFL3,-0.003787879
ER4m,hDeltaK,-0.017595308
ER5,EL,-26.648148
ER5,EPG,-3.3354037
ER5,ER1_b,-0.0036630037
ER5,ER2_a,-0.115079366
ER5,ER2_b,-0.035714287
ER5,ER2_c,-0.31428573
ER5,ER2_d,-0.00952381
ER5,ER3a_a,-0.8634921
ER5,ER3a_b,-2.1666667
ER5,ER3a_c,-0.48809522
ER5,ER3a_d,-2.2571428
ER5,ER3d_a,-0.006802721
ER5,ER3d_b,-0.04047619
ER5,ER3d_d,-0.008658009
ER5,ER3d_e,-0.006802721
ER5,ER3m,-0.031746034
ER5,ER3w_a,-0.013605442
ER5,ER3w_b,-0.005291005
ER5,ER4d,-0.31318682
ER5,ER4m,-0.103896104
ER5,ER5,-35.097507
ER5,ER6,-0.035714287
ER5,ExR1,-119.57143
ER5,ExR2,-0.035714287
ER5,ExR3,-5.0238094
ER5,ExR5,-0.011904762
ER5,FB2F_c,-0.011904762
ER5,FB2G_b,-0.007936508
ER5,FB4L,-0.011904762
ER5,FB5A,-0.011904762
ER5,FB6U,-0.011904762
ER5,LAL073,-0.4047619
ER5,PEG,-0.14021164
ER5,PFL1,-0.0034013605
ER6,AOTU046,-0.3125
ER6,EL,-12.569445
ER6,EPG,-10.461957
ER6,ER2_c,-0.025
ER6,ER3a_a,-0.05
ER6,ER3d_b,-0.0125
ER6,ER3d_d,-0.022727273
ER6,ER3m,-0.027777778
ER6,ER3w_b,-0.013888889
ER6,ER4d,-0.01923077
ER6,ER4m,-0.22727273
ER6,ER5,-0.071428575
ER6,ER6,-8.8125
ER6,ExR1,-21.75
ER6,ExR2,-18.0
ER6,ExR3,-0.125
ER6,ExR4,-21.625
ER6,ExR5,-2.0
ER6,ExR6,-8.625
ER6,ExR7,-12.1875
ER6,ExR8,-19.875
ER6,FB1C,-0.125
ER6,FB2A,-0.0625
ER6,FB3C,-0.115384616
ER6,FB4M,-0.0625
ER6,FB4Y,-0.8125
ER6,FB5A,-0.0625
ER6,FB6M,-0.375
ER6,FS3_b,-0.05357143
ER6,GLNO,-4.3125
ER6,LAL013,-1.0
ER6,LNO2,-0.125
ER6,PEG,-50.02778
ER6,PEN_a(PEN1),-1.175
ER6,PEN_b(PEN2),-25.261364
ER6,PFL2,-0.020833334
ER6,PFR_a,-0.017857144
ER6,PVLP130,-0.25
ER6,SAD047,-0.25
ER6,hDeltaK,-0.18548387
ExR1,AN09A005,0.6666667
ExR1,AOTU046,0.6875
ExR1,DNc01,0.625
ExR1,DNc02,0.25
ExR1,Delta7,0.005952381
ExR1,EA27X006,2.75
ExR1,EL,66.02778
ExR1,EPG,34.086956
ExR1,EPGt,1.25
ExR1,ER1_a,0.1590909
ExR1,ER2_a,5.0625
ExR1,ER2_b,7.0
ExR1,ER2_c,1.8625
ExR1,ER2_d,6.3
ExR1,ER3a_a,9.433333
ExR1,ER3a_b,8.125
ExR1,ER3a_c,14.75
ExR1,ER3a_d,9.45
ExR1,ER3d_a,20.678572
ExR1,ER3d_b,15.3875
ExR1,ER3d_c,20.777779
ExR1,ER3d_d,22.59091
ExR1,ER3d_e,19.214285
ExR1,ER3m,10.319445
ExR1,ER3p_a,0.017857144
ExR1,ER3p_b,1.75
ExR1,ER3w_a,9.607142
ExR1,ER3w_b,1.8055556
ExR1,ER3w_c,3.75
ExR1,ER4d,5.25
ExR1,ER4m,2.2727273
ExR1,ER5,66.95238
ExR1,ER6,2.4375
ExR1,ExR1,24.125
ExR1,ExR2,2.6875
ExR1,ExR3,25.375
ExR1,ExR4,3.875
ExR1,ExR5,2.4375
ExR1,ExR6,7.875
ExR1,ExR7,24.625
ExR1,ExR8,0.0625
ExR1,FB1C,0.875
ExR1,FB1I,1.0
ExR1,FB1J,0.25
ExR1,FB2A,0.5625
ExR1,FB3C,0.01923077
ExR1,FB3E,0.125
ExR1,FB4C,0.375
ExR1,FB4L,3.625
ExR1,FB4N,0.25
ExR1,FB4O,0.041666668
ExR1,FB4P_b,0.083333336
ExR1,FB4Q_a,0.125
ExR1,FB4Y,8.375
ExR1,FB4Z_b,0.083333336
ExR1,FB4Z_c,0.0625
ExR1,FB5A,0.1875
ExR1,FB5AA,0.125
ExR1,FB5AB,0.5
ExR1,FB5B,0.16666667
ExR1,FB5C,0.083333336
ExR1,FB5E,0.125
ExR1,FB5G_a,0.375
ExR1,FB5G_c,0.125
ExR1,FB5I,0.125
ExR1,FB5O,0.125
ExR1,FB5Q,0.1875
ExR1,FB5R,0.25
ExR1,FB5S,0.1388889
ExR1,FB5T,0.125
ExR1,FB5U,0.0625
ExR1,FB5V_a,0.041666668
ExR1,FB5X,0.125
ExR1,FB6A_a,0.25
ExR1,FB6C_a,0.125
ExR1,FB6C_b,0.20833333
ExR1,FB6D,0.125
ExR1,FB6F,0.5
ExR1,FB6H,0.125
ExR1,FB6J,0.15
ExR1,FB6K,0.125
ExR1,FB6L,0.16666667
ExR1,FB6M,1.5
ExR1,FB6O,0.125
ExR1,FB6R,0.1875
ExR1,FB6T,0.1875
ExR1,FB6U,0.25
ExR1,FB6X,0.125
ExR1,FB6Y,0.125
ExR1,FB7A,0.41666666
ExR1,FB7B,6.625
ExR1,FB7C,0.2
ExR1,FB7D_a,0.8125
ExR1,FB7D_b,0.1875
ExR1,FB7E,0.5416667
ExR1,FB7F,0.125
ExR1,FB7G,0.25
ExR1,FB7H,0.75
ExR1,FB7I,0.05
ExR1,FB7J,6.5
ExR1,FB7K,0.375
ExR1,FB7L,0.125
ExR1,FB7M,0.125
ExR1,FB8A,0.375
ExR1,FB8B,3.125
ExR1,FB8C,0.625
ExR1,FB8D,0.25
ExR1,FB8E,0.4
ExR1,FB8F_a,0.25
ExR1,FB8F_b,0.083333336
ExR1,FB8G,0.125
ExR1,FB8H,0.41666666
ExR1,FB8I,0.41666666
ExR1,FB9A,0.5416667
ExR1,FB9C,0.1875
ExR1,FC2A,0.041666668
ExR1,FC2B,0.009259259
ExR1,FC2C,0.031914894
ExR1,FC3_a,0.13235295
ExR1,FC3_c,0.15
ExR1,FR2,0.013888889
ExR1,FS2,0.64285713
ExR1,FS3,0.625
ExR1,FS3_a,0.5
ExR1,FS3_b,2.2142856
ExR1,FS3_c,0.9285714
ExR1,FS3_d,0.87903225
ExR1,FS4A,0.048245613
ExR1,FS4B,0.00862069
ExR1,GLNO,1.1875
ExR1,LAL013,2.75
ExR1,LAL073,0.375
ExR1,LCNOp,8.0
ExR1,LNO2,0.5
ExR1,PEG,0.4722222
ExR1,PEN_a(PEN1),0.025
ExR1,PEN_b(PEN2),0.18181819
ExR1,PFGs,0.3611111
ExR1,PFL1,0.035714287
ExR1,PFL2,0.0625
ExR1,PFL3,0.020833334
ExR1,PFR_b,0.015625
ExR1,SAF,0.09375
ExR1,hDeltaC,0.0125
ExR1,hDeltaD,2.3125
ExR1,hDeltaE,4.8125
ExR1,hDeltaF,0.71875
ExR1,hDeltaK,0.06451613
ExR1,hDeltaL,0.5
ExR1,hDeltaM,0.0625
ExR1,vDeltaA_a,0.042857144
ExR1,vDeltaA_b,0.04032258
ExR1,vDeltaB,0.16129032
ExR1,vDeltaC,0.09259259
ExR1,vDeltaD,0.023809524
ExR1,vDeltaE,0.013888889
ExR2,AOTU046,10.375
ExR2,DNc01,0.125
ExR2,EL,2.6388888
ExR2,EPG,5.2119565
ExR2,EPGt,0.1875
ExR2,ER1_a,0.11363637
ExR2,ER1_b,0.21153846
ExR2,ER2_a,3.0416667
ExR2,ER2_b,0.8125
ExR2,ER2_c,5.2625
ExR2,ER2_d,1.9
ExR2,ER3a_a,0.55
ExR2,ER3a_b,0.041666668
ExR2,ER3a_d,0.5
ExR2,ER3d_a,0.14285715
ExR2,ER3d_b,0.025
ExR2,ER3d_c,0.5555556
ExR2,ER3d_d,0.22727273
ExR2,ER3d_e,0.42857143
ExR2,ER3m,0.6805556
ExR2,ER3p_a,0.26785713
ExR2,ER3p_b,0.0625
ExR2,ER3w_a,0.5
ExR2,ER3w_b,0.29166666
ExR2,ER3w_c,0.33333334
ExR2,ER4d,9.269231
ExR2,ER4m,5.25
ExR2,ER5,0.25
ExR2,ER6,11.0
ExR2,ExR1,39.5
ExR2,ExR2,8.875
ExR2,ExR3,5.125
ExR2,ExR4,34.375
ExR2,ExR5,8.1875
ExR2,ExR6,26.5
ExR2,ExR7,4.4375
ExR2,ExR8,2.875
ExR2,FB1C,0.75
ExR2,FB2D,0.041666668
ExR2,FB2H_a,0.125
ExR2,FB2I_a,0.025
ExR2,FB3A,0.25
ExR2,FB3C,0.115384616
ExR2,FB4B,0.5
ExR2,FB4C,0.125
ExR2,FB4E_a,0.05
ExR2,FB4L,0.1875
ExR2,FB4M,0.1875
ExR2,FB4Y,2.5625
ExR2,FB5AB,0.125
ExR2,FC2A,0.013888889
ExR2,GLNO,5.5625
ExR2,GNG667,0.125
ExR2,LAL008,0.125
ExR2,LAL013,0.5
ExR2,LAL101,0.25
ExR2,LCNOp,0.125
ExR2,LCNOpm,0.25
ExR2,LNO2,3.75
ExR2,LPsP,1.0
ExR2,OA-VUMa8,0.5
ExR2,PEG,1.7638888
ExR2,PEN_a(PEN1),3.4375
ExR2,PEN_b(PEN2),2.8068182
ExR2,PFGs,0.027777778
ExR2,PFL1,0.017857144
ExR2,PFL2,0.104166664
ExR2,PVLP138,0.25
ExR2,TuBu05,0.25
ExR2,TuBu07,1.5
ExR2,TuBu09,2.625
ExR2,TuBu10,5.0
ExR2,hDeltaK,0.12903225
ExR3,AN07B004,3.5
ExR3,AN09A005,0.6666667
ExR3,AN27X013,0.16666667
ExR3,AOTU046,29.25
ExR3,ATL021,0.5
ExR3,ATL035,0.5
ExR3,ATL042,0.5
ExR3,CL007,1.5
ExR3,DNc02,0.5
ExR3,DNpe053,0.5
ExR3,EA27X006,1.5
ExR3,EL,39.13889
ExR3,EPG,7.4565215
ExR3,ER1_a,0.09090909
ExR3,ER2_a,6.875
ExR3,ER2_b,2.25
ExR3,ER2_c,5.475
ExR3,ER2_d,4.8
ExR3,ER3a_a,4.1
ExR3,ER3a_b,1.5
ExR3,ER3a_c,4.625
ExR3,ER3a_d,2.7
ExR3,ER3d_a,38.714287
ExR3,ER3d_b,56.125
ExR3,ER3d_c,54.333332
ExR3,ER3d_d,70.818184
ExR3,ER3d_e,25.285715
ExR3,ER3m,3.7777777
ExR3,ER3p_a,2.892857
ExR3,ER3p_b,16.0
ExR3,ER3w_a,2.7857144
ExR3,ER3w_b,0.5833333
ExR3,ER3w_c,0.5833333
ExR3,ER4d,6.3653846
ExR3,ER4m,8.409091
ExR3,ER5,3.8095238
ExR3,ER6,0.625
ExR3,ExR1,91.625
ExR3,ExR2,3.5
ExR3,ExR3,43.0
ExR3,ExR4,1.0
ExR3,ExR5,7.5
ExR3,ExR6,1.0
ExR3,ExR7,1.25
ExR3,FB1A,0.375
ExR3,FB1B,0.875
ExR3,FB1C,1.0
ExR3,FB1D,0.1
ExR3,FB1F,1.25
ExR3,FB1G,0.5
ExR3,FB1H,0.25
ExR3,FB1I,0.25
ExR3,FB1J,0.5
ExR3,FB2A,1.0
ExR3,FB2B_a,0.125
ExR3,FB2B_b,0.625
ExR3,FB2D,0.41666666
ExR3,FB2G_b,0.25
ExR3,FB2I_a,0.55
ExR3,FB3C,0.115384616
ExR3,FB3D,0.5
ExR3,FB3E,0.25
ExR3,FB4B,0.5
ExR3,FB4C,0.5
ExR3,FB4E_a,0.3
ExR3,FB4L,1.5
ExR3,FB4M,1.5
ExR3,FB4N,0.75
ExR3,FB4P_a,0.125
ExR3,FB4Q_b,0.25
ExR3,FB4X,0.25
ExR3,FB4Y,0.25
ExR3,FB5A,3.125
ExR3,FB5AA,0.25
ExR3,FB5AB,3.5
ExR3,FB5B,1.1666666
ExR3,FB5C,0.5
ExR3,FB5E,0.25
ExR3,FB5F,0.25
ExR3,FB5G_a,7.0
ExR3,FB5G_b,9.0
ExR3,FB5G_c,3.25
ExR3,FB5I,2.75
ExR3,FB5J,0.25
ExR3,FB5L,0.25
ExR3,FB5N,0.125
ExR3,FB5Q,0.875
ExR3,FB5S,0.33333334
ExR3,FB5X,0.083333336
ExR3,FB5Y_a,0.25
ExR3,FB5Y_b,1.25
ExR3,FB5Z,0.375
ExR3,FB6A_a,56.0
ExR3,FB6A_b,13.5
ExR3,FB6A_c,93.5
ExR3,FB6B,1.75
ExR3,FB6C_a,1.5
ExR3,FB6C_b,5.4166665
ExR3,FB6D,42.5
ExR3,FB6E,10.0
ExR3,FB6F,1.0
ExR3,FB6G,1.5
ExR3,FB6H,2.5
ExR3,FB6I,2.0
ExR3,FB6J,0.9
ExR3,FB6K,3.875
ExR3,FB6L,0.5
ExR3,FB6M,34.75
ExR3,FB6N,0.25
ExR3,FB6O,2.25
ExR3,FB6P,1.75
ExR3,FB6Q,1.75
ExR3,FB6R,5.5
ExR3,FB6S,1.0
ExR3,FB6T,0.5
ExR3,FB6U,1.0
ExR3,FB6V,1.5
ExR3,FB6W,0.75
ExR3,FB6X,1.0
ExR3,FB6Y,2.0
ExR3,FB6Z,0.75
ExR3,FB7A,0.16666667
ExR3,FB7B,0.5
ExR3,FB7C,1.5
ExR3,FB7D_b,0.125
ExR3,FB7E,0.083333336
ExR3,FB7G,0.125
ExR3,FB7H,1.0
ExR3,FB7I,0.3
ExR3,FB7K,0.625
ExR3,FB7L,0.25
ExR3,FB7M,0.75
ExR3,FB8E,0.2
ExR3,FB8F_b,0.11111111
ExR3,FB8G,0.75
ExR3,FB9A,0.083333336
ExR3,FB9C,0.0625
ExR3,FC1C_b,0.029411765
ExR3,FC1D,0.02
ExR3,FC1F,0.06666667
ExR3,FC2B,0.11111111
ExR3,FC2C,0.3617021
ExR3,FC3_a,0.14705883
ExR3,FC3_b,0.05
ExR3,FC3_c,0.23333333
ExR3,FR1,0.055555556
ExR3,FR2,0.027777778
ExR3,FS1A_a,0.03125
ExR3,FS1A_b,0.1923077
ExR3,FS1A_c,0.083333336
ExR3,FS1B_a,0.15384616
ExR3,FS1B_b,0.375
ExR3,FS2,0.1904762
ExR3,FS3_a,0.43333334
ExR3,FS3_b,0.5
ExR3,FS3_c,0.035714287
ExR3,FS3_d,0.19354838
ExR3,FS4A,0.06140351
ExR3,FS4B,0.0862069
ExR3,FS4C,0.16071428
ExR3,GLNO,0.125
ExR3,IB049,1.0
ExR3,IB110,0.5
ExR3,IbSpsP,0.16129032
ExR3,LAL013,2.5
ExR3,LAL101,0.5
ExR3,LAL200,2.0
ExR3,LCNOpm,0.75
ExR3,LNO1,2.75
ExR3,LNO2,0.25
ExR3,LNOa,0.25
ExR3,OA-VPM3,2.5
ExR3,OA-VUMa8,1.5
ExR3,PAM09,0.25
ExR3,PEG,0.055555556
ExR3,PEN_a(PEN1),0.025
ExR3,PFGs,50.63889
ExR3,PFL1,0.10714286
ExR3,PFL2,0.25
ExR3,PFL3,0.25
ExR3,PFR_a,0.017857144
ExR3,PFR_b,0.09375
ExR3,PLP124,2.25
ExR3,SA2_a,0.16666667
ExR3,SA2_c,0.25
ExR3,SIP064,5.0
ExR3,SIP087,0.5
ExR3,SMP185,2.0
ExR3,SMP597,0.5
ExR3,TuBu04,0.25
ExR3,TuBu09,0.16666667
ExR3,WED076,0.5
ExR3,hDeltaA,0.041666668
ExR3,hDeltaB,0.31578946
ExR3,hDeltaC,2.05
ExR3,hDeltaD,0.0625
ExR3,hDeltaE,0.0625
ExR3,hDeltaF,1.0
ExR3,hDeltaG,0.375
ExR3,hDeltaH,0.0625
ExR3,hDeltaI,0.05882353
ExR3,hDeltaJ,0.048387095
ExR3,hDeltaK,33.741936
ExR3,hDeltaL,1.0909091
ExR3,hDeltaM,0.625
ExR3,vDeltaB,0.016129032
ExR3,vDeltaC,0.14814815
ExR3,vDeltaD,0.1904762
ExR3,vDeltaE,0.22222222
ExR3,vDeltaF,0.11111111
ExR3,vDeltaI_a,0.029411765
ExR3,vDeltaL,0.013513514
ExR4,AOTU042,-0.5
ExR4,CB3394,-2.5
ExR4,CRE004,-1.5
ExR4,CRE005,-0.5
ExR4,EL,-9.861111
ExR4,EPG,-18.043478
ExR4,EPGt,-2.125
ExR4,ER1_b,-0.07692308
ExR4,ER2_a,-0.083333336
ExR4,ER2_b,-0.125
ExR4,ER2_c,-0.1
ExR4,ER3w_a,-0.071428575
ExR4,ER4d,-0.23076923
ExR4,ER4m,-0.90909094
ExR4,ER6,-14.5
ExR4,ExR1,-4.375
ExR4,ExR2,-15.875
ExR4,ExR4,-288.75
ExR4,ExR5,-4.25
ExR4,ExR6,-91.25
ExR4,ExR7,-132.25
ExR4,ExR8,-95.25
ExR4,FB1C,-0.75
ExR4,FB1D,-0.7
ExR4,FB1E_a,-1.4
ExR4,FB1E_b,-1.5
ExR4,FB2C,-0.1
ExR4,FB2D,-0.25
ExR4,FB2E,-0.25
ExR4,FB2I_a,-0.1
ExR4,FB2K,-0.055555556
ExR4,FB2L,-0.25
ExR4,FB3A,-0.25
ExR4,FB4A_a,-0.083333336
ExR4,FB4B,-0.75
ExR4,FB4D_b,-0.25
ExR4,FB4D_c,-0.25
ExR4,FB4E_a,-0.2
ExR4,FB4E_c,-0.25
ExR4,FB4I,-0.25
ExR4,FB4L,-0.125
ExR4,FB4M,-0.375
ExR4,FB4Y,-4.25
ExR4,FB5M,-0.25
ExR4,FB5V_b,-0.16666667
ExR4,FB6P,-0.25
ExR4,FC1B,-0.045454547
ExR4,FC3_a,-0.029411765
ExR4,GLNO,-1.875
ExR4,LAL013,-1.0
ExR4,LAL040,-0.5
ExR4,LAL073,-0.5
ExR4,LAL135,-0.5
ExR4,LNO2,-0.25
ExR4,OA-VPM3,-0.25
ExR4,PEG,-19.527779
ExR4,PEN_a(PEN1),-52.3
ExR4,PEN_b(PEN2),-114.318184
ExR4,PFGs,-0.027777778
ExR4,PFR_a,-0.017857144
ExR4,PFR_b,-0.0625
ExR4,PVLP138,-0.5
ExR4,SMP543,-0.5
ExR4,hDeltaC,-0.025
ExR4,hDeltaK,-3.2580645
ExR4,vDeltaI_b,-0.025
ExR5,AN09A005,-0.083333336
ExR5,AOTU046,-21.375
ExR5,CL199,-0.125
ExR5,DNc01,-0.25
ExR5,DNc02,-2.25
ExR5,EL,-26.430555
ExR5,EPG,-32.91848
ExR5,EPGt,-0.25
ExR5,ER1_a,-2.659091
ExR5,ER1_b,-0.96153843
ExR5,ER1_c,-1.625
ExR5,ER2_a,-2.0625
ExR5,ER2_b,-1.75
ExR5,ER2_c,-2.7
ExR5,ER2_d,-2.5
ExR5,ER3a_a,-0.033333335
ExR5,ER3a_c,-0.4375
ExR5,ER3a_d,-0.05
ExR5,ER3d_a,-0.2857143
ExR5,ER3d_b,-0.0625
ExR5,ER3d_c,-0.30555555
ExR5,ER3d_d,-0.13636364
ExR5,ER3d_e,-0.14285715
ExR5,ER3m,-0.013888889
ExR5,ER3p_a,-0.21428572
ExR5,ER3p_b,-0.3125
ExR5,ER3w_a,-1.3928572
ExR5,ER3w_b,-0.41666666
ExR5,ER3w_c,-0.75
ExR5,ER4d,-3.7980769
ExR5,ER4m,-3.3181818
ExR5,ER5,-0.10714286
ExR5,ER6,-5.9375
ExR5,ExR1,-97.4375
ExR5,ExR2,-49.5625
ExR5,ExR3,-30.375
ExR5,ExR4,-6.5
ExR5,ExR5,-2.0
ExR5,ExR6,-2.875
ExR5,ExR7,-6.25
ExR5,ExR8,-5.5
ExR5,FB,-0.25
ExR5,FB1B,-0.625
ExR5,FB1C,-17.625
ExR5,FB1D,-0.2
ExR5,FB1E_a,-0.25
ExR5,FB1E_b,-0.875
ExR5,FB1F,-0.125
ExR5,FB1G,-7.375
ExR5,FB1H,-1.375
ExR5,FB1I,-0.125
ExR5,FB2A,-47.5625
ExR5,FB2B_a,-0.125
ExR5,FB2B_b,-43.4375
ExR5,FB2C,-6.1
ExR5,FB2D,-0.875
ExR5,FB2E,-2.6875
ExR5,FB2F_a,-7.375
ExR5,FB2F_b,-7.5833335
ExR5,FB2F_c,-0.25
ExR5,FB2F_d,-0.375
ExR5,FB2G_a,-10.75
ExR5,FB2G_b,-3.5833333
ExR5,FB2H_a,-1.125
ExR5,FB2H_b,-0.625
ExR5,FB2I_a,-0.7
ExR5,FB2I_b,-0.625
ExR5,FB2J_a,-11.875
ExR5,FB2J_b,-11.875
ExR5,FB2J_c,-19.5
ExR5,FB2K,-1.4444444
ExR5,FB2L,-0.25
ExR5,FB2M_a,-17.3125
ExR5,FB2M_b,-10.5
ExR5,FB3A,-0.0625
ExR5,FB3C,-0.3846154
ExR5,FB4A_a,-0.75
ExR5,FB4A_b,-1.75
ExR5,FB4B,-0.25
ExR5,FB4C,-0.75
ExR5,FB4E_a,-1.25
ExR5,FB4E_b,-1.5
ExR5,FB4F_a,-0.5
ExR5,FB4F_c,-0.45833334
ExR5,FB4H,-0.5
ExR5,FB4I,-0.125
ExR5,FB4L,-18.4375
ExR5,FB4M,-3.1875
ExR5,FB4N,-0.125
ExR5,FB4O,-1.3333334
ExR5,FB4P_a,-27.0625
ExR5,FB4P_b,-0.41666666
ExR5,FB4P_c,-1.125
ExR5,FB4Q_a,-0.375
ExR5,FB4Q_b,-0.5
ExR5,FB4R,-0.083333336
ExR5,FB4X,-0.25
ExR5,FB4Y,-59.625
ExR5,FB4Z_a,-0.6875
ExR5,FB4Z_b,-0.5833333
ExR5,FB4Z_c,-0.5
ExR5,FB5A,-0.625
ExR5,FB5AA,-6.0
ExR5,FB5AB,-0.375
ExR5,FB5C,-11.333333
ExR5,FB5D,-24.916666
ExR5,FB5E,-15.125
ExR5,FB5F,-15.125
ExR5,FB5G_a,-3.1875
ExR5,FB5G_b,-4.375
ExR5,FB5G_c,-7.25
ExR5,FB5H,-2.125
ExR5,FB5J,-1.375
ExR5,FB5K,-0.5
ExR5,FB5M,-1.5
ExR5,FB5N,-0.8125
ExR5,FB5O,-2.375
ExR5,FB5P,-7.8125
ExR5,FB5Q,-11.1875
ExR5,FB5R,-0.3125
ExR5,FB5S,-0.027777778
ExR5,FB5T,-12.0
ExR5,FB5U,-0.4375
ExR5,FB5V_a,-8.291667
ExR5,FB5V_b,-9.0
ExR5,FB5V_c,-5.65
ExR5,FB5W_a,-0.16666667
ExR5,FB5W_b,-0.25
ExR5,FB5X,-12.458333
ExR5,FB5Z,-4.6875
ExR5,FB6A_a,-0.125
ExR5,FB6A_b,-0.125
ExR5,FB6C_b,-0.041666668
ExR5,FB6K,-0.0625
ExR5,FB6M,-8.3125
ExR5,FB6N,-0.125
ExR5,FB6O,-0.125
ExR5,FB6P,-0.125
ExR5,FB6U,-0.75
ExR5,FB6V,-1.5
ExR5,FB6X,-1.625
ExR5,FB6Y,-0.125
ExR5,FB7A,-0.125
ExR5,FB7B,-0.875
ExR5,FB7D_a,-0.3125
ExR5,FB7E,-1.7083334
ExR5,FB7G,-0.375
ExR5,FB7I,-0.4
ExR5,FB7J,-0.0625
ExR5,FB8C,-0.5625
ExR5,FB8E,-0.4
ExR5,FB8G,-0.29166666
ExR5,FB8I,-1.8333334
ExR5,FB9B_b,-0.0625
ExR5,FC1A,-0.2647059
ExR5,FC1B,-0.8863636
ExR5,FC1C_a,-0.104166664
ExR5,FC1C_b,-0.11764706
ExR5,FC1D,-0.18
ExR5,FC1E,-0.26136363
ExR5,FC1F,-1.55
ExR5,FC2A,-0.6666667
ExR5,FC2B,-0.083333336
ExR5,FC2C,-0.15957446
ExR5,FC3_a,-7.897059
ExR5,FC3_b,-6.6875
ExR5,FC3_c,-4.9666667
ExR5,FR1,-0.125
ExR5,FR2,-3.0972223
ExR5,FS1A_a,-0.078125
ExR5,FS1A_b,-0.17307693
ExR5,FS1A_c,-0.027777778
ExR5,FS1B_a,-0.09615385
ExR5,FS1B_b,-0.09375
ExR5,FS2,-0.14880952
ExR5,FS3_a,-0.05
ExR5,FS3_b,-0.05357143
ExR5,FS3_c,-0.05357143
ExR5,FS3_d,-0.07258064
ExR5,FS4A,-0.01754386
ExR5,FS4B,-0.02586207
ExR5,FS4C,-0.035714287
ExR5,GLNO,-0.0625
ExR5,LAL013,-26.25
ExR5,LCNOp,-0.125
ExR5,LNO2,-0.125
ExR5,LPsP,-0.25
ExR5,OA-ASM2,-0.25
ExR5,OA-VPM3,-4.75
ExR5,PEG,-0.125
ExR5,PEN_a(PEN1),-1.15
ExR5,PEN_b(PEN2),-0.48863637
ExR5,PFGs,-0.18055555
ExR5,PFL1,-16.339285
ExR5,PFL2,-13.916667
ExR5,PFL3,-15.1875
ExR5,PFNa,-0.030172413
ExR5,PFNd,-0.0875
ExR5,PFNp_a,-0.00390625
ExR5,PFNp_b,-0.005514706
ExR5,PFNp_c,-0.0125
ExR5,PFNp_d,-0.017857144
ExR5,PFNv,-2.2875
ExR5,PFR_a,-5.276786
ExR5,PFR_b,-1.1875
ExR5,SIP064,-0.75
ExR5,SIP087,-2.0
ExR5,TuBu04,-0.125
ExR5,VES092,-0.125
ExR5,hDeltaA,-0.5833333
ExR5,hDeltaB,-0.05263158
ExR5,hDeltaC,-0.3625
ExR5,hDeltaD,-0.09375
ExR5,hDeltaH,-0.4375
ExR5,hDeltaI,-3.6323528
ExR5,hDeltaJ,-0.13709678
ExR5,hDeltaK,-0.13709678
ExR5,hDeltaM,-0.375
ExR5,vDeltaA_a,-0.0035714286
ExR5,vDeltaE,-0.041666668
ExR5,vDeltaF,-0.041666668
ExR5,vDeltaG,-0.055555556
ExR5,vDeltaH,-0.2777778
ExR5,vDeltaI_a,-0.20588236
ExR5,vDeltaI_b,-4.5375
ExR5,vDeltaJ,-4.5454545
ExR5,vDeltaK,-1.3670213
ExR5,vDeltaL,-0.013513514
ExR5,vDeltaM,-0.03181818
ExR6,AOTU019,-1.0
ExR6,ATL028,-1.5
ExR6,ATL035,-0.5
ExR6,ATL036,-0.5
ExR6,AVLP562,-0.25
ExR6,CB1062,-0.125
ExR6,CRE005,-0.6666667
ExR6,CRE006,-0.25
ExR6,CRE012,-2.0
ExR6,CRE021,-0.25
ExR6,CRE100,-0.5
ExR6,DNpe027,-0.5
ExR6,EL,-104.166664
ExR6,EPG,-67.78261
ExR6,EPGt,-13.75
ExR6,ER1_a,-0.72727275
ExR6,ER1_b,-1.8461539
ExR6,ER1_c,-0.875
ExR6,ER2_c,-0.075
ExR6,ER3a_b,-0.083333336
ExR6,ER3a_c,-0.25
ExR6,ER3w_a,-0.071428575
ExR6,ER4m,-0.3181818
ExR6,ER6,-9.125
ExR6,ExR1,-32.375
ExR6,ExR2,-78.5
ExR6,ExR3,-0.25
ExR6,ExR4,-62.0
ExR6,ExR5,-4.875
ExR6,ExR6,-15.25
ExR6,ExR7,-28.75
ExR6,ExR8,-1.625
ExR6,FB1C,-1.875
ExR6,FB1G,-0.25
ExR6,FB1H,-1.25
ExR6,FB2A,-2.625
ExR6,FB2B_b,-0.375
ExR6,FB2C,-1.5
ExR6,FB2D,-0.25
ExR6,FB2F_a,-0.25
ExR6,FB2F_c,-0.375
ExR6,FB2K,-0.33333334
ExR6,FB2L,-0.5
ExR6,FB2M_b,-0.25
ExR6,FB3C,-0.1923077
ExR6,FB3D,-0.5
ExR6,FB3E,-0.5
ExR6,FB4A_b,-0.5
ExR6,FB4B,-0.5
ExR6,FB4C,-0.25
ExR6,FB4D_a,-0.25
ExR6,FB4E_a,-0.7
ExR6,FB4E_b,-0.25
ExR6,FB4E_c,-0.75
ExR6,FB4F_a,-2.875
ExR6,FB4F_b,-1.5
ExR6,FB4F_c,-0.41666666
ExR6,FB4G,-1.25
ExR6,FB4H,-0.75
ExR6,FB4I,-1.75
ExR6,FB4J,-0.25
ExR6,FB4K,-0.125
ExR6,FB4L,-2.5
ExR6,FB4R,-0.083333336
ExR6,FB4Y,-8.375
ExR6,FB5A,-0.75
ExR6,FB5AB,-1.25
ExR6,FB5N,-0.25
ExR6,FB5V_a,-0.083333336
ExR6,FB5V_b,-0.25
ExR6,FB5V_c,-0.1
ExR6,FC1A,-0.64705884
ExR6,FC1B,-0.65909094
ExR6,FC1C_b,-0.029411765
ExR6,FC1D,-0.06
ExR6,FC1F,-0.2
ExR6,FC2A,-0.027777778
ExR6,FC2B,-0.018518519
ExR6,FC3_a,-0.11764706
ExR6,FC3_b,-0.15
ExR6,FC3_c,-0.5
ExR6,FR2,-0.055555556
ExR6,FS1A_c,-0.027777778
ExR6,GLNO,-1.25
ExR6,GNG667,-0.25
ExR6,IB049,-0.5
ExR6,LAL008,-0.5
ExR6,LAL013,-2.0
ExR6,LAL040,-0.5
ExR6,LAL042,-0.5
ExR6,LAL073,-0.5
ExR6,LAL155,-3.5
ExR6,LAL208,-0.5
ExR6,LCNOp,-2.75
ExR6,LCNOpm,-1.5
ExR6,LNO1,-0.5
ExR6,LNO2,-0.75
ExR6,LNOa,-0.5
ExR6,LPsP,-0.25
ExR6,MBON20,-0.25
ExR6,MBON35,-0.25
ExR6,PEG,-2.7222223
ExR6,PEN_a(PEN1),-127.225
ExR6,PEN_b(PEN2),-4.1363635
ExR6,PFGs,-0.1388889
ExR6,PFL1,-0.071428575
ExR6,PFL3,-0.020833334
ExR6,PFNa,-0.01724138
ExR6,PFNv,-0.175
ExR6,PFR_a,-1.0
ExR6,PFR_b,-0.15625
ExR6,PPL102,-0.5
ExR6,PPL108,-1.0
ExR6,PVLP200m_b,-0.5
ExR6,SIP064,-0.5
ExR6,SMP471,-0.5
ExR6,VES087,-2.0
ExR6,VES109,-2.0
ExR6,hDeltaA,-0.041666668
ExR6,hDeltaC,-0.125
ExR6,hDeltaD,-0.0625
ExR6,hDeltaI,-0.23529412
ExR6,hDeltaJ,-0.2580645
ExR6,hDeltaK,-2.967742
ExR6,hDeltaM,-0.0625
ExR6,vDeltaI_b,-0.15
ExR6,vDeltaK,-0.18085106
ExR6,vDeltaL,-0.2027027
ExR7,AOTU046,0.25
ExR7,ATL028,4.5
ExR7,ATL035,0.5
ExR7,CRE012,3.5
ExR7,DNpe053,0.5
ExR7,EL,5.861111
ExR7,EPG,10.26087
ExR7,EPGt,0.5625
ExR7,ER1_a,0.13636364
ExR7,ER1_b,4.1346154
ExR7,ER1_c,0.75
ExR7,ER2_b,0.0625
ExR7,ER3a_a,2.3833334
ExR7,ER3a_b,18.875
ExR7,ER3a_c,4.4375
ExR7,ER3a_d,5.65
ExR7,ER3m,0.3472222
ExR7,ER3w_a,0.21428572
ExR7,ER3w_b,0.027777778
ExR7,ER3w_c,0.125
ExR7,ER4d,0.009615385
ExR7,ER4m,0.20454545
ExR7,ER5,0.25
ExR7,ER6,1.125
ExR7,ExR1,8.25
ExR7,ExR2,2.1875
ExR7,ExR3,3.375
ExR7,ExR4,243.375
ExR7,ExR5,106.4375
ExR7,ExR6,39.5
ExR7,ExR7,34.6875
ExR7,ExR8,3.5
ExR7,FB1C,47.4375
ExR7,FB1G,3.625
ExR7,FB1H,4.625
ExR7,FB2A,16.125
ExR7,FB2B_b,0.25
ExR7,FB2C,0.15
ExR7,FB2D,1.75
ExR7,FB2G_b,0.041666668
ExR7,FB2I_a,0.025
ExR7,FB2K,0.027777778
ExR7,FB3A,0.25
ExR7,FB3C,0.8269231
ExR7,FB3E,0.5
ExR7,FB4B,27.875
ExR7,FB4C,21.875
ExR7,FB4E_a,0.3
ExR7,FB4E_b,0.0625
ExR7,FB4F_a,0.0625
ExR7,FB4F_c,0.16666667
ExR7,FB4K,0.0625
ExR7,FB4L,0.3125
ExR7,FB4M,35.6875
ExR7,FB4X,0.25
ExR7,FB4Y,78.25
ExR7,FB4Z_b,0.33333334
ExR7,FB4Z_c,0.125
ExR7,FB5A,8.25
ExR7,FB5AB,15.25
ExR7,FB5H,0.5
ExR7,FB5M,0.875
ExR7,FB5N,2.75
ExR7,FB5W_a,0.625
ExR7,FB6A_a,0.25
ExR7,FB6C_b,0.083333336
ExR7,FB6F,0.125
ExR7,FB6J,0.25
ExR7,FB6K,0.125
ExR7,FB6M,1.1875
ExR7,FB6R,0.125
ExR7,FB6S,0.03125
ExR7,FB6U,0.25
ExR7,FB7A,0.25
ExR7,FB7C,0.05
ExR7,FB7D_a,0.6875
ExR7,FB7D_b,0.125
ExR7,FB7J,1.9375
ExR7,FB8B,16.0
ExR7,FB8C,3.0
ExR7,FB8F_a,0.035714287
ExR7,FB8F_b,0.027777778
ExR7,FC2A,0.013888889
ExR7,FC3_a,0.014705882
ExR7,FC3_b,0.025
ExR7,FR1,0.013888889
ExR7,FS2,0.1904762
ExR7,FS3_c,0.071428575
ExR7,FS3_d,0.048387095
ExR7,FS4A,0.004385965
ExR7,FS4B,0.1637931
ExR7,LAL013,157.0
ExR7,LAL135,1.75
ExR7,LNO1,0.0625
ExR7,LNO2,20.875
ExR7,MBON26,4.75
ExR7,OA-VPM3,0.375
ExR7,OA-VUMa8,0.75
ExR7,PEG,0.4027778
ExR7,PEN_a(PEN1),1.25
ExR7,PEN_b(PEN2),0.84090906
ExR7,PFGs,0.055555556
ExR7,PFL1,0.08928572
ExR7,PFL2,0.041666668
ExR7,PFL3,0.010416667
ExR7,PFR_a,0.026785715
ExR7,SIP064,1.5
ExR7,hDeltaD,1.46875
ExR7,hDeltaI,0.014705882
ExR7,hDeltaK,0.25
ExR7,vDeltaL,0.11486486
ExR8,EL,0.013888889
ExR8,EPG,0.016304348
ExR8,ExR2,0.5
ExR8,ExR3,0.625
ExR8,ExR4,1.25
ExR8,ExR6,0.75
ExR8,ExR8,19.625
ExR8,FB3A,0.0625
ExR8,FB4Y,0.0625
ExR8,FB6M,0.125
ExR8,GLNO,0.125
ExR8,GNG667,0.25
ExR8,LAL119,4.0
ExR8,LAL135,0.5
ExR8,LNO2,0.125
ExR8,LPsP,37.75
ExR8,PEG,0.013888889
ExR8,PEN_a(PEN1),0.05
ExR8,PEN_b(PEN2),0.056818184
ExR8,SpsP,0.125
ExR8,hDeltaK,0.008064516
FB,ExR5,0.25
FB,FB4Z_c,0.25
FB,FB5V_b,0.33333334
FB,hDeltaA,0.16666667
FB,hDeltaI,0.05882353
FB1A,AN27X013,-0.6666667
FB1A,FB1A,-13.125
FB1A,FB1B,-0.8125
FB1A,FB1C,-0.25
FB1A,FB1D,-0.65
FB1A,FB1E_a,-12.2
FB1A,FB1E_b,-1.125
FB1A,FB1F,-3.75
FB1A,FB1G,-5.5
FB1A,FB1H,-0.125
FB1A,FB1I,-0.875
FB1A,FB1J,-0.875
FB1A,FB2B_b,-0.0625
FB1A,FB2C,-0.2
FB1A,FB2D,-0.6666667
FB1A,FB2E,-0.1875
FB1A,FB2F_b,-0.25
FB1A,FB2F_c,-2.5625
FB1A,FB2F_d,-4.6875
FB1A,FB2G_b,-1.125
FB1A,FB2I_a,-0.1
FB1A,FB2I_b,-0.125
FB1A,FB2K,-0.055555556
FB1A,FB2L,-6.125
FB1A,FB2M_a,-0.0625
FB1A,FB3A,-0.125
FB1A,FB3C,-4.1153846
FB1A,FB3E,-3.25
FB1A,FB4A_a,-0.041666668
FB1A,FB4C,-0.375
FB1A,FB4D_a,-1.25
FB1A,FB4D_b,-1.375
FB1A,FB4F_a,-0.125
FB1A,FB4Y,-0.0625
FB1A,FB6Q,-0.125
FB1A,FC1A,-0.029411765
FB1A,FC1B,-0.045454547
FB1A,FC1C_b,-0.014705882
FB1A,FC1D,-0.01
FB1A,FC1E,-0.022727273
FB1A,FC1F,-0.033333335
FB1A,FC2A,-0.041666668
FB1A,FC2B,-0.3888889
FB1A,FC2C,-2.744681
FB1A,FC3_a,-0.04411765
FB1A,FC3_b,-0.0625
FB1A,FC3_c,-0.26666668
FB1A,FR1,-0.027777778
FB1A,FS1A_a,-0.015625
FB1A,FS1A_b,-0.115384616
FB1A,FS1A_c,-0.041666668
FB1A,FS1B_a,-0.03846154
FB1A,FS1B_b,-0.046875
FB1A,FS2,-0.26190478
FB1A,FS3,-1.0
FB1A,FS3_a,-1.1333333
FB1A,FS3_b,-0.60714287
FB1A,FS3_c,-0.89285713
FB1A,FS3_d,-0.2983871
FB1A,FS4A,-0.25
FB1A,FS4B,-0.03448276
FB1A,FS4C,-0.05357143
FB1A,LCNOp,-0.125
FB1A,OA-VPM3,-0.125
FB1A,PEN_b(PEN2),-0.011363637
FB1A,PFL1,-0.017857144
FB1A,PFNa,-0.03448276
FB1A,PFNd,-0.025
FB1A,PFNm_b,-0.13461539
FB1A,PFNp_a,-0.0078125
FB1A,PFNp_b,-0.0018382353
FB1A,PFNp_c,-0.00625
FB1A,PFNv,-0.0375
FB1A,PFR_a,-0.017857144
FB1A,PFR_b,-0.0625
FB1A,SAF,-0.03125
FB1A,hDeltaC,-0.425
FB1A,hDeltaD,-0.25
FB1A,hDeltaE,-0.6875
FB1A,hDeltaF,-0.84375
FB1A,hDeltaG,-0.21875
FB1A,hDeltaJ,-0.06451613
FB1A,hDeltaL,-2.0454545
FB1A,hDeltaM,-0.03125
FB1A,vDeltaA_b,-0.516129
FB1A,vDeltaB,-1.3225807
FB1A,vDeltaC,-4.0833335
FB1A,vDeltaD,-4.214286
FB1A,vDeltaE,-1.7638888
FB1A,vDeltaF,-0.18055555
FB1A,vDeltaL,-0.006756757
FB1B,ExR5,-0.5625
FB1B,ExR6,-0.125
FB1B,FB1A,-2.4375
FB1B,FB1B,-2.3125
FB1B,FB1C,-3.6875
FB1B,FB1D,-7.95
FB1B,FB1E_a,-6.0
FB1B,FB1E_b,-13.625
FB1B,FB1F,-3.25
FB1B,FB1G,-27.375
FB1B,FB1H,-0.125
FB1B,FB1I,-1.0
FB1B,FB1J,-4.0
FB1B,FB2A,-0.125
FB1B,FB2B_b,-0.4375
FB1B,FB2C,-0.05
FB1B,FB2D,-1.25
FB1B,FB2E,-0.25
FB1B,FB2F_a,-0.083333336
FB1B,FB2F_c,-0.875
FB1B,FB2F_d,-0.5625
FB1B,FB2G_b,-5.0
FB1B,FB2H_a,-0.25
FB1B,FB2H_b,-0.125
FB1B,FB2I_a,-0.75
FB1B,FB2I_b,-0.25
FB1B,FB2J_a,-0.625
FB1B,FB2J_b,-0.875
FB1B,FB2J_c,-0.875
FB1B,FB2K,-0.22222222
FB1B,FB2L,-0.5
FB1B,FB2M_a,-0.0625
FB1B,FB2M_b,-0.375
FB1B,FB3C,-0.21153846
FB1B,FB3E,-0.5
FB1B,FB4C,-0.125
FB1B,FB4E_a,-0.05
FB1B,FB4F_c,-0.041666668
FB1B,FB4L,-0.3125
FB1B,FB4Y,-0.0625
FB1B,FB7A,-0.041666668
FB1B,FB7B,-0.25
FB1B,FB7G,-0.0625
FB1B,FB7H,-0.125
FB1B,FB7L,-0.041666668
FB1B,FC,-0.083333336
FB1B,FC1A,-0.05882353
FB1B,FC1B,-0.125
FB1B,FC1C_a,-0.083333336
FB1B,FC1C_b,-0.04411765
FB1B,FC1D,-0.15
FB1B,FC1E,-0.06818182
FB1B,FC1F,-0.083333336
FB1B,FC2A,-0.041666668
FB1B,FC2B,-0.8055556
FB1B,FC2C,-1.6170213
FB1B,FC3_a,-0.05882353
FB1B,FC3_b,-0.05
FB1B,FC3_c,-0.2
FB1B,FR1,-0.027777778
FB1B,FS1A_a,-0.015625
FB1B,FS1A_b,-0.01923077
FB1B,FS2,-0.017857144
FB1B,FS3,-1.375
FB1B,FS3_a,-0.18333334
FB1B,FS3_b,-0.35714287
FB1B,FS3_c,-0.16071428
FB1B,FS3_d,-0.6532258
FB1B,FS4A,-1.627193
FB1B,FS4B,-0.15517241
FB1B,FS4C,-0.0625
FB1B,LCNOp,-0.75
FB1B,PEN_a(PEN1),-0.0125
FB1B,PFL1,-0.96428573
FB1B,PFL2,-0.020833334
FB1B,PFL3,-0.03125
FB1B,PFNa,-0.073275864
FB1B,PFNd,-0.025
FB1B,PFNm_a,-0.3690476
FB1B,PFNm_b,-1.2692307
FB1B,PFNp_a,-0.0078125
FB1B,PFNp_b,-0.022058824
FB1B,PFNp_c,-0.04375
FB1B,PFNp_d,-0.035714287
FB1B,PFNv,-0.0375
FB1B,PFR_a,-0.008928572
FB1B,SA1_a,-0.5
FB1B,SA1_b,-0.25
FB1B,SA1_c,-0.25
FB1B,SA2_a,-0.5833333
FB1B,SA2_b,-0.5625
FB1B,SA2_c,-0.625
FB1B,SA3,-1.46875
FB1B,SAF,-1.34375
FB1B,hDeltaB,-0.02631579
FB1B,hDeltaC,-0.55
FB1B,hDeltaD,-1.40625
FB1B,hDeltaE,-0.375
FB1B,hDeltaF,-0.21875
FB1B,hDeltaG,-0.0625
FB1B,hDeltaI,-0.04411765
FB1B,hDeltaJ,-0.016129032
FB1B,hDeltaK,-0.008064516
FB1B,hDeltaL,-0.3409091
FB1B,hDeltaM,-0.03125
FB1B,vDeltaA_a,-0.87142855
FB1B,vDeltaA_b,-1.298387
FB1B,vDeltaB,-0.87096775
FB1B,vDeltaC,-0.6018519
FB1B,vDeltaD,-0.27380952
FB1B,vDeltaE,-0.06944445
FB1B,vDeltaF,-0.027777778
FB1B,vDeltaG,-0.013888889
FB1B,vDeltaI_a,-0.029411765
FB1B,vDeltaI_b,-0.0125
FB1B,vDeltaK,-0.005319149
FB1C,AN27X013,0.25
FB1C,AVLP705m,1.5
FB1C,CRE004,0.25
FB1C,CRE011,0.25
FB1C,CRE081,0.5
FB1C,DNc02,0.875
FB1C,EL,0.45833334
FB1C,EPG,0.4728261
FB1C,ER1_a,0.022727273
FB1C,ER1_b,0.07692308
FB1C,ER2_a,0.020833334
FB1C,ER2_b,0.0625
FB1C,ER2_c,0.0125
FB1C,ER3a_b,0.125
FB1C,ER4m,0.22727273
FB1C,ER6,0.0625
FB1C,ExR1,0.0625
FB1C,ExR2,0.5
FB1C,ExR4,2.125
FB1C,ExR5,0.75
FB1C,ExR6,3.5
FB1C,ExR7,2.125
FB1C,ExR8,1.125
FB1C,FB1A,0.5625
FB1C,FB1B,2.375
FB1C,FB1C,12.9375
FB1C,FB1D,2.25
FB1C,FB1E_a,0.8
FB1C,FB1E_b,1.75
FB1C,FB1F,2.75
FB1C,FB1G,3.125
FB1C,FB1H,7.375
FB1C,FB1I,0.25
FB1C,FB1J,0.625
FB1C,FB2A,0.375
FB1C,FB2B_b,0.5
FB1C,FB2C,0.05
FB1C,FB2D,0.16666667
FB1C,FB2E,0.125
FB1C,FB2F_a,0.041666668
FB1C,FB2F_c,0.25
FB1C,FB2F_d,0.125
FB1C,FB2G_b,0.125
FB1C,FB2H_b,0.125
FB1C,FB2I_a,0.075
FB1C,FB2I_b,0.25
FB1C,FB2J_a,0.125
FB1C,FB2L,0.0625
FB1C,FB2M_a,0.0625
FB1C,FB3C,0.01923077
FB1C,FB3E,0.25
FB1C,FB4B,0.25
FB1C,FB4C,0.625
FB1C,FB4E_a,0.05
FB1C,FB4F_a,0.0625
FB1C,FB4F_c,0.16666667
FB1C,FB4K,0.0625
FB1C,FB4M,0.875
FB1C,FB4O,0.125
FB1C,FB4P_a,0.0625
FB1C,FB4P_c,0.125
FB1C,FB4R,0.20833333
FB1C,FB4Y,6.375
FB1C,FB5V_a,0.041666668
FB1C,FB5V_c,0.05
FB1C,FB6M,0.0625
FB1C,FC,0.25
FB1C,FC1A,0.14705883
FB1C,FC1B,0.022727273
FB1C,FC1D,0.02
FB1C,FC1E,0.011363637
FB1C,FC1F,0.033333335
FB1C,FC2A,1.4583334
FB1C,FC2B,0.537037
FB1C,FC2C,0.35638297
FB1C,FC3_a,0.0882353
FB1C,FC3_b,0.0125
FB1C,FC3_c,0.033333335
FB1C,FR1,0.027777778
FB1C,FS1A_a,0.046875
FB1C,FS1A_c,0.013888889
FB1C,FS2,0.005952381
FB1C,FS3,0.5
FB1C,FS3_a,0.36666667
FB1C,FS3_b,0.19642857
FB1C,FS3_c,0.375
FB1C,FS3_d,0.04032258
FB1C,FS4A,0.06140351
FB1C,FS4B,0.077586204
FB1C,FS4C,0.071428575
FB1C,GLNO,4.125
FB1C,LAL007,0.25
FB1C,LAL013,0.75
FB1C,LAL155,0.5
FB1C,LAL200,0.25
FB1C,LCNOp,2.25
FB1C,LCNOpm,8.75
FB1C,LNO1,0.3125
FB1C,LNOa,0.125
FB1C,MBON20,0.375
FB1C,MBON25,0.125
FB1C,OA-VPM3,0.375
FB1C,PEG,0.041666668
FB1C,PEN_a(PEN1),4.4125
FB1C,PEN_b(PEN2),1.75
FB1C,PFL1,0.017857144
FB1C,PFL2,2.2916667
FB1C,PFL3,2.59375
FB1C,PFNa,0.3448276
FB1C,PFNd,0.125
FB1C,PFNm_a,4.428571
FB1C,PFNm_b,7.2115383
FB1C,PFNp_a,0.78515625
FB1C,PFNp_b,1.4908088
FB1C,PFNp_c,2.2375
FB1C,PFNp_d,1.5982143
FB1C,PFNp_e,0.95652175
FB1C,PFNv,0.1625
FB1C,PPL102,0.5
FB1C,PVLP093,0.25
FB1C,SA3,0.09375
FB1C,SAF,0.03125
FB1C,SIP064,0.5
FB1C,hDeltaB,0.013157895
FB1C,hDeltaC,0.3625
FB1C,hDeltaD,0.09375
FB1C,hDeltaE,0.03125
FB1C,hDeltaF,0.25
FB1C,hDeltaI,1.867647
FB1C,hDeltaJ,0.3467742
FB1C,hDeltaK,0.024193548
FB1C,hDeltaL,0.022727273
FB1C,hDeltaM,0.09375
FB1C,vDeltaA_a,0.5214286
FB1C,vDeltaA_b,1.266129
FB1C,vDeltaB,1.3225807
FB1C,vDeltaC,1.3518518
FB1C,vDeltaD,0.97619045
FB1C,vDeltaE,0.7638889
FB1C,vDeltaF,0.8333333
FB1C,vDeltaG,1.4444444
FB1C,vDeltaH,2.2777777
FB1C,vDeltaI_a,2.6911764
FB1C,vDeltaI_b,1.85
FB1C,vDeltaJ,1.7272727
FB1C,vDeltaK,2.0106382
FB1C,vDeltaL,2.2770271
FB1C,vDeltaM,1.0227273
FB1D,AN27X013,-0.06666667
FB1D,ER1_c,-0.05
FB1D,ExR4,-1.7
FB1D,ExR5,-0.75
FB1D,ExR7,-0.1
FB1D,ExR8,-0.15
FB1D,FB1A,-5.2
FB1D,FB1B,-20.35
FB1D,FB1C,-5.5
FB1D,FB1D,-25.52
FB1D,FB1E_a,-12.48
FB1D,FB1E_b,-27.0
FB1D,FB1F,-10.0
FB1D,FB1G,-2.2
FB1D,FB1H,-0.1
FB1D,FB1I,-11.7
FB1D,FB1J,-27.8
FB1D,FB2A,-0.05
FB1D,FB2B_a,-0.05
FB1D,FB2B_b,-0.05
FB1D,FB2D,-2.0
FB1D,FB2E,-0.15
FB1D,FB2F_a,-0.06666667
FB1D,FB2F_b,-0.06666667
FB1D,FB2F_c,-0.1
FB1D,FB2F_d,-0.05
FB1D,FB2G_b,-0.1
FB1D,FB2H_a,-0.7
FB1D,FB2I_a,-0.1
FB1D,FB2I_b,-1.3
FB1D,FB2J_a,-0.2
FB1D,FB2K,-0.022222223
FB1D,FB2L,-0.4
FB1D,FB2M_a,-0.1
FB1D,FB2M_b,-0.1
FB1D,FB3C,-0.50769234
FB1D,FB3E,-0.5
FB1D,FB4C,-0.1
FB1D,FB4L,-0.2
FB1D,FB4X,-0.1
FB1D,FB4Y,-10.7
FB1D,FB6F,-0.1
FB1D,FB7A,-0.06666667
FB1D,FB7L,-0.1
FB1D,FC1B,-0.009090909
FB1D,FC1C_a,-0.033333335
FB1D,FC1C_b,-0.105882354
FB1D,FC1D,-0.024
FB1D,FC1E,-0.018181818
FB1D,FC1F,-0.06666667
FB1D,FC2B,-0.0074074073
FB1D,FC2C,-0.068085104
FB1D,FC3_b,-0.01
FB1D,FC3_c,-0.08
FB1D,FR2,-0.022222223
FB1D,FS3,-0.6
FB1D,FS3_a,-0.026666667
FB1D,FS3_b,-0.071428575
FB1D,FS3_d,-0.045161292
FB1D,FS4A,-1.2105263
FB1D,FS4B,-0.5724138
FB1D,FS4C,-0.12857144
FB1D,PFL1,-1.0285715
FB1D,PFL2,-0.016666668
FB1D,PFL3,-0.008333334
FB1D,PFNa,-0.020689655
FB1D,PFNd,-0.005
FB1D,PFNm_a,-0.00952381
FB1D,PFNm_b,-0.015384615
FB1D,PFNp_a,-0.059375
FB1D,PFNp_b,-0.03382353
FB1D,PFNp_d,-0.8142857
FB1D,SA1_a,-0.26666668
FB1D,SA1_b,-0.44
FB1D,SA1_c,-0.2
FB1D,SA2_a,-0.8666667
FB1D,SA2_b,-1.35
FB1D,SA2_c,-0.4
FB1D,SA3,-0.85
FB1D,SAF,-0.6
FB1D,hDeltaC,-0.09
FB1D,hDeltaD,-3.575
FB1D,hDeltaE,-0.625
FB1D,hDeltaF,-2.7
FB1D,vDeltaA_a,-0.3342857
FB1D,vDeltaA_b,-4.4451613
FB1D,vDeltaB,-1.4064516
FB1D,vDeltaC,-0.05925926
FB1D,vDeltaD,-0.01904762
FB1D,vDeltaF,-0.022222223
FB1D,vDeltaI_b,-0.06
FB1E_a,ExR4,-1.4
FB1E_a,ExR5,-0.2
FB1E_a,ExR6,-0.1
FB1E_a,ExR8,-0.05
FB1E_a,FB1A,-14.15
FB1E_a,FB1B,-5.8
FB1E_a,FB1C,-3.5
FB1E_a,FB1D,-3.4
FB1E_a,FB1E_a,-5.6
FB1E_a,FB1E_b,-10.7
FB1E_a,FB1F,-13.1
FB1E_a,FB1G,-0.9
FB1E_a,FB1H,-0.9
FB1E_a,FB1I,-7.6
FB1E_a,FB1J,-4.3
FB1E_a,FB2A,-0.1
FB1E_a,FB2B_a,-0.05
FB1E_a,FB2B_b,-0.05
FB1E_a,FB2C,-0.04
FB1E_a,FB2D,-3.2666667
FB1E_a,FB2E,-0.25
FB1E_a,FB2F_a,-0.1
FB1E_a,FB2F_c,-0.85
FB1E_a,FB2F_d,-1.05
FB1E_a,FB2G_b,-0.16666667
FB1E_a,FB2H_a,-0.5
FB1E_a,FB2H_b,-0.2
FB1E_a,FB2I_a,-0.08
FB1E_a,FB2I_b,-0.2
FB1E_a,FB2J_a,-0.2
FB1E_a,FB2J_b,-0.1
FB1E_a,FB2K,-0.06666667
FB1E_a,FB2L,-2.75
FB1E_a,FB2M_a,-0.15
FB1E_a,FB3C,-0.9846154
FB1E_a,FB3E,-0.2
FB1E_a,FB4C,-5.7
FB1E_a,FB4D_b,-0.1
FB1E_a,FB4L,-0.15
FB1E_a,FB4Y,-0.05
FB1E_a,FB5AB,-0.1
FB1E_a,FB6B,-0.6
FB1E_a,FB6U,-0.05
FB1E_a,FB7L,-0.26666668
FB1E_a,FB8A,-0.8
FB1E_a,FB8H,-0.13333334
FB1E_a,FC,-0.26666668
FB1E_a,FC1A,-0.105882354
FB1E_a,FC1B,-0.2
FB1E_a,FC1C_a,-0.38333333
FB1E_a,FC1C_b,-0.21176471
FB1E_a,FC1D,-0.192
FB1E_a,FC1E,-0.23636363
FB1E_a,FC1F,-0.18666667
FB1E_a,FC2B,-0.7185185
FB1E_a,FC2C,-4.53617
FB1E_a,FC3_a,-0.14117648
FB1E_a,FC3_b,-0.1
FB1E_a,FC3_c,-0.37333333
FB1E_a,FR1,-0.8666667
FB1E_a,FR2,-0.07777778
FB1E_a,FS1A_a,-0.025
FB1E_a,FS1A_b,-0.18461539
FB1E_a,FS1A_c,-0.044444446
FB1E_a,FS2,-0.023809524
FB1E_a,FS3,-0.8
FB1E_a,FS3_b,-0.042857144
FB1E_a,FS3_c,-0.042857144
FB1E_a,FS3_d,-0.20645161
FB1E_a,FS4A,-0.08070175
FB1E_a,FS4B,-0.020689655
FB1E_a,FS4C,-0.057142857
FB1E_a,PEG,-0.011111111
FB1E_a,PEN_a(PEN1),-0.02
FB1E_a,PFL1,-0.6
FB1E_a,PFL2,-0.016666668
FB1E_a,PFL3,-0.008333334
FB1E_a,PFNa,-0.048275862
FB1E_a,PFNd,-0.055
FB1E_a,PFNm_b,-0.06923077
FB1E_a,PFNp_a,-0.00625
FB1E_a,PFNp_b,-0.0029411765
FB1E_a,PFNv,-0.06
FB1E_a,SAF,-0.025
FB1E_a,hDeltaB,-0.6210526
FB1E_a,hDeltaC,-8.85
FB1E_a,hDeltaD,-0.45
FB1E_a,hDeltaE,-3.1
FB1E_a,hDeltaF,-11.85
FB1E_a,hDeltaG,-3.45
FB1E_a,hDeltaH,-0.125
FB1E_a,hDeltaI,-0.15294118
FB1E_a,hDeltaJ,-0.058064517
FB1E_a,hDeltaL,-11.945455
FB1E_a,hDeltaM,-0.25
FB1E_a,vDeltaA_b,-0.58064514
FB1E_a,vDeltaB,-2.0516129
FB1E_a,vDeltaC,-4.6518517
FB1E_a,vDeltaD,-4.133333
FB1E_a,vDeltaE,-1.2111111
FB1E_a,vDeltaF,-0.21111111
FB1E_a,vDeltaG,-0.033333335
FB1E_a,vDeltaI_a,-0.023529412
FB1E_a,vDeltaJ,-0.018181818
FB1E_a,vDeltaL,-0.0054054055
FB1E_b,ExR4,-4.25
FB1E_b,ExR5,-1.625
FB1E_b,ExR7,-0.375
FB1E_b,ExR8,-0.5
FB1E_b,FB1A,-13.0
FB1E_b,FB1B,-15.125
FB1E_b,FB1C,-27.625
FB1E_b,FB1D,-12.7
FB1E_b,FB1E_a,-12.2
FB1E_b,FB1E_b,-12.5
FB1E_b,FB1F,-17.25
FB1E_b,FB1G,-0.75
FB1E_b,FB1I,-9.0
FB1E_b,FB1J,-14.5
FB1E_b,FB2B_b,-0.125
FB1E_b,FB2D,-6.75
FB1E_b,FB2E,-0.25
FB1E_b,FB2F_d,-0.25
FB1E_b,FB2G_b,-0.083333336
FB1E_b,FB2H_a,-1.0
FB1E_b,FB2H_b,-0.25
FB1E_b,FB2I_a,-0.15
FB1E_b,FB2I_b,-0.5
FB1E_b,FB2J_b,-0.25
FB1E_b,FB2J_c,-0.25
FB1E_b,FB2K,-0.055555556
FB1E_b,FB2L,-0.125
FB1E_b,FB2M_a,-0.125
FB1E_b,FB3C,-0.96153843
FB1E_b,FB3E,-0.5
FB1E_b,FB4C,-2.5
FB1E_b,FB4L,-0.125
FB1E_b,FB4Y,-2.875
FB1E_b,FB6F,-0.25
FB1E_b,FB7B,-0.25
FB1E_b,FB7K,-0.375
FB1E_b,FB8A,-0.5
FB1E_b,FB8F_b,-0.11111111
FB1E_b,FB8H,-0.083333336
FB1E_b,FC,-0.16666667
FB1E_b,FC1A,-0.0882353
FB1E_b,FC1B,-0.022727273
FB1E_b,FC1C_b,-0.05882353
FB1E_b,FC1E,-0.045454547
FB1E_b,FC1F,-0.06666667
FB1E_b,FC2B,-0.09259259
FB1E_b,FC2C,-1.5106384
FB1E_b,FC3_a,-0.029411765
FB1E_b,FC3_b,-0.05
FB1E_b,FC3_c,-0.2
FB1E_b,FR2,-0.16666667
FB1E_b,FS2,-0.023809524
FB1E_b,FS3,-3.25
FB1E_b,FS3_c,-0.071428575
FB1E_b,FS3_d,-0.2580645
FB1E_b,FS4A,-0.7368421
FB1E_b,FS4B,-0.20689656
FB1E_b,FS4C,-0.16071428
FB1E_b,PFL1,-1.0
FB1E_b,PFNa,-0.01724138
FB1E_b,PFNd,-0.025
FB1E_b,PFNm_b,-0.13461539
FB1E_b,PFNp_a,-0.0390625
FB1E_b,PFNp_b,-0.033088237
FB1E_b,PFNp_d,-0.35714287
FB1E_b,SA2_a,-0.8333333
FB1E_b,SA2_b,-0.25
FB1E_b,SAF,-0.25
FB1E_b,hDeltaC,-0.4
FB1E_b,hDeltaD,-5.625
FB1E_b,hDeltaE,-4.375
FB1E_b,hDeltaF,-11.375
FB1E_b,hDeltaL,-0.4090909
FB1E_b,hDeltaM,-0.0625
FB1E_b,vDeltaA_a,-0.13571429
FB1E_b,vDeltaA_b,-3.1451614
FB1E_b,vDeltaB,-3.532258
FB1E_b,vDeltaC,-2.0925925
FB1E_b,vDeltaD,-0.45238096
FB1E_b,vDeltaE,-0.083333336
FB1E_b,vDeltaI_a,-0.05882353
FB1F,ExR5,-0.25
FB1F,FB1A,-7.25
FB1F,FB1B,-2.0
FB1F,FB1C,-7.625
FB1F,FB1D,-1.9
FB1F,FB1E_a,-9.9
FB1F,FB1E_b,-5.75
FB1F,FB1F,-2.25
FB1F,FB1G,-10.75
FB1F,FB1I,-0.75
FB1F,FB1J,-2.0
FB1F,FB2A,-0.25
FB1F,FB2B_b,-0.125
FB1F,FB2C,-0.2
FB1F,FB2D,-1.25
FB1F,FB2E,-0.375
FB1F,FB2F_c,-2.5
FB1F,FB2F_d,-0.5
FB1F,FB2G_b,-0.8333333
FB1F,FB2H_b,-0.25
FB1F,FB2I_a,-0.05
FB1F,FB2K,-0.055555556
FB1F,FB2L,-1.75
FB1F,FB2M_a,-0.125
FB1F,FB2M_b,-0.25
FB1F,FB3C,-0.07692308
FB1F,FB4L,-0.125
FB1F,FB6I,-0.25
FB1F,FC1A,-0.0882353
FB1F,FC1C_a,-0.041666668
FB1F,FC1D,-0.06
FB1F,FC1F,-0.1
FB1F,FC2B,-0.8888889
FB1F,FC2C,-3.031915
FB1F,FC3_b,-0.05
FB1F,FC3_c,-0.2
FB1F,FR1,-0.1388889
FB1F,FS1B_b,-0.03125
FB1F,FS2,-0.023809524
FB1F,FS3,-1.5
FB1F,FS3_a,-0.33333334
FB1F,FS3_b,-0.25
FB1F,FS3_c,-0.21428572
FB1F,FS3_d,-0.46774194
FB1F,FS4A,-0.12280702
FB1F,FS4B,-0.03448276
FB1F,FS4C,-0.017857144
FB1F,PFL1,-0.21428572
FB1F,PFL2,-0.083333336
FB1F,PFL3,-0.0625
FB1F,PFNa,-0.12931034
FB1F,PFNd,-0.05
FB1F,PFNm_a,-0.71428573
FB1F,PFNm_b,-3.7307692
FB1F,PFNp_a,-0.015625
FB1F,PFNp_b,-0.040441178
FB1F,PFNp_c,-0.05
FB1F,PFNp_d,-0.017857144
FB1F,PFNv,-0.025
FB1F,SA3,-0.1875
FB1F,hDeltaC,-1.85
FB1F,hDeltaD,-2.3125
FB1F,hDeltaE,-3.0625
FB1F,hDeltaF,-0.375
FB1F,hDeltaG,-0.1875
FB1F,hDeltaJ,-0.032258064
FB1F,hDeltaL,-4.7727275
FB1F,vDeltaA_b,-0.29032257
FB1F,vDeltaB,-1.6290323
FB1F,vDeltaC,-3.4074075
FB1F,vDeltaD,-2.0
FB1F,vDeltaE,-0.25
FB1F,vDeltaG,-0.027777778
FB1F,vDeltaH,-0.055555556
FB1G,AN27X013,2.8333333
FB1G,EL,4.0833335
FB1G,EPG,0.13043478
FB1G,ER1_a,0.045454547
FB1G,ER3m,0.027777778
FB1G,ExR2,0.125
FB1G,ExR5,2.375
FB1G,ExR6,0.25
FB1G,ExR7,4.625
FB1G,FB1A,0.5
FB1G,FB1B,2.125
FB1G,FB1C,7.875
FB1G,FB1D,1.4
FB1G,FB1E_a,4.3
FB1G,FB1E_b,1.5
FB1G,FB1G,1.25
FB1G,FB1H,2.25
FB1G,FB1I,3.0
FB1G,FB1J,9.5
FB1G,FB2A,0.75
FB1G,FB2B_a,0.125
FB1G,FB2B_b,0.625
FB1G,FB2C,2.5
FB1G,FB2D,22.583334
FB1G,FB2E,0.375
FB1G,FB2F_a,0.9166667
FB1G,FB2F_b,0.5
FB1G,FB2F_c,2.125
FB1G,FB2F_d,3.375
FB1G,FB2G_b,1.0
FB1G,FB2H_a,0.25
FB1G,FB2H_b,1.5
FB1G,FB2I_a,0.4
FB1G,FB2I_b,0.25
FB1G,FB2J_a,0.5
FB1G,FB2J_b,0.25
FB1G,FB2J_c,2.25
FB1G,FB2K,3.3333333
FB1G,FB2L,0.5
FB1G,FB2M_a,0.875
FB1G,FB2M_b,0.5
FB1G,FB3A,0.25
FB1G,FB3C,34.96154
FB1G,FB3E,39.75
FB1G,FB4A_b,0.25
FB1G,FB4C,36.25
FB1G,FB4D_a,7.0
FB1G,FB4D_b,2.25
FB1G,FB4D_c,0.25
FB1G,FB4L,0.625
FB1G,FB4M,1.25
FB1G,FB4N,56.25
FB1G,FB4Y,0.625
FB1G,FB5A,0.625
FB1G,FB5G_a,0.5
FB1G,FB6U,0.5
FB1G,FB6V,1.5
FB1G,FB7E,0.33333334
FB1G,FB8I,0.083333336
FB1G,FC,1.1666666
FB1G,FC1A,9.205882
FB1G,FC1B,19.818182
FB1G,FC1C_a,0.7083333
FB1G,FC1C_b,1.8235294
FB1G,FC1D,1.32
FB1G,FC1E,1.1590909
FB1G,FC1F,26.566668
FB1G,FC2A,0.083333336
FB1G,FC2B,0.37037036
FB1G,FC2C,9.478724
FB1G,FC3_a,16.352942
FB1G,FC3_b,20.825
FB1G,FC3_c,19.3
FB1G,FR1,10.861111
FB1G,FR2,2.4444444
FB1G,FS1A_a,4.15625
FB1G,FS1A_b,1.1923077
FB1G,FS1A_c,0.2777778
FB1G,FS1B_a,0.07692308
FB1G,FS1B_b,0.125
FB1G,FS2,4.928571
FB1G,FS3,12.5
FB1G,FS3_a,3.1666667
FB1G,FS3_b,5.464286
FB1G,FS3_c,4.178571
FB1G,FS3_d,4.774194
FB1G,FS4A,5.517544
FB1G,FS4B,2.810345
FB1G,FS4C,1.1607143
FB1G,OA-VPM3,0.75
FB1G,PEG,0.083333336
FB1G,PFGs,0.2777778
FB1G,PFL1,0.2857143
FB1G,PFL2,1.375
FB1G,PFL3,0.35416666
FB1G,PFNa,0.0862069
FB1G,PFNd,0.1
FB1G,PFNm_a,0.04761905
FB1G,PFNm_b,0.057692308
FB1G,PFNp_a,0.0859375
FB1G,PFNp_b,0.0882353
FB1G,PFNp_d,0.76785713
FB1G,PFNv,0.275
FB1G,PFR_a,12.482142
FB1G,PFR_b,15.5625
FB1G,SA1_a,0.6666667
FB1G,SA2_a,0.33333334
FB1G,SA2_b,0.125
FB1G,SA2_c,0.75
FB1G,SA3,0.875
FB1G,SAF,0.125
FB1G,hDeltaA,0.041666668
FB1G,hDeltaB,0.4473684
FB1G,hDeltaC,19.55
FB1G,hDeltaD,0.1875
FB1G,hDeltaE,0.0625
FB1G,hDeltaF,0.5
FB1G,hDeltaG,4.1875
FB1G,hDeltaH,0.5
FB1G,hDeltaI,2.4411764
FB1G,hDeltaJ,18.096775
FB1G,hDeltaK,11.306452
FB1G,hDeltaL,0.8181818
FB1G,hDeltaM,0.375
FB1G,vDeltaA_a,4.6
FB1G,vDeltaA_b,4.032258
FB1G,vDeltaB,1.951613
FB1G,vDeltaC,3.648148
FB1G,vDeltaD,5.642857
FB1G,vDeltaE,6.2222223
FB1G,vDeltaF,5.6666665
FB1G,vDeltaG,5.75
FB1G,vDeltaH,3.5555556
FB1G,vDeltaI_a,2.1764705
FB1G,vDeltaI_b,0.625
FB1G,vDeltaM,0.018181818
FB1H,AVLP562,0.25
FB1H,CB1062,0.125
FB1H,CB1287,0.25
FB1H,CL199,0.25
FB1H,CRE004,1.5
FB1H,CRE005,0.6666667
FB1H,CRE011,1.0
FB1H,CRE012,1.5
FB1H,CRE021,0.25
FB1H,CRE100,0.5
FB1H,DNc02,0.25
FB1H,EL,0.083333336
FB1H,EPG,0.17391305
FB1H,EPGt,0.375
FB1H,ExR5,3.5
FB1H,ExR8,0.125
FB1H,FB1A,0.125
FB1H,FB1C,5.125
FB1H,FB1D,0.1
FB1H,FB1E_a,0.5
FB1H,FB1F,0.25
FB1H,FB1G,9.25
FB1H,FB1H,13.5
FB1H,FB1J,0.25
FB1H,FB2A,4.25
FB1H,FB2B_a,1.125
FB1H,FB2B_b,3.25
FB1H,FB2C,6.0
FB1H,FB2D,9.416667
FB1H,FB2E,0.25
FB1H,FB2F_a,1.5
FB1H,FB2F_b,14.666667
FB1H,FB2F_c,4.5
FB1H,FB2F_d,5.5
FB1H,FB2G_a,10.75
FB1H,FB2G_b,3.0833333
FB1H,FB2H_a,1.75
FB1H,FB2H_b,1.25
FB1H,FB2I_a,1.1
FB1H,FB2I_b,1.0
FB1H,FB2J_a,0.5
FB1H,FB2J_b,0.5
FB1H,FB2J_c,1.75
FB1H,FB2K,3.3333333
FB1H,FB2L,2.625
FB1H,FB2M_a,7.75
FB1H,FB2M_b,6.75
FB1H,FB3A,19.875
FB1H,FB3C,4.8846154
FB1H,FB3D,10.5
FB1H,FB3E,6.5
FB1H,FB4A_a,12.166667
FB1H,FB4A_b,24.0
FB1H,FB4B,11.75
FB1H,FB4C,51.25
FB1H,FB4D_a,11.5
FB1H,FB4D_b,17.5
FB1H,FB4D_c,16.25
FB1H,FB4E_a,2.6
FB1H,FB4E_b,3.875
FB1H,FB4E_c,5.75
FB1H,FB4F_a,3.25
FB1H,FB4F_b,1.75
FB1H,FB4F_c,4.9166665
FB1H,FB4G,3.5
FB1H,FB4H,0.25
FB1H,FB4I,2.25
FB1H,FB4J,6.75
FB1H,FB4K,5.75
FB1H,FB4L,20.625
FB1H,FB4M,12.875
FB1H,FB4N,10.75
FB1H,FB4O,7.75
FB1H,FB4P_a,5.625
FB1H,FB4P_b,5.1666665
FB1H,FB4P_c,7.25
FB1H,FB4Q_a,11.0
FB1H,FB4Q_b,10.0
FB1H,FB4Q_c,25.833334
FB1H,FB4R,0.8333333
FB1H,FB4X,41.75
FB1H,FB4Y,2.75
FB1H,FB4Z_a,0.375
FB1H,FB4Z_c,0.375
FB1H,FB5A,3.375
FB1H,FB5AA,0.5
FB1H,FB5AB,0.25
FB1H,FB5B,0.16666667
FB1H,FB5C,0.8333333
FB1H,FB5D,6.6666665
FB1H,FB5E,6.5
FB1H,FB5F,0.5
FB1H,FB5G_c,0.25
FB1H,FB5H,0.25
FB1H,FB5I,1.0
FB1H,FB5J,5.0
FB1H,FB5K,0.5
FB1H,FB5M,2.0
FB1H,FB5N,0.25
FB1H,FB5O,2.0
FB1H,FB5P,0.5
FB1H,FB5R,0.125
FB1H,FB5T,0.25
FB1H,FB5V_a,0.33333334
FB1H,FB5V_b,0.083333336
FB1H,FB5V_c,0.3
FB1H,FB5W_a,0.5833333
FB1H,FB5W_b,0.33333334
FB1H,FB5X,1.1666666
FB1H,FB6A_a,0.25
FB1H,FB6P,0.25
FB1H,FB6Q,0.25
FB1H,FB6R,0.125
FB1H,FB6S,0.0625
FB1H,FB6U,0.25
FB1H,FB6V,0.25
FB1H,FC,1.6666666
FB1H,FC1A,0.7647059
FB1H,FC1B,1.5
FB1H,FC1C_a,0.5416667
FB1H,FC1C_b,1.0
FB1H,FC1D,0.96
FB1H,FC1E,0.72727275
FB1H,FC1F,2.1333334
FB1H,FC2A,9.638889
FB1H,FC2B,3.9444444
FB1H,FC2C,0.5638298
FB1H,FC3_a,3.5
FB1H,FC3_b,2.85
FB1H,FC3_c,2.8666666
FB1H,FR1,1.3888888
FB1H,FR2,1.4444444
FB1H,FS1A_a,1.90625
FB1H,FS1A_b,1.2307693
FB1H,FS1A_c,1.2222222
FB1H,FS1B_a,0.65384614
FB1H,FS1B_b,0.5
FB1H,FS2,0.86904764
FB1H,FS3_a,0.6
FB1H,FS3_b,0.25
FB1H,FS3_c,0.42857143
FB1H,FS3_d,0.12903225
FB1H,FS4A,0.1491228
FB1H,FS4B,0.12068965
FB1H,FS4C,0.32142857
FB1H,GLNO,0.875
FB1H,LAL007,0.5
FB1H,LAL013,0.5
FB1H,LAL040,1.0
FB1H,LAL155,1.0
FB1H,LAL159,0.5
FB1H,LCNOp,3.5
FB1H,LCNOpm,8.25
FB1H,LNO1,19.25
FB1H,LNO2,25.5
FB1H,LNOa,0.5
FB1H,MBON20,0.25
FB1H,MBON35,1.25
FB1H,OA-VPM3,49.25
FB1H,PAM09,0.25
FB1H,PEG,0.11111111
FB1H,PEN_a(PEN1),0.2
FB1H,PEN_b(PEN2),0.022727273
FB1H,PFGs,1.0555556
FB1H,PFL1,1.25
FB1H,PFL2,3.6666667
FB1H,PFL3,5.9166665
FB1H,PFNa,0.18103448
FB1H,PFNd,5.4375
FB1H,PFNm_a,0.85714287
FB1H,PFNm_b,0.3846154
FB1H,PFNp_a,0.6484375
FB1H,PFNp_b,0.99264705
FB1H,PFNp_c,2.9
FB1H,PFNp_d,0.5
FB1H,PFNp_e,2.3695652
FB1H,PFNv,10.85
FB1H,PFR_a,4.660714
FB1H,PFR_b,2.5
FB1H,PPL102,2.0
FB1H,PPL103,0.5
FB1H,SIP087,0.5
FB1H,SIP136m,0.25
FB1H,SMP052,0.16666667
FB1H,SMP108,1.5
FB1H,SMP109,1.0
FB1H,SMP471,1.5
FB1H,SMP713m,0.25
FB1H,VES092,0.25
FB1H,hDeltaA,3.875
FB1H,hDeltaB,12.078947
FB1H,hDeltaC,1.775
FB1H,hDeltaF,0.125
FB1H,hDeltaG,1.5
FB1H,hDeltaH,4.4375
FB1H,hDeltaI,4.4411764
FB1H,hDeltaJ,19.096775
FB1H,hDeltaK,0.7096774
FB1H,hDeltaL,0.4090909
FB1H,hDeltaM,5.625
FB1H,vDeltaA_b,0.016129032
FB1H,vDeltaB,0.032258064
FB1H,vDeltaC,0.037037037
FB1H,vDeltaD,0.45238096
FB1H,vDeltaE,1.8888888
FB1H,vDeltaF,1.8055556
FB1H,vDeltaG,1.2777778
FB1H,vDeltaH,1.3888888
FB1H,vDeltaI_a,0.85294116
FB1H,vDeltaI_b,0.4
FB1H,vDeltaJ,0.4090909
FB1H,vDeltaK,0.31914893
FB1H,vDeltaL,0.43243244
FB1H,vDeltaM,0.33636364
FB1I,ExR1,-0.125
FB1I,ExR3,-0.25
FB1I,FB1A,-2.125
FB1I,FB1B,-0.625
FB1I,FB1C,-0.375
FB1I,FB1D,-1.4
FB1I,FB1E_a,-1.0
FB1I,FB1E_b,-0.25
FB1I,FB1F,-1.0
FB1I,FB1G,-2.75
FB1I,FB1I,-1.5
FB1I,FB1J,-3.5
FB1I,FB2F_c,-0.375
FB1I,FB2I_b,-0.25
FB1I,FB2L,-0.25
FB1I,FB3C,-0.30769232
FB1I,FB4C,-0.25
FB1I,FB5AB,-1.5
FB1I,FB5G_a,-0.375
FB1I,FB5N,-0.125
FB1I,FB5S,-0.055555556
FB1I,FB6A_c,-0.25
FB1I,FB6B,-1.25
FB1I,FB6C_a,-1.25
FB1I,FB6C_b,-0.16666667
FB1I,FB6E,-4.5
FB1I,FB6F,-0.5
FB1I,FB6G,-0.5
FB1I,FB6H,-2.75
FB1I,FB6I,-0.5
FB1I,FB6J,-0.3
FB1I,FB6K,-0.25
FB1I,FB6L,-0.33333334
FB1I,FB6M,-0.75
FB1I,FB6N,-0.25
FB1I,FB6O,-1.25
FB1I,FB6P,-0.5
FB1I,FB6T,-0.75
FB1I,FB6U,-0.625
FB1I,FB6V,-0.5
FB1I,FB6X,-0.25
FB1I,FB6Y,-0.75
FB1I,FB6Z,-3.5
FB1I,FB7A,-3.6666667
FB1I,FB7B,-14.25
FB1I,FB7D_a,-0.875
FB1I,FB7D_b,-0.125
FB1I,FB7E,-0.5833333
FB1I,FB7F,-0.25
FB1I,FB7G,-0.25
FB1I,FB7H,-4.25
FB1I,FB7I,-0.3
FB1I,FB7J,-0.625
FB1I,FB7K,-11.75
FB1I,FB7L,-8.166667
FB1I,FB8A,-0.5
FB1I,FB8B,-0.75
FB1I,FB8C,-0.375
FB1I,FB8E,-0.3
FB1I,FB8F_a,-0.42857143
FB1I,FB8F_b,-0.8333333
FB1I,FB8G,-1.6666666
FB1I,FB8H,-1.4166666
FB1I,FB8I,-1.0833334
FB1I,FC2B,-0.018518519
FB1I,FC2C,-0.15957446
FB1I,FC3_c,-0.06666667
FB1I,FS1A_b,-0.07692308
FB1I,FS2,-0.30952382
FB1I,FS3,-0.25
FB1I,FS3_a,-0.46666667
FB1I,FS3_b,-0.35714287
FB1I,FS3_c,-0.4642857
FB1I,FS3_d,-0.30645162
FB1I,FS4A,-0.10526316
FB1I,FS4B,-0.03448276
FB1I,FS4C,-0.05357143
FB1I,PEN_a(PEN1),-0.025
FB1I,PFGs,-0.5
FB1I,PFL2,-0.083333336
FB1I,PFNm_b,-0.115384616
FB1I,SAF,-0.0625
FB1I,hDeltaC,-0.425
FB1I,hDeltaD,-1.5
FB1I,hDeltaE,-4.4375
FB1I,hDeltaF,-1.125
FB1I,hDeltaK,-0.06451613
FB1I,hDeltaL,-1.2272727
FB1I,vDeltaA_a,-0.035714287
FB1I,vDeltaA_b,-2.0
FB1I,vDeltaB,-11.741936
FB1I,vDeltaC,-11.333333
FB1I,vDeltaD,-3.6666667
FB1I,vDeltaE,-0.22222222
FB1J,AOTU042,-0.5
FB1J,ExR1,-0.25
FB1J,FB1A,-5.0
FB1J,FB1B,-1.625
FB1J,FB1C,-1.5
FB1J,FB1D,-2.2
FB1J,FB1E_a,-1.1
FB1J,FB1E_b,-1.25
FB1J,FB1F,-1.25
FB1J,FB1G,-11.0
FB1J,FB1I,-2.25
FB1J,FB1J,-1.0
FB1J,FB2D,-0.16666667
FB1J,FB2F_c,-0.125
FB1J,FB2G_b,-0.41666666
FB1J,FB2L,-1.25
FB1J,FB3C,-1.3076923
FB1J,FB3E,-0.75
FB1J,FB4D_a,-0.25
FB1J,FB4H,-1.0
FB1J,FB4Y,-0.25
FB1J,FB5M,-0.25
FB1J,FB6C_a,-0.5
FB1J,FB6E,-0.25
FB1J,FB6H,-0.25
FB1J,FB6M,-0.125
FB1J,FB6R,-0.125
FB1J,FB6S,-0.0625
FB1J,FB6T,-0.125
FB1J,FB6U,-0.125
FB1J,FB6Z,-0.5
FB1J,FB7A,-3.25
FB1J,FB7B,-6.75
FB1J,FB7C,-0.5
FB1J,FB7D_a,-0.25
FB1J,FB7E,-0.16666667
FB1J,FB7G,-0.625
FB1J,FB7I,-0.1
FB1J,FB7J,-0.5
FB1J,FB7K,-18.375
FB1J,FB7L,-10.0
FB1J,FB7M,-1.25
FB1J,FB8A,-3.0
FB1J,FB8B,-1.25
FB1J,FB8C,-1.0
FB1J,FB8D,-0.25
FB1J,FB8E,-1.8
FB1J,FB8F_a,-0.35714287
FB1J,FB8F_b,-0.5555556
FB1J,FB8G,-1.25
FB1J,FB8H,-6.0
FB1J,FB8I,-0.8333333
FB1J,FB9A,-0.25
FB1J,FC2B,-0.018518519
FB1J,FC2C,-0.10638298
FB1J,FC3_b,-0.05
FB1J,FS2,-0.04761905
FB1J,FS3,-0.25
FB1J,FS3_a,-0.23333333
FB1J,FS3_b,-0.10714286
FB1J,FS3_c,-0.14285715
FB1J,FS3_d,-0.5483871
FB1J,FS4A,-0.20175439
FB1J,FS4B,-0.10344828
FB1J,FS4C,-0.05357143
FB1J,IPC,-0.25
FB1J,PFGs,-0.16666667
FB1J,PFNa,-0.00862069
FB1J,PFNm_a,-0.023809524
FB1J,PFNm_b,-0.057692308
FB1J,PFNp_b,-0.0036764706
FB1J,PFNp_c,-0.0125
FB1J,PFNp_d,-0.035714287
FB1J,SA3,-0.1875
FB1J,SAF,-0.125
FB1J,hDeltaC,-0.05
FB1J,hDeltaD,-2.5
FB1J,hDeltaE,-2.3125
FB1J,hDeltaF,-0.1875
FB1J,hDeltaG,-0.0625
FB1J,hDeltaK,-0.016129032
FB1J,hDeltaL,-0.22727273
FB1J,vDeltaA_a,-0.57857144
FB1J,vDeltaA_b,-9.064516
FB1J,vDeltaB,-5.629032
FB1J,vDeltaC,-1.962963
FB1J,vDeltaD,-0.1904762
FB1J,vDeltaF,-0.027777778
FB1J,vDeltaJ,-0.045454547
FB1J,vDeltaL,-0.013513514
FB1J,vDeltaM,-0.009090909
FB2A,DNc02,0.125
FB2A,ER3d_a,0.035714287
FB2A,ER4m,0.022727273
FB2A,ExR1,0.25
FB2A,ExR2,0.0625
FB2A,ExR3,0.875
FB2A,ExR5,4.0625
FB2A,ExR6,0.25
FB2A,ExR7,0.5625
FB2A,ExR8,0.1875
FB2A,FB1A,0.3125
FB2A,FB1B,0.625
FB2A,FB1C,0.3125
FB2A,FB1D,0.2
FB2A,FB1E_a,1.35
FB2A,FB1E_b,0.375
FB2A,FB1F,1.25
FB2A,FB1G,2.125
FB2A,FB1H,4.5
FB2A,FB2A,15.9375
FB2A,FB2B_a,31.8125
FB2A,FB2B_b,8.6875
FB2A,FB2C,2.35
FB2A,FB2D,10.5
FB2A,FB2E,6.125
FB2A,FB2F_a,6.0416665
FB2A,FB2F_b,3.5833333
FB2A,FB2F_c,1.3125
FB2A,FB2F_d,2.0625
FB2A,FB2G_a,5.125
FB2A,FB2G_b,2.2083333
FB2A,FB2H_a,5.125
FB2A,FB2H_b,8.875
FB2A,FB2I_a,10.0
FB2A,FB2I_b,4.875
FB2A,FB2J_a,3.25
FB2A,FB2J_b,4.25
FB2A,FB2J_c,2.75
FB2A,FB2K,1.3333334
FB2A,FB2L,1.375
FB2A,FB2M_a,7.125
FB2A,FB2M_b,3.625
FB2A,FB3A,0.1875
FB2A,FB3C,0.057692308
FB2A,FB4A_b,0.125
FB2A,FB4B,0.75
FB2A,FB4C,1.625
FB2A,FB4D_a,0.125
FB2A,FB4D_b,0.625
FB2A,FB4D_c,0.125
FB2A,FB4F_a,0.1875
FB2A,FB4F_c,0.20833333
FB2A,FB4J,0.25
FB2A,FB4L,2.6875
FB2A,FB4M,0.8125
FB2A,FB4Y,1.0625
FB2A,FB5A,0.5625
FB2A,FC,1.0
FB2A,FC1A,4.5441175
FB2A,FC1B,6.375
FB2A,FC1C_a,1.2708334
FB2A,FC1C_b,1.367647
FB2A,FC1D,2.35
FB2A,FC1E,1.6590909
FB2A,FC1F,4.9666667
FB2A,FC2A,0.33333334
FB2A,FC2B,0.1574074
FB2A,FC2C,0.10638298
FB2A,FC3_a,1.0441177
FB2A,FC3_b,1.2375
FB2A,FC3_c,2.4
FB2A,FR1,0.45833334
FB2A,FR2,0.3472222
FB2A,FS1A_a,0.15625
FB2A,FS1A_b,0.09615385
FB2A,FS1A_c,0.19444445
FB2A,FS1B_a,0.44230768
FB2A,FS1B_b,0.3125
FB2A,FS2,0.029761905
FB2A,FS3,0.25
FB2A,FS3_a,0.033333335
FB2A,FS3_b,0.035714287
FB2A,FS3_d,0.024193548
FB2A,FS4A,0.030701755
FB2A,FS4B,0.12931034
FB2A,FS4C,0.20535715
FB2A,GLNO,0.3125
FB2A,LAL205,0.25
FB2A,LCNOp,0.125
FB2A,LNO1,1.0625
FB2A,LNO2,1.625
FB2A,LNOa,5.0
FB2A,MBON20,0.125
FB2A,OA-VPM3,18.25
FB2A,PEG,0.013888889
FB2A,PEN_a(PEN1),0.05
FB2A,PEN_b(PEN2),0.10227273
FB2A,PFL1,2.4107144
FB2A,PFL2,0.47916666
FB2A,PFL3,0.45833334
FB2A,PFNa,1.8103448
FB2A,PFNd,0.26875
FB2A,PFNm_b,0.01923077
FB2A,PFNv,0.325
FB2A,PFR_a,0.026785715
FB2A,PFR_b,0.21875
FB2A,SA1_b,0.2
FB2A,SA1_c,0.25
FB2A,SA2_b,0.0625
FB2A,SIP064,0.5
FB2A,hDeltaA,0.8125
FB2A,hDeltaB,0.13157895
FB2A,hDeltaC,1.2625
FB2A,hDeltaF,0.125
FB2A,hDeltaG,0.21875
FB2A,hDeltaH,0.625
FB2A,hDeltaI,0.38235295
FB2A,hDeltaJ,0.9435484
FB2A,hDeltaK,0.04032258
FB2A,hDeltaL,0.20454545
FB2A,hDeltaM,0.5625
FB2A,vDeltaA_a,0.0035714286
FB2A,vDeltaD,0.083333336
FB2A,vDeltaE,0.20833333
FB2A,vDeltaF,0.22222222
FB2A,vDeltaG,0.6388889
FB2A,vDeltaH,0.9444444
FB2A,vDeltaI_a,0.32352942
FB2A,vDeltaI_b,0.025
FB2A,vDeltaL,0.006756757
FB2A,vDeltaM,0.009090909
FB2B_a,EL,0.013888889
FB2B_a,EPG,0.010869565
FB2B_a,ER3a_c,0.0625
FB2B_a,ExR5,0.5
FB2B_a,ExR6,0.125
FB2B_a,ExR8,0.0625
FB2B_a,FB1A,0.0625
FB2B_a,FB1B,0.1875
FB2B_a,FB1E_a,0.05
FB2B_a,FB1E_b,0.125
FB2B_a,FB1F,0.375
FB2B_a,FB1G,0.875
FB2B_a,FB1H,0.875
FB2B_a,FB2A,26.3125
FB2B_a,FB2B_a,6.75
FB2B_a,FB2B_b,7.4375
FB2B_a,FB2C,2.0
FB2B_a,FB2D,12.083333
FB2B_a,FB2E,1.625
FB2B_a,FB2F_a,20.708334
FB2B_a,FB2F_b,4.25
FB2B_a,FB2F_c,0.8125
FB2B_a,FB2F_d,0.8125
FB2B_a,FB2G_a,1.5
FB2B_a,FB2G_b,1.1666666
FB2B_a,FB2H_a,9.625
FB2B_a,FB2H_b,22.875
FB2B_a,FB2I_a,2.775
FB2B_a,FB2I_b,3.25
FB2B_a,FB2J_a,1.125
FB2B_a,FB2J_b,2.125
FB2B_a,FB2J_c,3.875
FB2B_a,FB2K,1.3611112
FB2B_a,FB2L,1.0625
FB2B_a,FB2M_a,1.4375
FB2B_a,FB2M_b,1.25
FB2B_a,FB3C,0.03846154
FB2B_a,FB4B,0.25
FB2B_a,FB4C,0.25
FB2B_a,FB4D_b,0.125
FB2B_a,FB4F_a,0.0625
FB2B_a,FB4L,0.3125
FB2B_a,FB4M,0.0625
FB2B_a,FB4Y,0.125
FB2B_a,FB5A,0.125
FB2B_a,FB5W_a,0.041666668
FB2B_a,FC,4.6666665
FB2B_a,FC1A,13.8970585
FB2B_a,FC1B,14.420455
FB2B_a,FC1C_a,9.75
FB2B_a,FC1C_b,9.8529415
FB2B_a,FC1D,5.66
FB2B_a,FC1E,5.2045455
FB2B_a,FC1F,14.066667
FB2B_a,FC2A,0.2638889
FB2B_a,FC2B,0.027777778
FB2B_a,FC2C,0.015957447
FB2B_a,FC3_a,2.1764705
FB2B_a,FC3_b,1.575
FB2B_a,FC3_c,4.9333334
FB2B_a,FR1,6.0972223
FB2B_a,FR2,0.7361111
FB2B_a,FS1A_a,0.03125
FB2B_a,FS1A_b,0.01923077
FB2B_a,FS1A_c,0.4722222
FB2B_a,FS1B_a,2.5961537
FB2B_a,FS1B_b,1.984375
FB2B_a,FS2,0.017857144
FB2B_a,FS3_a,0.05
FB2B_a,FS3_c,0.017857144
FB2B_a,FS3_d,0.016129032
FB2B_a,FS4A,0.021929825
FB2B_a,FS4B,0.01724138
FB2B_a,FS4C,0.16071428
FB2B_a,OA-VPM3,3.75
FB2B_a,PEG,0.041666668
FB2B_a,PFGs,0.013888889
FB2B_a,PFL1,3.982143
FB2B_a,PFL2,0.104166664
FB2B_a,PFL3,0.083333336
FB2B_a,PFNa,0.15086207
FB2B_a,PFNd,0.06875
FB2B_a,PFNv,0.0125
FB2B_a,PFR_a,0.008928572
FB2B_a,PFR_b,0.109375
FB2B_a,SMP185,0.25
FB2B_a,aIPg1,0.25
FB2B_a,hDeltaA,0.020833334
FB2B_a,hDeltaB,0.02631579
FB2B_a,hDeltaC,2.6625
FB2B_a,hDeltaG,0.0625
FB2B_a,hDeltaH,0.34375
FB2B_a,hDeltaI,0.14705883
FB2B_a,hDeltaJ,0.29032257
FB2B_a,hDeltaL,0.022727273
FB2B_a,hDeltaM,0.21875
FB2B_a,vDeltaD,0.011904762
FB2B_a,vDeltaE,0.097222224
FB2B_a,vDeltaF,0.6388889
FB2B_a,vDeltaG,2.0138888
FB2B_a,vDeltaH,2.5277777
FB2B_a,vDeltaI_a,0.63235295
FB2B_a,vDeltaI_b,0.1
FB2B_a,vDeltaM,0.0045454544
FB2B_b,AOTU019,-0.25
FB2B_b,EL,-0.013888889
FB2B_b,ExR5,-4.375
FB2B_b,ExR6,-0.125
FB2B_b,FB1A,-0.1875
FB2B_b,FB1B,-0.125
FB2B_b,FB1E_a,-0.15
FB2B_b,FB1F,-0.125
FB2B_b,FB1G,-1.375
FB2B_b,FB1H,-2.125
FB2B_b,FB2A,-6.125
FB2B_b,FB2B_a,-6.25
FB2B_b,FB2B_b,-0.625
FB2B_b,FB2C,-1.85
FB2B_b,FB2D,-9.916667
FB2B_b,FB2E,-7.6875
FB2B_b,FB2F_a,-4.2083335
FB2B_b,FB2F_b,-0.8333333
FB2B_b,FB2F_c,-0.5625
FB2B_b,FB2F_d,-0.9375
FB2B_b,FB2G_a,-1.0
FB2B_b,FB2G_b,-1.2916666
FB2B_b,FB2H_a,-4.75
FB2B_b,FB2H_b,-4.375
FB2B_b,FB2I_a,-7.575
FB2B_b,FB2I_b,-2.625
FB2B_b,FB2J_a,-4.625
FB2B_b,FB2J_b,-6.5
FB2B_b,FB2J_c,-6.375
FB2B_b,FB2K,-1.8055556
FB2B_b,FB2L,-1.5
FB2B_b,FB2M_a,-1.375
FB2B_b,FB2M_b,-2.125
FB2B_b,FB3C,-0.17307693
FB2B_b,FB3D,-0.25
FB2B_b,FB4D_a,-0.125
FB2B_b,FB4F_c,-0.083333336
FB2B_b,FB4L,-0.625
FB2B_b,FB4P_b,-0.16666667
FB2B_b,FB4Q_c,-0.083333336
FB2B_b,FB4Y,-0.1875
FB2B_b,FB5A,-0.875
FB2B_b,FC,-7.25
FB2B_b,FC1A,-4.117647
FB2B_b,FC1B,-2.2272727
FB2B_b,FC1C_a,-9.333333
FB2B_b,FC1C_b,-11.014706
FB2B_b,FC1D,-4.4
FB2B_b,FC1E,-7.75
FB2B_b,FC1F,-2.2666667
FB2B_b,FC2A,-0.18055555
FB2B_b,FC2B,-0.09259259
FB2B_b,FC2C,-0.069148935
FB2B_b,FC3_a,-1.3529412
FB2B_b,FC3_b,-0.575
FB2B_b,FC3_c,-2.05
FB2B_b,FR1,-1.0416666
FB2B_b,FR2,-0.7638889
FB2B_b,FS1A_a,-0.015625
FB2B_b,FS1A_b,-0.13461539
FB2B_b,FS1A_c,-1.5833334
FB2B_b,FS1B_a,-2.3653846
FB2B_b,FS1B_b,-1.828125
FB2B_b,FS2,-0.011904762
FB2B_b,FS3_a,-0.033333335
FB2B_b,FS3_b,-0.017857144
FB2B_b,FS4A,-0.00877193
FB2B_b,FS4B,-0.060344826
FB2B_b,FS4C,-0.5535714
FB2B_b,LAL155,-0.5
FB2B_b,OA-VPM3,-6.875
FB2B_b,PEN_a(PEN1),-0.025
FB2B_b,PFL1,-20.053572
FB2B_b,PFL2,-0.22916667
FB2B_b,PFL3,-0.20833333
FB2B_b,PFNa,-0.33620688
FB2B_b,PFNd,-0.0875
FB2B_b,PFNm_a,-0.011904762
FB2B_b,PFNm_b,-0.01923077
FB2B_b,PFNp_b,-0.0036764706
FB2B_b,PFNp_c,-0.00625
FB2B_b,PFNp_e,-0.010869565
FB2B_b,PFNv,-0.05
FB2B_b,PFR_a,-0.008928572
FB2B_b,PFR_b,-0.0625
FB2B_b,PPL103,-0.25
FB2B_b,SIP087,-0.5
FB2B_b,SMP586,-0.75
FB2B_b,SMP709m,-0.5
FB2B_b,hDeltaA,-0.020833334
FB2B_b,hDeltaB,-0.013157895
FB2B_b,hDeltaC,-0.6
FB2B_b,hDeltaG,-0.03125
FB2B_b,hDeltaH,-0.125
FB2B_b,hDeltaI,-0.11764706
FB2B_b,hDeltaJ,-0.20967741
FB2B_b,hDeltaL,-0.045454547
FB2B_b,hDeltaM,-0.34375
FB2B_b,vDeltaB,-0.008064516
FB2B_b,vDeltaE,-0.06944445
FB2B_b,vDeltaF,-0.083333336
FB2B_b,vDeltaG,-0.29166666
FB2B_b,vDeltaH,-0.3611111
FB2B_b,vDeltaI_a,-0.2647059
FB2B_b,vDeltaM,-0.0045454544
FB2C,EL,-0.011111111
FB2C,ExR5,-0.45
FB2C,ExR6,-0.2
FB2C,FB1A,-0.15
FB2C,FB1B,-0.1
FB2C,FB1E_a,-0.08
FB2C,FB1G,-7.5
FB2C,FB1H,-13.2
FB2C,FB2A,-0.65
FB2C,FB2B_a,-0.4
FB2C,FB2B_b,-0.5
FB2C,FB2C,-4.04
FB2C,FB2D,-4.266667
FB2C,FB2E,-0.2
FB2C,FB2F_a,-1.7
FB2C,FB2F_b,-4.3333335
FB2C,FB2F_c,-4.3
FB2C,FB2F_d,-2.65
FB2C,FB2G_a,-7.8
FB2C,FB2G_b,-7.1
FB2C,FB2H_a,-2.1
FB2C,FB2H_b,-0.9
FB2C,FB2I_a,-0.64
FB2C,FB2I_b,-1.3
FB2C,FB2J_a,-1.8
FB2C,FB2J_b,-0.7
FB2C,FB2J_c,-5.6
FB2C,FB2K,-1.9111111
FB2C,FB2L,-2.35
FB2C,FB2M_a,-11.7
FB2C,FB2M_b,-10.6
FB2C,FB3A,-0.2
FB2C,FB3C,-1.2923077
FB2C,FB3D,-0.2
FB2C,FB3E,-1.7
FB2C,FB4A_a,-0.26666668
FB2C,FB4A_b,-0.7
FB2C,FB4C,-0.2
FB2C,FB4D_a,-1.1
FB2C,FB4D_b,-0.7
FB2C,FB4D_c,-0.8
FB2C,FB4F_a,-2.3
FB2C,FB4F_c,-5.0333333
FB2C,FB4G,-0.1
FB2C,FB4J,-0.3
FB2C,FB4K,-0.1
FB2C,FB4L,-0.05
FB2C,FB4M,-0.25
FB2C,FB4N,-0.9
FB2C,FB4O,-0.46666667
FB2C,FB4Q_a,-0.1
FB2C,FB4Q_c,-0.2
FB2C,FB4X,-0.1
FB2C,FB4Y,-0.65
FB2C,FB5A,-0.05
FB2C,FB5J,-0.1
FB2C,FB5M,-0.5
FB2C,FB5N,-0.1
FB2C,FB5W_a,-0.1
FB2C,FC,-0.8
FB2C,FC1A,-0.16470589
FB2C,FC1B,-0.12727273
FB2C,FC1C_a,-0.21666667
FB2C,FC1C_b,-0.1764706
FB2C,FC1D,-0.216
FB2C,FC1E,-0.19090909
FB2C,FC1F,-0.26666668
FB2C,FC2A,-5.8555555
FB2C,FC2B,-2.1333334
FB2C,FC2C,-0.19148937
FB2C,FC3_a,-0.23529412
FB2C,FC3_b,-0.22
FB2C,FC3_c,-0.21333334
FB2C,FR1,-0.13333334
FB2C,FR2,-0.07777778
FB2C,FS1A_a,-0.925
FB2C,FS1A_b,-0.73846155
FB2C,FS1A_c,-1.2
FB2C,FS1B_a,-0.3846154
FB2C,FS1B_b,-0.225
FB2C,FS2,-0.4
FB2C,FS3_a,-0.013333334
FB2C,FS3_b,-0.014285714
FB2C,FS3_d,-0.006451613
FB2C,FS4A,-0.014035088
FB2C,FS4B,-0.020689655
FB2C,FS4C,-0.014285714
FB2C,MBON35,-0.1
FB2C,OA-VPM3,-3.6
FB2C,PEN_a(PEN1),-0.01
FB2C,PFL1,-0.17142858
FB2C,PFL2,-1.5333333
FB2C,PFL3,-1.375
FB2C,PFNa,-0.020689655
FB2C,PFNd,-0.03
FB2C,PFNp_c,-0.005
FB2C,PFNv,-0.02
FB2C,PFR_a,-0.071428575
FB2C,PFR_b,-0.1
FB2C,SAF,-0.075
FB2C,hDeltaA,-0.15
FB2C,hDeltaB,-0.07368421
FB2C,hDeltaC,-0.22
FB2C,hDeltaG,-0.85
FB2C,hDeltaH,-2.0
FB2C,hDeltaI,-0.28235295
FB2C,hDeltaJ,-0.13548388
FB2C,hDeltaK,-0.025806451
FB2C,hDeltaL,-0.10909091
FB2C,hDeltaM,-2.65
FB2C,vDeltaC,-0.014814815
FB2C,vDeltaD,-0.057142857
FB2C,vDeltaE,-0.67777777
FB2C,vDeltaF,-1.9
FB2C,vDeltaG,-1.6111112
FB2C,vDeltaH,-0.8888889
FB2C,vDeltaI_a,-0.047058824
FB2C,vDeltaI_b,-0.01
FB2D,AVLP562,-0.083333336
FB2D,CRE005,-0.055555556
FB2D,EL,-0.037037037
FB2D,EPG,-0.32246378
FB2D,ER1_a,-0.015151516
FB2D,ER3a_b,-0.11111111
FB2D,ER3a_c,-0.041666668
FB2D,ExR1,-1.3333334
FB2D,ExR2,-0.125
FB2D,ExR4,-0.16666667
FB2D,ExR5,-0.41666666
FB2D,ExR6,-0.25
FB2D,FB1A,-0.25
FB2D,FB1B,-0.16666667
FB2D,FB1C,-0.083333336
FB2D,FB1D,-0.06666667
FB2D,FB1E_a,-0.23333333
FB2D,FB1E_b,-0.5
FB2D,FB1F,-0.33333334
FB2D,FB1G,-30.333334
FB2D,FB1H,-1.75
FB2D,FB2A,-12.666667
FB2D,FB2B_a,-0.9583333
FB2D,FB2B_b,-2.5416667
FB2D,FB2C,-3.4
FB2D,FB2D,-3.8333333
FB2D,FB2E,-0.9583333
FB2D,FB2F_a,-1.3888888
FB2D,FB2F_b,-2.0555556
FB2D,FB2F_c,-2.1666667
FB2D,FB2F_d,-0.7083333
FB2D,FB2G_a,-1.0
FB2D,FB2G_b,-1.0833334
FB2D,FB2H_a,-6.0833335
FB2D,FB2H_b,-6.8333335
FB2D,FB2I_a,-1.0166667
FB2D,FB2I_b,-3.25
FB2D,FB2J_a,-1.3333334
FB2D,FB2J_b,-0.9166667
FB2D,FB2J_c,-0.41666666
FB2D,FB2K,-1.6851852
FB2D,FB2L,-1.2916666
FB2D,FB2M_a,-0.29166666
FB2D,FB2M_b,-0.6666667
FB2D,FB3A,-0.083333336
FB2D,FB3C,-0.12820514
FB2D,FB3D,-0.16666667
FB2D,FB3E,-0.16666667
FB2D,FB4A_a,-0.027777778
FB2D,FB4A_b,-0.083333336
FB2D,FB4B,-0.33333334
FB2D,FB4C,-0.16666667
FB2D,FB4D_a,-0.16666667
FB2D,FB4D_b,-0.083333336
FB2D,FB4E_a,-0.2
FB2D,FB4E_c,-0.16666667
FB2D,FB4F_a,-0.041666668
FB2D,FB4F_c,-0.083333336
FB2D,FB4G,-0.083333336
FB2D,FB4J,-0.083333336
FB2D,FB4K,-0.041666668
FB2D,FB4L,-7.625
FB2D,FB4M,-0.16666667
FB2D,FB4N,-0.16666667
FB2D,FB4Y,-0.16666667
FB2D,FB5A,-0.041666668
FB2D,FB5AB,-4.5
FB2D,FB5H,-0.083333336
FB2D,FB5L,-0.083333336
FB2D,FB5O,-0.083333336
FB2D,FB5W_a,-0.1388889
FB2D,FB5W_b,-0.33333334
FB2D,FB6P,-0.25
FB2D,FB6U,-0.083333336
FB2D,FB7E,-0.027777778
FB2D,FB8G,-0.027777778
FB2D,FC,-0.3888889
FB2D,FC1A,-27.343138
FB2D,FC1B,-26.636364
FB2D,FC1C_a,-0.43055555
FB2D,FC1C_b,-0.7647059
FB2D,FC1D,-13.293333
FB2D,FC1E,-4.7727275
FB2D,FC1F,-24.977777
FB2D,FC2A,-0.018518519
FB2D,FC2B,-0.049382716
FB2D,FC2C,-0.06737588
FB2D,FC3_a,-3.254902
FB2D,FC3_b,-3.8
FB2D,FC3_c,-12.111111
FB2D,FR1,-0.18518518
FB2D,FR2,-0.6018519
FB2D,FS1A_a,-0.19791667
FB2D,FS1A_b,-0.20512821
FB2D,FS1A_c,-0.2962963
FB2D,FS1B_a,-0.35897437
FB2D,FS1B_b,-0.14583333
FB2D,FS2,-0.015873017
FB2D,FS3_a,-0.033333335
FB2D,FS3_b,-0.035714287
FB2D,FS3_c,-0.023809524
FB2D,FS3_d,-0.021505376
FB2D,FS4A,-0.0058479533
FB2D,FS4B,-0.022988506
FB2D,FS4C,-0.04761905
FB2D,LAL013,-0.16666667
FB2D,LCNOp,-0.083333336
FB2D,LCNOpm,-0.5833333
FB2D,LNOa,-0.6666667
FB2D,OA-VPM3,-1.8333334
FB2D,PEN_a(PEN1),-0.008333334
FB2D,PEN_b(PEN2),-0.015151516
FB2D,PFGs,-0.037037037
FB2D,PFL1,-2.107143
FB2D,PFL2,-0.125
FB2D,PFL3,-0.11111111
FB2D,PFNa,-0.5086207
FB2D,PFNd,-0.079166666
FB2D,PFNm_b,-0.012820513
FB2D,PFNp_b,-0.0024509805
FB2D,PFNp_d,-0.005952381
FB2D,PFNv,-0.5083333
FB2D,PFR_a,-0.11904762
FB2D,PFR_b,-0.052083332
FB2D,SAF,-0.0625
FB2D,SIP087,-1.0
FB2D,hDeltaA,-0.6805556
FB2D,hDeltaB,-0.8947368
FB2D,hDeltaC,-4.6833334
FB2D,hDeltaD,-0.020833334
FB2D,hDeltaF,-0.083333336
FB2D,hDeltaG,-0.29166666
FB2D,hDeltaH,-0.25
FB2D,hDeltaI,-4.7941175
FB2D,hDeltaJ,-4.0107527
FB2D,hDeltaK,-0.021505376
FB2D,hDeltaL,-0.07575758
FB2D,hDeltaM,-1.8541666
FB2D,vDeltaD,-0.04761905
FB2D,vDeltaE,-0.10185185
FB2D,vDeltaF,-0.06481481
FB2D,vDeltaG,-0.10185185
FB2D,vDeltaH,-0.12962963
FB2D,vDeltaI_b,-0.016666668
FB2D,vDeltaK,-0.014184397
FB2D,vDeltaL,-0.018018018
FB2E,EPG,-0.0054347827
FB2E,ExR5,-2.1875
FB2E,FB1A,-0.125
FB2E,FB1B,-0.3125
FB2E,FB1C,-0.0625
FB2E,FB1E_a,-0.35
FB2E,FB1E_b,-0.125
FB2E,FB1F,-0.25
FB2E,FB1G,-1.0
FB2E,FB1H,-1.25
FB2E,FB2A,-3.1875
FB2E,FB2B_a,-1.375
FB2E,FB2B_b,-16.75
FB2E,FB2C,-0.15
FB2E,FB2D,-21.958334
FB2E,FB2E,-22.9375
FB2E,FB2F_a,-1.625
FB2E,FB2F_b,-0.5
FB2E,FB2F_c,-0.25
FB2E,FB2F_d,-0.5625
FB2E,FB2G_a,-0.625
FB2E,FB2G_b,-1.5416666
FB2E,FB2H_a,-6.5
FB2E,FB2H_b,-1.875
FB2E,FB2I_a,-27.25
FB2E,FB2I_b,-10.625
FB2E,FB2J_a,-3.125
FB2E,FB2J_b,-4.0
FB2E,FB2J_c,-1.0
FB2E,FB2K,-1.5
FB2E,FB2L,-0.4375
FB2E,FB2M_a,-1.25
FB2E,FB2M_b,-0.875
FB2E,FB3C,-0.03846154
FB2E,FB4L,-3.625
FB2E,FB4Y,-0.125
FB2E,FB5A,-0.5625
FB2E,FC,-1.4166666
FB2E,FC1A,-1.4705882
FB2E,FC1B,-1.7727273
FB2E,FC1C_a,-3.625
FB2E,FC1C_b,-4.8382354
FB2E,FC1D,-1.39
FB2E,FC1E,-2.090909
FB2E,FC1F,-1.7666667
FB2E,FC2A,-0.15277778
FB2E,FC2B,-0.09259259
FB2E,FC2C,-0.12765957
FB2E,FC3_a,-2.1764705
FB2E,FC3_b,-2.3375
FB2E,FC3_c,-2.5333333
FB2E,FR1,-2.5833333
FB2E,FR2,-0.4027778
FB2E,FS1A_a,-0.015625
FB2E,FS1A_b,-0.01923077
FB2E,FS1A_c,-0.11111111
FB2E,FS1B_a,-0.46153846
FB2E,FS1B_b,-1.84375
FB2E,FS3_a,-0.016666668
FB2E,FS3_b,-0.017857144
FB2E,FS3_d,-0.016129032
FB2E,FS4A,-0.004385965
FB2E,FS4B,-1.1724138
FB2E,FS4C,-2.0535715
FB2E,OA-VPM3,-0.5
FB2E,PEN_b(PEN2),-0.011363637
FB2E,PFL1,-10.535714
FB2E,PFL2,-0.14583333
FB2E,PFL3,-1.21875
FB2E,PFNa,-0.12931034
FB2E,PFNd,-0.03125
FB2E,PFNv,-0.0125
FB2E,PFR_b,-0.015625
FB2E,SAF,-0.03125
FB2E,hDeltaC,-0.825
FB2E,hDeltaF,-0.6875
FB2E,hDeltaG,-0.03125
FB2E,hDeltaH,-0.03125
FB2E,hDeltaI,-1.8970588
FB2E,hDeltaJ,-0.04032258
FB2E,hDeltaK,-0.008064516
FB2E,hDeltaL,-0.045454547
FB2E,hDeltaM,-1.15625
FB2E,vDeltaE,-0.097222224
FB2E,vDeltaF,-0.083333336
FB2E,vDeltaG,-0.5277778
FB2E,vDeltaH,-0.19444445
FB2E,vDeltaI_a,-0.4852941
FB2E,vDeltaI_b,-0.0625
FB2F_a,CRE004,-0.16666667
FB2F_a,EL,-0.018518519
FB2F_a,ExR5,-0.125
FB2F_a,FB1B,-0.083333336
FB2F_a,FB1E_a,-0.06666667
FB2F_a,FB1G,-0.16666667
FB2F_a,FB1H,-0.75
FB2F_a,FB2A,-1.4166666
FB2F_a,FB2B_a,-78.791664
FB2F_a,FB2B_b,-2.7083333
FB2F_a,FB2C,-0.33333334
FB2F_a,FB2D,-5.0277777
FB2F_a,FB2E,-1.75
FB2F_a,FB2F_a,-4.9166665
FB2F_a,FB2F_b,-2.8888888
FB2F_a,FB2F_c,-0.25
FB2F_a,FB2F_d,-0.875
FB2F_a,FB2G_a,-8.0
FB2F_a,FB2G_b,-0.3888889
FB2F_a,FB2H_a,-4.3333335
FB2F_a,FB2H_b,-6.5
FB2F_a,FB2I_a,-0.48333332
FB2F_a,FB2I_b,-4.5833335
FB2F_a,FB2J_a,-5.5
FB2F_a,FB2J_b,-10.416667
FB2F_a,FB2J_c,-3.75
FB2F_a,FB2K,-0.7407407
FB2F_a,FB2L,-0.083333336
FB2F_a,FB2M_a,-13.625
FB2F_a,FB2M_b,-4.9166665
FB2F_a,FB4A_b,-0.6666667
FB2F_a,FB4C,-2.1666667
FB2F_a,FB4F_c,-0.027777778
FB2F_a,FB4L,-0.125
FB2F_a,FB4X,-1.0
FB2F_a,FB5A,-1.5416666
FB2F_a,FB5K,-0.33333334
FB2F_a,FB5Y_a,-0.083333336
FB2F_a,FB5Y_b,-0.33333334
FB2F_a,FB6B,-0.083333336
FB2F_a,FB6C_b,-0.027777778
FB2F_a,FB6Q,-0.083333336
FB2F_a,FB8F_a,-0.023809524
FB2F_a,FC,-10.333333
FB2F_a,FC1A,-1.4509804
FB2F_a,FC1B,-0.6515151
FB2F_a,FC1C_a,-8.041667
FB2F_a,FC1C_b,-7.04902
FB2F_a,FC1D,-2.8866668
FB2F_a,FC1E,-4.3257575
FB2F_a,FC1F,-0.56666666
FB2F_a,FC2A,-6.888889
FB2F_a,FC2B,-0.24074075
FB2F_a,FC2C,-0.024822695
FB2F_a,FC3_a,-1.2647059
FB2F_a,FC3_b,-0.825
FB2F_a,FC3_c,-1.4111111
FB2F_a,FR1,-10.287037
FB2F_a,FR2,-0.8333333
FB2F_a,FS1A_a,-0.13541667
FB2F_a,FS1A_b,-0.25641027
FB2F_a,FS1A_c,-1.8703704
FB2F_a,FS1B_a,-5.1153846
FB2F_a,FS1B_b,-1.90625
FB2F_a,FS2,-0.20238096
FB2F_a,FS4A,-0.0029239766
FB2F_a,FS4B,-0.040229887
FB2F_a,FS4C,-0.16666667
FB2F_a,OA-VPM3,-0.5
FB2F_a,PEN_a(PEN1),-0.008333334
FB2F_a,PFL1,-0.3690476
FB2F_a,PFL2,-0.083333336
FB2F_a,PFL3,-0.0625
FB2F_a,PFNa,-0.04597701
FB2F_a,PFNd,-0.0375
FB2F_a,PFNv,-0.016666668
FB2F_a,PFR_a,-0.011904762
FB2F_a,PFR_b,-0.020833334
FB2F_a,hDeltaA,-0.45833334
FB2F_a,hDeltaC,-12.441667
FB2F_a,hDeltaF,-0.083333336
FB2F_a,hDeltaG,-1.6875
FB2F_a,hDeltaH,-2.6875
FB2F_a,hDeltaI,-1.4019607
FB2F_a,hDeltaJ,-0.56989247
FB2F_a,hDeltaL,-0.27272728
FB2F_a,hDeltaM,-5.7916665
FB2F_a,vDeltaD,-0.031746034
FB2F_a,vDeltaE,-0.8148148
FB2F_a,vDeltaF,-3.6574075
FB2F_a,vDeltaG,-8.453704
FB2F_a,vDeltaH,-9.259259
FB2F_a,vDeltaI_a,-3.77451
FB2F_a,vDeltaI_b,-1.2
FB2F_a,vDeltaK,-0.0070921984
FB2F_b,ExR4,-0.33333334
FB2F_b,FB1A,-0.083333336
FB2F_b,FB1G,-0.33333334
FB2F_b,FB1H,-7.0
FB2F_b,FB2A,-0.9166667
FB2F_b,FB2B_b,-0.33333334
FB2F_b,FB2C,-0.4
FB2F_b,FB2D,-0.6666667
FB2F_b,FB2F_a,-0.5
FB2F_b,FB2F_b,-2.7777777
FB2F_b,FB2F_c,-1.8333334
FB2F_b,FB2F_d,-1.9166666
FB2F_b,FB2G_a,-5.5
FB2F_b,FB2G_b,-0.2777778
FB2F_b,FB2H_a,-0.5
FB2F_b,FB2H_b,-0.6666667
FB2F_b,FB2I_a,-0.06666667
FB2F_b,FB2I_b,-0.16666667
FB2F_b,FB2J_a,-0.8333333
FB2F_b,FB2J_b,-0.16666667
FB2F_b,FB2J_c,-0.8333333
FB2F_b,FB2K,-0.22222222
FB2F_b,FB2L,-1.5833334
FB2F_b,FB2M_a,-1.5833334
FB2F_b,FB2M_b,-1.0
FB2F_b,FB3C,-0.20512821
FB2F_b,FB4A_b,-0.33333334
FB2F_b,FB4C,-0.16666667
FB2F_b,FB4D_a,-0.5
FB2F_b,FB4D_b,-1.0
FB2F_b,FB4L,-0.16666667
FB2F_b,FB4N,-2.8333333
FB2F_b,FB5J,-0.16666667
FB2F_b,FB7L,-0.22222222
FB2F_b,FC,-2.2222223
FB2F_b,FC1A,-0.43137255
FB2F_b,FC1B,-0.45454547
FB2F_b,FC1C_a,-0.8888889
FB2F_b,FC1C_b,-2.1960785
FB2F_b,FC1D,-2.48
FB2F_b,FC1E,-3.409091
FB2F_b,FC1F,-0.31111112
FB2F_b,FC2A,-9.481482
FB2F_b,FC2B,-14.012345
FB2F_b,FC2C,-1.3687943
FB2F_b,FC3_a,-0.25490198
FB2F_b,FC3_b,-0.28333333
FB2F_b,FC3_c,-0.73333335
FB2F_b,FR1,-3.1851852
FB2F_b,FR2,-2.3148148
FB2F_b,FS1A_a,-0.6041667
FB2F_b,FS1A_b,-0.17948718
FB2F_b,FS1A_c,-0.2777778
FB2F_b,FS1B_a,-0.025641026
FB2F_b,FS1B_b,-0.041666668
FB2F_b,FS2,-0.11904762
FB2F_b,FS3_a,-0.044444446
FB2F_b,FS4A,-0.0058479533
FB2F_b,FS4B,-0.011494253
FB2F_b,OA-VPM3,-0.33333334
FB2F_b,PFL1,-0.2857143
FB2F_b,PFL2,-1.4444444
FB2F_b,PFL3,-0.16666667
FB2F_b,PFNa,-0.028735632
FB2F_b,PFNd,-0.30833334
FB2F_b,PFNv,-0.06666667
FB2F_b,PFR_a,-0.011904762
FB2F_b,PFR_b,-0.125
FB2F_b,hDeltaB,-0.15789473
FB2F_b,hDeltaC,-7.6833334
FB2F_b,hDeltaG,-5.0416665
FB2F_b,hDeltaH,-30.666666
FB2F_b,hDeltaI,-0.15686275
FB2F_b,hDeltaJ,-7.4731183
FB2F_b,hDeltaL,-0.18181819
FB2F_b,hDeltaM,-12.458333
FB2F_b,vDeltaC,-0.12345679
FB2F_b,vDeltaD,-0.11111111
FB2F_b,vDeltaE,-0.7777778
FB2F_b,vDeltaF,-0.9259259
FB2F_b,vDeltaG,-0.33333334
FB2F_b,vDeltaH,-0.14814815
FB2F_b,vDeltaI_a,-0.039215688
FB2F_b,vDeltaI_b,-0.083333336
FB2F_c,ExR5,-0.1875
FB2F_c,FB1A,-6.8125
FB2F_c,FB1B,-0.375
FB2F_c,FB1C,-0.0625
FB2F_c,FB1D,-0.05
FB2F_c,FB1E_a,-1.6
FB2F_c,FB1F,-2.625
FB2F_c,FB1G,-1.875
FB2F_c,FB1H,-5.0
FB2F_c,FB1I,-0.25
FB2F_c,FB1J,-0.125
FB2F_c,FB2A,-0.6875
FB2F_c,FB2B_a,-0.3125
FB2F_c,FB2B_b,-0.125
FB2F_c,FB2C,-2.55
FB2F_c,FB2D,-2.4583333
FB2F_c,FB2E,-0.1875
FB2F_c,FB2F_a,-1.0416666
FB2F_c,FB2F_b,-11.333333
FB2F_c,FB2F_c,-0.4375
FB2F_c,FB2F_d,-9.375
FB2F_c,FB2G_a,-4.25
FB2F_c,FB2G_b,-0.16666667
FB2F_c,FB2H_a,-0.75
FB2F_c,FB2H_b,-3.75
FB2F_c,FB2I_a,-0.225
FB2F_c,FB2I_b,-0.75
FB2F_c,FB2J_a,-3.125
FB2F_c,FB2J_b,-0.125
FB2F_c,FB2J_c,-0.5
FB2F_c,FB2K,-0.22222222
FB2F_c,FB2L,-7.6875
FB2F_c,FB2M_a,-0.9375
FB2F_c,FB2M_b,-0.5
FB2F_c,FB3A,-0.125
FB2F_c,FB3C,-2.4423077
FB2F_c,FB3D,-0.75
FB2F_c,FB3E,-3.875
FB2F_c,FB4A_b,-0.125
FB2F_c,FB4B,-0.125
FB2F_c,FB4C,-0.125
FB2F_c,FB4D_a,-1.5
FB2F_c,FB4D_b,-3.0
FB2F_c,FB4F_a,-1.0
FB2F_c,FB4F_c,-1.2916666
FB2F_c,FB4M,-0.1875
FB2F_c,FB4N,-7.0
FB2F_c,FB4Y,-0.0625
FB2F_c,FB5A,-0.0625
FB2F_c,FB5B,-0.041666668
FB2F_c,FB5J,-0.125
FB2F_c,FB6C_a,-0.125
FB2F_c,FB6C_b,-0.083333336
FB2F_c,FB6D,-0.25
FB2F_c,FB7A,-0.16666667
FB2F_c,FC,-0.33333334
FB2F_c,FC1A,-0.04411765
FB2F_c,FC1B,-0.11363637
FB2F_c,FC1C_a,-0.041666668
FB2F_c,FC1C_b,-0.13235295
FB2F_c,FC1D,-0.21
FB2F_c,FC1E,-0.125
FB2F_c,FC1F,-0.13333334
FB2F_c,FC2A,-4.861111
FB2F_c,FC2B,-4.8333335
FB2F_c,FC2C,-2.2021277
FB2F_c,FC3_a,-0.75
FB2F_c,FC3_b,-0.8625
FB2F_c,FC3_c,-0.48333332
FB2F_c,FR1,-1.0833334
FB2F_c,FR2,-0.2638889
FB2F_c,FS1A_a,-1.953125
FB2F_c,FS1A_b,-0.53846157
FB2F_c,FS1A_c,-0.20833333
FB2F_c,FS1B_b,-0.015625
FB2F_c,FS2,-0.071428575
FB2F_c,FS3_a,-0.16666667
FB2F_c,FS3_b,-0.17857143
FB2F_c,FS3_c,-0.08928572
FB2F_c,FS3_d,-0.04032258
FB2F_c,FS4A,-0.03508772
FB2F_c,FS4B,-0.01724138
FB2F_c,FS4C,-0.026785715
FB2F_c,OA-VPM3,-0.375
FB2F_c,PEG,-0.013888889
FB2F_c,PFGs,-0.027777778
FB2F_c,PFL1,-0.10714286
FB2F_c,PFL2,-0.16666667
FB2F_c,PFL3,-0.20833333
FB2F_c,PFNa,-0.06896552
FB2F_c,PFNd,-0.3125
FB2F_c,PFNm_a,-0.023809524
FB2F_c,PFNm_b,-0.07692308
FB2F_c,PFNp_c,-0.025
FB2F_c,PFNp_d,-0.008928572
FB2F_c,PFNv,-0.75
FB2F_c,PFR_a,-0.04464286
FB2F_c,PFR_b,-0.0625
FB2F_c,hDeltaA,-0.083333336
FB2F_c,hDeltaB,-0.078947365
FB2F_c,hDeltaC,-0.3125
FB2F_c,hDeltaF,-0.21875
FB2F_c,hDeltaG,-4.28125
FB2F_c,hDeltaH,-3.78125
FB2F_c,hDeltaI,-0.1764706
FB2F_c,hDeltaJ,-0.7177419
FB2F_c,hDeltaK,-0.016129032
FB2F_c,hDeltaL,-2.3636363
FB2F_c,hDeltaM,-0.40625
FB2F_c,vDeltaB,-0.29032257
FB2F_c,vDeltaC,-1.4814814
FB2F_c,vDeltaD,-2.2142856
FB2F_c,vDeltaE,-4.138889
FB2F_c,vDeltaF,-2.4166667
FB2F_c,vDeltaG,-0.5555556
FB2F_c,vDeltaH,-0.027777778
FB2F_c,vDeltaI_a,-0.04411765
FB2F_c,vDeltaI_b,-0.075
FB2F_c,vDeltaL,-0.006756757
FB2F_d,ExR5,-0.1875
FB2F_d,FB1A,-2.9375
FB2F_d,FB1B,-0.1875
FB2F_d,FB1C,-0.0625
FB2F_d,FB1D,-0.05
FB2F_d,FB1E_a,-0.9
FB2F_d,FB1E_b,-0.125
FB2F_d,FB1F,-0.375
FB2F_d,FB1G,-0.5
FB2F_d,FB1H,-4.5
FB2F_d,FB2A,-0.6875
FB2F_d,FB2B_a,-0.125
FB2F_d,FB2B_b,-0.3125
FB2F_d,FB2C,-1.0
FB2F_d,FB2D,-0.5
FB2F_d,FB2E,-0.0625
FB2F_d,FB2F_a,-0.16666667
FB2F_d,FB2F_b,-2.5833333
FB2F_d,FB2F_c,-1.75
FB2F_d,FB2F_d,-2.75
FB2F_d,FB2G_a,-1.625
FB2F_d,FB2G_b,-0.375
FB2F_d,FB2H_a,-0.875
FB2F_d,FB2H_b,-0.625
FB2F_d,FB2I_a,-0.175
FB2F_d,FB2I_b,-0.125
FB2F_d,FB2J_a,-0.375
FB2F_d,FB2J_b,-0.125
FB2F_d,FB2K,-0.055555556
FB2F_d,FB2L,-8.1875
FB2F_d,FB2M_a,-0.375
FB2F_d,FB3C,-0.6923077
FB2F_d,FB4B,-0.125
FB2F_d,FB4C,-7.125
FB2F_d,FB4D_b,-0.375
FB2F_d,FB4F_a,-0.0625
FB2F_d,FB4M,-0.1875
FB2F_d,FB4N,-4.875
FB2F_d,FB5A,-0.1875
FB2F_d,FC,-0.6666667
FB2F_d,FC1A,-0.29411766
FB2F_d,FC1B,-0.42045453
FB2F_d,FC1C_a,-0.6875
FB2F_d,FC1C_b,-0.86764705
FB2F_d,FC1D,-0.56
FB2F_d,FC1E,-0.9886364
FB2F_d,FC1F,-0.5
FB2F_d,FC2A,-0.8888889
FB2F_d,FC2B,-5.9259257
FB2F_d,FC2C,-4.6702127
FB2F_d,FC3_a,-0.22058824
FB2F_d,FC3_b,-0.225
FB2F_d,FC3_c,-0.6333333
FB2F_d,FR1,-5.0555553
FB2F_d,FR2,-0.6944444
FB2F_d,FS1A_a,-0.34375
FB2F_d,FS1A_b,-0.3653846
FB2F_d,FS1A_c,-0.29166666
FB2F_d,FS1B_a,-0.09615385
FB2F_d,FS1B_b,-0.015625
FB2F_d,FS2,-0.077380955
FB2F_d,FS3_a,-0.016666668
FB2F_d,FS3_b,-0.071428575
FB2F_d,FS4A,-0.013157895
FB2F_d,FS4C,-0.0625
FB2F_d,OA-VPM3,-0.125
FB2F_d,PEG,-0.013888889
FB2F_d,PFGs,-0.013888889
FB2F_d,PFL1,-0.17857143
FB2F_d,PFL2,-0.27083334
FB2F_d,PFL3,-0.020833334
FB2F_d,PFNa,-0.04310345
FB2F_d,PFNd,-0.3
FB2F_d,PFNv,-0.125
FB2F_d,PFR_a,-0.008928572
FB2F_d,PFR_b,-0.046875
FB2F_d,hDeltaB,-0.36842105
FB2F_d,hDeltaC,-11.8875
FB2F_d,hDeltaF,-0.25
FB2F_d,hDeltaG,-27.5
FB2F_d,hDeltaH,-14.3125
FB2F_d,hDeltaI,-0.5441176
FB2F_d,hDeltaJ,-1.6612903
FB2F_d,hDeltaK,-0.016129032
FB2F_d,hDeltaL,-9.522727
FB2F_d,hDeltaM,-3.75
FB2F_d,vDeltaB,-0.024193548
FB2F_d,vDeltaC,-0.7314815
FB2F_d,vDeltaD,-2.4880953
FB2F_d,vDeltaE,-4.6805553
FB2F_d,vDeltaF,-2.8333333
FB2F_d,vDeltaG,-0.41666666
FB2F_d,vDeltaL,-0.006756757
FB2G_a,ExR5,-0.25
FB2G_a,FB1A,-0.125
FB2G_a,FB1D,-0.5
FB2G_a,FB1E_a,-0.8
FB2G_a,FB1G,-0.25
FB2G_a,FB1H,-5.25
FB2G_a,FB2A,-1.0
FB2G_a,FB2B_a,-0.375
FB2G_a,FB2B_b,-0.625
FB2G_a,FB2C,-1.3
FB2G_a,FB2D,-1.75
FB2G_a,FB2E,-0.875
FB2G_a,FB2F_a,-1.0833334
FB2G_a,FB2F_b,-6.5
FB2G_a,FB2F_c,-1.625
FB2G_a,FB2F_d,-2.875
FB2G_a,FB2G_a,-1.75
FB2G_a,FB2G_b,-1.8333334
FB2G_a,FB2H_a,-1.25
FB2G_a,FB2H_b,-1.75
FB2G_a,FB2I_a,-0.5
FB2G_a,FB2I_b,-0.25
FB2G_a,FB2J_b,-1.25
FB2G_a,FB2J_c,-1.25
FB2G_a,FB2K,-0.33333334
FB2G_a,FB2L,-1.5
FB2G_a,FB2M_a,-1.75
FB2G_a,FB2M_b,-1.75
FB2G_a,FB3C,-0.03846154
FB2G_a,FB3E,-0.25
FB2G_a,FB4A_b,-0.5
FB2G_a,FB4C,-0.5
FB2G_a,FB4D_b,-0.25
FB2G_a,FB5I,-0.25
FB2G_a,FB7L,-0.16666667
FB2G_a,FB8H,-1.0833334
FB2G_a,FC,-1.5
FB2G_a,FC1A,-1.0294118
FB2G_a,FC1B,-0.3181818
FB2G_a,FC1C_a,-0.75
FB2G_a,FC1C_b,-2.235294
FB2G_a,FC1D,-2.9
FB2G_a,FC1E,-4.5
FB2G_a,FC1F,-0.1
FB2G_a,FC2A,-15.472222
FB2G_a,FC2B,-12.648149
FB2G_a,FC2C,-0.4574468
FB2G_a,FC3_a,-0.20588236
FB2G_a,FC3_b,-0.35
FB2G_a,FC3_c,-0.3
FB2G_a,FR1,-1.4166666
FB2G_a,FR2,-3.4444444
FB2G_a,FS1A_a,-1.1875
FB2G_a,FS1A_b,-0.7307692
FB2G_a,FS1A_c,-0.75
FB2G_a,FS1B_a,-0.34615386
FB2G_a,FS1B_b,-0.0625
FB2G_a,FS2,-0.15476191
FB2G_a,FS3_d,-0.016129032
FB2G_a,FS4B,-0.05172414
FB2G_a,FS4C,-0.035714287
FB2G_a,OA-VPM3,-0.25
FB2G_a,PFGs,-0.027777778
FB2G_a,PFL1,-0.2857143
FB2G_a,PFL2,-2.8333333
FB2G_a,PFL3,-0.9166667
FB2G_a,PFNa,-0.05172414
FB2G_a,PFNd,-0.1625
FB2G_a,PFNp_c,-0.025
FB2G_a,PFNv,-0.05
FB2G_a,PFR_a,-0.017857144
FB2G_a,hDeltaB,-0.13157895
FB2G_a,hDeltaC,-3.275
FB2G_a,hDeltaG,-1.3125
FB2G_a,hDeltaH,-18.125
FB2G_a,hDeltaI,-0.14705883
FB2G_a,hDeltaJ,-5.725806
FB2G_a,hDeltaL,-0.045454547
FB2G_a,hDeltaM,-25.1875
FB2G_a,vDeltaC,-0.074074075
FB2G_a,vDeltaD,-0.0952381
FB2G_a,vDeltaE,-0.1388889
FB2G_a,vDeltaF,-0.16666667
FB2G_a,vDeltaG,-0.33333334
FB2G_a,vDeltaH,-0.22222222
FB2G_a,vDeltaI_b,-0.225
FB2G_b,EL,-0.027777778
FB2G_b,EPG,-0.0036231885
FB2G_b,ExR5,-1.0
FB2G_b,ExR6,-0.16666667
FB2G_b,FB1A,-0.20833333
FB2G_b,FB1B,-0.625
FB2G_b,FB1C,-0.041666668
FB2G_b,FB1D,-0.33333334
FB2G_b,FB1E_a,-0.16666667
FB2G_b,FB1E_b,-0.41666666
FB2G_b,FB1G,-1.0833334
FB2G_b,FB1H,-2.8333333
FB2G_b,FB2A,-1.3333334
FB2G_b,FB2B_a,-0.5
FB2G_b,FB2B_b,-1.0833334
FB2G_b,FB2C,-0.96666664
FB2G_b,FB2D,-21.472221
FB2G_b,FB2E,-0.29166666
FB2G_b,FB2F_a,-1.3888888
FB2G_b,FB2F_b,-0.8333333
FB2G_b,FB2F_c,-0.5833333
FB2G_b,FB2F_d,-1.2083334
FB2G_b,FB2G_a,-1.3333334
FB2G_b,FB2G_b,-4.0277777
FB2G_b,FB2H_a,-1.1666666
FB2G_b,FB2H_b,-0.9166667
FB2G_b,FB2I_a,-1.35
FB2G_b,FB2I_b,-3.25
FB2G_b,FB2J_a,-1.0
FB2G_b,FB2J_b,-0.5833333
FB2G_b,FB2J_c,-0.9166667
FB2G_b,FB2K,-3.0925925
FB2G_b,FB2L,-1.0416666
FB2G_b,FB2M_a,-1.375
FB2G_b,FB2M_b,-3.5833333
FB2G_b,FB3C,-0.20512821
FB2G_b,FB3D,-0.5
FB2G_b,FB3E,-0.16666667
FB2G_b,FB4A_b,-0.9166667
FB2G_b,FB4B,-0.083333336
FB2G_b,FB4C,-0.16666667
FB2G_b,FB4D_a,-0.5
FB2G_b,FB4D_b,-1.0
FB2G_b,FB4F_a,-0.29166666
FB2G_b,FB4F_c,-1.5277778
FB2G_b,FB4L,-0.20833333
FB2G_b,FB4M,-0.041666668
FB2G_b,FB4N,-0.083333336
FB2G_b,FB4Y,-0.083333336
FB2G_b,FB5A,-0.041666668
FB2G_b,FB5M,-0.16666667
FB2G_b,FB5W_a,-0.055555556
FB2G_b,FB5Y_a,-0.16666667
FB2G_b,FB5Y_b,-0.41666666
FB2G_b,FB6C_b,-0.027777778
FB2G_b,FB6D,-0.6666667
FB2G_b,FB7A,-0.055555556
FB2G_b,FB7K,-0.16666667
FB2G_b,FB7L,-0.1388889
FB2G_b,FB8H,-0.25
FB2G_b,FC,-1.9444444
FB2G_b,FC1A,-0.38235295
FB2G_b,FC1B,-0.37121212
FB2G_b,FC1C_a,-0.75
FB2G_b,FC1C_b,-0.7058824
FB2G_b,FC1D,-0.64666665
FB2G_b,FC1E,-0.8787879
FB2G_b,FC1F,-0.54444444
FB2G_b,FC2A,-1.9074074
FB2G_b,FC2B,-3.154321
FB2G_b,FC2C,-5.007092
FB2G_b,FC3_a,-0.28431374
FB2G_b,FC3_b,-0.25833333
FB2G_b,FC3_c,-0.37777779
FB2G_b,FR1,-0.28703704
FB2G_b,FR2,-1.712963
FB2G_b,FS1A_a,-0.6875
FB2G_b,FS1A_b,-2.6923077
FB2G_b,FS1A_c,-2.898148
FB2G_b,FS1B_a,-1.4102564
FB2G_b,FS1B_b,-0.9791667
FB2G_b,FS2,-0.01984127
FB2G_b,FS3,-0.083333336
FB2G_b,FS3_a,-0.055555556
FB2G_b,FS3_b,-0.14285715
FB2G_b,FS3_c,-0.071428575
FB2G_b,FS3_d,-0.09677419
FB2G_b,FS4A,-0.01754386
FB2G_b,FS4B,-0.04597701
FB2G_b,FS4C,-0.60714287
FB2G_b,OA-VPM3,-0.33333334
FB2G_b,PEG,-0.037037037
FB2G_b,PFGs,-0.018518519
FB2G_b,PFL1,-0.41666666
FB2G_b,PFL2,-15.458333
FB2G_b,PFL3,-8.930555
FB2G_b,PFNa,-0.07471264
FB2G_b,PFNd,-0.11666667
FB2G_b,PFNm_a,-0.007936508
FB2G_b,PFNp_b,-0.0012254902
FB2G_b,PFNp_c,-0.020833334
FB2G_b,PFNv,-0.058333334
FB2G_b,PFR_a,-0.017857144
FB2G_b,PFR_b,-0.010416667
FB2G_b,PPL102,-0.33333334
FB2G_b,SA3,-0.020833334
FB2G_b,SAF,-0.0625
FB2G_b,hDeltaA,-11.611111
FB2G_b,hDeltaB,-0.07017544
FB2G_b,hDeltaC,-0.24166666
FB2G_b,hDeltaF,-0.22916667
FB2G_b,hDeltaG,-0.16666667
FB2G_b,hDeltaH,-0.3125
FB2G_b,hDeltaI,-18.19608
FB2G_b,hDeltaJ,-0.23655914
FB2G_b,hDeltaK,-0.02688172
FB2G_b,hDeltaL,-0.09090909
FB2G_b,hDeltaM,-12.645833
FB2G_b,vDeltaA_a,-0.35238096
FB2G_b,vDeltaA_b,-0.010752688
FB2G_b,vDeltaC,-0.055555556
FB2G_b,vDeltaD,-0.055555556
FB2G_b,vDeltaE,-0.22222222
FB2G_b,vDeltaF,-0.28703704
FB2G_b,vDeltaG,-0.24074075
FB2G_b,vDeltaH,-0.18518518
FB2G_b,vDeltaI_a,-0.05882353
FB2G_b,vDeltaI_b,-0.033333335
FB2G_b,vDeltaJ,-0.030303031
FB2H_a,CB1541,-0.5
FB2H_a,EPG,-0.010869565
FB2H_a,ExR5,-0.5
FB2H_a,FB1A,-0.125
FB2H_a,FB1B,-0.125
FB2H_a,FB1D,-0.1
FB2H_a,FB1E_a,-2.6
FB2H_a,FB1E_b,-1.5
FB2H_a,FB1F,-0.25
FB2H_a,FB1G,-0.75
FB2H_a,FB1H,-0.75
FB2H_a,FB2A,-3.125
FB2H_a,FB2B_a,-2.75
FB2H_a,FB2B_b,-3.625
FB2H_a,FB2C,-0.8
FB2H_a,FB2D,-17.333334
FB2H_a,FB2E,-25.875
FB2H_a,FB2F_a,-33.833332
FB2H_a,FB2F_b,-2.0
FB2H_a,FB2F_c,-0.75
FB2H_a,FB2F_d,-0.875
FB2H_a,FB2G_a,-6.0
FB2H_a,FB2G_b,-2.3333333
FB2H_a,FB2H_a,-0.75
FB2H_a,FB2H_b,-1.0
FB2H_a,FB2I_a,-9.85
FB2H_a,FB2I_b,-1.5
FB2H_a,FB2J_a,-33.5
FB2H_a,FB2J_b,-36.5
FB2H_a,FB2J_c,-43.5
FB2H_a,FB2K,-2.9444444
FB2H_a,FB2L,-0.5
FB2H_a,FB2M_a,-9.375
FB2H_a,FB2M_b,-8.5
FB2H_a,FB3C,-0.115384616
FB2H_a,FB4A_b,-0.25
FB2H_a,FB4F_a,-0.125
FB2H_a,FB4F_c,-0.16666667
FB2H_a,FB4L,-0.125
FB2H_a,FB4X,-0.5
FB2H_a,FB4Y,-0.25
FB2H_a,FB5M,-0.25
FB2H_a,FC,-4.1666665
FB2H_a,FC1A,-8.323529
FB2H_a,FC1B,-4.2954545
FB2H_a,FC1C_a,-1.7916666
FB2H_a,FC1C_b,-2.9705882
FB2H_a,FC1D,-5.48
FB2H_a,FC1E,-3.409091
FB2H_a,FC1F,-2.8333333
FB2H_a,FC2A,-5.5277777
FB2H_a,FC2B,-0.44444445
FB2H_a,FC2C,-0.12765957
FB2H_a,FC3_a,-1.8529412
FB2H_a,FC3_b,-1.1
FB2H_a,FC3_c,-1.6666666
FB2H_a,FR1,-0.5
FB2H_a,FR2,-0.1388889
FB2H_a,FS1A_a,-0.75
FB2H_a,FS1A_b,-0.61538464
FB2H_a,FS1A_c,-0.9444444
FB2H_a,FS1B_a,-0.5
FB2H_a,FS1B_b,-0.5625
FB2H_a,FS3_b,-0.17857143
FB2H_a,FS3_c,-0.035714287
FB2H_a,FS3_d,-0.048387095
FB2H_a,FS4A,-0.02631579
FB2H_a,FS4B,-0.1724138
FB2H_a,FS4C,-0.30357143
FB2H_a,OA-VPM3,-0.75
FB2H_a,PFL1,-0.42857143
FB2H_a,PFL2,-1.9166666
FB2H_a,PFL3,-1.9791666
FB2H_a,PFNa,-0.3448276
FB2H_a,PFNp_b,-0.0036764706
FB2H_a,PFNp_c,-0.0125
FB2H_a,PFNv,-0.05
FB2H_a,hDeltaA,-1.2083334
FB2H_a,hDeltaB,-0.02631579
FB2H_a,hDeltaC,-6.5
FB2H_a,hDeltaF,-0.5
FB2H_a,hDeltaG,-0.4375
FB2H_a,hDeltaH,-0.3125
FB2H_a,hDeltaI,-2.235294
FB2H_a,hDeltaJ,-0.5967742
FB2H_a,hDeltaK,-0.048387095
FB2H_a,hDeltaL,-0.09090909
FB2H_a,hDeltaM,-3.5625
FB2H_a,vDeltaD,-0.04761905
FB2H_a,vDeltaE,-0.027777778
FB2H_a,vDeltaF,-0.1388889
FB2H_a,vDeltaG,-0.7777778
FB2H_a,vDeltaH,-0.5555556
FB2H_a,vDeltaI_a,-0.4117647
FB2H_a,vDeltaI_b,-0.525
FB2H_a,vDeltaJ,-0.09090909
FB2H_a,vDeltaL,-0.027027028
FB2H_b,ExR3,-0.25
FB2H_b,ExR5,-0.625
FB2H_b,FB1A,-0.125
FB2H_b,FB1C,-0.125
FB2H_b,FB1E_a,-1.4
FB2H_b,FB1E_b,-0.25
FB2H_b,FB1G,-0.75
FB2H_b,FB1H,-3.25
FB2H_b,FB2A,-4.0
FB2H_b,FB2B_a,-31.625
FB2H_b,FB2B_b,-2.75
FB2H_b,FB2C,-0.7
FB2H_b,FB2D,-18.916666
FB2H_b,FB2E,-9.125
FB2H_b,FB2F_a,-5.6666665
FB2H_b,FB2F_b,-2.6666667
FB2H_b,FB2F_c,-1.25
FB2H_b,FB2F_d,-2.125
FB2H_b,FB2G_a,-2.0
FB2H_b,FB2G_b,-0.5
FB2H_b,FB2H_a,-2.0
FB2H_b,FB2H_b,-0.5
FB2H_b,FB2I_a,-2.45
FB2H_b,FB2I_b,-1.5
FB2H_b,FB2J_a,-14.75
FB2H_b,FB2J_b,-25.25
FB2H_b,FB2J_c,-7.25
FB2H_b,FB2K,-1.6666666
FB2H_b,FB2L,-0.625
FB2H_b,FB2M_a,-2.875
FB2H_b,FB2M_b,-0.75
FB2H_b,FB3E,-0.25
FB2H_b,FB4L,-0.25
FB2H_b,FB5K,-0.25
FB2H_b,FB5Y_a,-0.5
FB2H_b,FB5Y_b,-0.75
FB2H_b,FC,-5.6666665
FB2H_b,FC1A,-5.2058825
FB2H_b,FC1B,-3.0454545
FB2H_b,FC1C_a,-5.2083335
FB2H_b,FC1C_b,-5.5
FB2H_b,FC1D,-6.68
FB2H_b,FC1E,-7.6363635
FB2H_b,FC1F,-1.8333334
FB2H_b,FC2A,-0.7777778
FB2H_b,FC2B,-0.074074075
FB2H_b,FC2C,-0.08510638
FB2H_b,FC3_a,-2.4705882
FB2H_b,FC3_b,-1.35
FB2H_b,FC3_c,-2.8
FB2H_b,FR1,-4.25
FB2H_b,FR2,-0.8611111
FB2H_b,FS1A_a,-0.03125
FB2H_b,FS1A_b,-0.3846154
FB2H_b,FS1A_c,-0.9722222
FB2H_b,FS1B_a,-2.1538463
FB2H_b,FS1B_b,-1.34375
FB2H_b,FS2,-0.13095239
FB2H_b,FS3,-0.25
FB2H_b,FS3_b,-0.035714287
FB2H_b,FS3_d,-0.016129032
FB2H_b,FS4A,-0.00877193
FB2H_b,FS4B,-0.10344828
FB2H_b,FS4C,-0.125
FB2H_b,LHPV6f1,-0.16666667
FB2H_b,OA-VPM3,-1.75
FB2H_b,PFL1,-0.8214286
FB2H_b,PFL2,-0.041666668
FB2H_b,PFL3,-0.375
FB2H_b,PFNa,-0.21551724
FB2H_b,PFNd,-0.025
FB2H_b,PFNp_c,-0.0125
FB2H_b,PFR_b,-0.125
FB2H_b,SAF,-0.0625
FB2H_b,hDeltaB,-0.02631579
FB2H_b,hDeltaC,-16.15
FB2H_b,hDeltaE,-0.0625
FB2H_b,hDeltaF,-1.125
FB2H_b,hDeltaG,-1.375
FB2H_b,hDeltaH,-0.4375
FB2H_b,hDeltaI,-2.4117646
FB2H_b,hDeltaJ,-2.6290324
FB2H_b,hDeltaK,-0.06451613
FB2H_b,hDeltaL,-1.0454545
FB2H_b,hDeltaM,-0.3125
FB2H_b,vDeltaC,-0.018518519
FB2H_b,vDeltaD,-0.4047619
FB2H_b,vDeltaE,-0.6666667
FB2H_b,vDeltaF,-1.5277778
FB2H_b,vDeltaG,-1.4722222
FB2H_b,vDeltaH,-1.7777778
FB2H_b,vDeltaI_a,-0.47058824
FB2H_b,vDeltaI_b,-0.775
FB2H_b,vDeltaJ,-0.3181818
FB2H_b,vDeltaL,-0.027027028
FB2H_b,vDeltaM,-0.009090909
FB2I_a,AN27X013,-0.13333334
FB2I_a,EL,-0.0055555557
FB2I_a,EPG,-0.054347824
FB2I_a,ExR5,-0.95
FB2I_a,ExR7,-0.025
FB2I_a,ExR8,-0.1
FB2I_a,FB1A,-0.075
FB2I_a,FB1B,-3.375
FB2I_a,FB1C,-0.025
FB2I_a,FB1D,-0.3
FB2I_a,FB1E_a,-0.42
FB2I_a,FB1E_b,-0.45
FB2I_a,FB1F,-4.2
FB2I_a,FB1G,-1.35
FB2I_a,FB1H,-4.15
FB2I_a,FB1I,-0.1
FB2I_a,FB1J,-0.15
FB2I_a,FB2A,-6.475
FB2I_a,FB2B_a,-2.125
FB2I_a,FB2B_b,-3.3
FB2I_a,FB2C,-0.98
FB2I_a,FB2D,-10.583333
FB2I_a,FB2E,-27.85
FB2I_a,FB2F_a,-1.2666667
FB2I_a,FB2F_b,-0.43333334
FB2I_a,FB2F_c,-0.475
FB2I_a,FB2F_d,-0.7
FB2I_a,FB2G_a,-0.9
FB2I_a,FB2G_b,-1.6833333
FB2I_a,FB2H_a,-7.8
FB2I_a,FB2H_b,-2.9
FB2I_a,FB2I_a,-45.54
FB2I_a,FB2I_b,-11.4
FB2I_a,FB2J_a,-1.15
FB2I_a,FB2J_b,-4.2
FB2I_a,FB2J_c,-1.45
FB2I_a,FB2K,-1.1333333
FB2I_a,FB2L,-0.9
FB2I_a,FB2M_a,-1.25
FB2I_a,FB2M_b,-1.65
FB2I_a,FB3C,-0.03846154
FB2I_a,FB3D,-0.1
FB2I_a,FB3E,-0.05
FB2I_a,FB4C,-0.05
FB2I_a,FB4F_a,-0.525
FB2I_a,FB4F_c,-0.53333336
FB2I_a,FB4L,-9.125
FB2I_a,FB4M,-0.1
FB2I_a,FB4Y,-0.2
FB2I_a,FB5A,-0.1
FB2I_a,FB5M,-0.15
FB2I_a,FB5V_c,-0.06
FB2I_a,FB6C_a,-0.05
FB2I_a,FB6E,-0.05
FB2I_a,FB7L,-0.016666668
FB2I_a,FC,-0.6
FB2I_a,FC1A,-1.3294117
FB2I_a,FC1B,-1.1772727
FB2I_a,FC1C_a,-0.5
FB2I_a,FC1C_b,-0.60588235
FB2I_a,FC1D,-0.708
FB2I_a,FC1E,-0.5409091
FB2I_a,FC1F,-0.9266667
FB2I_a,FC2A,-0.094444446
FB2I_a,FC2B,-0.044444446
FB2I_a,FC2C,-0.1106383
FB2I_a,FC3_a,-0.1882353
FB2I_a,FC3_b,-0.24
FB2I_a,FC3_c,-0.5133333
FB2I_a,FR1,-0.76111114
FB2I_a,FR2,-0.10555556
FB2I_a,FS1A_a,-0.08125
FB2I_a,FS1A_b,-0.06923077
FB2I_a,FS1A_c,-0.17777778
FB2I_a,FS1B_a,-0.33846155
FB2I_a,FS1B_b,-1.44375
FB2I_a,FS2,-0.123809524
FB2I_a,FS3,-0.15
FB2I_a,FS3_a,-0.046666667
FB2I_a,FS3_b,-0.035714287
FB2I_a,FS3_c,-0.014285714
FB2I_a,FS3_d,-0.029032258
FB2I_a,FS4A,-0.16842106
FB2I_a,FS4B,-1.6827586
FB2I_a,FS4C,-2.25
FB2I_a,OA-VPM3,-7.05
FB2I_a,PEG,-0.011111111
FB2I_a,PEN_a(PEN1),-0.015
FB2I_a,PEN_b(PEN2),-0.0045454544
FB2I_a,PFL1,-1.25
FB2I_a,PFL2,-0.2
FB2I_a,PFL3,-0.9583333
FB2I_a,PFNa,-0.18793103
FB2I_a,PFNd,-0.045
FB2I_a,PFNm_b,-0.0076923077
FB2I_a,PFNp_b,-0.0014705883
FB2I_a,PFNp_c,-0.0025
FB2I_a,PFNv,-0.02
FB2I_a,PFR_a,-0.0035714286
FB2I_a,PFR_b,-0.46875
FB2I_a,SA2_a,-0.033333335
FB2I_a,SA2_b,-0.025
FB2I_a,SA3,-0.325
FB2I_a,SAF,-0.125
FB2I_a,hDeltaA,-0.06666667
FB2I_a,hDeltaB,-0.010526316
FB2I_a,hDeltaC,-0.34
FB2I_a,hDeltaF,-0.0125
FB2I_a,hDeltaG,-0.0375
FB2I_a,hDeltaH,-0.0375
FB2I_a,hDeltaI,-0.65294117
FB2I_a,hDeltaJ,-0.11935484
FB2I_a,hDeltaK,-0.012903226
FB2I_a,hDeltaL,-0.018181818
FB2I_a,hDeltaM,-0.8125
FB2I_a,vDeltaC,-0.0037037036
FB2I_a,vDeltaD,-0.042857144
FB2I_a,vDeltaE,-0.06666667
FB2I_a,vDeltaF,-0.1
FB2I_a,vDeltaG,-0.3
FB2I_a,vDeltaH,-0.15555556
FB2I_a,vDeltaI_a,-0.08235294
FB2I_a,vDeltaI_b,-0.03
FB2I_a,vDeltaJ,-0.009090909
FB2I_b,ATL032,-0.5
FB2I_b,ExR4,-0.75
FB2I_b,ExR5,-0.125
FB2I_b,ExR7,-0.25
FB2I_b,FB1A,-0.25
FB2I_b,FB1B,-0.375
FB2I_b,FB1C,-0.25
FB2I_b,FB1D,-2.8
FB2I_b,FB1E_a,-6.0
FB2I_b,FB1E_b,-7.5
FB2I_b,FB1F,-0.5
FB2I_b,FB1G,-0.75
FB2I_b,FB1H,-1.75
FB2I_b,FB2A,-4.5
FB2I_b,FB2B_a,-1.0
FB2I_b,FB2B_b,-1.125
FB2I_b,FB2C,-2.1
FB2I_b,FB2D,-14.333333
FB2I_b,FB2E,-17.0
FB2I_b,FB2F_a,-38.166668
FB2I_b,FB2F_b,-1.8333334
FB2I_b,FB2F_c,-1.25
FB2I_b,FB2F_d,-2.875
FB2I_b,FB2G_a,-3.5
FB2I_b,FB2G_b,-10.0
FB2I_b,FB2H_a,-0.5
FB2I_b,FB2H_b,-9.0
FB2I_b,FB2I_a,-13.1
FB2I_b,FB2J_a,-46.25
FB2I_b,FB2J_b,-16.25
FB2I_b,FB2J_c,-35.25
FB2I_b,FB2K,-2.7777777
FB2I_b,FB2L,-0.125
FB2I_b,FB2M_a,-12.5
FB2I_b,FB2M_b,-20.0
FB2I_b,FB3C,-0.03846154
FB2I_b,FB4A_b,-0.25
FB2I_b,FB4B,-0.25
FB2I_b,FB4F_a,-0.625
FB2I_b,FB4F_c,-1.0
FB2I_b,FB4L,-0.5
FB2I_b,FB4Y,-4.25
FB2I_b,FB7C,-0.1
FB2I_b,FC1A,-10.5
FB2I_b,FC1B,-6.5227275
FB2I_b,FC1C_a,-0.5833333
FB2I_b,FC1C_b,-0.4117647
FB2I_b,FC1D,-5.12
FB2I_b,FC1E,-1.6818181
FB2I_b,FC1F,-3.8333333
FB2I_b,FC2A,-3.6666667
FB2I_b,FC2B,-0.2037037
FB2I_b,FC2C,-0.12765957
FB2I_b,FC3_a,-2.0
FB2I_b,FC3_b,-1.975
FB2I_b,FC3_c,-1.5
FB2I_b,FR1,-0.30555555
FB2I_b,FR2,-0.19444445
FB2I_b,FS1A_a,-0.1875
FB2I_b,FS1A_b,-0.15384616
FB2I_b,FS1A_c,-0.19444445
FB2I_b,FS1B_a,-0.15384616
FB2I_b,FS1B_b,-0.09375
FB2I_b,FS2,-0.035714287
FB2I_b,FS3_b,-0.035714287
FB2I_b,FS3_c,-0.071428575
FB2I_b,FS4A,-0.06140351
FB2I_b,FS4B,-0.13793103
FB2I_b,FS4C,-0.19642857
FB2I_b,IbSpsP,-0.016129032
FB2I_b,OA-VPM3,-0.5
FB2I_b,PFL1,-1.2142857
FB2I_b,PFL2,-4.375
FB2I_b,PFL3,-3.2291667
FB2I_b,PFNa,-0.46551725
FB2I_b,PFNd,-0.0125
FB2I_b,PFNp_b,-0.007352941
FB2I_b,PFNp_c,-0.0125
FB2I_b,PFNv,-0.025
FB2I_b,PFR_a,-0.017857144
FB2I_b,SA3,-0.25
FB2I_b,SAF,-0.0625
FB2I_b,hDeltaA,-2.0833333
FB2I_b,hDeltaB,-0.05263158
FB2I_b,hDeltaC,-0.725
FB2I_b,hDeltaF,-0.0625
FB2I_b,hDeltaG,-0.25
FB2I_b,hDeltaI,-2.4117646
FB2I_b,hDeltaJ,-0.32258064
FB2I_b,hDeltaK,-0.08064516
FB2I_b,hDeltaM,-7.9375
FB2I_b,vDeltaA_a,-0.06428572
FB2I_b,vDeltaB,-0.048387095
FB2I_b,vDeltaC,-0.037037037
FB2I_b,vDeltaD,-0.023809524
FB2I_b,vDeltaE,-0.027777778
FB2I_b,vDeltaF,-0.11111111
FB2I_b,vDeltaG,-0.2777778
FB2I_b,vDeltaH,-0.5555556
FB2I_b,vDeltaI_a,-0.4117647
FB2I_b,vDeltaI_b,-0.35
FB2I_b,vDeltaJ,-0.045454547
FB2I_b,vDeltaK,-0.07446808
FB2I_b,vDeltaL,-0.0945946
FB2J_a,ExR5,-2.0
FB2J_a,FB1E_a,-0.4
FB2J_a,FB1E_b,-0.5
FB2J_a,FB1H,-0.75
FB2J_a,FB2A,-1.375
FB2J_a,FB2B_a,-1.25
FB2J_a,FB2B_b,-14.875
FB2J_a,FB2C,-1.7
FB2J_a,FB2D,-42.5
FB2J_a,FB2E,-1.875
FB2J_a,FB2F_a,-22.916666
FB2J_a,FB2F_b,-0.5
FB2J_a,FB2F_c,-1.25
FB2J_a,FB2F_d,-0.625
FB2J_a,FB2G_a,-1.0
FB2J_a,FB2G_b,-0.41666666
FB2J_a,FB2H_a,-19.5
FB2J_a,FB2H_b,-21.75
FB2J_a,FB2I_a,-0.55
FB2J_a,FB2I_b,-28.0
FB2J_a,FB2J_a,-0.25
FB2J_a,FB2J_b,-3.75
FB2J_a,FB2J_c,-1.25
FB2J_a,FB2K,-2.9444444
FB2J_a,FB2L,-0.125
FB2J_a,FB2M_a,-8.75
FB2J_a,FB2M_b,-4.25
FB2J_a,FB4A_b,-1.25
FB2J_a,FB4C,-1.0
FB2J_a,FB4F_c,-0.083333336
FB2J_a,FB4L,-2.375
FB2J_a,FB4Y,-0.375
FB2J_a,FB5A,-2.125
FB2J_a,FB6C_a,-0.25
FB2J_a,FB6C_b,-0.16666667
FB2J_a,FC,-6.8333335
FB2J_a,FC1A,-0.32352942
FB2J_a,FC1B,-0.11363637
FB2J_a,FC1C_a,-4.9166665
FB2J_a,FC1C_b,-5.4411764
FB2J_a,FC1D,-0.44
FB2J_a,FC1E,-3.25
FB2J_a,FC1F,-0.16666667
FB2J_a,FC2A,-13.0
FB2J_a,FC2B,-1.425926
FB2J_a,FC2C,-0.14893617
FB2J_a,FC3_a,-1.0
FB2J_a,FC3_b,-0.775
FB2J_a,FC3_c,-0.16666667
FB2J_a,FR1,-0.22222222
FB2J_a,FR2,-0.11111111
FB2J_a,FS1A_a,-0.09375
FB2J_a,FS1A_c,-0.19444445
FB2J_a,FS2,-0.21428572
FB2J_a,FS4A,-0.00877193
FB2J_a,FS4C,-0.017857144
FB2J_a,PFL1,-0.10714286
FB2J_a,PFL2,-0.20833333
FB2J_a,PFL3,-1.3541666
FB2J_a,hDeltaA,-1.9583334
FB2J_a,hDeltaC,-0.05
FB2J_a,hDeltaF,-3.6875
FB2J_a,hDeltaG,-3.1875
FB2J_a,hDeltaH,-4.0
FB2J_a,hDeltaI,-3.5294118
FB2J_a,hDeltaJ,-0.2580645
FB2J_a,hDeltaL,-0.6363636
FB2J_a,hDeltaM,-18.9375
FB2J_a,vDeltaD,-0.14285715
FB2J_a,vDeltaE,-0.1388889
FB2J_a,vDeltaF,-0.2777778
FB2J_a,vDeltaG,-1.2777778
FB2J_a,vDeltaH,-3.7222223
FB2J_a,vDeltaI_a,-4.117647
FB2J_a,vDeltaI_b,-0.475
FB2J_b,ExR5,-8.625
FB2J_b,FB1E_a,-0.1
FB2J_b,FB1G,-0.25
FB2J_b,FB1H,-0.75
FB2J_b,FB2A,-1.75
FB2J_b,FB2B_a,-1.125
FB2J_b,FB2B_b,-27.125
FB2J_b,FB2C,-0.7
FB2J_b,FB2D,-35.25
FB2J_b,FB2E,-3.875
FB2J_b,FB2F_a,-6.5
FB2J_b,FB2F_b,-0.8333333
FB2J_b,FB2F_c,-0.125
FB2J_b,FB2F_d,-0.75
FB2J_b,FB2G_a,-0.5
FB2J_b,FB2G_b,-0.6666667
FB2J_b,FB2H_a,-12.0
FB2J_b,FB2H_b,-9.5
FB2J_b,FB2I_a,-5.3
FB2J_b,FB2I_b,-7.0
FB2J_b,FB2J_a,-3.5
FB2J_b,FB2J_b,-2.0
FB2J_b,FB2J_c,-0.75
FB2J_b,FB2K,-2.0555556
FB2J_b,FB2M_a,-2.0
FB2J_b,FB2M_b,-3.5
FB2J_b,FB4C,-4.75
FB2J_b,FB4L,-5.375
FB2J_b,FB5A,-3.125
FB2J_b,FC,-9.666667
FB2J_b,FC1A,-0.61764705
FB2J_b,FC1B,-0.52272725
FB2J_b,FC1C_a,-8.166667
FB2J_b,FC1C_b,-8.382353
FB2J_b,FC1D,-0.7
FB2J_b,FC1E,-3.0227273
FB2J_b,FC1F,-0.7
FB2J_b,FC2A,-2.7222223
FB2J_b,FC2B,-0.2962963
FB2J_b,FC2C,-0.13829787
FB2J_b,FC3_a,-1.9411764
FB2J_b,FC3_b,-3.725
FB2J_b,FC3_c,-1.6
FB2J_b,FR1,-1.2777778
FB2J_b,FR2,-0.6111111
FB2J_b,FS1A_a,-0.0625
FB2J_b,FS1A_b,-0.03846154
FB2J_b,FS1A_c,-0.22222222
FB2J_b,FS1B_a,-1.4230769
FB2J_b,FS1B_b,-0.6875
FB2J_b,FS2,-0.023809524
FB2J_b,FS4B,-0.18965517
FB2J_b,FS4C,-0.6785714
FB2J_b,OA-VPM3,-2.0
FB2J_b,PFL1,-9.107142
FB2J_b,PFL2,-0.16666667
FB2J_b,PFL3,-1.6458334
FB2J_b,PFNa,-0.03448276
FB2J_b,hDeltaC,-0.775
FB2J_b,hDeltaF,-3.875
FB2J_b,hDeltaG,-1.1875
FB2J_b,hDeltaH,-0.375
FB2J_b,hDeltaI,-7.1764708
FB2J_b,hDeltaJ,-0.08064516
FB2J_b,hDeltaK,-0.016129032
FB2J_b,hDeltaL,-0.09090909
FB2J_b,hDeltaM,-6.75
FB2J_b,vDeltaD,-0.04761905
FB2J_b,vDeltaE,-0.2777778
FB2J_b,vDeltaF,-0.44444445
FB2J_b,vDeltaG,-3.1944444
FB2J_b,vDeltaH,-2.1666667
FB2J_b,vDeltaI_a,-3.0882354
FB2J_b,vDeltaI_b,-0.225
FB2J_c,ExR5,-0.5
FB2J_c,FB1E_a,-0.1
FB2J_c,FB1H,-2.25
FB2J_c,FB2A,-0.875
FB2J_c,FB2B_a,-9.75
FB2J_c,FB2B_b,-8.625
FB2J_c,FB2C,-3.1
FB2J_c,FB2D,-16.333334
FB2J_c,FB2E,-0.375
FB2J_c,FB2F_a,-23.333334
FB2J_c,FB2F_b,-2.1666667
FB2J_c,FB2F_c,-0.125
FB2J_c,FB2G_a,-14.0
FB2J_c,FB2G_b,-1.0
FB2J_c,FB2H_a,-17.25
FB2J_c,FB2H_b,-21.0
FB2J_c,FB2I_a,-0.65
FB2J_c,FB2I_b,-12.5
FB2J_c,FB2J_a,-0.5
FB2J_c,FB2J_b,-1.0
FB2J_c,FB2J_c,-1.0
FB2J_c,FB2K,-2.8888888
FB2J_c,FB2L,-0.125
FB2J_c,FB2M_a,-25.125
FB2J_c,FB2M_b,-9.0
FB2J_c,FB4A_b,-0.25
FB2J_c,FB4B,-0.25
FB2J_c,FB4C,-2.0
FB2J_c,FB4D_b,-0.25
FB2J_c,FB4F_c,-0.083333336
FB2J_c,FB4L,-0.375
FB2J_c,FB4N,-1.25
FB2J_c,FB5A,-4.5
FB2J_c,FB5V_a,-0.16666667
FB2J_c,FB6C_b,-0.25
FB2J_c,FB7A,-0.16666667
FB2J_c,FC,-10.5
FB2J_c,FC1A,-0.20588236
FB2J_c,FC1B,-0.13636364
FB2J_c,FC1C_a,-4.7916665
FB2J_c,FC1C_b,-5.0588236
FB2J_c,FC1D,-1.16
FB2J_c,FC1E,-2.4772727
FB2J_c,FC1F,-0.13333334
FB2J_c,FC2A,-14.305555
FB2J_c,FC2B,-0.962963
FB2J_c,FC2C,-0.095744684
FB2J_c,FC3_a,-3.8235295
FB2J_c,FC3_b,-2.325
FB2J_c,FC3_c,-0.8
FB2J_c,FR1,-1.75
FB2J_c,FR2,-0.2777778
FB2J_c,FS1A_a,-0.28125
FB2J_c,FS1A_b,-0.23076923
FB2J_c,FS1A_c,-1.0555556
FB2J_c,FS1B_a,-0.5769231
FB2J_c,FS1B_b,-0.03125
FB2J_c,FS2,-0.0952381
FB2J_c,FS4B,-0.01724138
FB2J_c,FS4C,-0.017857144
FB2J_c,OA-VPM3,-0.75
FB2J_c,PFL1,-0.10714286
FB2J_c,PFL2,-1.0833334
FB2J_c,PFL3,-1.9583334
FB2J_c,PFNd,-0.0125
FB2J_c,PFNv,-0.05
FB2J_c,hDeltaA,-1.6666666
FB2J_c,hDeltaB,-0.078947365
FB2J_c,hDeltaC,-0.9
FB2J_c,hDeltaF,-0.75
FB2J_c,hDeltaG,-0.75
FB2J_c,hDeltaH,-2.0625
FB2J_c,hDeltaI,-4.147059
FB2J_c,hDeltaJ,-0.19354838
FB2J_c,hDeltaL,-0.045454547
FB2J_c,hDeltaM,-32.0625
FB2J_c,vDeltaE,-0.027777778
FB2J_c,vDeltaF,-1.8333334
FB2J_c,vDeltaG,-4.3333335
FB2J_c,vDeltaH,-4.7222223
FB2J_c,vDeltaI_a,-3.4117646
FB2J_c,vDeltaI_b,-0.375
FB2K,DNpe027,-0.11111111
FB2K,EL,-0.0061728396
FB2K,EPG,-0.009661836
FB2K,ExR5,-0.5833333
FB2K,ExR6,-0.22222222
FB2K,FB1A,-0.1388889
FB2K,FB1B,-0.11111111
FB2K,FB1E_a,-0.06666667
FB2K,FB1E_b,-0.055555556
FB2K,FB1G,-25.055555
FB2K,FB1H,-3.2222223
FB2K,FB1J,-0.055555556
FB2K,FB2A,-0.30555555
FB2K,FB2B_a,-0.11111111
FB2K,FB2B_b,-0.5555556
FB2K,FB2C,-2.3777778
FB2K,FB2D,-1.6296296
FB2K,FB2F_a,-1.5185186
FB2K,FB2F_b,-0.37037036
FB2K,FB2F_c,-0.7777778
FB2K,FB2F_d,-0.25
FB2K,FB2G_a,-0.7222222
FB2K,FB2G_b,-20.351852
FB2K,FB2H_a,-0.6666667
FB2K,FB2H_b,-0.5
FB2K,FB2I_a,-0.73333335
FB2K,FB2I_b,-1.3333334
FB2K,FB2J_a,-0.5555556
FB2K,FB2J_b,-0.7222222
FB2K,FB2J_c,-2.5
FB2K,FB2K,-0.86419755
FB2K,FB2L,-0.6666667
FB2K,FB2M_a,-4.7222223
FB2K,FB2M_b,-17.166666
FB2K,FB3A,-0.027777778
FB2K,FB3C,-0.2991453
FB2K,FB3D,-0.11111111
FB2K,FB3E,-0.6111111
FB2K,FB4A_a,-0.074074075
FB2K,FB4A_b,-0.5
FB2K,FB4B,-0.055555556
FB2K,FB4C,-0.22222222
FB2K,FB4D_a,-1.0
FB2K,FB4D_b,-2.3333333
FB2K,FB4D_c,-0.22222222
FB2K,FB4E_a,-0.022222223
FB2K,FB4E_b,-0.083333336
FB2K,FB4F_a,-0.22222222
FB2K,FB4F_b,-0.055555556
FB2K,FB4F_c,-0.6296296
FB2K,FB4L,-0.055555556
FB2K,FB4N,-6.3333335
FB2K,FB4P_a,-0.027777778
FB2K,FB4P_b,-0.037037037
FB2K,FB4R,-0.018518519
FB2K,FB4Y,-0.19444445
FB2K,FB5A,-0.027777778
FB2K,FB5M,-0.055555556
FB2K,FB5V_b,-0.037037037
FB2K,FB5W_a,-0.018518519
FB2K,FB6P,-0.055555556
FB2K,FC,-0.8518519
FB2K,FC1A,-0.104575165
FB2K,FC1B,-0.08080808
FB2K,FC1C_a,-0.12037037
FB2K,FC1C_b,-0.13725491
FB2K,FC1D,-0.24444444
FB2K,FC1E,-0.16666667
FB2K,FC1F,-0.17777778
FB2K,FC2A,-0.9074074
FB2K,FC2B,-0.2798354
FB2K,FC2C,-0.19858156
FB2K,FC3_a,-0.104575165
FB2K,FC3_b,-0.1
FB2K,FC3_c,-0.11111111
FB2K,FR1,-0.030864198
FB2K,FR2,-0.055555556
FB2K,FS1A_a,-1.5833334
FB2K,FS1A_b,-0.5641026
FB2K,FS1A_c,-0.20987654
FB2K,FS1B_a,-0.06837607
FB2K,FS1B_b,-0.020833334
FB2K,FS2,-0.06349207
FB2K,FS3_a,-0.02962963
FB2K,FS3_b,-0.007936508
FB2K,FS3_c,-0.015873017
FB2K,FS3_d,-0.007168459
FB2K,FS4A,-0.007797271
FB2K,FS4B,-0.01532567
FB2K,FS4C,-0.027777778
FB2K,LAL073,-0.11111111
FB2K,OA-VPM3,-0.2777778
FB2K,PEG,-0.0061728396
FB2K,PEN_a(PEN1),-0.0055555557
FB2K,PFGs,-0.018518519
FB2K,PFL1,-0.07936508
FB2K,PFL2,-2.7777777
FB2K,PFL3,-1.7824074
FB2K,PFNa,-0.01532567
FB2K,PFNd,-0.025
FB2K,PFNm_b,-0.0042735045
FB2K,PFNv,-0.044444446
FB2K,PFR_a,-0.011904762
FB2K,PFR_b,-0.3472222
FB2K,SA2_a,-0.037037037
FB2K,SA2_c,-0.055555556
FB2K,SAF,-0.06944445
FB2K,hDeltaA,-1.3888888
FB2K,hDeltaB,-0.0877193
FB2K,hDeltaC,-0.1388889
FB2K,hDeltaF,-0.013888889
FB2K,hDeltaG,-0.041666668
FB2K,hDeltaH,-0.1388889
FB2K,hDeltaI,-1.372549
FB2K,hDeltaJ,-0.11111111
FB2K,hDeltaK,-0.028673835
FB2K,hDeltaL,-0.01010101
FB2K,hDeltaM,-5.9027777
FB2K,vDeltaC,-0.004115226
FB2K,vDeltaD,-0.026455026
FB2K,vDeltaE,-0.06790123
FB2K,vDeltaF,-0.14197531
FB2K,vDeltaG,-0.11111111
FB2K,vDeltaH,-0.061728396
FB2K,vDeltaI_a,-0.013071896
FB2K,vDeltaI_b,-0.016666668
FB2L,AN27X013,-0.16666667
FB2L,DNc02,-0.125
FB2L,EL,-0.013888889
FB2L,EPG,-0.010869565
FB2L,ExR5,-0.0625
FB2L,FB1A,-4.5
FB2L,FB1B,-0.25
FB2L,FB1C,-0.0625
FB2L,FB1E_a,-2.2
FB2L,FB1E_b,-0.125
FB2L,FB1F,-0.375
FB2L,FB1G,-5.25
FB2L,FB1H,-3.25
FB2L,FB1J,-0.25
FB2L,FB2A,-0.1875
FB2L,FB2B_a,-0.0625
FB2L,FB2B_b,-0.3125
FB2L,FB2C,-2.8
FB2L,FB2D,-2.875
FB2L,FB2E,-0.0625
FB2L,FB2F_a,-0.29166666
FB2L,FB2F_b,-9.5
FB2L,FB2F_c,-5.0625
FB2L,FB2F_d,-12.8125
FB2L,FB2G_a,-5.375
FB2L,FB2G_b,-0.9583333
FB2L,FB2H_a,-0.25
FB2L,FB2H_b,-0.625
FB2L,FB2I_a,-0.1
FB2L,FB2J_a,-0.625
FB2L,FB2J_c,-0.625
FB2L,FB2K,-0.5277778
FB2L,FB2L,-1.4375
FB2L,FB2M_a,-2.1875
FB2L,FB2M_b,-1.0
FB2L,FB3A,-0.0625
FB2L,FB3C,-5.1153846
FB2L,FB3E,-5.375
FB2L,FB4A_a,-0.125
FB2L,FB4A_b,-0.125
FB2L,FB4C,-0.875
FB2L,FB4D_a,-3.125
FB2L,FB4D_b,-2.375
FB2L,FB4D_c,-1.0
FB2L,FB4E_c,-0.125
FB2L,FB4F_a,-1.4375
FB2L,FB4F_b,-0.125
FB2L,FB4F_c,-1.125
FB2L,FB4L,-0.1875
FB2L,FB4M,-0.25
FB2L,FB4N,-0.625
FB2L,FB4O,-0.16666667
FB2L,FB4Q_b,-0.125
FB2L,FB4Q_c,-0.083333336
FB2L,FB4Y,-0.1875
FB2L,FB5J,-0.125
FB2L,FC,-0.25
FB2L,FC1A,-0.014705882
FB2L,FC1B,-0.09090909
FB2L,FC1C_a,-0.35416666
FB2L,FC1C_b,-0.16176471
FB2L,FC1D,-0.07
FB2L,FC1E,-0.10227273
FB2L,FC1F,-0.2
FB2L,FC2A,-1.7222222
FB2L,FC2B,-5.1666665
FB2L,FC2C,-1.9893616
FB2L,FC3_a,-0.20588236
FB2L,FC3_b,-0.1875
FB2L,FC3_c,-0.21666667
FB2L,FR1,-0.20833333
FB2L,FR2,-0.055555556
FB2L,FS1A_a,-0.578125
FB2L,FS1A_b,-1.8076923
FB2L,FS1A_c,-0.7638889
FB2L,FS1B_a,-0.03846154
FB2L,FS1B_b,-0.265625
FB2L,FS2,-0.66071427
FB2L,FS3,-0.375
FB2L,FS3_a,-0.35
FB2L,FS3_b,-0.3392857
FB2L,FS3_c,-0.19642857
FB2L,FS3_d,-0.10483871
FB2L,FS4A,-0.013157895
FB2L,FS4B,-0.01724138
FB2L,FS4C,-0.035714287
FB2L,OA-VPM3,-0.75
FB2L,PFGs,-0.055555556
FB2L,PFL1,-0.16071428
FB2L,PFL2,-0.25
FB2L,PFL3,-0.14583333
FB2L,PFNa,-0.021551725
FB2L,PFNd,-0.03125
FB2L,PFNm_a,-0.011904762
FB2L,PFNv,-0.05
FB2L,PFR_a,-0.035714287
FB2L,PFR_b,-0.125
FB2L,hDeltaA,-0.020833334
FB2L,hDeltaB,-0.14473684
FB2L,hDeltaC,-0.3375
FB2L,hDeltaF,-0.09375
FB2L,hDeltaG,-1.625
FB2L,hDeltaH,-1.09375
FB2L,hDeltaI,-0.014705882
FB2L,hDeltaJ,-0.18548387
FB2L,hDeltaK,-0.05645161
FB2L,hDeltaL,-0.70454544
FB2L,hDeltaM,-0.15625
FB2L,vDeltaB,-0.15322581
FB2L,vDeltaC,-1.3888888
FB2L,vDeltaD,-3.0833333
FB2L,vDeltaE,-5.625
FB2L,vDeltaF,-3.25
FB2L,vDeltaG,-0.7083333
FB2L,vDeltaH,-0.083333336
FB2L,vDeltaL,-0.013513514
FB2M_a,EL,-0.013888889
FB2M_a,ExR5,-1.25
FB2M_a,FB1D,-0.1
FB2M_a,FB1E_a,-0.6
FB2M_a,FB1F,-0.125
FB2M_a,FB1G,-0.125
FB2M_a,FB1H,-5.25
FB2M_a,FB2A,-2.3125
FB2M_a,FB2B_a,-0.4375
FB2M_a,FB2B_b,-1.1875
FB2M_a,FB2C,-2.15
FB2M_a,FB2D,-2.75
FB2M_a,FB2E,-0.625
FB2M_a,FB2F_a,-3.0416667
FB2M_a,FB2F_b,-1.9166666
FB2M_a,FB2F_c,-1.125
FB2M_a,FB2F_d,-1.25
FB2M_a,FB2G_a,-2.625
FB2M_a,FB2G_b,-2.25
FB2M_a,FB2H_a,-2.375
FB2M_a,FB2H_b,-1.125
FB2M_a,FB2I_a,-0.45
FB2M_a,FB2I_b,-2.625
FB2M_a,FB2J_a,-2.0
FB2M_a,FB2J_b,-0.375
FB2M_a,FB2J_c,-3.625
FB2M_a,FB2K,-1.4722222
FB2M_a,FB2L,-0.4375
FB2M_a,FB2M_a,-2.375
FB2M_a,FB2M_b,-3.25
FB2M_a,FB3A,-0.0625
FB2M_a,FB3C,-0.03846154
FB2M_a,FB4A_b,-1.0
FB2M_a,FB4D_b,-0.5
FB2M_a,FB4F_c,-0.125
FB2M_a,FB4L,-0.1875
FB2M_a,FB4N,-0.25
FB2M_a,FB5A,-0.375
FB2M_a,FB5I,-0.125
FB2M_a,FB5V_c,-0.05
FB2M_a,FB6C_b,-0.041666668
FB2M_a,FB7A,-0.041666668
FB2M_a,FB7L,-0.083333336
FB2M_a,FB8A,-0.125
FB2M_a,FC,-1.9166666
FB2M_a,FC1A,-1.4705882
FB2M_a,FC1B,-0.18181819
FB2M_a,FC1C_a,-1.2083334
FB2M_a,FC1C_b,-3.0
FB2M_a,FC1D,-4.85
FB2M_a,FC1E,-5.6022725
FB2M_a,FC1F,-0.36666667
FB2M_a,FC2A,-26.26389
FB2M_a,FC2B,-7.796296
FB2M_a,FC2C,-0.18085106
FB2M_a,FC3_a,-0.13235295
FB2M_a,FC3_b,-0.25
FB2M_a,FC3_c,-0.3
FB2M_a,FR1,-0.30555555
FB2M_a,FR2,-1.1666666
FB2M_a,FS1A_a,-0.65625
FB2M_a,FS1A_b,-2.4038463
FB2M_a,FS1A_c,-4.8472223
FB2M_a,FS1B_a,-3.2115386
FB2M_a,FS1B_b,-0.296875
FB2M_a,FS2,-0.065476194
FB2M_a,FS3_a,-0.016666668
FB2M_a,FS3_b,-0.035714287
FB2M_a,FS3_d,-0.008064516
FB2M_a,FS4B,-0.060344826
FB2M_a,FS4C,-0.026785715
FB2M_a,OA-VPM3,-0.5
FB2M_a,PEG,-0.027777778
FB2M_a,PFGs,-0.013888889
FB2M_a,PFL1,-0.5535714
FB2M_a,PFL2,-6.9583335
FB2M_a,PFL3,-5.5
FB2M_a,PFNa,-0.04310345
FB2M_a,PFNd,-0.03125
FB2M_a,PFNm_a,-0.023809524
FB2M_a,PFNm_b,-0.01923077
FB2M_a,PFNp_c,-0.00625
FB2M_a,PFNv,-0.0375
FB2M_a,PFR_a,-0.017857144
FB2M_a,hDeltaA,-9.270833
FB2M_a,hDeltaB,-0.02631579
FB2M_a,hDeltaC,-0.6
FB2M_a,hDeltaF,-0.03125
FB2M_a,hDeltaG,-0.15625
FB2M_a,hDeltaH,-6.78125
FB2M_a,hDeltaI,-1.3088236
FB2M_a,hDeltaJ,-1.0241935
FB2M_a,hDeltaM,-48.125
FB2M_a,vDeltaD,-0.011904762
FB2M_a,vDeltaE,-0.16666667
FB2M_a,vDeltaF,-0.22222222
FB2M_a,vDeltaG,-0.125
FB2M_a,vDeltaH,-0.2777778
FB2M_a,vDeltaI_a,-0.20588236
FB2M_a,vDeltaI_b,-0.1375
FB2M_b,ExR5,-1.375
FB2M_b,FB1C,-0.25
FB2M_b,FB1E_a,-0.1
FB2M_b,FB1H,-3.0
FB2M_b,FB2A,-2.125
FB2M_b,FB2B_a,-0.75
FB2M_b,FB2B_b,-1.75
FB2M_b,FB2C,-2.4
FB2M_b,FB2D,-2.5
FB2M_b,FB2E,-0.25
FB2M_b,FB2F_a,-2.3333333
FB2M_b,FB2F_b,-0.33333334
FB2M_b,FB2F_c,-0.625
FB2M_b,FB2F_d,-0.25
FB2M_b,FB2G_a,-2.0
FB2M_b,FB2G_b,-2.8333333
FB2M_b,FB2H_a,-3.75
FB2M_b,FB2H_b,-1.0
FB2M_b,FB2I_a,-1.15
FB2M_b,FB2I_b,-3.25
FB2M_b,FB2J_a,-0.25
FB2M_b,FB2J_b,-1.5
FB2M_b,FB2J_c,-2.5
FB2M_b,FB2K,-3.2777777
FB2M_b,FB2L,-0.125
FB2M_b,FB2M_a,-3.0
FB2M_b,FB2M_b,-2.5
FB2M_b,FB3C,-0.115384616
FB2M_b,FB4A_b,-0.25
FB2M_b,FB4C,-0.25
FB2M_b,FB4D_b,-0.25
FB2M_b,FB4F_a,-0.25
FB2M_b,FB4F_c,-1.25
FB2M_b,FB4L,-0.25
FB2M_b,FB4N,-0.5
FB2M_b,FB4Y,-0.125
FB2M_b,FB7L,-0.083333336
FB2M_b,FB8A,-0.25
FB2M_b,FC,-1.3333334
FB2M_b,FC1A,-0.5
FB2M_b,FC1B,-0.20454545
FB2M_b,FC1C_a,-0.7916667
FB2M_b,FC1C_b,-1.2647059
FB2M_b,FC1D,-2.06
FB2M_b,FC1E,-2.0
FB2M_b,FC1F,-0.3
FB2M_b,FC2A,-16.75
FB2M_b,FC2B,-6.462963
FB2M_b,FC2C,-1.031915
FB2M_b,FC3_a,-0.20588236
FB2M_b,FC3_b,-0.275
FB2M_b,FC3_c,-0.23333333
FB2M_b,FR1,-0.19444445
FB2M_b,FR2,-0.3611111
FB2M_b,FS1A_a,-0.1875
FB2M_b,FS1A_b,-1.0
FB2M_b,FS1A_c,-4.1666665
FB2M_b,FS1B_a,-2.3461537
FB2M_b,FS1B_b,-0.15625
FB2M_b,FS4B,-0.03448276
FB2M_b,FS4C,-0.017857144
FB2M_b,OA-VPM3,-0.5
FB2M_b,PEN_b(PEN2),-0.022727273
FB2M_b,PFL1,-0.25
FB2M_b,PFL2,-13.916667
FB2M_b,PFL3,-10.041667
FB2M_b,PFNa,-0.02586207
FB2M_b,PFNd,-0.05
FB2M_b,PFNv,-0.075
FB2M_b,PFR_a,-0.017857144
FB2M_b,hDeltaA,-23.291666
FB2M_b,hDeltaC,-0.125
FB2M_b,hDeltaH,-1.0625
FB2M_b,hDeltaI,-7.6764708
FB2M_b,hDeltaJ,-0.19354838
FB2M_b,hDeltaK,-0.048387095
FB2M_b,hDeltaL,-0.045454547
FB2M_b,hDeltaM,-34.0625
FB2M_b,vDeltaF,-0.11111111
FB2M_b,vDeltaG,-0.22222222
FB2M_b,vDeltaH,-0.7222222
FB2M_b,vDeltaI_a,-0.20588236
FB2M_b,vDeltaI_b,-0.15
FB3A,DNc02,-0.125
FB3A,EL,-0.25
FB3A,EPG,-0.25
FB3A,ExR1,-0.125
FB3A,ExR4,-0.125
FB3A,ExR6,-0.125
FB3A,ExR8,-0.0625
FB3A,FB1G,-0.25
FB3A,FB1H,-7.75
FB3A,FB2A,-0.1875
FB3A,FB2C,-0.2
FB3A,FB2D,-0.125
FB3A,FB2F_c,-0.0625
FB3A,FB2G_b,-0.041666668
FB3A,FB2K,-0.41666666
FB3A,FB2L,-0.4375
FB3A,FB3A,-5.6875
FB3A,FB3C,-3.3653846
FB3A,FB3D,-2.0
FB3A,FB3E,-5.5
FB3A,FB4A_a,-0.083333336
FB3A,FB4A_b,-0.125
FB3A,FB4B,-33.0
FB3A,FB4C,-14.625
FB3A,FB4D_a,-1.125
FB3A,FB4D_b,-0.625
FB3A,FB4D_c,-0.5
FB3A,FB4E_a,-0.05
FB3A,FB4E_b,-0.0625
FB3A,FB4F_a,-0.125
FB3A,FB4F_b,-0.25
FB3A,FB4F_c,-0.375
FB3A,FB4G,-0.375
FB3A,FB4H,-0.25
FB3A,FB4J,-0.375
FB3A,FB4K,-0.5
FB3A,FB4L,-8.5
FB3A,FB4M,-36.0
FB3A,FB4N,-8.875
FB3A,FB4R,-0.041666668
FB3A,FB5W_a,-0.041666668
FB3A,FC,-0.083333336
FB3A,FC1A,-0.029411765
FB3A,FC1B,-0.045454547
FB3A,FC1C_a,-0.104166664
FB3A,FC1C_b,-0.029411765
FB3A,FC1D,-0.04
FB3A,FC1E,-0.045454547
FB3A,FC1F,-0.033333335
FB3A,FC2B,-0.027777778
FB3A,FC2C,-0.06382979
FB3A,FC3_a,-0.27941176
FB3A,FC3_b,-0.125
FB3A,FC3_c,-0.31666666
FB3A,FR1,-0.16666667
FB3A,FR2,-0.013888889
FB3A,FS1A_a,-0.046875
FB3A,FS1A_b,-0.01923077
FB3A,FS1B_b,-0.078125
FB3A,FS2,-0.065476194
FB3A,FS3_a,-0.06666667
FB3A,FS3_b,-0.125
FB3A,FS3_c,-0.08928572
FB3A,FS3_d,-0.04032258
FB3A,FS4B,-0.01724138
FB3A,FS4C,-0.026785715
FB3A,GLNO,-0.125
FB3A,LAL205,-0.25
FB3A,LNO1,-4.0
FB3A,LNO2,-10.5
FB3A,LNOa,-0.125
FB3A,OA-VPM3,-3.25
FB3A,PEN_a(PEN1),-0.0125
FB3A,PFGs,-0.8055556
FB3A,PFL1,-0.035714287
FB3A,PFL3,-0.052083332
FB3A,PFNd,-36.03125
FB3A,PFNp_d,-0.017857144
FB3A,PFNv,-0.1
FB3A,PFR_a,-3.3035715
FB3A,PFR_b,-0.28125
FB3A,hDeltaA,-1.3541666
FB3A,hDeltaB,-11.618421
FB3A,hDeltaC,-0.075
FB3A,hDeltaF,-0.03125
FB3A,hDeltaG,-0.15625
FB3A,hDeltaH,-0.09375
FB3A,hDeltaI,-0.3970588
FB3A,hDeltaJ,-0.46774194
FB3A,hDeltaK,-2.2419355
FB3A,hDeltaM,-0.125
FB3A,vDeltaF,-0.027777778
FB3A,vDeltaK,-0.010638298
FB3A,vDeltaL,-0.0472973
FB3A,vDeltaM,-0.036363635
FB3C,AN27X013,0.102564104
FB3C,EL,0.18803419
FB3C,EPG,0.026755853
FB3C,ER1_a,0.006993007
FB3C,ER1_b,0.03550296
FB3C,ER1_c,0.01923077
FB3C,ER3a_a,0.020512821
FB3C,ER3a_b,0.06410257
FB3C,ER3a_c,0.01923077
FB3C,ER3d_a,0.010989011
FB3C,ER3d_e,0.021978023
FB3C,ER3m,0.025641026
FB3C,ExR1,0.03846154
FB3C,ExR5,0.03846154
FB3C,ExR6,0.03846154
FB3C,FB1A,0.1923077
FB3C,FB1B,0.01923077
FB3C,FB1C,0.057692308
FB3C,FB1D,0.015384615
FB3C,FB1E_a,0.015384615
FB3C,FB1F,0.07692308
FB3C,FB1G,1.7692307
FB3C,FB1H,7.423077
FB3C,FB1J,0.115384616
FB3C,FB2A,0.09615385
FB3C,FB2B_a,0.03846154
FB3C,FB2B_b,0.5576923
FB3C,FB2C,0.53846157
FB3C,FB2D,0.6025641
FB3C,FB2F_a,0.012820513
FB3C,FB2F_b,0.2820513
FB3C,FB2F_c,1.3846154
FB3C,FB2F_d,0.32692307
FB3C,FB2G_a,0.15384616
FB3C,FB2G_b,0.15384616
FB3C,FB2I_b,0.46153846
FB3C,FB2J_a,0.26923078
FB3C,FB2J_b,0.07692308
FB3C,FB2J_c,0.115384616
FB3C,FB2K,0.13675214
FB3C,FB2L,0.46153846
FB3C,FB2M_a,0.01923077
FB3C,FB2M_b,0.07692308
FB3C,FB3A,0.23076923
FB3C,FB3C,0.74556214
FB3C,FB3D,0.15384616
FB3C,FB3E,1.0769231
FB3C,FB4A_a,0.012820513
FB3C,FB4A_b,0.03846154
FB3C,FB4B,11.538462
FB3C,FB4C,8.769231
FB3C,FB4D_a,8.076923
FB3C,FB4D_b,7.3076925
FB3C,FB4D_c,6.1538463
FB3C,FB4F_c,0.12820514
FB3C,FB4G,0.07692308
FB3C,FB4J,1.1923077
FB3C,FB4K,0.44230768
FB3C,FB4L,0.5
FB3C,FB4M,0.7307692
FB3C,FB4N,36.576923
FB3C,FB4X,0.53846157
FB3C,FB4Y,0.03846154
FB3C,FB5A,0.13461539
FB3C,FB5AB,0.03846154
FB3C,FB5C,0.025641026
FB3C,FB5X,0.012820513
FB3C,FB6K,0.03846154
FB3C,FC,0.46153846
FB3C,FC1A,0.04524887
FB3C,FC1B,0.31118882
FB3C,FC1C_a,0.115384616
FB3C,FC1C_b,0.095022626
FB3C,FC1D,0.02153846
FB3C,FC1E,0.02097902
FB3C,FC1F,0.63589746
FB3C,FC2A,0.047008548
FB3C,FC2B,0.07122507
FB3C,FC2C,0.036006548
FB3C,FC3_a,6.117647
FB3C,FC3_b,3.9653847
FB3C,FC3_c,3.7897437
FB3C,FR1,0.7136752
FB3C,FR2,0.34615386
FB3C,FS1A_a,1.4278846
FB3C,FS1A_b,1.0355029
FB3C,FS1A_c,0.8333333
FB3C,FS1B_a,0.52071005
FB3C,FS1B_b,0.23557693
FB3C,FS2,1.7344322
FB3C,FS3,0.26923078
FB3C,FS3_a,1.1538461
FB3C,FS3_b,0.98351645
FB3C,FS3_c,1.0604396
FB3C,FS3_d,0.6451613
FB3C,FS4A,0.3994602
FB3C,FS4B,0.0053050397
FB3C,FS4C,0.046703298
FB3C,LAL013,0.15384616
FB3C,OA-VPM3,0.115384616
FB3C,PAM09,0.07692308
FB3C,PEG,0.0042735045
FB3C,PEN_a(PEN1),0.0038461538
FB3C,PFGs,2.7820513
FB3C,PFL1,0.054945055
FB3C,PFL2,0.1923077
FB3C,PFL3,0.016025642
FB3C,PFNa,0.0013262599
FB3C,PFNd,0.025
FB3C,PFNp_b,0.0005656109
FB3C,PFNp_d,0.0027472528
FB3C,PFNv,0.073076926
FB3C,PFR_a,0.052197803
FB3C,PFR_b,3.2019231
FB3C,hDeltaA,0.03846154
FB3C,hDeltaB,0.84210527
FB3C,hDeltaC,0.103846155
FB3C,hDeltaF,0.009615385
FB3C,hDeltaG,0.3653846
FB3C,hDeltaH,0.31730768
FB3C,hDeltaI,0.11764706
FB3C,hDeltaJ,0.13647643
FB3C,hDeltaK,0.08684864
FB3C,hDeltaL,0.013986014
FB3C,hDeltaM,0.14423077
FB3C,vDeltaA_a,0.0010989011
FB3C,vDeltaA_b,0.0024813896
FB3C,vDeltaD,0.021978023
FB3C,vDeltaE,0.072649576
FB3C,vDeltaF,0.081196584
FB3C,vDeltaG,0.008547009
FB3C,vDeltaK,0.0016366612
FB3C,vDeltaL,0.01039501
FB3C,vDeltaM,0.0013986015
FB3D,EPG,-0.36956522
FB3D,FB1G,-0.5
FB3D,FB1H,-6.5
FB3D,FB2C,-0.6
FB3D,FB2F_d,-0.25
FB3D,FB2K,-0.5555556
FB3D,FB2L,-0.25
FB3D,FB3A,-0.5
FB3D,FB3C,-0.53846157
FB3D,FB3E,-0.5
FB3D,FB4A_a,-0.8333333
FB3D,FB4A_b,-1.5
FB3D,FB4B,-25.0
FB3D,FB4C,-0.5
FB3D,FB4D_a,-9.5
FB3D,FB4D_b,-7.5
FB3D,FB4D_c,-17.5
FB3D,FB4E_a,-0.8
FB3D,FB4E_b,-0.25
FB3D,FB4F_a,-1.0
FB3D,FB4F_b,-2.0
FB3D,FB4F_c,-2.1666667
FB3D,FB4G,-2.0
FB3D,FB4H,-0.5
FB3D,FB4J,-11.0
FB3D,FB4K,-4.25
FB3D,FB4L,-1.0
FB3D,FB4M,-4.0
FB3D,FB4N,-40.5
FB3D,FB4O,-0.33333334
FB3D,FB4R,-0.33333334
FB3D,FB4Y,-0.5
FB3D,FB5D,-0.33333334
FB3D,FB5J,-1.0
FB3D,FB5N,-0.25
FB3D,FB6P,-0.5
FB3D,FC1B,-0.09090909
FB3D,FC1C_a,-0.25
FB3D,FC1C_b,-0.23529412
FB3D,FC1D,-0.08
FB3D,FC1E,-0.09090909
FB3D,FC2A,-0.7222222
FB3D,FC2B,-0.22222222
FB3D,FC2C,-0.38297874
FB3D,FC3_a,-0.11764706
FB3D,FC3_b,-0.1
FB3D,FC3_c,-0.06666667
FB3D,FR1,-2.5555556
FB3D,FS1A_a,-1.875
FB3D,FS1A_b,-0.15384616
FB3D,FS1B_a,-0.07692308
FB3D,FS2,-1.0
FB3D,FS3_a,-0.06666667
FB3D,FS3_c,-0.14285715
FB3D,FS3_d,-0.032258064
FB3D,PEG,-0.055555556
FB3D,PFGs,-0.16666667
FB3D,PFL1,-0.071428575
FB3D,PFL2,-0.5
FB3D,PFL3,-0.7916667
FB3D,PFNd,-0.125
FB3D,PFNv,-0.1
FB3D,PFR_a,-0.21428572
FB3D,PFR_b,-8.75
FB3D,hDeltaA,-0.41666666
FB3D,hDeltaB,-0.57894737
FB3D,hDeltaC,-0.8
FB3D,hDeltaH,-0.125
FB3D,hDeltaI,-17.17647
FB3D,hDeltaJ,-1.1935484
FB3D,hDeltaK,-0.12903225
FB3D,hDeltaM,-0.125
FB3D,vDeltaA_a,-0.014285714
FB3D,vDeltaD,-0.04761905
FB3D,vDeltaE,-0.16666667
FB3D,vDeltaF,-0.11111111
FB3D,vDeltaG,-0.055555556
FB3D,vDeltaM,-0.018181818
FB3E,EL,-0.16666667
FB3E,EPG,-0.054347824
FB3E,FB1A,-0.25
FB3E,FB1B,-0.125
FB3E,FB1C,-0.125
FB3E,FB1G,-3.5
FB3E,FB1H,-27.5
FB3E,FB2A,-0.125
FB3E,FB2B_b,-2.125
FB3E,FB2C,-1.8
FB3E,FB2D,-0.75
FB3E,FB2F_c,-3.875
FB3E,FB2G_a,-0.25
FB3E,FB2I_a,-0.05
FB3E,FB2J_a,-0.75
FB3E,FB2K,-0.11111111
FB3E,FB2L,-0.125
FB3E,FB3C,-1.8846154
FB3E,FB3E,-0.25
FB3E,FB4A_b,-0.25
FB3E,FB4B,-26.0
FB3E,FB4C,-10.25
FB3E,FB4D_a,-14.75
FB3E,FB4D_b,-13.5
FB3E,FB4D_c,-7.75
FB3E,FB4F_c,-0.16666667
FB3E,FB4J,-0.25
FB3E,FB4K,-0.25
FB3E,FB4L,-0.625
FB3E,FB4M,-0.25
FB3E,FB4N,-21.5
FB3E,FB4Y,-0.125
FB3E,FB5A,-0.125
FB3E,FB6K,-0.125
FB3E,FC,-0.33333334
FB3E,FC1A,-0.029411765
FB3E,FC1B,-0.6136364
FB3E,FC1D,-0.02
FB3E,FC1E,-0.022727273
FB3E,FC1F,-0.9
FB3E,FC2B,-0.12962963
FB3E,FC2C,-0.021276595
FB3E,FC3_a,-6.117647
FB3E,FC3_b,-7.075
FB3E,FC3_c,-5.7
FB3E,FR1,-0.8611111
FB3E,FR2,-0.19444445
FB3E,FS1A_a,-1.625
FB3E,FS1A_b,-1.0769231
FB3E,FS1A_c,-0.6944444
FB3E,FS1B_a,-0.42307693
FB3E,FS1B_b,-0.4375
FB3E,FS2,-1.9047619
FB3E,FS3,-0.25
FB3E,FS3_a,-0.9
FB3E,FS3_b,-0.89285713
FB3E,FS3_c,-1.2142857
FB3E,FS3_d,-0.9354839
FB3E,FS4A,-0.5877193
FB3E,FS4B,-0.01724138
FB3E,FS4C,-0.05357143
FB3E,OA-VPM3,-0.25
FB3E,PEG,-0.027777778
FB3E,PEN_a(PEN1),-0.05
FB3E,PFGs,-3.4166667
FB3E,PFL1,-0.035714287
FB3E,PFL2,-0.041666668
FB3E,PFL3,-0.020833334
FB3E,PFNa,-0.00862069
FB3E,PFNd,-0.0875
FB3E,PFNp_d,-0.035714287
FB3E,PFNv,-0.15
FB3E,PFR_a,-0.08928572
FB3E,PFR_b,-1.875
FB3E,SA1_b,-0.1
FB3E,SA1_c,-0.5
FB3E,SA2_b,-0.125
FB3E,SA2_c,-1.0
FB3E,SA3,-0.0625
FB3E,hDeltaB,-0.39473686
FB3E,hDeltaC,-0.075
FB3E,hDeltaG,-0.5625
FB3E,hDeltaH,-0.0625
FB3E,hDeltaI,-0.14705883
FB3E,hDeltaJ,-0.09677419
FB3E,hDeltaK,-0.12903225
FB3E,hDeltaL,-0.09090909
FB3E,hDeltaM,-0.1875
FB3E,vDeltaA_a,-0.028571429
FB3E,vDeltaB,-0.032258064
FB3E,vDeltaD,-0.023809524
FB3E,vDeltaE,-0.027777778
FB3E,vDeltaF,-0.055555556
FB3E,vDeltaM,-0.018181818
FB4A_a,EL,-0.018518519
FB4A_a,EPG,-0.010869565
FB4A_a,ExR5,-0.083333336
FB4A_a,FB1A,-0.041666668
FB4A_a,FB1H,-3.9166667
FB4A_a,FB2C,-0.26666668
FB4A_a,FB2D,-0.083333336
FB4A_a,FB2K,-0.055555556
FB4A_a,FB2L,-0.041666668
FB4A_a,FB3C,-0.025641026
FB4A_a,FB3D,-0.16666667
FB4A_a,FB4A_a,-0.16666667
FB4A_a,FB4A_b,-1.9166666
FB4A_a,FB4B,-0.8333333
FB4A_a,FB4C,-0.083333336
FB4A_a,FB4D_a,-1.75
FB4A_a,FB4D_b,-1.6666666
FB4A_a,FB4D_c,-2.25
FB4A_a,FB4E_a,-0.56666666
FB4A_a,FB4E_b,-0.16666667
FB4A_a,FB4E_c,-0.33333334
FB4A_a,FB4F_a,-0.25
FB4A_a,FB4F_b,-0.5
FB4A_a,FB4F_c,-0.44444445
FB4A_a,FB4J,-0.9166667
FB4A_a,FB4K,-0.9583333
FB4A_a,FB4L,-0.5833333
FB4A_a,FB4M,-1.25
FB4A_a,FB4N,-13.25
FB4A_a,FB4O,-0.6666667
FB4A_a,FB4P_a,-0.16666667
FB4A_a,FB4P_b,-0.22222222
FB4A_a,FB4P_c,-0.25
FB4A_a,FB4Q_a,-0.41666666
FB4A_a,FB4Q_b,-0.75
FB4A_a,FB4Q_c,-1.4444444
FB4A_a,FB4R,-0.2777778
FB4A_a,FB4X,-9.25
FB4A_a,FB4Y,-0.083333336
FB4A_a,FB5A,-0.8333333
FB4A_a,FB5I,-0.5833333
FB4A_a,FB5J,-0.5
FB4A_a,FB5O,-0.083333336
FB4A_a,FB5V_b,-0.027777778
FB4A_a,FB5X,-0.027777778
FB4A_a,FB5Z,-0.041666668
FB4A_a,FB6K,-0.041666668
FB4A_a,FB6O,-0.083333336
FB4A_a,FB6P,-0.083333336
FB4A_a,FC1A,-0.04901961
FB4A_a,FC1B,-0.007575758
FB4A_a,FC1C_a,-0.097222224
FB4A_a,FC1C_b,-0.05882353
FB4A_a,FC1D,-0.06666667
FB4A_a,FC1E,-0.10606061
FB4A_a,FC1F,-0.022222223
FB4A_a,FC2A,-0.5185185
FB4A_a,FC2B,-0.16049382
FB4A_a,FC2C,-0.014184397
FB4A_a,FC3_a,-0.05882353
FB4A_a,FC3_b,-0.11666667
FB4A_a,FC3_c,-0.055555556
FB4A_a,FR1,-0.12037037
FB4A_a,FR2,-0.9074074
FB4A_a,FS1A_a,-0.625
FB4A_a,FS1A_c,-0.046296295
FB4A_a,FS1B_a,-0.07692308
FB4A_a,FS1B_b,-0.020833334
FB4A_a,FS2,-0.04761905
FB4A_a,FS3_a,-0.011111111
FB4A_a,FS3_c,-0.011904762
FB4A_a,FS3_d,-0.016129032
FB4A_a,FS4A,-0.0058479533
FB4A_a,FS4B,-0.03448276
FB4A_a,FS4C,-0.005952381
FB4A_a,OA-VPM3,-0.5
FB4A_a,PFGs,-0.055555556
FB4A_a,PFL1,-0.011904762
FB4A_a,PFL2,-0.013888889
FB4A_a,PFL3,-0.090277776
FB4A_a,PFNd,-0.0625
FB4A_a,PFR_a,-0.54761904
FB4A_a,PFR_b,-0.21875
FB4A_a,hDeltaA,-0.3611111
FB4A_a,hDeltaB,-0.13157895
FB4A_a,hDeltaC,-1.6583333
FB4A_a,hDeltaF,-0.020833334
FB4A_a,hDeltaG,-0.020833334
FB4A_a,hDeltaH,-0.1875
FB4A_a,hDeltaI,-2.4411764
FB4A_a,hDeltaJ,-9.967742
FB4A_a,hDeltaK,-0.09677419
FB4A_a,hDeltaM,-0.25
FB4A_a,vDeltaE,-0.074074075
FB4A_a,vDeltaF,-0.018518519
FB4A_a,vDeltaG,-0.009259259
FB4A_a,vDeltaL,-0.013513514
FB4A_b,EPG,-0.04347826
FB4A_b,FB1H,-6.75
FB4A_b,FB2C,-0.2
FB4A_b,FB2D,-0.16666667
FB4A_b,FB2K,-0.11111111
FB4A_b,FB2M_a,-0.25
FB4A_b,FB3C,-0.5
FB4A_b,FB3D,-5.0
FB4A_b,FB4A_a,-0.8333333
FB4A_b,FB4A_b,-0.75
FB4A_b,FB4B,-4.5
FB4A_b,FB4C,-0.5
FB4A_b,FB4D_a,-0.25
FB4A_b,FB4D_b,-1.5
FB4A_b,FB4D_c,-1.75
FB4A_b,FB4E_a,-0.2
FB4A_b,FB4E_c,-0.75
FB4A_b,FB4F_a,-0.125
FB4A_b,FB4F_c,-0.41666666
FB4A_b,FB4J,-1.0
FB4A_b,FB4K,-0.75
FB4A_b,FB4L,-0.5
FB4A_b,FB4M,-1.625
FB4A_b,FB4N,-6.75
FB4A_b,FB4O,-0.25
FB4A_b,FB4P_b,-0.6666667
FB4A_b,FB4P_c,-0.5
FB4A_b,FB4Q_a,-1.0
FB4A_b,FB4Q_b,-1.0
FB4A_b,FB4Q_c,-1.3333334
FB4A_b,FB4R,-0.083333336
FB4A_b,FB4X,-5.25
FB4A_b,FB5A,-1.25
FB4A_b,FB5D,-0.16666667
FB4A_b,FB5I,-2.75
FB4A_b,FB5J,-0.25
FB4A_b,FB5M,-0.25
FB4A_b,FB5R,-0.125
FB4A_b,FB5W_a,-0.083333336
FB4A_b,FB5X,-0.083333336
FB4A_b,FC1A,-0.0882353
FB4A_b,FC1B,-0.022727273
FB4A_b,FC1C_b,-0.05882353
FB4A_b,FC1D,-0.06
FB4A_b,FC1E,-0.09090909
FB4A_b,FC1F,-0.033333335
FB4A_b,FC2A,-1.0555556
FB4A_b,FC2B,-0.5
FB4A_b,FC2C,-0.07446808
FB4A_b,FC3_a,-0.11764706
FB4A_b,FC3_b,-0.15
FB4A_b,FC3_c,-0.23333333
FB4A_b,FR1,-0.16666667
FB4A_b,FR2,-0.8055556
FB4A_b,FS1A_a,-0.5625
FB4A_b,FS1A_b,-0.115384616
FB4A_b,FS1A_c,-0.083333336
FB4A_b,FS1B_a,-0.03846154
FB4A_b,FS2,-0.15476191
FB4A_b,FS3_c,-0.035714287
FB4A_b,FS4A,-0.00877193
FB4A_b,FS4C,-0.035714287
FB4A_b,OA-VPM3,-0.75
FB4A_b,PFGs,-0.083333336
FB4A_b,PFL1,-0.035714287
FB4A_b,PFL2,-0.083333336
FB4A_b,PFL3,-0.14583333
FB4A_b,PFNd,-0.0875
FB4A_b,PFR_a,-0.17857143
FB4A_b,PFR_b,-0.375
FB4A_b,hDeltaA,-0.125
FB4A_b,hDeltaB,-0.39473686
FB4A_b,hDeltaC,-4.175
FB4A_b,hDeltaD,-0.0625
FB4A_b,hDeltaF,-0.0625
FB4A_b,hDeltaG,-0.1875
FB4A_b,hDeltaH,-0.1875
FB4A_b,hDeltaI,-3.3529413
FB4A_b,hDeltaJ,-15.967742
FB4A_b,hDeltaK,-0.16129032
FB4A_b,hDeltaM,-1.0625
FB4A_b,vDeltaE,-0.027777778
FB4A_b,vDeltaF,-0.055555556
FB4B,DNpe050,-0.25
FB4B,EL,-0.3611111
FB4B,EPG,-0.097826086
FB4B,FB1A,-0.125
FB4B,FB1G,-0.25
FB4B,FB1H,-9.75
FB4B,FB2A,-0.25
FB4B,FB2F_c,-0.625
FB4B,FB2K,-0.44444445
FB4B,FB3A,-24.75
FB4B,FB3C,-4.3846154
FB4B,FB3D,-5.0
FB4B,FB3E,-7.75
FB4B,FB4A_a,-0.5833333
FB4B,FB4A_b,-1.5
FB4B,FB4B,-8.5
FB4B,FB4C,-17.25
FB4B,FB4D_a,-1.0
FB4B,FB4D_b,-1.0
FB4B,FB4D_c,-1.25
FB4B,FB4E_a,-2.4
FB4B,FB4E_b,-0.75
FB4B,FB4E_c,-7.0
FB4B,FB4F_a,-2.0
FB4B,FB4F_c,-1.25
FB4B,FB4G,-3.0
FB4B,FB4H,-0.75
FB4B,FB4J,-1.0
FB4B,FB4K,-0.5
FB4B,FB4L,-2.875
FB4B,FB4M,-9.5
FB4B,FB4N,-8.75
FB4B,FB4P_a,-0.125
FB4B,FB4Q_a,-0.25
FB4B,FB4Q_b,-0.25
FB4B,FB4Q_c,-0.6666667
FB4B,FB4R,-0.6666667
FB4B,FB4X,-0.5
FB4B,FB4Y,-0.375
FB4B,FB4Z_a,-0.0625
FB4B,FB5J,-0.25
FB4B,FC1B,-0.022727273
FB4B,FC1C_a,-0.083333336
FB4B,FC1D,-0.02
FB4B,FC1E,-0.022727273
FB4B,FC1F,-0.033333335
FB4B,FC2A,-0.22222222
FB4B,FC2B,-0.037037037
FB4B,FC2C,-0.06382979
FB4B,FC3_a,-0.4117647
FB4B,FC3_b,-0.175
FB4B,FC3_c,-0.13333334
FB4B,FR1,-0.9444444
FB4B,FR2,-0.055555556
FB4B,FS1A_a,-0.78125
FB4B,FS1A_b,-0.23076923
FB4B,FS1A_c,-0.2777778
FB4B,FS1B_b,-0.125
FB4B,FS2,-1.4880953
FB4B,FS3,-1.0
FB4B,FS3_a,-0.4
FB4B,FS3_b,-0.10714286
FB4B,FS3_c,-0.25
FB4B,FS3_d,-0.06451613
FB4B,FS4A,-0.114035085
FB4B,FS4B,-0.01724138
FB4B,FS4C,-0.035714287
FB4B,GNG305,-0.5
FB4B,LAL008,-0.25
FB4B,LCNOpm,-0.25
FB4B,LNO1,-21.625
FB4B,LNO2,-22.75
FB4B,LNOa,-0.25
FB4B,LPsP,-0.25
FB4B,OA-VPM3,-4.75
FB4B,PEG,-0.055555556
FB4B,PFGs,-0.2777778
FB4B,PFL1,-0.071428575
FB4B,PFL2,-0.125
FB4B,PFL3,-0.041666668
FB4B,PFNa,-0.01724138
FB4B,PFNd,-12.35
FB4B,PFNp_d,-0.035714287
FB4B,PFNv,-12.25
FB4B,PFR_a,-14.857142
FB4B,PFR_b,-0.625
FB4B,hDeltaA,-1.0833334
FB4B,hDeltaB,-141.39473
FB4B,hDeltaC,-0.375
FB4B,hDeltaG,-0.4375
FB4B,hDeltaH,-0.3125
FB4B,hDeltaI,-0.3529412
FB4B,hDeltaJ,-1.2419355
FB4B,hDeltaK,-0.19354838
FB4B,hDeltaL,-0.18181819
FB4B,hDeltaM,-0.1875
FB4B,vDeltaC,-0.018518519
FB4B,vDeltaD,-0.14285715
FB4B,vDeltaE,-0.6388889
FB4B,vDeltaF,-0.055555556
FB4B,vDeltaL,-0.12162162
FB4B,vDeltaM,-0.018181818
FB4C,AstA1,-0.5
FB4C,CRE005,-0.16666667
FB4C,DNp62,-0.25
FB4C,DNpe053,-0.5
FB4C,EL,-0.7222222
FB4C,EPG,-1.2608696
FB4C,ER1_b,-0.03846154
FB4C,ER3a_b,-0.25
FB4C,ER3a_c,-0.125
FB4C,ExR1,-0.875
FB4C,ExR3,-0.25
FB4C,ExR6,-0.5
FB4C,ExR7,-0.75
FB4C,FB1A,-0.625
FB4C,FB1C,-0.25
FB4C,FB1E_a,-6.5
FB4C,FB1E_b,-0.25
FB4C,FB1G,-3.75
FB4C,FB1H,-24.0
FB4C,FB2A,-1.5
FB4C,FB2B_a,-0.125
FB4C,FB2B_b,-0.125
FB4C,FB2C,-1.7
FB4C,FB2D,-0.25
FB4C,FB2F_b,-10.5
FB4C,FB2F_c,-0.75
FB4C,FB2F_d,-23.5
FB4C,FB2G_a,-4.25
FB4C,FB2K,-0.2777778
FB4C,FB2L,-4.0
FB4C,FB2M_a,-0.125
FB4C,FB3A,-11.0
FB4C,FB3C,-1.5
FB4C,FB3D,-0.5
FB4C,FB3E,-0.75
FB4C,FB4A_a,-0.5
FB4C,FB4A_b,-1.25
FB4C,FB4B,-8.25
FB4C,FB4C,-5.5
FB4C,FB4D_a,-2.75
FB4C,FB4D_b,-4.5
FB4C,FB4D_c,-1.75
FB4C,FB4E_a,-1.7
FB4C,FB4E_b,-0.5
FB4C,FB4E_c,-1.0
FB4C,FB4F_b,-0.25
FB4C,FB4J,-0.75
FB4C,FB4L,-40.0
FB4C,FB4M,-36.75
FB4C,FB4N,-7.75
FB4C,FB4O,-0.25
FB4C,FB4P_a,-0.25
FB4C,FB4Q_c,-0.33333334
FB4C,FB4X,-0.5
FB4C,FB4Y,-0.125
FB4C,FB5AA,-1.75
FB4C,FB5AB,-3.0
FB4C,FB5C,-0.5
FB4C,FB5D,-0.5
FB4C,FB5E,-0.25
FB4C,FB5G_c,-0.25
FB4C,FB5H,-1.0
FB4C,FB5L,-0.25
FB4C,FB5N,-0.125
FB4C,FB5P,-0.375
FB4C,FB5V_b,-0.083333336
FB4C,FB5V_c,-0.2
FB4C,FB5W_b,-0.33333334
FB4C,FB5Z,-0.5
FB4C,FB6A_c,-0.25
FB4C,FB6H,-1.75
FB4C,FB6P,-0.25
FB4C,FB6S,-0.0625
FB4C,FB6U,-1.125
FB4C,FB6V,-0.75
FB4C,FB6X,-1.75
FB4C,FB7E,-0.6666667
FB4C,FB7G,-0.375
FB4C,FB8I,-0.16666667
FB4C,FC1A,-0.029411765
FB4C,FC1B,-0.045454547
FB4C,FC1C_a,-0.125
FB4C,FC1C_b,-0.0882353
FB4C,FC1D,-0.34
FB4C,FC1E,-0.47727272
FB4C,FC1F,-0.06666667
FB4C,FC2A,-0.083333336
FB4C,FC2B,-0.055555556
FB4C,FC2C,-0.64893615
FB4C,FC3_a,-0.2647059
FB4C,FC3_b,-0.15
FB4C,FC3_c,-0.53333336
FB4C,FR1,-0.8055556
FB4C,FR2,-0.30555555
FB4C,FS1A_a,-0.59375
FB4C,FS1A_c,-0.055555556
FB4C,FS1B_a,-0.115384616
FB4C,FS1B_b,-0.03125
FB4C,FS2,-0.14285715
FB4C,FS3_a,-0.23333333
FB4C,FS3_b,-0.5714286
FB4C,FS3_c,-0.14285715
FB4C,FS3_d,-0.29032257
FB4C,FS4A,-0.1754386
FB4C,FS4B,-0.03448276
FB4C,FS4C,-0.017857144
FB4C,LAL013,-0.5
FB4C,LAL155,-0.5
FB4C,LAL200,-0.5
FB4C,LAL208,-0.5
FB4C,LCNOp,-0.25
FB4C,LNO1,-18.625
FB4C,LNO2,-22.75
FB4C,MBON20,-0.5
FB4C,MBON26,-2.5
FB4C,MBON35,-0.25
FB4C,OA-VPM3,-5.5
FB4C,PFGs,-0.30555555
FB4C,PFL1,-0.071428575
FB4C,PFL2,-0.041666668
FB4C,PFL3,-0.020833334
FB4C,PFNa,-0.00862069
FB4C,PFNd,-54.575
FB4C,PFNp_d,-0.08928572
FB4C,PFNv,-5.45
FB4C,PFR_a,-21.142857
FB4C,PFR_b,-2.625
FB4C,PPL102,-2.5
FB4C,PPL108,-0.5
FB4C,SAF,-0.0625
FB4C,SIP064,-0.5
FB4C,SIP087,-1.5
FB4C,SMP714m,-0.25
FB4C,SMP715m,-1.0
FB4C,VES092,-0.25
FB4C,hDeltaA,-1.7916666
FB4C,hDeltaB,-29.868422
FB4C,hDeltaC,-0.475
FB4C,hDeltaD,-0.25
FB4C,hDeltaF,-0.1875
FB4C,hDeltaG,-0.6875
FB4C,hDeltaH,-0.6875
FB4C,hDeltaI,-9.6470585
FB4C,hDeltaJ,-1.3709677
FB4C,hDeltaK,-0.14516129
FB4C,hDeltaL,-0.045454547
FB4C,hDeltaM,-0.9375
FB4C,vDeltaC,-0.018518519
FB4C,vDeltaD,-0.071428575
FB4C,vDeltaE,-0.22222222
FB4C,vDeltaF,-0.16666667
FB4C,vDeltaG,-0.055555556
FB4C,vDeltaL,-0.027027028
FB4C,vDeltaM,-0.009090909
FB4D_a,CRE011,-1.0
FB4D_a,DNp52,-0.5
FB4D_a,EPG,-0.20652173
FB4D_a,FB1B,-0.125
FB4D_a,FB1G,-9.75
FB4D_a,FB1H,-26.25
FB4D_a,FB2C,-0.1
FB4D_a,FB2D,-0.25
FB4D_a,FB2G_b,-0.5833333
FB4D_a,FB2K,-0.44444445
FB4D_a,FB2L,-0.125
FB4D_a,FB3A,-3.125
FB4D_a,FB3C,-0.3846154
FB4D_a,FB3D,-3.0
FB4D_a,FB4A_a,-0.9166667
FB4D_a,FB4A_b,-0.25
FB4D_a,FB4B,-1.0
FB4D_a,FB4C,-2.0
FB4D_a,FB4D_a,-0.25
FB4D_a,FB4D_b,-0.75
FB4D_a,FB4E_a,-0.3
FB4D_a,FB4E_b,-0.875
FB4D_a,FB4E_c,-0.75
FB4D_a,FB4F_a,-0.25
FB4D_a,FB4F_b,-0.5
FB4D_a,FB4F_c,-0.16666667
FB4D_a,FB4J,-0.25
FB4D_a,FB4K,-0.25
FB4D_a,FB4L,-1.5
FB4D_a,FB4M,-26.0
FB4D_a,FB4N,-5.75
FB4D_a,FB4O,-0.5833333
FB4D_a,FB4P_c,-0.25
FB4D_a,FB4Q_a,-0.5
FB4D_a,FB4Q_c,-0.16666667
FB4D_a,FB4R,-0.25
FB4D_a,FB4Y,-1.0
FB4D_a,FB5A,-0.125
FB4D_a,FB5AA,-0.25
FB4D_a,FB5AB,-0.25
FB4D_a,FB5C,-0.33333334
FB4D_a,FB5D,-0.16666667
FB4D_a,FB5J,-0.25
FB4D_a,FB6U,-0.375
FB4D_a,FC1A,-0.029411765
FB4D_a,FC1C_a,-0.125
FB4D_a,FC1F,-0.26666668
FB4D_a,FC2A,-1.8611112
FB4D_a,FC2B,-0.7407407
FB4D_a,FC2C,-0.15957446
FB4D_a,FC3_a,-0.0882353
FB4D_a,FC3_b,-0.2
FB4D_a,FC3_c,-0.13333334
FB4D_a,FR1,-0.16666667
FB4D_a,FR2,-0.33333334
FB4D_a,FS1A_a,-0.28125
FB4D_a,FS1A_c,-0.027777778
FB4D_a,FS1B_a,-0.03846154
FB4D_a,FS1B_b,-0.0625
FB4D_a,FS2,-0.3809524
FB4D_a,FS3_b,-0.10714286
FB4D_a,FS3_c,-0.035714287
FB4D_a,FS3_d,-0.048387095
FB4D_a,FS4A,-0.05263158
FB4D_a,MBON26,-0.5
FB4D_a,OA-VPM3,-1.75
FB4D_a,PEG,-0.027777778
FB4D_a,PFGs,-0.055555556
FB4D_a,PFL1,-0.9285714
FB4D_a,PFL2,-0.20833333
FB4D_a,PFL3,-0.16666667
FB4D_a,PFNd,-0.0625
FB4D_a,PFNp_d,-0.035714287
FB4D_a,PFNv,-0.05
FB4D_a,PFR_a,-0.21428572
FB4D_a,PFR_b,-0.71875
FB4D_a,PPL103,-0.5
FB4D_a,SIP087,-0.5
FB4D_a,SMP108,-0.5
FB4D_a,hDeltaA,-0.20833333
FB4D_a,hDeltaB,-3.3947368
FB4D_a,hDeltaC,-6.475
FB4D_a,hDeltaG,-0.375
FB4D_a,hDeltaH,-0.75
FB4D_a,hDeltaI,-6.7647057
FB4D_a,hDeltaJ,-19.806452
FB4D_a,hDeltaK,-0.12903225
FB4D_a,hDeltaM,-3.125
FB4D_a,vDeltaE,-0.055555556
FB4D_a,vDeltaF,-0.19444445
FB4D_a,vDeltaG,-0.16666667
FB4D_a,vDeltaL,-0.054054055
FB4D_a,vDeltaM,-0.22727273
FB4D_b,CRE011,-1.0
FB4D_b,EPG,-0.054347824
FB4D_b,FB1C,-0.125
FB4D_b,FB1G,-36.5
FB4D_b,FB1H,-49.5
FB4D_b,FB2B_a,-0.125
FB4D_b,FB2B_b,-0.25
FB4D_b,FB2C,-0.1
FB4D_b,FB2D,-0.083333336
FB4D_b,FB2F_c,-0.75
FB4D_b,FB2G_a,-0.25
FB4D_b,FB2G_b,-0.8333333
FB4D_b,FB2K,-1.2222222
FB4D_b,FB2L,-0.25
FB4D_b,FB2M_a,-0.125
FB4D_b,FB2M_b,-1.25
FB4D_b,FB3A,-1.25
FB4D_b,FB3C,-3.3076923
FB4D_b,FB3D,-5.0
FB4D_b,FB3E,-2.25
FB4D_b,FB4A_a,-0.8333333
FB4D_b,FB4A_b,-0.25
FB4D_b,FB4B,-1.0
FB4D_b,FB4C,-0.75
FB4D_b,FB4D_a,-0.25
FB4D_b,FB4D_c,-1.0
FB4D_b,FB4E_a,-0.9
FB4D_b,FB4E_b,-0.625
FB4D_b,FB4E_c,-0.75
FB4D_b,FB4F_a,-0.25
FB4D_b,FB4F_c,-0.16666667
FB4D_b,FB4H,-0.25
FB4D_b,FB4J,-0.25
FB4D_b,FB4K,-0.75
FB4D_b,FB4L,-1.75
FB4D_b,FB4M,-2.875
FB4D_b,FB4N,-3.5
FB4D_b,FB4O,-0.083333336
FB4D_b,FB4P_a,-0.125
FB4D_b,FB4Q_c,-0.8333333
FB4D_b,FB4R,-0.75
FB4D_b,FB4Y,-0.25
FB4D_b,FB5D,-0.16666667
FB4D_b,FB5J,-0.25
FB4D_b,FC1A,-0.0882353
FB4D_b,FC1B,-0.06818182
FB4D_b,FC1C_b,-0.0882353
FB4D_b,FC1D,-0.1
FB4D_b,FC1E,-0.045454547
FB4D_b,FC1F,-0.1
FB4D_b,FC2A,-1.7777778
FB4D_b,FC2B,-0.5
FB4D_b,FC2C,-0.25531915
FB4D_b,FC3_a,-0.32352942
FB4D_b,FC3_b,-0.15
FB4D_b,FC3_c,-0.4
FB4D_b,FR1,-0.41666666
FB4D_b,FR2,-0.5833333
FB4D_b,FS1A_a,-0.625
FB4D_b,FS1A_c,-0.055555556
FB4D_b,FS2,-0.5952381
FB4D_b,FS3_a,-0.033333335
FB4D_b,FS3_b,-0.10714286
FB4D_b,FS3_c,-0.071428575
FB4D_b,FS4A,-0.13157895
FB4D_b,FS4C,-0.05357143
FB4D_b,OA-VPM3,-0.75
FB4D_b,PEG,-0.027777778
FB4D_b,PFGs,-0.11111111
FB4D_b,PFL1,-1.6785715
FB4D_b,PFL2,-0.041666668
FB4D_b,PFL3,-0.22916667
FB4D_b,PFNd,-0.075
FB4D_b,PFNp_d,-0.08928572
FB4D_b,PFR_a,-0.39285713
FB4D_b,PFR_b,-0.78125
FB4D_b,hDeltaB,-5.6842103
FB4D_b,hDeltaC,-7.05
FB4D_b,hDeltaG,-0.0625
FB4D_b,hDeltaH,-0.75
FB4D_b,hDeltaI,-6.647059
FB4D_b,hDeltaJ,-17.85484
FB4D_b,hDeltaK,-0.14516129
FB4D_b,hDeltaL,-0.13636364
FB4D_b,hDeltaM,-3.3125
FB4D_b,vDeltaE,-0.1388889
FB4D_b,vDeltaF,-0.1388889
FB4D_b,vDeltaG,-0.055555556
FB4D_b,vDeltaL,-0.013513514
FB4D_b,vDeltaM,-0.22727273
FB4D_c,ATL018,-0.5
FB4D_c,EL,-0.027777778
FB4D_c,EPG,-0.04347826
FB4D_c,ExR8,-0.125
FB4D_c,FB1C,-0.5
FB4D_c,FB1H,-25.5
FB4D_c,FB2B_a,-0.125
FB4D_c,FB2C,-0.1
FB4D_c,FB2D,-0.41666666
FB4D_c,FB2F_a,-0.083333336
FB4D_c,FB2G_b,-0.16666667
FB4D_c,FB2K,-0.2777778
FB4D_c,FB3A,-5.375
FB4D_c,FB3C,-0.07692308
FB4D_c,FB3D,-6.5
FB4D_c,FB4A_a,-1.3333334
FB4D_c,FB4A_b,-1.0
FB4D_c,FB4B,-2.75
FB4D_c,FB4C,-5.75
FB4D_c,FB4D_a,-1.0
FB4D_c,FB4D_b,-1.0
FB4D_c,FB4D_c,-0.5
FB4D_c,FB4E_a,-0.2
FB4D_c,FB4E_b,-0.5
FB4D_c,FB4E_c,-1.5
FB4D_c,FB4F_a,-0.25
FB4D_c,FB4F_b,-0.5
FB4D_c,FB4F_c,-0.9166667
FB4D_c,FB4G,-0.5
FB4D_c,FB4H,-0.25
FB4D_c,FB4J,-1.5
FB4D_c,FB4K,-1.0
FB4D_c,FB4L,-1.75
FB4D_c,FB4M,-23.75
FB4D_c,FB4N,-6.5
FB4D_c,FB4O,-0.9166667
FB4D_c,FB4P_a,-0.375
FB4D_c,FB4Q_a,-0.25
FB4D_c,FB4Q_b,-0.25
FB4D_c,FB4Q_c,-0.5
FB4D_c,FB4R,-0.6666667
FB4D_c,FB4Y,-8.125
FB4D_c,FB5AB,-2.75
FB4D_c,FB5D,-0.16666667
FB4D_c,FB5W_a,-0.083333336
FB4D_c,FC1A,-0.029411765
FB4D_c,FC1B,-0.045454547
FB4D_c,FC1C_a,-0.041666668
FB4D_c,FC1E,-0.045454547
FB4D_c,FC1F,-0.06666667
FB4D_c,FC2A,-5.1666665
FB4D_c,FC2B,-1.925926
FB4D_c,FC2C,-0.07446808
FB4D_c,FC3_a,-0.029411765
FB4D_c,FC3_c,-0.033333335
FB4D_c,FR1,-0.5
FB4D_c,FR2,-0.19444445
FB4D_c,FS1A_a,-1.1875
FB4D_c,FS1A_b,-0.07692308
FB4D_c,FS1A_c,-0.055555556
FB4D_c,FS2,-0.5
FB4D_c,FS3_a,-0.033333335
FB4D_c,FS3_d,-0.06451613
FB4D_c,FS4A,-0.03508772
FB4D_c,MBON35,-1.25
FB4D_c,OA-VPM3,-2.0
FB4D_c,PFGs,-0.1388889
FB4D_c,PFL1,-0.14285715
FB4D_c,PFL2,-1.0833334
FB4D_c,PFL3,-0.9166667
FB4D_c,PFNd,-0.1125
FB4D_c,PFNp_d,-0.035714287
FB4D_c,PFR_a,-0.23214285
FB4D_c,PFR_b,-0.40625
FB4D_c,SMP122,-0.5
FB4D_c,hDeltaA,-1.7916666
FB4D_c,hDeltaB,-4.394737
FB4D_c,hDeltaC,-5.8
FB4D_c,hDeltaG,-2.25
FB4D_c,hDeltaH,-1.875
FB4D_c,hDeltaI,-13.176471
FB4D_c,hDeltaJ,-18.209677
FB4D_c,hDeltaK,-0.20967741
FB4D_c,hDeltaL,-0.045454547
FB4D_c,hDeltaM,-1.5625
FB4D_c,vDeltaB,-0.016129032
FB4D_c,vDeltaE,-0.055555556
FB4D_c,vDeltaF,-0.5833333
FB4D_c,vDeltaK,-0.010638298
FB4D_c,vDeltaL,-0.13513513
FB4D_c,vDeltaM,-1.0363636
FB4E_a,EPG,-0.06521739
FB4E_a,ExR5,-0.1
FB4E_a,FB1C,-0.05
FB4E_a,FB1E_a,-0.04
FB4E_a,FB1H,-1.3
FB4E_a,FB2C,-0.08
FB4E_a,FB2D,-0.033333335
FB4E_a,FB2F_d,-0.05
FB4E_a,FB2L,-0.05
FB4E_a,FB3C,-0.015384615
FB4E_a,FB3D,-1.0
FB4E_a,FB4A_a,-0.5
FB4E_a,FB4A_b,-0.3
FB4E_a,FB4B,-8.7
FB4E_a,FB4D_a,-2.5
FB4E_a,FB4D_b,-1.4
FB4E_a,FB4D_c,-5.7
FB4E_a,FB4E_a,-0.6
FB4E_a,FB4E_b,-1.65
FB4E_a,FB4E_c,-0.4
FB4E_a,FB4F_a,-4.5
FB4E_a,FB4F_b,-9.3
FB4E_a,FB4F_c,-1.8666667
FB4E_a,FB4G,-0.9
FB4E_a,FB4H,-0.1
FB4E_a,FB4I,-6.3
FB4E_a,FB4J,-13.3
FB4E_a,FB4K,-10.0
FB4E_a,FB4L,-0.05
FB4E_a,FB4M,-0.85
FB4E_a,FB4N,-11.0
FB4E_a,FB4O,-0.43333334
FB4E_a,FB4P_a,-0.8
FB4E_a,FB4P_b,-0.6666667
FB4E_a,FB4P_c,-0.7
FB4E_a,FB4Q_a,-0.3
FB4E_a,FB4Q_b,-0.1
FB4E_a,FB4R,-0.13333334
FB4E_a,FB4X,-4.9
FB4E_a,FB4Y,-0.35
FB4E_a,FB4Z_a,-0.1
FB4E_a,FB4Z_b,-0.06666667
FB4E_a,FB4Z_c,-0.05
FB4E_a,FB5A,-0.1
FB4E_a,FB5E,-0.1
FB4E_a,FB5J,-0.1
FB4E_a,FB5L,-0.1
FB4E_a,FB5M,-0.5
FB4E_a,FB5N,-0.1
FB4E_a,FB5V_a,-0.06666667
FB4E_a,FB5V_b,-0.033333335
FB4E_a,FB5W_a,-0.033333335
FB4E_a,FB6N,-0.2
FB4E_a,FC,-0.06666667
FB4E_a,FC1A,-0.011764706
FB4E_a,FC1D,-0.008
FB4E_a,FC1E,-0.009090909
FB4E_a,FC2A,-0.12222222
FB4E_a,FC2B,-0.074074075
FB4E_a,FC2C,-0.17872341
FB4E_a,FC3_a,-0.047058824
FB4E_a,FC3_b,-0.01
FB4E_a,FC3_c,-0.04
FB4E_a,FR1,-3.5444446
FB4E_a,FR2,-0.033333335
FB4E_a,FS1A_a,-0.1125
FB4E_a,FS1A_b,-0.015384615
FB4E_a,FS1A_c,-0.033333335
FB4E_a,FS1B_a,-0.015384615
FB4E_a,FS1B_b,-0.025
FB4E_a,FS2,-0.0952381
FB4E_a,FS3_c,-0.057142857
FB4E_a,FS4A,-0.014035088
FB4E_a,FS4C,-0.014285714
FB4E_a,LAL119,-0.4
FB4E_a,LAL155,-0.2
FB4E_a,OA-VPM3,-0.6
FB4E_a,PEG,-0.022222223
FB4E_a,PFGs,-0.15555556
FB4E_a,PFL1,-0.014285714
FB4E_a,PFL2,-0.28333333
FB4E_a,PFL3,-0.26666668
FB4E_a,PFR_a,-0.10714286
FB4E_a,PFR_b,-9.15
FB4E_a,SMP543,-0.6
FB4E_a,hDeltaA,-0.8666667
FB4E_a,hDeltaB,-0.28421053
FB4E_a,hDeltaC,-0.7
FB4E_a,hDeltaG,-0.025
FB4E_a,hDeltaH,-0.05
FB4E_a,hDeltaI,-20.352942
FB4E_a,hDeltaJ,-0.7032258
FB4E_a,hDeltaK,-0.14193548
FB4E_a,hDeltaL,-0.018181818
FB4E_a,hDeltaM,-0.5
FB4E_a,vDeltaE,-0.044444446
FB4E_a,vDeltaF,-0.16666667
FB4E_a,vDeltaK,-0.017021276
FB4E_a,vDeltaL,-0.027027028
FB4E_a,vDeltaM,-0.043636363
FB4E_b,CRE004,-0.25
FB4E_b,CRE021,-0.25
FB4E_b,EL,-0.027777778
FB4E_b,EPG,-0.048913043
FB4E_b,ExR5,-0.1875
FB4E_b,FB1H,-1.0
FB4E_b,FB2G_b,-0.083333336
FB4E_b,FB2K,-0.083333336
FB4E_b,FB3D,-0.75
FB4E_b,FB4A_a,-0.5833333
FB4E_b,FB4A_b,-1.5
FB4E_b,FB4B,-0.25
FB4E_b,FB4D_a,-0.875
FB4E_b,FB4D_b,-1.25
FB4E_b,FB4D_c,-1.625
FB4E_b,FB4E_a,-2.9
FB4E_b,FB4E_b,-1.1875
FB4E_b,FB4E_c,-2.125
FB4E_b,FB4F_a,-4.0
FB4E_b,FB4F_b,-6.25
FB4E_b,FB4F_c,-2.625
FB4E_b,FB4G,-0.875
FB4E_b,FB4I,-7.5
FB4E_b,FB4J,-5.125
FB4E_b,FB4K,-7.5
FB4E_b,FB4L,-0.625
FB4E_b,FB4M,-0.75
FB4E_b,FB4N,-10.375
FB4E_b,FB4O,-0.16666667
FB4E_b,FB4P_a,-0.5625
FB4E_b,FB4P_b,-0.083333336
FB4E_b,FB4P_c,-0.375
FB4E_b,FB4Q_a,-0.25
FB4E_b,FB4Q_b,-0.5
FB4E_b,FB4Q_c,-0.16666667
FB4E_b,FB4R,-0.083333336
FB4E_b,FB4X,-11.125
FB4E_b,FB4Y,-0.375
FB4E_b,FB4Z_a,-0.09375
FB4E_b,FB4Z_b,-0.083333336
FB4E_b,FB5A,-1.375
FB4E_b,FB5AB,-0.125
FB4E_b,FB5C,-0.083333336
FB4E_b,FB5E,-0.125
FB4E_b,FB5I,-0.375
FB4E_b,FB5J,-0.625
FB4E_b,FB5K,-0.5
FB4E_b,FB5L,-0.125
FB4E_b,FB5M,-1.125
FB4E_b,FB5U,-0.0625
FB4E_b,FB5V_a,-0.041666668
FB4E_b,FB5V_b,-0.041666668
FB4E_b,FB5V_c,-0.05
FB4E_b,FB5W_a,-0.083333336
FB4E_b,FB5W_b,-0.16666667
FB4E_b,FB5X,-0.041666668
FB4E_b,FB6N,-0.25
FB4E_b,FB6P,-0.5
FB4E_b,FC,-0.083333336
FB4E_b,FC1B,-0.011363637
FB4E_b,FC1C_b,-0.014705882
FB4E_b,FC1E,-0.022727273
FB4E_b,FC2A,-0.20833333
FB4E_b,FC2B,-0.027777778
FB4E_b,FC2C,-0.15957446
FB4E_b,FC3_a,-0.014705882
FB4E_b,FC3_b,-0.025
FB4E_b,FC3_c,-0.083333336
FB4E_b,FR1,-0.7222222
FB4E_b,FR2,-0.7083333
FB4E_b,FS1A_a,-0.25
FB4E_b,FS1A_b,-0.01923077
FB4E_b,FS1A_c,-0.013888889
FB4E_b,FS2,-0.011904762
FB4E_b,FS3_c,-0.035714287
FB4E_b,FS3_d,-0.008064516
FB4E_b,FS4A,-0.00877193
FB4E_b,FS4C,-0.017857144
FB4E_b,GLNO,-0.0625
FB4E_b,LAL045,-0.25
FB4E_b,OA-VPM3,-0.875
FB4E_b,PEG,-0.013888889
FB4E_b,PFGs,-0.20833333
FB4E_b,PFL1,-0.017857144
FB4E_b,PFL2,-0.25
FB4E_b,PFL3,-0.17708333
FB4E_b,PFNd,-0.0125
FB4E_b,PFNp_d,-0.008928572
FB4E_b,PFR_a,-0.48214287
FB4E_b,PFR_b,-5.65625
FB4E_b,SAF,-0.0625
FB4E_b,SMP713m,-0.125
FB4E_b,hDeltaA,-1.6666666
FB4E_b,hDeltaB,-0.32894737
FB4E_b,hDeltaC,-0.3375
FB4E_b,hDeltaF,-0.0625
FB4E_b,hDeltaH,-0.3125
FB4E_b,hDeltaI,-15.1470585
FB4E_b,hDeltaJ,-1.7580645
FB4E_b,hDeltaK,-0.10483871
FB4E_b,hDeltaM,-0.8125
FB4E_b,vDeltaI_b,-0.0125
FB4E_b,vDeltaJ,-0.022727273
FB4E_b,vDeltaK,-0.021276595
FB4E_b,vDeltaL,-0.0472973
FB4E_b,vDeltaM,-0.036363635
FB4E_c,EL,-0.027777778
FB4E_c,EPG,-0.11956522
FB4E_c,ExR5,-0.125
FB4E_c,ExR7,-0.75
FB4E_c,FB1H,-2.25
FB4E_c,FB2C,-0.3
FB4E_c,FB3A,-0.25
FB4E_c,FB4A_a,-0.33333334
FB4E_c,FB4A_b,-0.75
FB4E_c,FB4B,-28.5
FB4E_c,FB4C,-0.5
FB4E_c,FB4D_a,-8.0
FB4E_c,FB4D_b,-1.75
FB4E_c,FB4D_c,-21.75
FB4E_c,FB4E_a,-1.2
FB4E_c,FB4E_b,-0.25
FB4E_c,FB4E_c,-0.25
FB4E_c,FB4F_a,-2.375
FB4E_c,FB4F_b,-9.5
FB4E_c,FB4F_c,-1.6666666
FB4E_c,FB4G,-1.0
FB4E_c,FB4I,-3.75
FB4E_c,FB4J,-12.25
FB4E_c,FB4K,-5.375
FB4E_c,FB4L,-0.875
FB4E_c,FB4M,-2.0
FB4E_c,FB4N,-18.25
FB4E_c,FB4O,-0.16666667
FB4E_c,FB4P_a,-0.25
FB4E_c,FB4P_b,-0.33333334
FB4E_c,FB4Q_a,-0.5
FB4E_c,FB4Q_c,-0.16666667
FB4E_c,FB4R,-0.25
FB4E_c,FB4X,-7.25
FB4E_c,FB4Y,-0.25
FB4E_c,FB5A,-0.125
FB4E_c,FB5Y_a,-0.25
FB4E_c,FC1A,-0.029411765
FB4E_c,FC1C_a,-0.083333336
FB4E_c,FC1C_b,-0.14705883
FB4E_c,FC1D,-0.04
FB4E_c,FC1E,-0.045454547
FB4E_c,FC2A,-0.22222222
FB4E_c,FC2B,-0.037037037
FB4E_c,FC2C,-0.28723404
FB4E_c,FC3_a,-0.11764706
FB4E_c,FR1,-4.138889
FB4E_c,FR2,-0.027777778
FB4E_c,FS1A_a,-0.25
FB4E_c,FS1A_c,-0.055555556
FB4E_c,FS1B_a,-0.03846154
FB4E_c,FS2,-0.29761904
FB4E_c,FS4A,-0.02631579
FB4E_c,FS4B,-0.01724138
FB4E_c,LAL200,-0.5
FB4E_c,OA-VUMa8,-0.5
FB4E_c,PFGs,-0.22222222
FB4E_c,PFL1,-0.071428575
FB4E_c,PFL2,-0.125
FB4E_c,PFL3,-0.16666667
FB4E_c,PFNd,-0.0125
FB4E_c,PFR_a,-0.17857143
FB4E_c,PFR_b,-12.28125
FB4E_c,PVLP200m_b,-0.5
FB4E_c,hDeltaA,-0.625
FB4E_c,hDeltaB,-0.47368422
FB4E_c,hDeltaC,-1.05
FB4E_c,hDeltaD,-0.0625
FB4E_c,hDeltaG,-0.1875
FB4E_c,hDeltaH,-0.0625
FB4E_c,hDeltaI,-23.529411
FB4E_c,hDeltaJ,-1.8548387
FB4E_c,hDeltaK,-0.16129032
FB4E_c,hDeltaM,-0.25
FB4E_c,vDeltaE,-0.16666667
FB4E_c,vDeltaF,-0.2777778
FB4E_c,vDeltaL,-0.027027028
FB4E_c,vDeltaM,-0.018181818
FB4F_a,CB1287,-0.125
FB4F_a,CRE004,-0.5
FB4F_a,CRE005,-0.41666666
FB4F_a,CRE011,-0.25
FB4F_a,CRE012,-0.125
FB4F_a,EL,-0.013888889
FB4F_a,EPG,-0.010869565
FB4F_a,ExR4,-0.125
FB4F_a,ExR5,-0.25
FB4F_a,ExR6,-1.0
FB4F_a,FB1A,-0.0625
FB4F_a,FB1H,-2.0
FB4F_a,FB2B_a,-0.0625
FB4F_a,FB2C,-0.35
FB4F_a,FB2D,-0.083333336
FB4F_a,FB2F_c,-0.0625
FB4F_a,FB2G_b,-0.9583333
FB4F_a,FB2H_a,-0.125
FB4F_a,FB2I_b,-0.125
FB4F_a,FB2J_c,-0.125
FB4F_a,FB2K,-0.6666667
FB4F_a,FB2M_b,-0.125
FB4F_a,FB3A,-0.0625
FB4F_a,FB3C,-0.057692308
FB4F_a,FB3D,-3.25
FB4F_a,FB4A_a,-0.6666667
FB4F_a,FB4A_b,-1.125
FB4F_a,FB4B,-0.875
FB4F_a,FB4D_a,-0.875
FB4F_a,FB4D_b,-0.25
FB4F_a,FB4D_c,-0.875
FB4F_a,FB4E_a,-6.0
FB4F_a,FB4E_b,-3.5
FB4F_a,FB4E_c,-4.25
FB4F_a,FB4F_a,-2.125
FB4F_a,FB4F_b,-2.5
FB4F_a,FB4F_c,-5.2916665
FB4F_a,FB4G,-2.75
FB4F_a,FB4H,-3.625
FB4F_a,FB4I,-2.625
FB4F_a,FB4J,-1.0
FB4F_a,FB4K,-2.5625
FB4F_a,FB4L,-0.375
FB4F_a,FB4M,-1.5
FB4F_a,FB4N,-0.625
FB4F_a,FB4O,-0.375
FB4F_a,FB4P_a,-2.9375
FB4F_a,FB4P_b,-1.5833334
FB4F_a,FB4P_c,-0.75
FB4F_a,FB4Q_a,-1.125
FB4F_a,FB4Q_c,-0.083333336
FB4F_a,FB4R,-0.33333334
FB4F_a,FB4Y,-6.9375
FB4F_a,FB4Z_a,-1.34375
FB4F_a,FB4Z_b,-0.25
FB4F_a,FB4Z_c,-0.4375
FB4F_a,FB5A,-0.0625
FB4F_a,FB5D,-0.083333336
FB4F_a,FB5E,-1.0
FB4F_a,FB5J,-0.25
FB4F_a,FB5K,-0.125
FB4F_a,FB5L,-0.125
FB4F_a,FB5M,-4.0
FB4F_a,FB5N,-0.4375
FB4F_a,FB5R,-0.0625
FB4F_a,FB5V_a,-0.33333334
FB4F_a,FB5V_b,-0.16666667
FB4F_a,FB5W_a,-0.125
FB4F_a,FB5W_b,-0.33333334
FB4F_a,FB5X,-0.16666667
FB4F_a,FB6N,-0.125
FB4F_a,FB7H,-0.125
FB4F_a,FC1D,-0.02
FB4F_a,FC1F,-0.05
FB4F_a,FC2A,-0.2638889
FB4F_a,FC2B,-0.009259259
FB4F_a,FC2C,-0.021276595
FB4F_a,FC3_a,-0.10294118
FB4F_a,FC3_b,-0.25
FB4F_a,FC3_c,-0.016666668
FB4F_a,FR1,-0.125
FB4F_a,FR2,-0.055555556
FB4F_a,FS1A_a,-0.171875
FB4F_a,FS1A_b,-0.01923077
FB4F_a,FS1A_c,-0.083333336
FB4F_a,FS1B_b,-0.015625
FB4F_a,FS2,-0.4642857
FB4F_a,FS3_c,-0.017857144
FB4F_a,FS4A,-0.02631579
FB4F_a,FS4C,-0.008928572
FB4F_a,IB049,-0.25
FB4F_a,LAL008,-0.125
FB4F_a,LAL102,-0.25
FB4F_a,LAL159,-0.25
FB4F_a,LCNOp,-1.625
FB4F_a,LNO1,-0.0625
FB4F_a,MBON35,-0.5
FB4F_a,OA-VPM3,-1.5
FB4F_a,PEN_b(PEN2),-0.011363637
FB4F_a,PFGs,-0.013888889
FB4F_a,PFL1,-0.035714287
FB4F_a,PFL2,-11.5
FB4F_a,PFL3,-6.0833335
FB4F_a,PFNd,-0.00625
FB4F_a,PFR_a,-0.42857143
FB4F_a,PFR_b,-0.5
FB4F_a,PPL108,-0.25
FB4F_a,SA1_a,-0.16666667
FB4F_a,hDeltaA,-33.416668
FB4F_a,hDeltaB,-0.59210527
FB4F_a,hDeltaC,-0.2625
FB4F_a,hDeltaH,-0.5
FB4F_a,hDeltaI,-22.588236
FB4F_a,hDeltaJ,-0.46774194
FB4F_a,hDeltaK,-0.16935484
FB4F_a,hDeltaM,-1.875
FB4F_a,vDeltaE,-0.013888889
FB4F_a,vDeltaF,-0.055555556
FB4F_a,vDeltaI_a,-0.10294118
FB4F_a,vDeltaI_b,-0.8625
FB4F_a,vDeltaJ,-4.6363635
FB4F_a,vDeltaK,-3.2765958
FB4F_a,vDeltaL,-1.8378378
FB4F_a,vDeltaM,-1.3727273
FB4F_b,CB1287,-0.25
FB4F_b,CRE004,-0.5
FB4F_b,CRE005,-0.16666667
FB4F_b,CRE012,-0.75
FB4F_b,EPG,-0.02173913
FB4F_b,ExR6,-0.5
FB4F_b,FB1H,-0.75
FB4F_b,FB2K,-0.055555556
FB4F_b,FB3A,-0.125
FB4F_b,FB3D,-1.5
FB4F_b,FB4A_a,-0.5
FB4F_b,FB4A_b,-0.5
FB4F_b,FB4C,-0.25
FB4F_b,FB4D_b,-0.5
FB4F_b,FB4E_a,-3.4
FB4F_b,FB4E_b,-4.125
FB4F_b,FB4E_c,-0.5
FB4F_b,FB4F_a,-6.375
FB4F_b,FB4F_b,-1.0
FB4F_b,FB4F_c,-8.333333
FB4F_b,FB4G,-18.25
FB4F_b,FB4H,-40.0
FB4F_b,FB4I,-1.0
FB4F_b,FB4J,-0.25
FB4F_b,FB4K,-5.5
FB4F_b,FB4L,-0.125
FB4F_b,FB4M,-1.375
FB4F_b,FB4N,-0.75
FB4F_b,FB4O,-0.5833333
FB4F_b,FB4P_a,-5.75
FB4F_b,FB4P_b,-0.6666667
FB4F_b,FB4P_c,-1.0
FB4F_b,FB4Q_a,-0.5
FB4F_b,FB4Q_b,-0.5
FB4F_b,FB4R,-1.5833334
FB4F_b,FB4X,-0.25
FB4F_b,FB4Y,-9.625
FB4F_b,FB4Z_a,-1.9375
FB4F_b,FB4Z_c,-0.625
FB4F_b,FB5D,-1.6666666
FB4F_b,FB5E,-0.25
FB4F_b,FB5M,-2.0
FB4F_b,FB5V_a,-0.16666667
FB4F_b,FB5V_b,-0.16666667
FB4F_b,FB5W_a,-0.083333336
FB4F_b,FC,-0.33333334
FB4F_b,FC1C_b,-0.029411765
FB4F_b,FC1E,-0.022727273
FB4F_b,FC2A,-0.5555556
FB4F_b,FC2B,-0.2037037
FB4F_b,FC2C,-0.021276595
FB4F_b,FC3_c,-0.06666667
FB4F_b,FR1,-0.083333336
FB4F_b,FR2,-0.027777778
FB4F_b,FS1A_a,-0.46875
FB4F_b,FS1A_c,-0.055555556
FB4F_b,FS1B_a,-0.07692308
FB4F_b,FS2,-0.33333334
FB4F_b,FS4A,-0.00877193
FB4F_b,LAL159,-0.5
FB4F_b,LCNOp,-1.25
FB4F_b,LNO1,-0.375
FB4F_b,LNO2,-0.25
FB4F_b,MBON35,-0.5
FB4F_b,OA-VPM3,-0.75
FB4F_b,PFGs,-0.027777778
FB4F_b,PFL2,-5.0
FB4F_b,PFL3,-2.5208333
FB4F_b,PFR_a,-0.3392857
FB4F_b,PFR_b,-0.34375
FB4F_b,hDeltaA,-35.583332
FB4F_b,hDeltaB,-0.6315789
FB4F_b,hDeltaC,-0.1
FB4F_b,hDeltaG,-0.125
FB4F_b,hDeltaH,-3.0
FB4F_b,hDeltaI,-16.264706
FB4F_b,hDeltaJ,-0.46774194
FB4F_b,hDeltaK,-0.11290322
FB4F_b,hDeltaM,-1.5
FB4F_b,vDeltaG,-0.027777778
FB4F_b,vDeltaI_b,-0.575
FB4F_b,vDeltaJ,-0.77272725
FB4F_b,vDeltaK,-1.4893616
FB4F_b,vDeltaL,-3.2027028
FB4F_b,vDeltaM,-2.3636363
FB4F_c,DNpe053,-0.16666667
FB4F_c,EL,-0.018518519
FB4F_c,EPG,-0.028985508
FB4F_c,EPGt,-0.125
FB4F_c,ExR5,-0.6666667
FB4F_c,FB1C,-0.041666668
FB4F_c,FB1G,-0.083333336
FB4F_c,FB1H,-2.5
FB4F_c,FB1I,-0.083333336
FB4F_c,FB2A,-0.083333336
FB4F_c,FB2C,-0.6
FB4F_c,FB2D,-0.1388889
FB4F_c,FB2F_a,-0.027777778
FB4F_c,FB2F_c,-0.083333336
FB4F_c,FB2G_b,-2.5
FB4F_c,FB2H_a,-0.083333336
FB4F_c,FB2H_b,-0.083333336
FB4F_c,FB2I_a,-0.05
FB4F_c,FB2J_a,-0.083333336
FB4F_c,FB2J_b,-0.083333336
FB4F_c,FB2K,-1.0185186
FB4F_c,FB2L,-0.20833333
FB4F_c,FB2M_a,-0.16666667
FB4F_c,FB2M_b,-1.1666666
FB4F_c,FB3A,-0.125
FB4F_c,FB3C,-0.12820514
FB4F_c,FB3D,-7.8333335
FB4F_c,FB3E,-0.083333336
FB4F_c,FB4A_a,-3.3888888
FB4F_c,FB4A_b,-4.3333335
FB4F_c,FB4B,-0.5833333
FB4F_c,FB4C,-0.25
FB4F_c,FB4D_a,-1.25
FB4F_c,FB4D_b,-1.25
FB4F_c,FB4D_c,-1.0
FB4F_c,FB4E_a,-6.866667
FB4F_c,FB4E_b,-4.9583335
FB4F_c,FB4E_c,-9.25
FB4F_c,FB4F_a,-4.625
FB4F_c,FB4F_b,-2.5833333
FB4F_c,FB4F_c,-4.5277777
FB4F_c,FB4G,-1.4166666
FB4F_c,FB4H,-0.5833333
FB4F_c,FB4I,-2.5
FB4F_c,FB4J,-1.0833334
FB4F_c,FB4K,-2.1666667
FB4F_c,FB4L,-1.0416666
FB4F_c,FB4M,-1.375
FB4F_c,FB4N,-1.4166666
FB4F_c,FB4O,-1.3888888
FB4F_c,FB4P_a,-2.4166667
FB4F_c,FB4P_b,-2.5555556
FB4F_c,FB4P_c,-2.0833333
FB4F_c,FB4Q_a,-2.1666667
FB4F_c,FB4Q_b,-0.33333334
FB4F_c,FB4Q_c,-0.2777778
FB4F_c,FB4R,-0.33333334
FB4F_c,FB4X,-0.25
FB4F_c,FB4Y,-6.5833335
FB4F_c,FB4Z_a,-0.7083333
FB4F_c,FB4Z_b,-0.2777778
FB4F_c,FB4Z_c,-0.41666666
FB4F_c,FB5A,-0.083333336
FB4F_c,FB5D,-0.2777778
FB4F_c,FB5E,-1.5
FB4F_c,FB5J,-0.41666666
FB4F_c,FB5K,-0.083333336
FB4F_c,FB5M,-2.0
FB4F_c,FB5N,-0.125
FB4F_c,FB5R,-0.083333336
FB4F_c,FB5T,-0.083333336
FB4F_c,FB5U,-0.083333336
FB4F_c,FB5V_a,-0.11111111
FB4F_c,FB5W_a,-0.055555556
FB4F_c,FB5W_b,-0.5
FB4F_c,FB5X,-0.11111111
FB4F_c,FB5Y_a,-0.083333336
FB4F_c,FB6O,-0.083333336
FB4F_c,FC1A,-0.019607844
FB4F_c,FC1B,-0.022727273
FB4F_c,FC1C_a,-0.027777778
FB4F_c,FC1D,-0.053333335
FB4F_c,FC1F,-0.033333335
FB4F_c,FC2A,-0.3425926
FB4F_c,FC2B,-0.12345679
FB4F_c,FC2C,-0.06382979
FB4F_c,FC3_a,-0.10784314
FB4F_c,FC3_b,-0.25
FB4F_c,FC3_c,-0.08888889
FB4F_c,FR1,-0.22222222
FB4F_c,FR2,-0.027777778
FB4F_c,FS1A_a,-0.20833333
FB4F_c,FS1A_b,-0.102564104
FB4F_c,FS1A_c,-0.12962963
FB4F_c,FS1B_a,-0.07692308
FB4F_c,FS1B_b,-0.020833334
FB4F_c,FS2,-0.32142857
FB4F_c,FS3_a,-0.011111111
FB4F_c,FS3_b,-0.035714287
FB4F_c,FS3_c,-0.023809524
FB4F_c,FS3_d,-0.010752688
FB4F_c,FS4A,-0.014619883
FB4F_c,FS4B,-0.028735632
FB4F_c,FS4C,-0.005952381
FB4F_c,LCNOp,-0.16666667
FB4F_c,MBON35,-0.5
FB4F_c,OA-VPM3,-3.5
FB4F_c,PEG,-0.027777778
FB4F_c,PFGs,-0.12962963
FB4F_c,PFL1,-0.13095239
FB4F_c,PFL2,-10.722222
FB4F_c,PFL3,-7.8680553
FB4F_c,PFNd,-0.020833334
FB4F_c,PFNp_d,-0.023809524
FB4F_c,PFR_a,-0.32142857
FB4F_c,PFR_b,-0.47916666
FB4F_c,PPL108,-0.16666667
FB4F_c,SAF,-0.041666668
FB4F_c,hDeltaA,-13.75
FB4F_c,hDeltaB,-0.6315789
FB4F_c,hDeltaC,-0.125
FB4F_c,hDeltaG,-0.0625
FB4F_c,hDeltaH,-0.45833334
FB4F_c,hDeltaI,-34.686275
FB4F_c,hDeltaJ,-1.2311828
FB4F_c,hDeltaK,-0.19892474
FB4F_c,hDeltaM,-1.6875
FB4F_c,vDeltaE,-0.009259259
FB4F_c,vDeltaF,-0.055555556
FB4F_c,vDeltaG,-0.046296295
FB4F_c,vDeltaH,-0.018518519
FB4F_c,vDeltaI_a,-0.09803922
FB4F_c,vDeltaI_b,-0.29166666
FB4F_c,vDeltaJ,-1.3484849
FB4F_c,vDeltaK,-0.964539
FB4F_c,vDeltaL,-0.44594595
FB4F_c,vDeltaM,-0.6121212
FB4G,CB1062,-0.125
FB4G,CRE004,-14.5
FB4G,CRE005,-0.16666667
FB4G,CRE006,-0.5
FB4G,CRE011,-55.0
FB4G,CRE012,-2.5
FB4G,CRE021,-0.25
FB4G,CRE044,-0.5
FB4G,CRE100,-1.0
FB4G,DNp62,-0.25
FB4G,EPG,-0.6086956
FB4G,ExR5,-0.75
FB4G,ExR6,-3.0
FB4G,FB1H,-18.75
FB4G,FB3C,-0.15384616
FB4G,FB3D,-0.5
FB4G,FB4A_a,-0.25
FB4G,FB4A_b,-0.5
FB4G,FB4B,-1.5
FB4G,FB4C,-0.5
FB4G,FB4D_b,-1.5
FB4G,FB4D_c,-0.5
FB4G,FB4E_a,-0.8
FB4G,FB4E_b,-0.875
FB4G,FB4E_c,-1.5
FB4G,FB4F_a,-7.5
FB4G,FB4F_b,-4.25
FB4G,FB4F_c,-5.0
FB4G,FB4G,-3.0
FB4G,FB4H,-2.25
FB4G,FB4I,-6.0
FB4G,FB4J,-2.25
FB4G,FB4K,-26.625
FB4G,FB4L,-0.5
FB4G,FB4M,-1.625
FB4G,FB4N,-5.0
FB4G,FB4O,-0.5
FB4G,FB4P_a,-6.875
FB4G,FB4P_b,-0.16666667
FB4G,FB4P_c,-0.5
FB4G,FB4Q_b,-0.5
FB4G,FB4R,-4.5
FB4G,FB4X,-0.25
FB4G,FB4Y,-4.375
FB4G,FB4Z_a,-1.0625
FB4G,FB4Z_b,-0.33333334
FB4G,FB4Z_c,-0.5
FB4G,FB5A,-0.125
FB4G,FB5D,-1.5
FB4G,FB5E,-1.75
FB4G,FB5J,-0.25
FB4G,FB5M,-1.0
FB4G,FB5N,-0.25
FB4G,FB5T,-0.25
FB4G,FB5V_a,-0.33333334
FB4G,FB5V_b,-0.41666666
FB4G,FB5V_c,-0.3
FB4G,FB5W_b,-0.33333334
FB4G,FB5X,-0.083333336
FB4G,FC1B,-0.022727273
FB4G,FC2A,-0.44444445
FB4G,FC2B,-0.12962963
FB4G,FC2C,-0.05319149
FB4G,FC3_b,-0.025
FB4G,FR1,-0.3888889
FB4G,FR2,-0.055555556
FB4G,FS1A_a,-1.0
FB4G,FS1B_a,-0.03846154
FB4G,FS2,-0.071428575
FB4G,FS3_a,-0.033333335
FB4G,FS3_b,-0.14285715
FB4G,FS3_d,-0.016129032
FB4G,FS4A,-0.0877193
FB4G,FS4C,-0.035714287
FB4G,LAL007,-0.5
FB4G,LAL008,-1.5
FB4G,LAL042,-2.0
FB4G,LAL102,-0.5
FB4G,LAL119,-0.5
FB4G,LAL159,-2.5
FB4G,LAL162,-0.5
FB4G,LAL200,-0.5
FB4G,LCNOp,-0.5
FB4G,MBON20,-0.5
FB4G,MBON26,-0.5
FB4G,MBON35,-20.5
FB4G,OA-VPM3,-0.5
FB4G,OA-VUMa8,-1.0
FB4G,PFGs,-0.083333336
FB4G,PFL1,-0.10714286
FB4G,PFL2,-0.29166666
FB4G,PFL3,-0.375
FB4G,PFNd,-0.025
FB4G,PFNp_d,-1.0
FB4G,PFR_a,-0.5535714
FB4G,PFR_b,-1.375
FB4G,PPL102,-11.5
FB4G,PPL103,-0.5
FB4G,PPL108,-2.5
FB4G,SMP052,-2.3333333
FB4G,SMP092,-2.0
FB4G,SMP109,-0.5
FB4G,SMP471,-0.5
FB4G,SMP543,-1.0
FB4G,SMP713m,-0.25
FB4G,SMP714m,-0.25
FB4G,hDeltaA,-9.916667
FB4G,hDeltaB,-1.0263158
FB4G,hDeltaC,-0.15
FB4G,hDeltaG,-0.0625
FB4G,hDeltaH,-0.4375
FB4G,hDeltaI,-17.382353
FB4G,hDeltaJ,-0.19354838
FB4G,hDeltaK,-0.2580645
FB4G,hDeltaL,-0.045454547
FB4G,hDeltaM,-1.5
FB4G,vDeltaA_a,-0.007142857
FB4G,vDeltaI_a,-0.05882353
FB4G,vDeltaI_b,-0.075
FB4G,vDeltaJ,-0.6363636
FB4G,vDeltaK,-4.191489
FB4G,vDeltaL,-16.5
FB4G,vDeltaM,-17.972727
FB4H,ATL018,-0.5
FB4H,CRE004,-2.0
FB4H,CRE005,-1.8333334
FB4H,CRE011,-23.5
FB4H,CRE021,-0.25
FB4H,CRE044,-0.5
FB4H,EL,-0.055555556
FB4H,EPG,-0.054347824
FB4H,ExR5,-0.25
FB4H,ExR6,-0.25
FB4H,FB1C,-0.125
FB4H,FB1H,-4.25
FB4H,FB2B_a,-0.25
FB4H,FB2K,-0.055555556
FB4H,FB4A_a,-0.083333336
FB4H,FB4B,-0.5
FB4H,FB4E_a,-0.2
FB4H,FB4E_b,-1.125
FB4H,FB4F_a,-2.5
FB4H,FB4F_b,-1.75
FB4H,FB4F_c,-1.4166666
FB4H,FB4G,-2.5
FB4H,FB4H,-3.0
FB4H,FB4I,-1.5
FB4H,FB4K,-1.125
FB4H,FB4L,-0.25
FB4H,FB4M,-0.375
FB4H,FB4P_a,-0.375
FB4H,FB4P_c,-0.25
FB4H,FB4R,-0.083333336
FB4H,FB4Y,-3.5
FB4H,FB4Z_a,-0.25
FB4H,FB4Z_b,-0.5
FB4H,FB4Z_c,-0.375
FB4H,FB5A,-0.125
FB4H,FB5AB,-0.25
FB4H,FB5C,-0.16666667
FB4H,FB5E,-1.0
FB4H,FB5F,-0.75
FB4H,FB5H,-1.0
FB4H,FB5K,-0.5
FB4H,FB5L,-0.25
FB4H,FB5M,-1.5
FB4H,FB5N,-0.625
FB4H,FB5R,-1.0
FB4H,FB5T,-0.25
FB4H,FB5U,-0.25
FB4H,FB5V_a,-0.5
FB4H,FB5V_b,-0.8333333
FB4H,FB5V_c,-0.3
FB4H,FB5W_a,-0.16666667
FB4H,FB5W_b,-0.16666667
FB4H,FB6P,-0.25
FB4H,FB6X,-0.25
FB4H,FC2A,-0.083333336
FB4H,FC2B,-0.037037037
FB4H,FC3_a,-0.05882353
FB4H,FR1,-0.055555556
FB4H,FR2,-0.083333336
FB4H,FS1A_a,-0.09375
FB4H,FS3_b,-0.071428575
FB4H,FS4B,-0.01724138
FB4H,FS4C,-0.017857144
FB4H,GNG667,-0.25
FB4H,LAL008,-0.5
FB4H,LAL040,-1.5
FB4H,LAL155,-0.5
FB4H,LAL200,-0.5
FB4H,LCNOp,-4.25
FB4H,MBON20,-0.25
FB4H,MBON25-like,-0.125
FB4H,MBON35,-6.0
FB4H,OA-VPM3,-0.75
FB4H,PFGs,-0.055555556
FB4H,PFL1,-0.071428575
FB4H,PFL2,-0.25
FB4H,PFL3,-0.125
FB4H,PFNp_d,-0.035714287
FB4H,PFR_a,-0.08928572
FB4H,PFR_b,-0.8125
FB4H,PPL102,-2.5
FB4H,PPL108,-0.5
FB4H,SIP087,-1.0
FB4H,SMP092,-0.5
FB4H,SMP109,-1.0
FB4H,SMP714m,-0.25
FB4H,VES092,-0.25
FB4H,hDeltaA,-2.6666667
FB4H,hDeltaB,-0.02631579
FB4H,hDeltaC,-0.225
FB4H,hDeltaI,-0.44117647
FB4H,hDeltaJ,-0.06451613
FB4H,hDeltaK,-0.09677419
FB4H,hDeltaM,-0.1875
FB4H,vDeltaA_a,-0.13571429
FB4H,vDeltaA_b,-0.016129032
FB4H,vDeltaF,-0.055555556
FB4H,vDeltaG,-0.6111111
FB4H,vDeltaH,-6.7777777
FB4H,vDeltaI_a,-31.147058
FB4H,vDeltaI_b,-34.65
FB4H,vDeltaJ,-45.0
FB4H,vDeltaK,-31.223404
FB4H,vDeltaL,-15.081081
FB4H,vDeltaM,-7.7454543
FB4I,CRE011,-0.5
FB4I,DNp52,-0.5
FB4I,DNpe027,-0.5
FB4I,ExR5,-0.375
FB4I,ExR6,-0.75
FB4I,FB1H,-0.5
FB4I,FB3A,-0.125
FB4I,FB4A_a,-0.16666667
FB4I,FB4A_b,-0.75
FB4I,FB4B,-1.5
FB4I,FB4D_a,-0.75
FB4I,FB4D_c,-0.25
FB4I,FB4E_a,-2.6
FB4I,FB4E_b,-1.875
FB4I,FB4F_a,-3.25
FB4I,FB4F_b,-0.5
FB4I,FB4F_c,-6.3333335
FB4I,FB4G,-5.5
FB4I,FB4H,-27.0
FB4I,FB4I,-0.5
FB4I,FB4J,-0.25
FB4I,FB4K,-9.25
FB4I,FB4M,-1.5
FB4I,FB4P_a,-4.75
FB4I,FB4P_b,-1.0
FB4I,FB4P_c,-0.5
FB4I,FB4Q_a,-0.5
FB4I,FB4R,-0.5833333
FB4I,FB4X,-0.5
FB4I,FB4Y,-5.375
FB4I,FB4Z_a,-1.75
FB4I,FB4Z_b,-0.5
FB4I,FB4Z_c,-1.5
FB4I,FB5A,-0.125
FB4I,FB5D,-0.33333334
FB4I,FB5E,-1.0
FB4I,FB5J,-0.25
FB4I,FB5M,-3.0
FB4I,FB5R,-0.125
FB4I,FB5V_a,-0.16666667
FB4I,FB5V_b,-0.41666666
FB4I,FB5V_c,-0.2
FB4I,FB5W_a,-0.083333336
FB4I,FB5X,-0.083333336
FB4I,FC2A,-0.027777778
FB4I,FC2B,-0.018518519
FB4I,FC2C,-0.031914894
FB4I,FC3_b,-0.025
FB4I,FR1,-0.11111111
FB4I,FS1A_a,-0.15625
FB4I,FS1B_a,-0.03846154
FB4I,FS2,-0.04761905
FB4I,LCNOp,-3.25
FB4I,PFGs,-0.055555556
FB4I,PFL2,-6.2083335
FB4I,PFL3,-3.25
FB4I,PFNd,-0.0125
FB4I,PFR_a,-0.2857143
FB4I,PFR_b,-0.3125
FB4I,SMP709m,-0.5
FB4I,hDeltaA,-45.083332
FB4I,hDeltaB,-0.18421052
FB4I,hDeltaC,-0.05
FB4I,hDeltaH,-0.5
FB4I,hDeltaI,-7.470588
FB4I,hDeltaJ,-0.016129032
FB4I,hDeltaK,-0.11290322
FB4I,hDeltaM,-0.1875
FB4I,vDeltaI_a,-0.0882353
FB4I,vDeltaI_b,-1.0
FB4I,vDeltaJ,-3.2727273
FB4I,vDeltaK,-4.5957446
FB4I,vDeltaL,-3.4864864
FB4I,vDeltaM,-1.8636364
FB4J,CRE005,-0.5
FB4J,EPG,-0.054347824
FB4J,FB1H,-5.5
FB4J,FB2C,-0.2
FB4J,FB2D,-0.33333334
FB4J,FB2G_b,-0.083333336
FB4J,FB2K,-0.11111111
FB4J,FB3A,-2.375
FB4J,FB3C,-0.15384616
FB4J,FB3D,-4.5
FB4J,FB4A_a,-0.6666667
FB4J,FB4A_b,-1.75
FB4J,FB4B,-2.75
FB4J,FB4C,-1.75
FB4J,FB4D_a,-2.25
FB4J,FB4D_b,-1.25
FB4J,FB4D_c,-0.75
FB4J,FB4E_a,-2.2
FB4J,FB4E_b,-1.625
FB4J,FB4E_c,-2.0
FB4J,FB4F_a,-3.5
FB4J,FB4F_b,-0.5
FB4J,FB4F_c,-2.0
FB4J,FB4G,-14.5
FB4J,FB4H,-21.75
FB4J,FB4I,-1.25
FB4J,FB4K,-1.5
FB4J,FB4L,-1.25
FB4J,FB4M,-2.875
FB4J,FB4N,-5.25
FB4J,FB4O,-0.5833333
FB4J,FB4P_a,-1.125
FB4J,FB4P_b,-1.0
FB4J,FB4Q_a,-1.25
FB4J,FB4Q_c,-0.33333334
FB4J,FB4R,-1.0833334
FB4J,FB4X,-0.5
FB4J,FB4Y,-19.5
FB4J,FB4Z_a,-0.4375
FB4J,FB4Z_b,-0.16666667
FB4J,FB4Z_c,-0.125
FB4J,FB5C,-0.33333334
FB4J,FB5D,-0.8333333
FB4J,FB5M,-0.75
FB4J,FB5T,-0.25
FB4J,FB5V_b,-0.083333336
FB4J,FB5V_c,-0.2
FB4J,FB5W_a,-0.16666667
FB4J,FB5X,-0.16666667
FB4J,FC1A,-0.0882353
FB4J,FC1D,-0.02
FB4J,FC1F,-0.06666667
FB4J,FC2A,-4.0555553
FB4J,FC2B,-1.1851852
FB4J,FC2C,-0.031914894
FB4J,FC3_b,-0.025
FB4J,FC3_c,-0.1
FB4J,FR1,-0.1388889
FB4J,FR2,-0.1388889
FB4J,FS1A_a,-0.53125
FB4J,FS1A_c,-0.027777778
FB4J,FS2,-0.72619045
FB4J,FS3_c,-0.035714287
FB4J,FS3_d,-0.09677419
FB4J,FS4A,-0.01754386
FB4J,MBON35,-0.25
FB4J,OA-VPM3,-1.25
FB4J,PFGs,-0.11111111
FB4J,PFL2,-5.3333335
FB4J,PFL3,-3.0416667
FB4J,PFNd,-0.1125
FB4J,PFNp_d,-0.017857144
FB4J,PFR_a,-0.23214285
FB4J,PFR_b,-0.53125
FB4J,hDeltaA,-12.208333
FB4J,hDeltaB,-5.736842
FB4J,hDeltaC,-1.725
FB4J,hDeltaG,-4.5625
FB4J,hDeltaH,-5.8125
FB4J,hDeltaI,-22.294117
FB4J,hDeltaJ,-9.774194
FB4J,hDeltaK,-0.3548387
FB4J,hDeltaL,-0.045454547
FB4J,hDeltaM,-2.3125
FB4J,vDeltaA_a,-0.007142857
FB4J,vDeltaE,-0.055555556
FB4J,vDeltaF,-0.16666667
FB4J,vDeltaJ,-0.045454547
FB4J,vDeltaK,-0.10638298
FB4J,vDeltaL,-0.5675676
FB4J,vDeltaM,-1.8363637
FB4K,CB1062,-0.0625
FB4K,CB1287,-0.125
FB4K,CRE004,-2.25
FB4K,CRE044,-0.5
FB4K,DNp62,-0.125
FB4K,EL,-0.097222224
FB4K,EPG,-0.04347826
FB4K,ExR4,-0.125
FB4K,ExR5,-0.125
FB4K,ExR6,-0.125
FB4K,FB1C,-0.1875
FB4K,FB1H,-3.75
FB4K,FB2C,-0.2
FB4K,FB3A,-0.125
FB4K,FB3D,-2.75
FB4K,FB4A_a,-1.0416666
FB4K,FB4A_b,-0.75
FB4K,FB4B,-0.5
FB4K,FB4C,-0.625
FB4K,FB4D_a,-3.5
FB4K,FB4D_b,-3.25
FB4K,FB4D_c,-1.375
FB4K,FB4E_a,-5.35
FB4K,FB4E_b,-5.375
FB4K,FB4E_c,-3.25
FB4K,FB4F_a,-2.0
FB4K,FB4F_b,-1.75
FB4K,FB4F_c,-7.3333335
FB4K,FB4G,-2.0
FB4K,FB4H,-0.375
FB4K,FB4I,-1.25
FB4K,FB4J,-2.125
FB4K,FB4K,-1.625
FB4K,FB4L,-2.0
FB4K,FB4M,-4.75
FB4K,FB4N,-1.375
FB4K,FB4O,-1.25
FB4K,FB4P_a,-6.5
FB4K,FB4P_b,-2.0833333
FB4K,FB4P_c,-2.5
FB4K,FB4Q_a,-1.75
FB4K,FB4Q_b,-0.375
FB4K,FB4Q_c,-0.33333334
FB4K,FB4R,-3.7083333
FB4K,FB4X,-1.25
FB4K,FB4Y,-13.0
FB4K,FB4Z_a,-0.40625
FB4K,FB4Z_b,-0.25
FB4K,FB4Z_c,-0.4375
FB4K,FB5D,-0.6666667
FB4K,FB5E,-0.25
FB4K,FB5H,-0.125
FB4K,FB5J,-0.375
FB4K,FB5M,-1.875
FB4K,FB5N,-0.0625
FB4K,FB5V_a,-1.0416666
FB4K,FB5V_b,-0.041666668
FB4K,FB5W_a,-0.125
FB4K,FC,-0.16666667
FB4K,FC1B,-0.09090909
FB4K,FC1C_a,-0.14583333
FB4K,FC1C_b,-0.029411765
FB4K,FC1D,-0.03
FB4K,FC1E,-0.056818184
FB4K,FC1F,-0.15
FB4K,FC2A,-14.972222
FB4K,FC2B,-0.18518518
FB4K,FC2C,-0.04255319
FB4K,FC3_a,-0.19117647
FB4K,FC3_b,-0.3
FB4K,FC3_c,-0.3
FB4K,FR1,-0.2361111
FB4K,FR2,-0.055555556
FB4K,FS1A_a,-0.09375
FB4K,FS1A_b,-0.01923077
FB4K,FS1A_c,-0.055555556
FB4K,FS1B_a,-0.057692308
FB4K,FS2,-1.3690476
FB4K,FS3,-0.125
FB4K,FS3_a,-0.26666668
FB4K,FS3_b,-0.73214287
FB4K,FS3_c,-0.25
FB4K,FS3_d,-0.5080645
FB4K,FS4A,-0.32456142
FB4K,MBON02,-0.125
FB4K,MBON35,-1.0
FB4K,OA-VPM3,-10.5
FB4K,PFGs,-10.222222
FB4K,PFL2,-0.20833333
FB4K,PFL3,-0.13541667
FB4K,PFNd,-0.175
FB4K,PFR_a,-16.392857
FB4K,PFR_b,-0.921875
FB4K,SMP092,-0.25
FB4K,SMP108,-1.0
FB4K,SMP709m,-0.25
FB4K,SMP713m,-0.125
FB4K,SMP714m,-0.125
FB4K,SMP715m,-0.125
FB4K,hDeltaA,-57.375
FB4K,hDeltaB,-5.236842
FB4K,hDeltaC,-0.1
FB4K,hDeltaG,-6.15625
FB4K,hDeltaH,-29.46875
FB4K,hDeltaI,-1.867647
FB4K,hDeltaJ,-8.306452
FB4K,hDeltaK,-0.33870968
FB4K,hDeltaL,-0.09090909
FB4K,hDeltaM,-4.25
FB4K,vDeltaE,-0.013888889
FB4K,vDeltaF,-0.041666668
FB4K,vDeltaI_a,-0.25
FB4K,vDeltaI_b,-1.3125
FB4K,vDeltaJ,-2.0454545
FB4K,vDeltaK,-2.255319
FB4K,vDeltaL,-3.1756756
FB4K,vDeltaM,-1.2318182
FB4L,AN07B004,0.25
FB4L,AOTU019,0.5
FB4L,AOTU046,0.0625
FB4L,EL,0.4722222
FB4L,EPG,0.027173912
FB4L,ER1_a,0.045454547
FB4L,ER1_b,0.01923077
FB4L,ER3a_c,0.1875
FB4L,ER3p_a,0.017857144
FB4L,ExR1,1.3125
FB4L,ExR2,0.1875
FB4L,ExR3,0.25
FB4L,ExR4,0.125
FB4L,ExR5,1.0625
FB4L,ExR7,0.3125
FB4L,FB1A,0.0625
FB4L,FB1B,0.1875
FB4L,FB1C,0.0625
FB4L,FB1E_a,0.15
FB4L,FB1E_b,0.375
FB4L,FB1F,0.125
FB4L,FB1G,0.375
FB4L,FB1H,9.625
FB4L,FB2A,1.0625
FB4L,FB2B_a,0.25
FB4L,FB2B_b,0.25
FB4L,FB2C,0.1
FB4L,FB2D,0.625
FB4L,FB2E,0.3125
FB4L,FB2F_a,0.041666668
FB4L,FB2F_b,0.25
FB4L,FB2F_c,0.0625
FB4L,FB2F_d,0.25
FB4L,FB2G_a,0.125
FB4L,FB2G_b,0.375
FB4L,FB2H_a,0.125
FB4L,FB2H_b,0.375
FB4L,FB2I_a,1.625
FB4L,FB2I_b,0.25
FB4L,FB2J_a,0.375
FB4L,FB2J_b,0.375
FB4L,FB2J_c,0.625
FB4L,FB2K,0.083333336
FB4L,FB2L,0.0625
FB4L,FB2M_a,0.25
FB4L,FB2M_b,0.125
FB4L,FB3A,8.1875
FB4L,FB3C,0.5576923
FB4L,FB3D,2.75
FB4L,FB3E,0.625
FB4L,FB4A_a,0.25
FB4L,FB4A_b,0.125
FB4L,FB4B,3.875
FB4L,FB4C,8.125
FB4L,FB4D_a,2.75
FB4L,FB4D_b,2.125
FB4L,FB4D_c,3.125
FB4L,FB4E_a,0.25
FB4L,FB4E_b,0.125
FB4L,FB4E_c,1.0
FB4L,FB4F_a,1.375
FB4L,FB4F_b,0.375
FB4L,FB4F_c,3.5
FB4L,FB4G,0.875
FB4L,FB4H,0.125
FB4L,FB4I,0.375
FB4L,FB4J,2.5
FB4L,FB4K,1.8125
FB4L,FB4L,1.125
FB4L,FB4M,8.0625
FB4L,FB4N,5.625
FB4L,FB4P_b,0.16666667
FB4L,FB4P_c,0.25
FB4L,FB4Q_c,0.083333336
FB4L,FB4R,0.375
FB4L,FB4Y,0.4375
FB4L,FB4Z_a,0.0625
FB4L,FB5G_c,0.125
FB4L,FB5J,0.125
FB4L,FB5V_a,0.041666668
FB4L,FB6M,0.0625
FB4L,FB6R,0.0625
FB4L,FC,0.083333336
FB4L,FC1A,0.073529415
FB4L,FC1B,0.10227273
FB4L,FC1C_a,0.0625
FB4L,FC1C_b,0.014705882
FB4L,FC1D,0.04
FB4L,FC1E,0.011363637
FB4L,FC1F,0.11666667
FB4L,FC2A,0.013888889
FB4L,FC2B,0.018518519
FB4L,FC2C,0.026595745
FB4L,FC3_a,0.14705883
FB4L,FC3_b,0.1375
FB4L,FC3_c,0.11666667
FB4L,FR1,0.4722222
FB4L,FR2,0.013888889
FB4L,FS1A_a,0.0625
FB4L,FS1A_b,0.07692308
FB4L,FS1A_c,0.041666668
FB4L,FS1B_a,0.01923077
FB4L,FS1B_b,0.046875
FB4L,FS2,0.077380955
FB4L,FS3_a,0.016666668
FB4L,FS3_b,0.035714287
FB4L,FS3_c,0.017857144
FB4L,FS3_d,0.008064516
FB4L,FS4A,0.0745614
FB4L,FS4B,0.12068965
FB4L,FS4C,0.23214285
FB4L,LAL013,0.25
FB4L,LCNOp,0.5
FB4L,LNO2,0.375
FB4L,MBON20,0.125
FB4L,MBON35,0.625
FB4L,OA-VPM3,13.75
FB4L,PEG,0.027777778
FB4L,PEN_a(PEN1),0.0125
FB4L,PEN_b(PEN2),0.011363637
FB4L,PFGs,0.9305556
FB4L,PFL1,0.19642857
FB4L,PFL2,0.041666668
FB4L,PFL3,0.104166664
FB4L,PFNa,0.01724138
FB4L,PFNd,3.1875
FB4L,PFNv,0.075
FB4L,PFR_a,1.5982143
FB4L,PFR_b,0.6875
FB4L,SA2_a,0.33333334
FB4L,SA2_b,0.25
FB4L,SA3,0.28125
FB4L,TuBu09,0.083333336
FB4L,hDeltaA,1.6458334
FB4L,hDeltaB,15.881579
FB4L,hDeltaC,0.2375
FB4L,hDeltaF,0.09375
FB4L,hDeltaG,0.28125
FB4L,hDeltaH,0.125
FB4L,hDeltaI,0.9411765
FB4L,hDeltaJ,0.8951613
FB4L,hDeltaK,0.33064517
FB4L,hDeltaM,0.125
FB4L,vDeltaA_a,0.007142857
FB4L,vDeltaB,0.008064516
FB4L,vDeltaD,0.023809524
FB4L,vDeltaE,0.027777778
FB4L,vDeltaF,0.013888889
FB4L,vDeltaG,0.027777778
FB4L,vDeltaI_a,0.014705882
FB4L,vDeltaI_b,0.0125
FB4L,vDeltaJ,0.045454547
FB4L,vDeltaK,0.026595745
FB4L,vDeltaL,0.13513513
FB4L,vDeltaM,0.23181818
FB4M,CB1287,0.125
FB4M,CRE004,0.5
FB4M,EL,0.18055555
FB4M,EPG,0.49456522
FB4M,EPGt,0.0625
FB4M,ExR1,0.0625
FB4M,ExR2,0.125
FB4M,ExR3,0.125
FB4M,ExR4,0.375
FB4M,ExR5,1.5
FB4M,ExR6,0.125
FB4M,ExR8,0.4375
FB4M,FB1A,0.3125
FB4M,FB1B,0.25
FB4M,FB1C,0.5625
FB4M,FB1F,0.125
FB4M,FB1G,1.125
FB4M,FB1H,23.5
FB4M,FB2A,1.0
FB4M,FB2B_a,0.25
FB4M,FB2B_b,0.375
FB4M,FB2C,0.6
FB4M,FB2D,0.8333333
FB4M,FB2F_a,0.083333336
FB4M,FB2F_b,0.16666667
FB4M,FB2F_c,0.5625
FB4M,FB2F_d,0.3125
FB4M,FB2G_b,0.16666667
FB4M,FB2I_a,0.025
FB4M,FB2I_b,0.125
FB4M,FB2K,0.5555556
FB4M,FB2L,1.375
FB4M,FB2M_a,0.1875
FB4M,FB2M_b,0.125
FB4M,FB3A,27.125
FB4M,FB3C,3.0384614
FB4M,FB3D,4.75
FB4M,FB3E,2.625
FB4M,FB4A_a,1.8333334
FB4M,FB4A_b,3.5
FB4M,FB4B,25.25
FB4M,FB4C,49.375
FB4M,FB4D_a,14.0
FB4M,FB4D_b,8.375
FB4M,FB4D_c,13.75
FB4M,FB4E_a,1.05
FB4M,FB4E_b,1.375
FB4M,FB4E_c,2.375
FB4M,FB4F_a,6.625
FB4M,FB4F_b,6.375
FB4M,FB4F_c,9.25
FB4M,FB4G,8.375
FB4M,FB4H,1.5
FB4M,FB4I,4.375
FB4M,FB4J,8.75
FB4M,FB4K,14.1875
FB4M,FB4L,19.8125
FB4M,FB4M,37.8125
FB4M,FB4N,17.25
FB4M,FB4O,4.75
FB4M,FB4P_a,3.0
FB4M,FB4P_b,4.6666665
FB4M,FB4P_c,5.75
FB4M,FB4Q_a,5.125
FB4M,FB4Q_b,1.0
FB4M,FB4Q_c,1.75
FB4M,FB4R,6.1666665
FB4M,FB4X,4.75
FB4M,FB4Y,2.875
FB4M,FB4Z_a,0.53125
FB4M,FB4Z_b,0.25
FB4M,FB4Z_c,0.6875
FB4M,FB5A,0.5625
FB4M,FB5D,1.0833334
FB4M,FB5E,0.5
FB4M,FB5J,1.0
FB4M,FB5K,0.125
FB4M,FB5M,1.0
FB4M,FB5O,0.125
FB4M,FB5P,0.125
FB4M,FB5V_a,0.41666666
FB4M,FB5V_b,0.29166666
FB4M,FB5W_a,0.083333336
FB4M,FB5W_b,0.083333336
FB4M,FB5X,0.16666667
FB4M,FB5Z,0.0625
FB4M,FB6K,0.0625
FB4M,FC,0.33333334
FB4M,FC1A,0.13235295
FB4M,FC1B,0.25
FB4M,FC1C_a,0.39583334
FB4M,FC1C_b,0.14705883
FB4M,FC1D,0.18
FB4M,FC1E,0.22727273
FB4M,FC1F,0.35
FB4M,FC2A,0.5833333
FB4M,FC2B,0.39814815
FB4M,FC2C,0.2819149
FB4M,FC3_a,0.5735294
FB4M,FC3_b,0.5875
FB4M,FC3_c,0.43333334
FB4M,FR1,2.1527777
FB4M,FR2,0.33333334
FB4M,FS1A_a,0.546875
FB4M,FS1A_b,0.21153846
FB4M,FS1A_c,0.2777778
FB4M,FS1B_a,0.25
FB4M,FS1B_b,0.234375
FB4M,FS2,0.5595238
FB4M,FS3_a,0.15
FB4M,FS3_b,0.16071428
FB4M,FS3_c,0.21428572
FB4M,FS3_d,0.14516129
FB4M,FS4A,0.21491228
FB4M,FS4B,0.15517241
FB4M,FS4C,0.15178572
FB4M,GLNO,0.9375
FB4M,GNG587,0.25
FB4M,LAL045,0.25
FB4M,LAL155,0.25
FB4M,LAL192,0.25
FB4M,LAL200,0.25
FB4M,LCNOp,0.125
FB4M,LCNOpm,0.375
FB4M,LNO1,5.1875
FB4M,LNO2,16.25
FB4M,LNOa,0.375
FB4M,MBON20,0.125
FB4M,OA-VPM3,11.625
FB4M,OA-VUMa8,0.25
FB4M,PEG,0.16666667
FB4M,PEN_a(PEN1),0.325
FB4M,PEN_b(PEN2),0.20454545
FB4M,PFGs,2.6805556
FB4M,PFL1,0.375
FB4M,PFL2,0.5833333
FB4M,PFL3,0.6145833
FB4M,PFNa,0.00862069
FB4M,PFNd,6.10625
FB4M,PFNp_d,0.017857144
FB4M,PFNv,3.875
FB4M,PFR_a,6.5625
FB4M,PFR_b,6.359375
FB4M,PPL102,0.5
FB4M,PPL108,1.0
FB4M,SA3,0.0625
FB4M,SIP064,0.25
FB4M,SMP377,0.25
FB4M,hDeltaA,22.875
FB4M,hDeltaB,44.61842
FB4M,hDeltaC,1.3875
FB4M,hDeltaD,0.0625
FB4M,hDeltaF,0.21875
FB4M,hDeltaG,1.6875
FB4M,hDeltaH,2.9375
FB4M,hDeltaI,5.5882354
FB4M,hDeltaJ,5.040323
FB4M,hDeltaK,2.064516
FB4M,hDeltaL,0.29545453
FB4M,hDeltaM,1.8125
FB4M,vDeltaD,0.011904762
FB4M,vDeltaE,0.15277778
FB4M,vDeltaF,0.125
FB4M,vDeltaG,0.027777778
FB4M,vDeltaI_a,0.014705882
FB4M,vDeltaI_b,0.125
FB4M,vDeltaJ,0.20454545
FB4M,vDeltaK,0.39893618
FB4M,vDeltaL,1.4864864
FB4M,vDeltaM,1.5909091
FB4N,CRE021,-0.25
FB4N,EL,-0.027777778
FB4N,EPG,-0.02173913
FB4N,ExR5,-0.25
FB4N,FB1A,-0.25
FB4N,FB1G,-21.5
FB4N,FB1H,-5.5
FB4N,FB2A,-0.125
FB4N,FB2C,-0.1
FB4N,FB2D,-0.9166667
FB4N,FB2F_d,-0.75
FB4N,FB2I_a,-0.05
FB4N,FB2J_a,-0.5
FB4N,FB2K,-2.1666667
FB4N,FB3A,-0.375
FB4N,FB3C,-3.6538463
FB4N,FB3D,-21.5
FB4N,FB3E,-1.75
FB4N,FB4A_a,-6.6666665
FB4N,FB4A_b,-15.5
FB4N,FB4B,-1.25
FB4N,FB4C,-23.5
FB4N,FB4D_a,-1.0
FB4N,FB4D_b,-3.5
FB4N,FB4D_c,-1.5
FB4N,FB4E_a,-2.0
FB4N,FB4E_b,-2.0
FB4N,FB4E_c,-6.25
FB4N,FB4F_a,-0.625
FB4N,FB4F_b,-0.25
FB4N,FB4F_c,-1.0833334
FB4N,FB4G,-1.25
FB4N,FB4I,-0.25
FB4N,FB4J,-1.5
FB4N,FB4K,-4.0
FB4N,FB4L,-7.0
FB4N,FB4M,-4.375
FB4N,FB4N,-2.0
FB4N,FB4O,-0.5
FB4N,FB4P_a,-1.25
FB4N,FB4P_b,-0.6666667
FB4N,FB4P_c,-1.0
FB4N,FB4Q_a,-0.75
FB4N,FB4Q_b,-0.25
FB4N,FB4Q_c,-0.6666667
FB4N,FB4R,-0.41666666
FB4N,FB4X,-0.5
FB4N,FB4Y,-0.5
FB4N,FB4Z_a,-0.375
FB4N,FB4Z_b,-0.6666667
FB4N,FB5A,-0.25
FB4N,FB5C,-0.5
FB4N,FB5D,-1.3333334
FB4N,FB5E,-1.5
FB4N,FB5G_a,-0.25
FB4N,FB5J,-5.25
FB4N,FB5M,-0.5
FB4N,FB5O,-1.25
FB4N,FB5P,-1.375
FB4N,FB5R,-0.125
FB4N,FB5T,-0.5
FB4N,FB5U,-0.125
FB4N,FB5Z,-0.375
FB4N,FB6W,-1.0
FB4N,FC,-1.0
FB4N,FC1A,-0.14705883
FB4N,FC1B,-0.06818182
FB4N,FC1C_a,-0.041666668
FB4N,FC1D,-0.2
FB4N,FC1E,-0.09090909
FB4N,FC1F,-0.1
FB4N,FC2A,-16.083334
FB4N,FC2B,-12.240741
FB4N,FC2C,-7.06383
FB4N,FC3_a,-0.4117647
FB4N,FC3_b,-0.35
FB4N,FC3_c,-0.3
FB4N,FR1,-0.44444445
FB4N,FR2,-4.138889
FB4N,FS1A_a,-1.8125
FB4N,FS1A_b,-2.4615386
FB4N,FS1A_c,-6.5833335
FB4N,FS1B_a,-0.96153843
FB4N,FS1B_b,-0.40625
FB4N,FS2,-2.1309524
FB4N,FS3,-0.5
FB4N,FS3_a,-0.16666667
FB4N,FS3_b,-0.035714287
FB4N,FS3_c,-0.39285713
FB4N,FS3_d,-0.016129032
FB4N,FS4A,-0.1754386
FB4N,FS4B,-0.15517241
FB4N,FS4C,-0.19642857
FB4N,MBON35,-0.25
FB4N,OA-VPM3,-4.5
FB4N,PFGs,-0.44444445
FB4N,PFL1,-0.21428572
FB4N,PFL2,-2.7083333
FB4N,PFL3,-7.4375
FB4N,PFNd,-0.6
FB4N,PFNv,-0.025
FB4N,PFR_a,-2.982143
FB4N,PFR_b,-1.46875
FB4N,hDeltaA,-13.708333
FB4N,hDeltaB,-2.1578948
FB4N,hDeltaC,-0.675
FB4N,hDeltaF,-0.125
FB4N,hDeltaG,-2.5
FB4N,hDeltaH,-1.9375
FB4N,hDeltaI,-48.235294
FB4N,hDeltaJ,-15.693548
FB4N,hDeltaK,-0.6935484
FB4N,hDeltaL,-0.18181819
FB4N,hDeltaM,-7.6875
FB4N,vDeltaD,-0.0952381
FB4N,vDeltaF,-0.055555556
FB4N,vDeltaJ,-0.045454547
FB4N,vDeltaK,-0.010638298
FB4N,vDeltaL,-0.067567565
FB4N,vDeltaM,-0.3
FB4O,ATL018,-0.16666667
FB4O,CB1062,-0.083333336
FB4O,CB1287,-0.083333336
FB4O,CL208,-0.055555556
FB4O,CL326,-0.16666667
FB4O,CRE004,-0.16666667
FB4O,CRE005,-0.2777778
FB4O,CRE011,-0.16666667
FB4O,CRE012,-0.41666666
FB4O,CRE021,-1.9166666
FB4O,DNp62,-0.083333336
FB4O,EL,-0.12962963
FB4O,EPG,-0.032608695
FB4O,ExR1,-0.041666668
FB4O,ExR5,-1.0
FB4O,ExR6,-0.16666667
FB4O,FB1C,-0.041666668
FB4O,FB1H,-8.083333
FB4O,FB1I,-0.083333336
FB4O,FB1J,-0.083333336
FB4O,FB2C,-0.16666667
FB4O,FB2D,-0.027777778
FB4O,FB2K,-0.018518519
FB4O,FB2L,-0.083333336
FB4O,FB3D,-2.5
FB4O,FB4A_a,-2.6666667
FB4O,FB4A_b,-2.0
FB4O,FB4B,-0.25
FB4O,FB4C,-0.083333336
FB4O,FB4D_a,-0.6666667
FB4O,FB4D_b,-0.41666666
FB4O,FB4D_c,-0.16666667
FB4O,FB4E_a,-2.3
FB4O,FB4E_b,-1.2916666
FB4O,FB4E_c,-3.6666667
FB4O,FB4F_a,-1.375
FB4O,FB4F_b,-1.5
FB4O,FB4F_c,-2.9166667
FB4O,FB4G,-0.41666666
FB4O,FB4H,-0.25
FB4O,FB4I,-0.33333334
FB4O,FB4J,-0.9166667
FB4O,FB4K,-6.625
FB4O,FB4L,-0.041666668
FB4O,FB4M,-3.2916667
FB4O,FB4N,-0.75
FB4O,FB4O,-22.86111
FB4O,FB4P_a,-0.9166667
FB4O,FB4P_b,-24.444445
FB4O,FB4P_c,-26.583334
FB4O,FB4Q_a,-20.333334
FB4O,FB4Q_b,-21.083334
FB4O,FB4Q_c,-19.833334
FB4O,FB4R,-3.4166667
FB4O,FB4X,-11.333333
FB4O,FB4Y,-1.375
FB4O,FB4Z_a,-0.8125
FB4O,FB4Z_b,-0.7222222
FB4O,FB4Z_c,-0.625
FB4O,FB5A,-1.0416666
FB4O,FB5AB,-0.083333336
FB4O,FB5C,-0.055555556
FB4O,FB5D,-0.6666667
FB4O,FB5E,-2.4166667
FB4O,FB5F,-0.5833333
FB4O,FB5H,-2.5833333
FB4O,FB5J,-0.6666667
FB4O,FB5K,-0.083333336
FB4O,FB5L,-0.083333336
FB4O,FB5M,-1.6666666
FB4O,FB5N,-0.16666667
FB4O,FB5O,-0.083333336
FB4O,FB5P,-0.25
FB4O,FB5Q,-0.083333336
FB4O,FB5R,-0.33333334
FB4O,FB5S,-0.074074075
FB4O,FB5T,-0.33333334
FB4O,FB5U,-0.29166666
FB4O,FB5V_a,-0.33333334
FB4O,FB5V_b,-0.33333334
FB4O,FB5V_c,-0.3
FB4O,FB5W_a,-2.3055556
FB4O,FB5W_b,-0.22222222
FB4O,FB5X,-8.972222
FB4O,FB5Y_b,-0.083333336
FB4O,FB5Z,-0.20833333
FB4O,FB6C_b,-0.027777778
FB4O,FB6L,-0.055555556
FB4O,FB6N,-0.25
FB4O,FB6O,-0.083333336
FB4O,FB6U,-0.041666668
FB4O,FB7E,-0.055555556
FB4O,FB7I,-0.033333335
FB4O,FB7L,-0.055555556
FB4O,FB8H,-0.027777778
FB4O,FB8I,-0.027777778
FB4O,FC,-0.44444445
FB4O,FC1A,-0.04901961
FB4O,FC1B,-0.06818182
FB4O,FC1C_a,-0.29166666
FB4O,FC1C_b,-0.09803922
FB4O,FC1D,-0.07333333
FB4O,FC1E,-0.12878788
FB4O,FC1F,-0.31111112
FB4O,FC2A,-5.861111
FB4O,FC2B,-3.0
FB4O,FC2C,-0.07446808
FB4O,FC3_a,-0.7058824
FB4O,FC3_b,-1.1916667
FB4O,FC3_c,-0.8111111
FB4O,FR1,-0.4814815
FB4O,FR2,-1.0277778
FB4O,FS1A_a,-0.13541667
FB4O,FS1A_b,-0.14102565
FB4O,FS1A_c,-0.7222222
FB4O,FS1B_a,-0.6666667
FB4O,FS1B_b,-0.22916667
FB4O,FS2,-1.2341269
FB4O,FS3_a,-0.033333335
FB4O,FS3_b,-0.023809524
FB4O,FS3_c,-0.0952381
FB4O,FS3_d,-0.016129032
FB4O,FS4A,-0.0029239766
FB4O,FS4B,-0.0057471264
FB4O,FS4C,-0.023809524
FB4O,LAL101,-0.16666667
FB4O,LAL154,-0.16666667
FB4O,LAL155,-0.6666667
FB4O,LAL159,-0.16666667
FB4O,LCNOpm,-0.083333336
FB4O,MBON02,-0.083333336
FB4O,MBON20,-0.083333336
FB4O,MBON25-like,-0.041666668
FB4O,MBON26,-1.0
FB4O,MBON34,-0.083333336
FB4O,OA-VPM3,-11.916667
FB4O,PFGs,-0.4722222
FB4O,PFL1,-0.023809524
FB4O,PFL2,-4.138889
FB4O,PFL3,-8.298611
FB4O,PFNd,-0.025
FB4O,PFR_a,-10.25
FB4O,PFR_b,-0.71875
FB4O,PPL102,-1.3333334
FB4O,PPL103,-4.3333335
FB4O,SMP122,-0.16666667
FB4O,SMP471,-0.16666667
FB4O,hDeltaA,-5.3472223
FB4O,hDeltaB,-0.55263156
FB4O,hDeltaC,-0.575
FB4O,hDeltaF,-0.20833333
FB4O,hDeltaG,-0.45833334
FB4O,hDeltaH,-9.895833
FB4O,hDeltaI,-9.480392
FB4O,hDeltaJ,-6.645161
FB4O,hDeltaK,-0.2580645
FB4O,hDeltaL,-0.015151516
FB4O,hDeltaM,-18.729166
FB4O,vDeltaF,-0.027777778
FB4O,vDeltaG,-0.055555556
FB4O,vDeltaH,-0.018518519
FB4O,vDeltaI_b,-0.008333334
FB4O,vDeltaK,-0.021276595
FB4O,vDeltaL,-0.03153153
FB4O,vDeltaM,-0.024242423
FB4P_a,CB1062,-0.3125
FB4P_a,CB1287,-0.125
FB4P_a,CL208,-0.16666667
FB4P_a,CRE006,-0.25
FB4P_a,CRE011,-1.0
FB4P_a,CRE012,-0.375
FB4P_a,CRE021,-0.5
FB4P_a,CRE030_b,-0.25
FB4P_a,DNp64,-0.25
FB4P_a,EL,-0.041666668
FB4P_a,EPG,-0.048913043
FB4P_a,ExR5,-4.625
FB4P_a,FB1H,-1.75
FB4P_a,FB2C,-0.05
FB4P_a,FB2D,-0.041666668
FB4P_a,FB3C,-0.115384616
FB4P_a,FB3D,-0.25
FB4P_a,FB3E,-0.625
FB4P_a,FB4A_a,-0.25
FB4P_a,FB4C,-0.375
FB4P_a,FB4D_a,-1.375
FB4P_a,FB4D_b,-0.25
FB4P_a,FB4D_c,-3.875
FB4P_a,FB4E_a,-2.05
FB4P_a,FB4E_b,-1.125
FB4P_a,FB4E_c,-1.25
FB4P_a,FB4F_a,-8.125
FB4P_a,FB4F_b,-13.625
FB4P_a,FB4F_c,-4.3333335
FB4P_a,FB4G,-5.75
FB4P_a,FB4H,-2.0
FB4P_a,FB4I,-19.125
FB4P_a,FB4J,-9.125
FB4P_a,FB4K,-6.625
FB4P_a,FB4L,-0.0625
FB4P_a,FB4M,-0.9375
FB4P_a,FB4N,-0.75
FB4P_a,FB4O,-0.33333334
FB4P_a,FB4P_a,-0.1875
FB4P_a,FB4P_b,-1.25
FB4P_a,FB4P_c,-0.625
FB4P_a,FB4Q_a,-1.125
FB4P_a,FB4Q_b,-0.75
FB4P_a,FB4Q_c,-0.6666667
FB4P_a,FB4R,-0.29166666
FB4P_a,FB4X,-0.5
FB4P_a,FB4Y,-5.3125
FB4P_a,FB4Z_a,-2.40625
FB4P_a,FB4Z_b,-1.75
FB4P_a,FB4Z_c,-3.4375
FB4P_a,FB5A,-0.125
FB4P_a,FB5D,-0.083333336
FB4P_a,FB5E,-1.0
FB4P_a,FB5F,-0.25
FB4P_a,FB5H,-0.125
FB4P_a,FB5I,-0.125
FB4P_a,FB5J,-0.375
FB4P_a,FB5K,-0.625
FB4P_a,FB5L,-0.125
FB4P_a,FB5M,-3.5
FB4P_a,FB5N,-0.1875
FB4P_a,FB5O,-0.125
FB4P_a,FB5P,-0.25
FB4P_a,FB5Q,-0.0625
FB4P_a,FB5R,-0.875
FB4P_a,FB5S,-0.027777778
FB4P_a,FB5T,-0.125
FB4P_a,FB5U,-0.4375
FB4P_a,FB5V_a,-0.7083333
FB4P_a,FB5V_b,-0.625
FB4P_a,FB5V_c,-0.3
FB4P_a,FB5W_a,-0.375
FB4P_a,FB5W_b,-0.33333334
FB4P_a,FB5X,-0.5
FB4P_a,FB5Z,-0.0625
FB4P_a,FB6O,-0.125
FB4P_a,FB6P,-0.125
FB4P_a,FC,-1.5
FB4P_a,FC1A,-0.029411765
FB4P_a,FC1B,-0.022727273
FB4P_a,FC1C_a,-0.5
FB4P_a,FC1C_b,-0.25
FB4P_a,FC1D,-0.1
FB4P_a,FC1E,-0.09090909
FB4P_a,FC1F,-0.016666668
FB4P_a,FC2A,-1.8055556
FB4P_a,FC2B,-0.46296296
FB4P_a,FC2C,-0.015957447
FB4P_a,FC3_a,-0.11764706
FB4P_a,FC3_b,-0.1125
FB4P_a,FR1,-10.777778
FB4P_a,FR2,-1.1666666
FB4P_a,FS1A_a,-0.09375
FB4P_a,FS1A_b,-0.057692308
FB4P_a,FS1A_c,-0.5138889
FB4P_a,FS1B_a,-1.1923077
FB4P_a,FS1B_b,-0.34375
FB4P_a,FS2,-0.3452381
FB4P_a,FS3_b,-0.017857144
FB4P_a,FS3_c,-0.017857144
FB4P_a,FS4A,-0.030701755
FB4P_a,LAL040,-0.25
FB4P_a,MBON35,-1.0
FB4P_a,OA-VPM3,-7.25
FB4P_a,PEG,-0.013888889
FB4P_a,PFGs,-0.125
FB4P_a,PFL1,-0.05357143
FB4P_a,PFL2,-1.5
FB4P_a,PFL3,-2.90625
FB4P_a,PFR_a,-5.410714
FB4P_a,PFR_b,-15.046875
FB4P_a,PPL108,-0.25
FB4P_a,SMP122,-0.25
FB4P_a,SMP471,-1.75
FB4P_a,SMP713m,-1.0
FB4P_a,SMP714m,-0.75
FB4P_a,SMP715m,-0.125
FB4P_a,VES092,-0.625
FB4P_a,hDeltaA,-31.416666
FB4P_a,hDeltaB,-0.5
FB4P_a,hDeltaC,-0.175
FB4P_a,hDeltaG,-1.0
FB4P_a,hDeltaH,-5.59375
FB4P_a,hDeltaI,-2.9705882
FB4P_a,hDeltaJ,-0.36290324
FB4P_a,hDeltaK,-0.10483871
FB4P_a,hDeltaL,-0.022727273
FB4P_a,hDeltaM,-0.6875
FB4P_a,vDeltaF,-0.013888889
FB4P_a,vDeltaG,-0.041666668
FB4P_a,vDeltaH,-0.1388889
FB4P_a,vDeltaI_a,-0.05882353
FB4P_a,vDeltaI_b,-0.15
FB4P_a,vDeltaJ,-0.8181818
FB4P_a,vDeltaK,-0.59042555
FB4P_a,vDeltaL,-0.4189189
FB4P_a,vDeltaM,-0.18636364
FB4P_b,ATL011,-0.33333334
FB4P_b,CB1287,-0.16666667
FB4P_b,CL199,-0.16666667
FB4P_b,CRE011,-0.33333334
FB4P_b,CRE012,-0.33333334
FB4P_b,DNp62,-0.16666667
FB4P_b,EPG,-0.028985508
FB4P_b,ExR5,-0.5833333
FB4P_b,FB1H,-4.3333335
FB4P_b,FB2B_a,-0.083333336
FB4P_b,FB2C,-0.26666668
FB4P_b,FB3D,-1.3333334
FB4P_b,FB4A_a,-1.6111112
FB4P_b,FB4A_b,-1.3333334
FB4P_b,FB4D_a,-0.8333333
FB4P_b,FB4D_b,-1.5
FB4P_b,FB4D_c,-0.8333333
FB4P_b,FB4E_a,-6.866667
FB4P_b,FB4E_b,-2.9166667
FB4P_b,FB4E_c,-7.1666665
FB4P_b,FB4F_a,-18.833334
FB4P_b,FB4F_b,-4.5
FB4P_b,FB4F_c,-36.833332
FB4P_b,FB4G,-0.33333334
FB4P_b,FB4H,-0.16666667
FB4P_b,FB4I,-5.6666665
FB4P_b,FB4J,-3.0
FB4P_b,FB4K,-15.166667
FB4P_b,FB4M,-3.5
FB4P_b,FB4N,-1.5
FB4P_b,FB4O,-13.444445
FB4P_b,FB4P_a,-3.25
FB4P_b,FB4P_b,-21.444445
FB4P_b,FB4P_c,-39.666668
FB4P_b,FB4Q_a,-24.5
FB4P_b,FB4Q_b,-4.5
FB4P_b,FB4Q_c,-5.5555553
FB4P_b,FB4R,-1.4444444
FB4P_b,FB4X,-1.5
FB4P_b,FB4Y,-2.25
FB4P_b,FB4Z_a,-4.2083335
FB4P_b,FB4Z_b,-0.33333334
FB4P_b,FB4Z_c,-4.9166665
FB4P_b,FB5A,-1.1666666
FB4P_b,FB5D,-0.5555556
FB4P_b,FB5E,-6.1666665
FB4P_b,FB5F,-0.33333334
FB4P_b,FB5G_c,-0.16666667
FB4P_b,FB5H,-0.33333334
FB4P_b,FB5K,-0.16666667
FB4P_b,FB5L,-0.16666667
FB4P_b,FB5M,-7.1666665
FB4P_b,FB5N,-0.16666667
FB4P_b,FB5O,-1.3333334
FB4P_b,FB5R,-0.16666667
FB4P_b,FB5S,-0.037037037
FB4P_b,FB5U,-0.083333336
FB4P_b,FB5V_a,-0.5
FB4P_b,FB5V_b,-0.11111111
FB4P_b,FB5V_c,-0.2
FB4P_b,FB5W_a,-2.6666667
FB4P_b,FB5X,-4.2777777
FB4P_b,FB5Y_b,-0.16666667
FB4P_b,FB6B,-0.16666667
FB4P_b,FB8I,-0.11111111
FB4P_b,FC,-0.22222222
FB4P_b,FC1B,-0.015151516
FB4P_b,FC1C_a,-0.1388889
FB4P_b,FC1D,-0.04
FB4P_b,FC1E,-0.030303031
FB4P_b,FC1F,-0.022222223
FB4P_b,FC2A,-2.5
FB4P_b,FC2B,-0.50617284
FB4P_b,FC2C,-0.035460994
FB4P_b,FC3_a,-0.078431375
FB4P_b,FC3_b,-0.1
FB4P_b,FC3_c,-0.08888889
FB4P_b,FR1,-0.11111111
FB4P_b,FR2,-0.2777778
FB4P_b,FS1A_a,-1.5
FB4P_b,FS1A_b,-0.33333334
FB4P_b,FS1A_c,-0.8148148
FB4P_b,FS1B_a,-0.53846157
FB4P_b,FS1B_b,-0.104166664
FB4P_b,FS2,-0.86507934
FB4P_b,FS3_b,-0.04761905
FB4P_b,FS3_c,-0.023809524
FB4P_b,FS4C,-0.023809524
FB4P_b,LAL101,-0.33333334
FB4P_b,LAL159,-0.33333334
FB4P_b,LNO1,-0.083333336
FB4P_b,OA-VPM3,-2.5
FB4P_b,PEG,-0.018518519
FB4P_b,PFGs,-0.24074075
FB4P_b,PFL1,-0.04761905
FB4P_b,PFL2,-10.527778
FB4P_b,PFL3,-14.305555
FB4P_b,PFR_a,-10.654762
FB4P_b,PFR_b,-0.7916667
FB4P_b,SMP586,-0.33333334
FB4P_b,SMP593,-0.33333334
FB4P_b,hDeltaA,-78.69444
FB4P_b,hDeltaB,-0.31578946
FB4P_b,hDeltaC,-0.05
FB4P_b,hDeltaE,-0.041666668
FB4P_b,hDeltaF,-0.041666668
FB4P_b,hDeltaG,-0.25
FB4P_b,hDeltaH,-3.25
FB4P_b,hDeltaI,-12.725491
FB4P_b,hDeltaJ,-0.9032258
FB4P_b,hDeltaK,-0.19354838
FB4P_b,hDeltaM,-13.25
FB4P_b,vDeltaE,-0.018518519
FB4P_b,vDeltaF,-0.037037037
FB4P_b,vDeltaJ,-0.060606062
FB4P_b,vDeltaK,-0.12765957
FB4P_b,vDeltaL,-0.09009009
FB4P_b,vDeltaM,-0.07272727
FB4P_c,AOTU042,-0.5
FB4P_c,ATL018,-0.5
FB4P_c,AVLP562,-0.25
FB4P_c,CL208,-0.16666667
FB4P_c,CRE005,-0.16666667
FB4P_c,CRE006,-0.25
FB4P_c,CRE011,-1.0
FB4P_c,CRE012,-0.25
FB4P_c,CRE021,-1.75
FB4P_c,EPG,-0.04347826
FB4P_c,ExR1,-0.125
FB4P_c,ExR5,-2.375
FB4P_c,FB1C,-0.125
FB4P_c,FB1H,-4.5
FB4P_c,FB1I,-0.25
FB4P_c,FB2K,-0.055555556
FB4P_c,FB3D,-2.5
FB4P_c,FB4A_a,-1.6666666
FB4P_c,FB4A_b,-2.0
FB4P_c,FB4D_a,-1.0
FB4P_c,FB4D_b,-1.0
FB4P_c,FB4D_c,-1.0
FB4P_c,FB4E_a,-5.7
FB4P_c,FB4E_b,-2.625
FB4P_c,FB4E_c,-6.75
FB4P_c,FB4F_a,-6.875
FB4P_c,FB4F_b,-2.0
FB4P_c,FB4F_c,-13.833333
FB4P_c,FB4G,-0.75
FB4P_c,FB4H,-0.5
FB4P_c,FB4I,-4.0
FB4P_c,FB4J,-2.5
FB4P_c,FB4K,-12.0
FB4P_c,FB4M,-3.0
FB4P_c,FB4N,-2.5
FB4P_c,FB4O,-21.5
FB4P_c,FB4P_a,-1.875
FB4P_c,FB4P_b,-51.666668
FB4P_c,FB4P_c,-18.5
FB4P_c,FB4Q_a,-41.25
FB4P_c,FB4Q_b,-15.25
FB4P_c,FB4Q_c,-23.0
FB4P_c,FB4R,-2.25
FB4P_c,FB4X,-3.25
FB4P_c,FB4Y,-1.125
FB4P_c,FB4Z_a,-3.0625
FB4P_c,FB4Z_b,-1.1666666
FB4P_c,FB4Z_c,-3.625
FB4P_c,FB5A,-2.25
FB4P_c,FB5D,-0.5
FB4P_c,FB5E,-3.5
FB4P_c,FB5F,-0.5
FB4P_c,FB5G_a,-0.125
FB4P_c,FB5J,-0.75
FB4P_c,FB5K,-0.25
FB4P_c,FB5L,-0.5
FB4P_c,FB5M,-5.25
FB4P_c,FB5N,-0.125
FB4P_c,FB5O,-0.25
FB4P_c,FB5P,-0.125
FB4P_c,FB5T,-0.5
FB4P_c,FB5U,-0.25
FB4P_c,FB5V_a,-0.6666667
FB4P_c,FB5V_b,-0.5833333
FB4P_c,FB5V_c,-0.4
FB4P_c,FB5W_a,-3.25
FB4P_c,FB5W_b,-0.33333334
FB4P_c,FB5X,-7.4166665
FB4P_c,FB5Y_a,-0.25
FB4P_c,FB5Y_b,-0.25
FB4P_c,FB6X,-0.5
FB4P_c,FC1C_a,-0.083333336
FB4P_c,FC1C_b,-0.11764706
FB4P_c,FC1D,-0.08
FB4P_c,FC1E,-0.045454547
FB4P_c,FC1F,-0.033333335
FB4P_c,FC2A,-4.8055553
FB4P_c,FC2B,-2.4074075
FB4P_c,FC2C,-0.05319149
FB4P_c,FC3_a,-0.05882353
FB4P_c,FC3_b,-0.375
FB4P_c,FC3_c,-0.1
FB4P_c,FR1,-0.25
FB4P_c,FR2,-0.8055556
FB4P_c,FS1A_a,-0.34375
FB4P_c,FS1A_b,-0.1923077
FB4P_c,FS1A_c,-1.4444444
FB4P_c,FS1B_a,-0.1923077
FB4P_c,FS1B_b,-0.09375
FB4P_c,FS2,-0.9880952
FB4P_c,FS3_a,-0.06666667
FB4P_c,FS4A,-0.00877193
FB4P_c,FS4C,-0.035714287
FB4P_c,LAL101,-0.5
FB4P_c,LAL155,-1.0
FB4P_c,LAL159,-0.5
FB4P_c,MBON20,-0.25
FB4P_c,MBON35,-0.25
FB4P_c,OA-VPM3,-3.25
FB4P_c,PFGs,-0.16666667
FB4P_c,PFL1,-0.071428575
FB4P_c,PFL2,-7.0416665
FB4P_c,PFL3,-16.083334
FB4P_c,PFR_a,-13.428572
FB4P_c,PFR_b,-0.8125
FB4P_c,PPL102,-0.5
FB4P_c,PPL103,-2.0
FB4P_c,PPL108,-0.5
FB4P_c,SMP052,-0.16666667
FB4P_c,SMP471,-1.5
FB4P_c,hDeltaA,-32.875
FB4P_c,hDeltaB,-0.42105263
FB4P_c,hDeltaC,-0.175
FB4P_c,hDeltaG,-0.5
FB4P_c,hDeltaH,-9.125
FB4P_c,hDeltaI,-13.882353
FB4P_c,hDeltaJ,-2.435484
FB4P_c,hDeltaK,-0.29032257
FB4P_c,hDeltaL,-0.045454547
FB4P_c,hDeltaM,-27.8125
FB4P_c,vDeltaF,-0.055555556
FB4P_c,vDeltaJ,-0.09090909
FB4P_c,vDeltaK,-0.07446808
FB4P_c,vDeltaL,-0.027027028
FB4P_c,vDeltaM,-0.036363635
FB4Q_a,EPG,-0.032608695
FB4Q_a,ExR5,-0.25
FB4Q_a,FB1H,-7.75
FB4Q_a,FB2K,-0.055555556
FB4Q_a,FB4A_a,-4.25
FB4Q_a,FB4A_b,-5.5
FB4Q_a,FB4D_a,-1.25
FB4Q_a,FB4D_b,-3.75
FB4Q_a,FB4D_c,-0.5
FB4Q_a,FB4E_a,-2.4
FB4Q_a,FB4E_b,-1.375
FB4Q_a,FB4E_c,-1.75
FB4Q_a,FB4F_a,-6.625
FB4Q_a,FB4F_b,-1.25
FB4Q_a,FB4F_c,-20.25
FB4Q_a,FB4I,-3.25
FB4Q_a,FB4J,-2.75
FB4Q_a,FB4K,-14.5
FB4Q_a,FB4L,-0.125
FB4Q_a,FB4M,-3.5
FB4Q_a,FB4N,-1.75
FB4Q_a,FB4O,-17.0
FB4Q_a,FB4P_a,-3.0
FB4Q_a,FB4P_b,-24.666666
FB4Q_a,FB4P_c,-30.0
FB4Q_a,FB4Q_a,-11.0
FB4Q_a,FB4Q_b,-5.75
FB4Q_a,FB4Q_c,-9.0
FB4Q_a,FB4R,-2.0833333
FB4Q_a,FB4X,-3.25
FB4Q_a,FB4Y,-1.375
FB4Q_a,FB4Z_a,-1.6875
FB4Q_a,FB4Z_b,-0.8333333
FB4Q_a,FB4Z_c,-2.625
FB4Q_a,FB5A,-0.25
FB4Q_a,FB5D,-2.8333333
FB4Q_a,FB5E,-25.75
FB4Q_a,FB5J,-0.75
FB4Q_a,FB5K,-0.25
FB4Q_a,FB5M,-3.5
FB4Q_a,FB5O,-7.75
FB4Q_a,FB5Q,-0.125
FB4Q_a,FB5S,-0.055555556
FB4Q_a,FB5U,-0.25
FB4Q_a,FB5V_a,-0.25
FB4Q_a,FB5V_b,-0.33333334
FB4Q_a,FB5V_c,-0.2
FB4Q_a,FB5W_a,-1.25
FB4Q_a,FB5W_b,-0.5
FB4Q_a,FB5X,-2.4166667
FB4Q_a,FB6L,-0.16666667
FB4Q_a,FB8E,-0.1
FB4Q_a,FC1C_a,-0.041666668
FB4Q_a,FC1C_b,-0.029411765
FB4Q_a,FC1E,-0.022727273
FB4Q_a,FC2A,-5.4166665
FB4Q_a,FC2B,-1.0185186
FB4Q_a,FC2C,-0.031914894
FB4Q_a,FC3_a,-0.05882353
FB4Q_a,FC3_b,-0.075
FB4Q_a,FC3_c,-0.033333335
FB4Q_a,FR1,-0.16666667
FB4Q_a,FR2,-0.3888889
FB4Q_a,FS1A_a,-2.1875
FB4Q_a,FS1A_b,-0.23076923
FB4Q_a,FS1A_c,-0.9722222
FB4Q_a,FS1B_a,-0.34615386
FB4Q_a,FS1B_b,-0.09375
FB4Q_a,FS2,-0.71428573
FB4Q_a,FS3_b,-0.035714287
FB4Q_a,FS4B,-0.01724138
FB4Q_a,OA-VPM3,-3.25
FB4Q_a,PAM09,-0.5
FB4Q_a,PFGs,-0.083333336
FB4Q_a,PFL2,-8.458333
FB4Q_a,PFL3,-9.104167
FB4Q_a,PFR_a,-10.357142
FB4Q_a,PFR_b,-0.3125
FB4Q_a,SMP709m,-0.5
FB4Q_a,hDeltaA,-60.125
FB4Q_a,hDeltaB,-0.21052632
FB4Q_a,hDeltaC,-0.15
FB4Q_a,hDeltaG,-0.125
FB4Q_a,hDeltaH,-4.25
FB4Q_a,hDeltaI,-5.2647057
FB4Q_a,hDeltaJ,-2.6451614
FB4Q_a,hDeltaK,-0.12903225
FB4Q_a,hDeltaM,-8.4375
FB4Q_a,vDeltaE,-0.027777778
FB4Q_a,vDeltaF,-0.027777778
FB4Q_a,vDeltaJ,-0.045454547
FB4Q_a,vDeltaK,-0.04255319
FB4Q_a,vDeltaL,-0.04054054
FB4Q_a,vDeltaM,-0.08181818
FB4Q_b,FB1H,-7.5
FB4Q_b,FB2B_b,-0.125
FB4Q_b,FB2L,-0.125
FB4Q_b,FB3D,-0.5
FB4Q_b,FB4A_a,-7.0
FB4Q_b,FB4A_b,-20.25
FB4Q_b,FB4C,-0.25
FB4Q_b,FB4D_b,-2.25
FB4Q_b,FB4D_c,-1.25
FB4Q_b,FB4E_a,-0.1
FB4Q_b,FB4E_b,-0.5
FB4Q_b,FB4E_c,-0.5
FB4Q_b,FB4F_a,-0.125
FB4Q_b,FB4F_c,-0.083333336
FB4Q_b,FB4J,-0.25
FB4Q_b,FB4K,-2.625
FB4Q_b,FB4N,-0.75
FB4Q_b,FB4O,-3.4166667
FB4Q_b,FB4P_a,-1.25
FB4Q_b,FB4P_b,-2.8333333
FB4Q_b,FB4P_c,-4.25
FB4Q_b,FB4Q_a,-2.25
FB4Q_b,FB4Q_b,-9.5
FB4Q_b,FB4Q_c,-8.833333
FB4Q_b,FB4R,-0.083333336
FB4Q_b,FB4X,-3.5
FB4Q_b,FB4Y,-0.375
FB4Q_b,FB4Z_a,-0.125
FB4Q_b,FB4Z_b,-0.16666667
FB4Q_b,FB4Z_c,-0.125
FB4Q_b,FB5A,-4.375
FB4Q_b,FB5C,-0.16666667
FB4Q_b,FB5D,-2.5
FB4Q_b,FB5E,-14.5
FB4Q_b,FB5F,-2.25
FB4Q_b,FB5G_a,-0.125
FB4Q_b,FB5H,-0.5
FB4Q_b,FB5J,-5.25
FB4Q_b,FB5M,-0.5
FB4Q_b,FB5N,-0.625
FB4Q_b,FB5O,-5.25
FB4Q_b,FB5Q,-0.125
FB4Q_b,FB5R,-0.25
FB4Q_b,FB5S,-0.055555556
FB4Q_b,FB5T,-0.25
FB4Q_b,FB5U,-0.25
FB4Q_b,FB5V_a,-0.16666667
FB4Q_b,FB5V_c,-0.3
FB4Q_b,FB5W_a,-11.5
FB4Q_b,FB5W_b,-6.3333335
FB4Q_b,FB5X,-13.416667
FB4Q_b,FB5Z,-0.125
FB4Q_b,FC,-1.6666666
FB4Q_b,FC1C_a,-0.16666667
FB4Q_b,FC1C_b,-0.11764706
FB4Q_b,FC1D,-0.02
FB4Q_b,FC1E,-0.20454545
FB4Q_b,FC2A,-11.694445
FB4Q_b,FC2B,-1.6851852
FB4Q_b,FC2C,-0.05319149
FB4Q_b,FC3_c,-0.06666667
FB4Q_b,FR2,-1.4444444
FB4Q_b,FS1A_a,-3.21875
FB4Q_b,FS1A_b,-0.7307692
FB4Q_b,FS1A_c,-2.0833333
FB4Q_b,FS1B_a,-1.3076923
FB4Q_b,FS1B_b,-0.25
FB4Q_b,FS2,-0.16666667
FB4Q_b,FS3_b,-0.071428575
FB4Q_b,FS3_c,-0.035714287
FB4Q_b,FS3_d,-0.016129032
FB4Q_b,FS4C,-0.017857144
FB4Q_b,OA-VPM3,-0.5
FB4Q_b,PFGs,-0.027777778
FB4Q_b,PFL1,-0.035714287
FB4Q_b,PFL2,-4.5833335
FB4Q_b,PFL3,-5.4791665
FB4Q_b,PFR_a,-1.0
FB4Q_b,PFR_b,-0.125
FB4Q_b,hDeltaA,-2.75
FB4Q_b,hDeltaB,-0.078947365
FB4Q_b,hDeltaC,-0.825
FB4Q_b,hDeltaH,-0.4375
FB4Q_b,hDeltaI,-0.20588236
FB4Q_b,hDeltaJ,-2.435484
FB4Q_b,hDeltaK,-0.16129032
FB4Q_b,hDeltaM,-3.3125
FB4Q_b,vDeltaF,-0.055555556
FB4Q_b,vDeltaK,-0.010638298
FB4Q_b,vDeltaL,-0.013513514
FB4Q_b,vDeltaM,-0.16363636
FB4Q_c,ExR5,-0.083333336
FB4Q_c,FB1H,-15.666667
FB4Q_c,FB2K,-0.18518518
FB4Q_c,FB2L,-0.083333336
FB4Q_c,FB3C,-0.025641026
FB4Q_c,FB3D,-0.33333334
FB4Q_c,FB4A_a,-10.0
FB4Q_c,FB4A_b,-21.166666
FB4Q_c,FB4C,-0.16666667
FB4Q_c,FB4D_a,-1.5
FB4Q_c,FB4D_b,-6.0
FB4Q_c,FB4D_c,-1.0
FB4Q_c,FB4E_a,-0.46666667
FB4Q_c,FB4E_b,-2.0833333
FB4Q_c,FB4E_c,-1.0
FB4Q_c,FB4F_a,-0.41666666
FB4Q_c,FB4F_b,-0.33333334
FB4Q_c,FB4F_c,-0.7222222
FB4Q_c,FB4G,-0.16666667
FB4Q_c,FB4I,-0.16666667
FB4Q_c,FB4J,-1.0
FB4Q_c,FB4K,-2.4166667
FB4Q_c,FB4M,-1.3333334
FB4Q_c,FB4N,-0.6666667
FB4Q_c,FB4O,-8.388889
FB4Q_c,FB4P_a,-2.5
FB4Q_c,FB4P_b,-4.888889
FB4Q_c,FB4P_c,-10.333333
FB4Q_c,FB4Q_a,-11.833333
FB4Q_c,FB4Q_b,-14.833333
FB4Q_c,FB4Q_c,-10.666667
FB4Q_c,FB4R,-1.0555556
FB4Q_c,FB4X,-13.0
FB4Q_c,FB4Y,-0.16666667
FB4Q_c,FB4Z_a,-0.41666666
FB4Q_c,FB4Z_b,-0.11111111
FB4Q_c,FB4Z_c,-0.16666667
FB4Q_c,FB5A,-0.6666667
FB4Q_c,FB5C,-0.11111111
FB4Q_c,FB5D,-5.3333335
FB4Q_c,FB5E,-21.833334
FB4Q_c,FB5F,-1.1666666
FB4Q_c,FB5H,-0.16666667
FB4Q_c,FB5I,-0.16666667
FB4Q_c,FB5J,-8.166667
FB4Q_c,FB5N,-0.25
FB4Q_c,FB5O,-7.5
FB4Q_c,FB5S,-0.037037037
FB4Q_c,FB5U,-0.16666667
FB4Q_c,FB5V_a,-0.11111111
FB4Q_c,FB5V_b,-0.055555556
FB4Q_c,FB5V_c,-0.13333334
FB4Q_c,FB5W_a,-1.0
FB4Q_c,FB5W_b,-0.5555556
FB4Q_c,FB5X,-3.6666667
FB4Q_c,FB5Y_a,-0.16666667
FB4Q_c,FB5Z,-0.083333336
FB4Q_c,FB7E,-0.055555556
FB4Q_c,FC,-0.33333334
FB4Q_c,FC1A,-0.019607844
FB4Q_c,FC1B,-0.030303031
FB4Q_c,FC1C_a,-0.25
FB4Q_c,FC1C_b,-0.11764706
FB4Q_c,FC1D,-0.04
FB4Q_c,FC1E,-0.07575758
FB4Q_c,FC1F,-0.044444446
FB4Q_c,FC2A,-13.981482
FB4Q_c,FC2B,-3.1851852
FB4Q_c,FC2C,-0.056737587
FB4Q_c,FC3_a,-0.09803922
FB4Q_c,FC3_b,-0.16666667
FB4Q_c,FR1,-0.037037037
FB4Q_c,FR2,-2.3888888
FB4Q_c,FS1A_a,-3.6875
FB4Q_c,FS1A_b,-0.4871795
FB4Q_c,FS1A_c,-1.462963
FB4Q_c,FS1B_a,-0.33333334
FB4Q_c,FS1B_b,-0.083333336
FB4Q_c,FS2,-0.2857143
FB4Q_c,FS3,-0.16666667
FB4Q_c,FS3_b,-0.023809524
FB4Q_c,FS3_d,-0.021505376
FB4Q_c,FS4C,-0.035714287
FB4Q_c,IB049,-0.33333334
FB4Q_c,OA-VPM3,-1.3333334
FB4Q_c,PFGs,-0.037037037
FB4Q_c,PFL2,-4.0833335
FB4Q_c,PFL3,-4.8194447
FB4Q_c,PFR_a,-4.8333335
FB4Q_c,PFR_b,-0.5625
FB4Q_c,hDeltaA,-6.2222223
FB4Q_c,hDeltaB,-0.15789473
FB4Q_c,hDeltaC,-1.3333334
FB4Q_c,hDeltaG,-0.083333336
FB4Q_c,hDeltaH,-4.25
FB4Q_c,hDeltaI,-0.5882353
FB4Q_c,hDeltaJ,-7.795699
FB4Q_c,hDeltaK,-0.07526882
FB4Q_c,hDeltaM,-4.7083335
FB4Q_c,vDeltaD,-0.015873017
FB4Q_c,vDeltaE,-0.037037037
FB4Q_c,vDeltaF,-0.09259259
FB4Q_c,vDeltaJ,-0.060606062
FB4Q_c,vDeltaK,-0.0070921984
FB4Q_c,vDeltaL,-0.018018018
FB4Q_c,vDeltaM,-0.13939394
FB4R,AVLP477,-0.25
FB4R,CB1062,-0.041666668
FB4R,CB1287,-0.25
FB4R,CL208,-0.055555556
FB4R,CRE004,-0.6666667
FB4R,CRE005,-0.11111111
FB4R,CRE006,-0.083333336
FB4R,CRE011,-0.33333334
FB4R,CRE012,-2.5833333
FB4R,CRE021,-6.9166665
FB4R,CRE030_b,-0.6666667
FB4R,CRE065,-0.16666667
FB4R,CRE081,-0.33333334
FB4R,DNp52,-0.16666667
FB4R,DNp62,-0.083333336
FB4R,EL,-0.35185185
FB4R,EPG,-0.3115942
FB4R,ExR1,-0.041666668
FB4R,ExR5,-0.041666668
FB4R,ExR6,-0.16666667
FB4R,FB1C,-0.041666668
FB4R,FB1H,-0.6666667
FB4R,FB3D,-2.0
FB4R,FB4A_a,-0.6944444
FB4R,FB4A_b,-1.1666666
FB4R,FB4B,-3.6666667
FB4R,FB4C,-0.16666667
FB4R,FB4D_a,-0.16666667
FB4R,FB4D_b,-0.41666666
FB4R,FB4D_c,-0.33333334
FB4R,FB4E_a,-2.7666667
FB4R,FB4E_b,-1.9166666
FB4R,FB4E_c,-3.8333333
FB4R,FB4F_a,-1.1666666
FB4R,FB4F_b,-0.5
FB4R,FB4F_c,-1.5
FB4R,FB4G,-0.6666667
FB4R,FB4H,-0.083333336
FB4R,FB4I,-0.5
FB4R,FB4J,-0.41666666
FB4R,FB4K,-1.5833334
FB4R,FB4L,-0.7083333
FB4R,FB4M,-3.3333333
FB4R,FB4N,-1.25
FB4R,FB4O,-3.1944444
FB4R,FB4P_a,-0.29166666
FB4R,FB4P_b,-1.5555556
FB4R,FB4P_c,-7.8333335
FB4R,FB4Q_a,-1.0833334
FB4R,FB4Q_c,-0.44444445
FB4R,FB4R,-10.277778
FB4R,FB4Y,-0.5833333
FB4R,FB4Z_a,-0.6041667
FB4R,FB4Z_b,-2.1111112
FB4R,FB4Z_c,-0.5833333
FB4R,FB5A,-0.20833333
FB4R,FB5D,-0.055555556
FB4R,FB5E,-0.083333336
FB4R,FB5F,-0.083333336
FB4R,FB5H,-0.083333336
FB4R,FB5L,-0.083333336
FB4R,FB5M,-1.5833334
FB4R,FB5N,-0.25
FB4R,FB5R,-0.5416667
FB4R,FB5S,-0.074074075
FB4R,FB5U,-0.083333336
FB4R,FB5V_a,-0.19444445
FB4R,FB5V_b,-0.2777778
FB4R,FB5V_c,-0.13333334
FB4R,FB5W_a,-0.1388889
FB4R,FB5W_b,-0.9444444
FB4R,FB5X,-0.083333336
FB4R,FB5Y_b,-0.083333336
FB4R,FB6X,-0.083333336
FB4R,FB7L,-0.027777778
FB4R,FC,-0.16666667
FB4R,FC1A,-0.009803922
FB4R,FC1B,-0.030303031
FB4R,FC1C_a,-0.097222224
FB4R,FC1C_b,-0.019607844
FB4R,FC1D,-0.006666667
FB4R,FC1E,-0.007575758
FB4R,FC1F,-0.13333334
FB4R,FC2A,-0.12037037
FB4R,FC2B,-0.030864198
FB4R,FC2C,-0.0070921984
FB4R,FC3_a,-1.7843137
FB4R,FC3_b,-0.9
FB4R,FC3_c,-2.0555556
FB4R,FR1,-0.1388889
FB4R,FR2,-0.055555556
FB4R,FS1A_a,-0.020833334
FB4R,FS1A_c,-0.037037037
FB4R,FS1B_a,-0.012820513
FB4R,FS1B_b,-0.052083332
FB4R,FS2,-0.8492063
FB4R,FS3_a,-1.0777777
FB4R,FS3_b,-0.071428575
FB4R,FS3_c,-0.63095236
FB4R,FS3_d,-0.016129032
FB4R,FS4A,-0.0058479533
FB4R,FS4B,-0.0057471264
FB4R,FS4C,-0.005952381
FB4R,GNG667,-0.083333336
FB4R,ICL010m,-0.33333334
FB4R,LAL045,-0.16666667
FB4R,LAL154,-0.16666667
FB4R,LAL155,-4.0
FB4R,MBON20,-0.25
FB4R,MBON25-like,-0.041666668
FB4R,MBON26,-0.16666667
FB4R,MBON35,-0.083333336
FB4R,OA-VPM3,-1.25
FB4R,OA-VUMa8,-0.33333334
FB4R,PEG,-0.009259259
FB4R,PFGs,-6.203704
FB4R,PFL1,-0.023809524
FB4R,PFL2,-0.06944445
FB4R,PFL3,-0.06944445
FB4R,PFNd,-0.0125
FB4R,PFNp_d,-0.041666668
FB4R,PFR_a,-2.8035715
FB4R,PFR_b,-2.21875
FB4R,PPL103,-0.33333334
FB4R,PPL108,-0.33333334
FB4R,SAF,-0.020833334
FB4R,SMP109,-0.16666667
FB4R,SMP122,-0.33333334
FB4R,SMP446,-0.16666667
FB4R,SMP471,-0.33333334
FB4R,SMP586,-0.33333334
FB4R,SMP713m,-0.083333336
FB4R,hDeltaA,-0.43055555
FB4R,hDeltaB,-31.991228
FB4R,hDeltaC,-0.19166666
FB4R,hDeltaF,-0.5833333
FB4R,hDeltaG,-0.20833333
FB4R,hDeltaH,-0.45833334
FB4R,hDeltaI,-2.9509804
FB4R,hDeltaJ,-1.7688172
FB4R,hDeltaK,-0.61290324
FB4R,hDeltaL,-0.045454547
FB4R,hDeltaM,-0.0625
FB4R,vDeltaD,-0.007936508
FB4R,vDeltaI_a,-0.009803922
FB4R,vDeltaJ,-0.030303031
FB4R,vDeltaK,-0.06382979
FB4R,vDeltaL,-0.4864865
FB4R,vDeltaM,-0.34242424
FB4X,EL,-0.027777778
FB4X,ExR1,-0.25
FB4X,ExR5,-0.25
FB4X,FB1H,-13.25
FB4X,FB2A,-0.125
FB4X,FB2E,-0.125
FB4X,FB2F_a,-0.083333336
FB4X,FB2J_b,-0.5
FB4X,FB2L,-0.5
FB4X,FB3D,-0.5
FB4X,FB4A_a,-14.166667
FB4X,FB4A_b,-30.75
FB4X,FB4B,-0.25
FB4X,FB4D_a,-5.5
FB4X,FB4D_b,-7.25
FB4X,FB4D_c,-0.25
FB4X,FB4E_a,-0.2
FB4X,FB4E_b,-0.625
FB4X,FB4F_a,-0.25
FB4X,FB4F_b,-0.25
FB4X,FB4F_c,-0.33333334
FB4X,FB4J,-0.25
FB4X,FB4K,-7.5
FB4X,FB4L,-0.125
FB4X,FB4M,-1.75
FB4X,FB4N,-0.25
FB4X,FB4O,-4.9166665
FB4X,FB4P_a,-0.5
FB4X,FB4P_b,-0.5
FB4X,FB4P_c,-1.0
FB4X,FB4Q_a,-2.0
FB4X,FB4Q_b,-1.5
FB4X,FB4Q_c,-5.0
FB4X,FB4X,-19.5
FB4X,FB4Y,-0.625
FB4X,FB4Z_a,-0.1875
FB4X,FB4Z_b,-0.16666667
FB4X,FB4Z_c,-0.625
FB4X,FB5A,-1.25
FB4X,FB5AA,-0.25
FB4X,FB5AB,-0.5
FB4X,FB5C,-4.3333335
FB4X,FB5D,-4.5
FB4X,FB5E,-3.25
FB4X,FB5G_c,-0.25
FB4X,FB5H,-2.0
FB4X,FB5I,-2.5
FB4X,FB5J,-25.25
FB4X,FB5K,-3.75
FB4X,FB5L,-1.0
FB4X,FB5M,-0.5
FB4X,FB5N,-0.75
FB4X,FB5O,-4.0
FB4X,FB5Q,-0.125
FB4X,FB5R,-0.5
FB4X,FB5S,-0.33333334
FB4X,FB5T,-0.25
FB4X,FB5U,-1.375
FB4X,FB5V_b,-0.083333336
FB4X,FB5W_a,-0.5
FB4X,FB5W_b,-0.33333334
FB4X,FB5Z,-0.125
FB4X,FB6F,-0.75
FB4X,FB6H,-0.5
FB4X,FB6P,-1.0
FB4X,FB6W,-1.0
FB4X,FB6X,-0.25
FB4X,FB7K,-0.375
FB4X,FC1A,-0.0882353
FB4X,FC1B,-0.022727273
FB4X,FC1C_a,-0.041666668
FB4X,FC1C_b,-0.0882353
FB4X,FC1D,-0.1
FB4X,FC1E,-0.045454547
FB4X,FC1F,-0.033333335
FB4X,FC2A,-12.083333
FB4X,FC2B,-24.25926
FB4X,FC2C,-0.12765957
FB4X,FC3_a,-0.20588236
FB4X,FC3_b,-0.4
FB4X,FC3_c,-0.06666667
FB4X,FR1,-0.6944444
FB4X,FR2,-6.1666665
FB4X,FS1A_a,-0.25
FB4X,FS1A_b,-0.03846154
FB4X,FS1A_c,-0.1388889
FB4X,FS1B_b,-0.03125
FB4X,FS2,-0.15476191
FB4X,FS4A,-0.01754386
FB4X,FS4C,-0.017857144
FB4X,OA-VPM3,-1.75
FB4X,PFGs,-0.083333336
FB4X,PFL1,-0.071428575
FB4X,PFL2,-3.25
FB4X,PFL3,-6.2708335
FB4X,PFNd,-0.0125
FB4X,PFR_a,-11.339286
FB4X,PFR_b,-0.71875
FB4X,hDeltaA,-12.541667
FB4X,hDeltaB,-0.10526316
FB4X,hDeltaC,-6.375
FB4X,hDeltaD,-0.0625
FB4X,hDeltaG,-3.4375
FB4X,hDeltaH,-46.9375
FB4X,hDeltaI,-5.5882354
FB4X,hDeltaJ,-26.629032
FB4X,hDeltaK,-0.14516129
FB4X,hDeltaM,-44.5
FB4X,vDeltaE,-0.33333334
FB4X,vDeltaF,-1.4166666
FB4X,vDeltaG,-2.1388888
FB4X,vDeltaH,-0.5
FB4X,vDeltaI_a,-0.5
FB4X,vDeltaI_b,-0.125
FB4X,vDeltaJ,-0.09090909
FB4X,vDeltaK,-0.031914894
FB4X,vDeltaL,-0.013513514
FB4Y,AN27X013,0.083333336
FB4Y,CB1287,0.125
FB4Y,CRE004,0.5
FB4Y,CRE005,0.16666667
FB4Y,CRE012,0.125
FB4Y,CRE021,0.125
FB4Y,DNc01,0.25
FB4Y,DNc02,0.125
FB4Y,EL,3.0
FB4Y,EPG,3.9782608
FB4Y,EPGt,0.3125
FB4Y,ER1_a,0.4318182
FB4Y,ER1_b,0.8269231
FB4Y,ER1_c,0.375
FB4Y,ER2_a,0.14583333
FB4Y,ER2_b,0.0625
FB4Y,ER2_c,0.1625
FB4Y,ER3w_a,0.10714286
FB4Y,ER3w_b,0.013888889
FB4Y,ER4d,0.41346154
FB4Y,ER4m,0.27272728
FB4Y,ER6,0.4375
FB4Y,ExR1,0.5
FB4Y,ExR2,1.5625
FB4Y,ExR3,0.125
FB4Y,ExR4,4.375
FB4Y,ExR5,8.8125
FB4Y,ExR6,11.625
FB4Y,ExR7,4.75
FB4Y,ExR8,2.875
FB4Y,FB,0.25
FB4Y,FB1B,0.0625
FB4Y,FB1C,2.5625
FB4Y,FB1D,0.65
FB4Y,FB1E_b,0.5
FB4Y,FB1F,0.125
FB4Y,FB1G,0.25
FB4Y,FB1H,1.375
FB4Y,FB1I,0.25
FB4Y,FB1J,0.125
FB4Y,FB2A,0.375
FB4Y,FB2B_a,0.1875
FB4Y,FB2B_b,0.25
FB4Y,FB2C,0.2
FB4Y,FB2D,0.20833333
FB4Y,FB2E,0.0625
FB4Y,FB2F_a,0.041666668
FB4Y,FB2F_c,0.1875
FB4Y,FB2G_b,0.33333334
FB4Y,FB2H_a,0.125
FB4Y,FB2I_a,0.15
FB4Y,FB2I_b,0.125
FB4Y,FB2J_b,0.125
FB4Y,FB2J_c,0.125
FB4Y,FB2K,0.083333336
FB4Y,FB2M_b,0.125
FB4Y,FB3A,0.0625
FB4Y,FB3C,0.01923077
FB4Y,FB3D,0.75
FB4Y,FB4A_a,0.20833333
FB4Y,FB4A_b,0.125
FB4Y,FB4B,0.25
FB4Y,FB4D_b,0.125
FB4Y,FB4D_c,0.25
FB4Y,FB4E_a,0.6
FB4Y,FB4E_b,0.625
FB4Y,FB4E_c,0.25
FB4Y,FB4F_a,5.75
FB4Y,FB4F_b,2.0
FB4Y,FB4F_c,9.708333
FB4Y,FB4G,5.375
FB4Y,FB4H,9.0
FB4Y,FB4I,3.625
FB4Y,FB4J,1.25
FB4Y,FB4K,5.0625
FB4Y,FB4L,0.125
FB4Y,FB4M,1.125
FB4Y,FB4N,1.875
FB4Y,FB4O,0.75
FB4Y,FB4P_a,4.3125
FB4Y,FB4P_b,1.9166666
FB4Y,FB4P_c,0.75
FB4Y,FB4Q_a,0.5
FB4Y,FB4Q_b,0.375
FB4Y,FB4Q_c,0.25
FB4Y,FB4R,0.375
FB4Y,FB4X,0.875
FB4Y,FB4Y,5.75
FB4Y,FB4Z_a,9.96875
FB4Y,FB4Z_b,3.5833333
FB4Y,FB4Z_c,8.6875
FB4Y,FB5A,2.3125
FB4Y,FB5AA,0.5
FB4Y,FB5AB,1.375
FB4Y,FB5C,0.8333333
FB4Y,FB5D,1.8333334
FB4Y,FB5E,2.625
FB4Y,FB5F,0.875
FB4Y,FB5G_a,0.1875
FB4Y,FB5G_b,0.75
FB4Y,FB5G_c,0.5
FB4Y,FB5H,10.125
FB4Y,FB5I,0.125
FB4Y,FB5J,0.625
FB4Y,FB5K,8.75
FB4Y,FB5L,1.375
FB4Y,FB5M,26.375
FB4Y,FB5N,7.75
FB4Y,FB5O,1.125
FB4Y,FB5P,0.75
FB4Y,FB5Q,0.9375
FB4Y,FB5R,1.75
FB4Y,FB5S,0.44444445
FB4Y,FB5T,2.25
FB4Y,FB5U,3.3125
FB4Y,FB5V_a,3.625
FB4Y,FB5V_b,2.0416667
FB4Y,FB5V_c,2.1
FB4Y,FB5W_a,1.75
FB4Y,FB5W_b,1.25
FB4Y,FB5X,1.2916666
FB4Y,FB5Y_a,0.125
FB4Y,FB5Z,0.3125
FB4Y,FB6K,0.0625
FB4Y,FB6L,0.083333336
FB4Y,FB6N,0.375
FB4Y,FB6P,0.875
FB4Y,FB6V,0.25
FB4Y,FB6W,0.25
FB4Y,FB7H,0.125
FB4Y,FB7L,0.041666668
FB4Y,FB8H,0.083333336
FB4Y,FC,0.083333336
FB4Y,FC1A,0.13235295
FB4Y,FC1B,0.11363637
FB4Y,FC1C_a,0.104166664
FB4Y,FC1C_b,0.014705882
FB4Y,FC1D,0.03
FB4Y,FC1E,0.056818184
FB4Y,FC1F,0.083333336
FB4Y,FC2A,1.3888888
FB4Y,FC2B,0.5277778
FB4Y,FC2C,0.15957446
FB4Y,FC3_a,0.25
FB4Y,FC3_b,0.55
FB4Y,FC3_c,0.18333334
FB4Y,FR1,0.9027778
FB4Y,FR2,0.041666668
FB4Y,FS1A_a,0.34375
FB4Y,FS1A_b,0.21153846
FB4Y,FS1A_c,0.31944445
FB4Y,FS1B_a,0.23076923
FB4Y,FS1B_b,0.078125
FB4Y,FS2,0.23809524
FB4Y,FS3,0.125
FB4Y,FS3_a,0.05
FB4Y,FS3_b,0.017857144
FB4Y,FS3_c,0.10714286
FB4Y,FS3_d,0.032258064
FB4Y,FS4A,0.04385965
FB4Y,FS4B,0.04310345
FB4Y,FS4C,0.071428575
FB4Y,GLNO,4.125
FB4Y,ICL010m,0.25
FB4Y,LAL007,0.25
FB4Y,LAL192,0.25
FB4Y,LCNOp,0.125
FB4Y,LCNOpm,0.125
FB4Y,LNO1,0.0625
FB4Y,MBON20,0.25
FB4Y,MBON35,0.125
FB4Y,OA-VPM3,5.75
FB4Y,PEG,0.30555555
FB4Y,PEN_a(PEN1),5.35
FB4Y,PEN_b(PEN2),2.125
FB4Y,PFGs,0.31944445
FB4Y,PFL1,0.16071428
FB4Y,PFL2,6.8125
FB4Y,PFL3,4.9583335
FB4Y,PFNa,0.021551725
FB4Y,PFNd,0.025
FB4Y,PFNm_b,0.048076924
FB4Y,PFNp_a,0.1796875
FB4Y,PFNp_b,0.04411765
FB4Y,PFNp_c,0.08125
FB4Y,PFNp_d,0.17857143
FB4Y,PFNp_e,0.27173913
FB4Y,PFR_a,1.1607143
FB4Y,PFR_b,1.578125
FB4Y,PPL102,0.25
FB4Y,hDeltaA,32.0625
FB4Y,hDeltaB,0.31578946
FB4Y,hDeltaC,0.4125
FB4Y,hDeltaD,0.0625
FB4Y,hDeltaG,0.78125
FB4Y,hDeltaH,5.21875
FB4Y,hDeltaI,13.779411
FB4Y,hDeltaJ,0.30645162
FB4Y,hDeltaK,0.6451613
FB4Y,hDeltaL,0.022727273
FB4Y,hDeltaM,3.0625
FB4Y,vDeltaA_a,0.075
FB4Y,vDeltaA_b,0.05645161
FB4Y,vDeltaB,0.04032258
FB4Y,vDeltaC,0.055555556
FB4Y,vDeltaD,0.011904762
FB4Y,vDeltaE,0.11111111
FB4Y,vDeltaF,0.7083333
FB4Y,vDeltaG,1.7916666
FB4Y,vDeltaH,3.6944444
FB4Y,vDeltaI_a,5.5588236
FB4Y,vDeltaI_b,4.975
FB4Y,vDeltaJ,9.159091
FB4Y,vDeltaK,7.319149
FB4Y,vDeltaL,3.554054
FB4Y,vDeltaM,1.6454545
FB4Z_a,CL109,-0.125
FB4Z_a,EL,-0.0069444445
FB4Z_a,EPG,-0.010869565
FB4Z_a,EPGt,-0.03125
FB4Z_a,ExR5,-0.09375
FB4Z_a,FB,-0.125
FB4Z_a,FB3D,-0.25
FB4Z_a,FB4B,-0.0625
FB4Z_a,FB4E_a,-0.1
FB4Z_a,FB4E_b,-0.3125
FB4Z_a,FB4F_a,-0.59375
FB4Z_a,FB4F_b,-0.3125
FB4Z_a,FB4F_c,-0.5833333
FB4Z_a,FB4G,-10.0625
FB4Z_a,FB4H,-0.4375
FB4Z_a,FB4I,-1.1875
FB4Z_a,FB4K,-0.0625
FB4Z_a,FB4M,-0.125
FB4Z_a,FB4N,-0.375
FB4Z_a,FB4O,-0.020833334
FB4Z_a,FB4P_a,-5.46875
FB4Z_a,FB4P_b,-0.083333336
FB4Z_a,FB4P_c,-0.1875
FB4Z_a,FB4Q_a,-0.125
FB4Z_a,FB4Q_b,-0.125
FB4Z_a,FB4Q_c,-0.083333336
FB4Z_a,FB4R,-0.5208333
FB4Z_a,FB4X,-0.0625
FB4Z_a,FB4Y,-0.8125
FB4Z_a,FB4Z_a,-1.8125
FB4Z_a,FB4Z_b,-0.6666667
FB4Z_a,FB4Z_c,-0.78125
FB4Z_a,FB5A,-0.0625
FB4Z_a,FB5C,-0.125
FB4Z_a,FB5D,-1.4583334
FB4Z_a,FB5E,-1.0
FB4Z_a,FB5H,-0.0625
FB4Z_a,FB5J,-0.375
FB4Z_a,FB5K,-0.5
FB4Z_a,FB5M,-4.25
FB4Z_a,FB5N,-0.71875
FB4Z_a,FB5P,-0.125
FB4Z_a,FB5R,-0.09375
FB4Z_a,FB5S,-0.013888889
FB4Z_a,FB5T,-0.125
FB4Z_a,FB5U,-0.1875
FB4Z_a,FB5V_a,-3.0833333
FB4Z_a,FB5V_b,-6.6875
FB4Z_a,FB5V_c,-0.325
FB4Z_a,FB5W_a,-0.7083333
FB4Z_a,FB5W_b,-0.5416667
FB4Z_a,FB5X,-0.16666667
FB4Z_a,FB6P,-0.0625
FB4Z_a,FC1B,-0.0056818184
FB4Z_a,FC1C_a,-0.010416667
FB4Z_a,FC1E,-0.0056818184
FB4Z_a,FC2A,-0.07638889
FB4Z_a,FC2B,-0.0046296297
FB4Z_a,FC2C,-0.0026595744
FB4Z_a,FC3_a,-0.05882353
FB4Z_a,FC3_b,-0.04375
FB4Z_a,FC3_c,-0.008333334
FB4Z_a,FR1,-0.013888889
FB4Z_a,FR2,-0.1388889
FB4Z_a,FS1A_a,-0.1171875
FB4Z_a,FS1A_c,-0.0069444445
FB4Z_a,FS2,-0.0029761905
FB4Z_a,OA-VPM3,-0.25
FB4Z_a,PFGs,-0.027777778
FB4Z_a,PFL2,-0.16666667
FB4Z_a,PFL3,-0.13020833
FB4Z_a,PFR_a,-0.16071428
FB4Z_a,PFR_b,-0.0234375
FB4Z_a,hDeltaA,-17.927084
FB4Z_a,hDeltaC,-0.03125
FB4Z_a,hDeltaF,-0.015625
FB4Z_a,hDeltaH,-0.09375
FB4Z_a,hDeltaI,-2.8161764
FB4Z_a,hDeltaJ,-0.004032258
FB4Z_a,hDeltaK,-0.03629032
FB4Z_a,hDeltaL,-0.011363637
FB4Z_a,hDeltaM,-0.109375
FB4Z_a,vDeltaI_a,-0.022058824
FB4Z_a,vDeltaI_b,-0.03125
FB4Z_a,vDeltaJ,-0.06818182
FB4Z_a,vDeltaK,-0.13031915
FB4Z_a,vDeltaL,-0.06081081
FB4Z_a,vDeltaM,-0.027272727
FB4Z_b,EPGt,-0.083333336
FB4Z_b,ExR5,-0.25
FB4Z_b,FB4A_a,-0.055555556
FB4Z_b,FB4E_b,-0.5
FB4Z_b,FB4F_a,-0.083333336
FB4Z_b,FB4F_b,-0.33333334
FB4Z_b,FB4F_c,-0.2777778
FB4Z_b,FB4G,-0.6666667
FB4Z_b,FB4H,-0.33333334
FB4Z_b,FB4I,-0.5
FB4Z_b,FB4M,-0.083333336
FB4Z_b,FB4O,-0.11111111
FB4Z_b,FB4P_a,-11.666667
FB4Z_b,FB4P_b,-0.11111111
FB4Z_b,FB4P_c,-0.16666667
FB4Z_b,FB4R,-1.4444444
FB4Z_b,FB4X,-0.8333333
FB4Z_b,FB4Y,-0.25
FB4Z_b,FB4Z_a,-0.375
FB4Z_b,FB4Z_b,-0.6666667
FB4Z_b,FB4Z_c,-0.6666667
FB4Z_b,FB5AA,-0.5
FB4Z_b,FB5AB,-0.16666667
FB4Z_b,FB5C,-0.6666667
FB4Z_b,FB5D,-8.888889
FB4Z_b,FB5E,-2.0
FB4Z_b,FB5H,-0.16666667
FB4Z_b,FB5J,-0.6666667
FB4Z_b,FB5K,-0.33333334
FB4Z_b,FB5M,-0.6666667
FB4Z_b,FB5N,-0.25
FB4Z_b,FB5O,-0.16666667
FB4Z_b,FB5Q,-0.083333336
FB4Z_b,FB5U,-0.083333336
FB4Z_b,FB5V_a,-0.5
FB4Z_b,FB5V_b,-1.1111112
FB4Z_b,FB5V_c,-0.06666667
FB4Z_b,FB5W_a,-0.5
FB4Z_b,FB5W_b,-0.22222222
FB4Z_b,FB5X,-0.9444444
FB4Z_b,FB6O,-0.16666667
FB4Z_b,FB6W,-0.16666667
FB4Z_b,FC1D,-0.013333334
FB4Z_b,FC2A,-2.2037036
FB4Z_b,FC2B,-0.12345679
FB4Z_b,FC2C,-0.0070921984
FB4Z_b,FC3_a,-0.078431375
FB4Z_b,FC3_b,-0.06666667
FB4Z_b,FR1,-0.055555556
FB4Z_b,FR2,-0.3148148
FB4Z_b,FS2,-0.015873017
FB4Z_b,FS4A,-0.0058479533
FB4Z_b,OA-VPM3,-0.8333333
FB4Z_b,PFL1,-0.023809524
FB4Z_b,PFL2,-0.055555556
FB4Z_b,PFL3,-0.083333336
FB4Z_b,PFR_a,-0.21428572
FB4Z_b,PFR_b,-0.083333336
FB4Z_b,hDeltaA,-9.694445
FB4Z_b,hDeltaC,-0.033333335
FB4Z_b,hDeltaG,-0.083333336
FB4Z_b,hDeltaH,-0.875
FB4Z_b,hDeltaI,-0.39215687
FB4Z_b,hDeltaJ,-0.06451613
FB4Z_b,hDeltaK,-0.032258064
FB4Z_b,hDeltaM,-0.041666668
FB4Z_b,vDeltaF,-0.018518519
FB4Z_b,vDeltaG,-0.018518519
FB4Z_b,vDeltaI_a,-0.019607844
FB4Z_b,vDeltaI_b,-0.05
FB4Z_b,vDeltaJ,-0.060606062
FB4Z_b,vDeltaK,-0.07092199
FB4Z_b,vDeltaL,-0.018018018
FB4Z_b,vDeltaM,-0.030303031
FB4Z_c,EPG,-0.032608695
FB4Z_c,ExR5,-0.1875
FB4Z_c,FB1H,-0.125
FB4Z_c,FB4A_b,-0.25
FB4Z_c,FB4E_a,-0.25
FB4Z_c,FB4E_b,-0.5625
FB4Z_c,FB4F_a,-0.4375
FB4Z_c,FB4F_b,-0.75
FB4Z_c,FB4F_c,-0.8333333
FB4Z_c,FB4G,-3.375
FB4Z_c,FB4H,-0.25
FB4Z_c,FB4I,-2.125
FB4Z_c,FB4K,-0.0625
FB4Z_c,FB4P_a,-9.4375
FB4Z_c,FB4P_b,-0.25
FB4Z_c,FB4P_c,-0.25
FB4Z_c,FB4Q_c,-0.083333336
FB4Z_c,FB4R,-2.0
FB4Z_c,FB4X,-0.25
FB4Z_c,FB4Y,-0.1875
FB4Z_c,FB4Z_a,-1.25
FB4Z_c,FB4Z_b,-0.41666666
FB4Z_c,FB4Z_c,-0.875
FB4Z_c,FB5D,-3.0
FB4Z_c,FB5E,-2.625
FB4Z_c,FB5J,-0.125
FB4Z_c,FB5K,-0.875
FB4Z_c,FB5L,-0.125
FB4Z_c,FB5M,-4.125
FB4Z_c,FB5N,-1.5625
FB4Z_c,FB5R,-0.125
FB4Z_c,FB5S,-0.055555556
FB4Z_c,FB5T,-0.625
FB4Z_c,FB5U,-0.1875
FB4Z_c,FB5V_a,-2.0833333
FB4Z_c,FB5V_b,-4.625
FB4Z_c,FB5V_c,-0.25
FB4Z_c,FB5W_a,-0.20833333
FB4Z_c,FB5W_b,-0.25
FB4Z_c,FB5X,-0.20833333
FB4Z_c,FB6P,-0.125
FB4Z_c,FC1A,-0.014705882
FB4Z_c,FC1F,-0.016666668
FB4Z_c,FC2A,-0.097222224
FB4Z_c,FC2B,-0.009259259
FB4Z_c,FC3_a,-0.04411765
FB4Z_c,FC3_b,-0.025
FB4Z_c,FR1,-0.027777778
FB4Z_c,FR2,-0.125
FB4Z_c,FS1A_a,-0.046875
FB4Z_c,FS2,-0.005952381
FB4Z_c,OA-VPM3,-0.25
FB4Z_c,PFGs,-0.027777778
FB4Z_c,PFL1,-0.05357143
FB4Z_c,PFL2,-0.16666667
FB4Z_c,PFL3,-0.13541667
FB4Z_c,PFR_a,-0.33035713
FB4Z_c,PFR_b,-0.109375
FB4Z_c,hDeltaA,-18.895834
FB4Z_c,hDeltaH,-0.0625
FB4Z_c,hDeltaI,-0.5
FB4Z_c,hDeltaJ,-0.016129032
FB4Z_c,hDeltaK,-0.024193548
FB4Z_c,hDeltaM,-0.09375
FB4Z_c,vDeltaI_a,-0.014705882
FB4Z_c,vDeltaI_b,-0.0125
FB4Z_c,vDeltaJ,-0.1590909
FB4Z_c,vDeltaK,-0.30851063
FB4Z_c,vDeltaL,-0.08108108
FB4Z_c,vDeltaM,-0.009090909
FB5A,AN27X013,-0.083333336
FB5A,AOTU019,-0.25
FB5A,AOTU042,-0.5
FB5A,CL308,-0.25
FB5A,CRE005,-0.16666667
FB5A,CRE011,-5.0
FB5A,DNpe027,-0.5
FB5A,EPG,-0.04347826
FB5A,ExR1,-0.0625
FB5A,ExR3,-4.5
FB5A,ExR5,-0.125
FB5A,ExR6,-0.75
FB5A,FB1E_a,-0.1
FB5A,FB1H,-2.625
FB5A,FB2A,-2.3125
FB5A,FB2B_b,-1.0
FB5A,FB2C,-0.4
FB5A,FB2F_a,-0.041666668
FB5A,FB2F_b,-2.0
FB5A,FB2F_c,-0.3125
FB5A,FB2F_d,-0.9375
FB5A,FB2G_a,-1.0
FB5A,FB2G_b,-0.041666668
FB5A,FB2I_b,-0.125
FB5A,FB2J_a,-0.125
FB5A,FB2K,-0.083333336
FB5A,FB2L,-0.6875
FB5A,FB2M_a,-0.5
FB5A,FB3C,-0.90384614
FB5A,FB3E,-1.75
FB5A,FB4A_a,-0.7916667
FB5A,FB4A_b,-2.75
FB5A,FB4C,-0.125
FB5A,FB4E_a,-0.05
FB5A,FB4E_b,-0.1875
FB5A,FB4E_c,-0.25
FB5A,FB4F_c,-0.20833333
FB5A,FB4G,-0.125
FB5A,FB4H,-0.25
FB5A,FB4J,-0.125
FB5A,FB4K,-4.5625
FB5A,FB4M,-0.0625
FB5A,FB4N,-0.125
FB5A,FB4O,-0.29166666
FB5A,FB4P_a,-0.125
FB5A,FB4P_c,-1.75
FB5A,FB4Q_b,-0.25
FB5A,FB4X,-0.125
FB5A,FB4Y,-0.5625
FB5A,FB4Z_a,-0.03125
FB5A,FB4Z_b,-1.0
FB5A,FB5A,-8.875
FB5A,FB5AA,-1.25
FB5A,FB5AB,-13.875
FB5A,FB5B,-2.5
FB5A,FB5C,-0.75
FB5A,FB5D,-0.25
FB5A,FB5E,-0.125
FB5A,FB5F,-2.0
FB5A,FB5G_a,-3.3125
FB5A,FB5G_b,-1.875
FB5A,FB5G_c,-1.625
FB5A,FB5H,-35.375
FB5A,FB5I,-0.125
FB5A,FB5J,-4.625
FB5A,FB5K,-0.25
FB5A,FB5L,-0.25
FB5A,FB5M,-1.0
FB5A,FB5N,-0.8125
FB5A,FB5O,-0.125
FB5A,FB5P,-0.0625
FB5A,FB5Q,-2.5
FB5A,FB5R,-0.5
FB5A,FB5S,-0.30555555
FB5A,FB5U,-0.375
FB5A,FB5V_a,-0.375
FB5A,FB5V_b,-0.875
FB5A,FB5V_c,-0.05
FB5A,FB5W_a,-2.125
FB5A,FB5W_b,-0.41666666
FB5A,FB5X,-0.625
FB5A,FB5Y_b,-0.125
FB5A,FB5Z,-0.8125
FB5A,FB6A_c,-0.125
FB5A,FB6B,-0.125
FB5A,FB6C_a,-0.125
FB5A,FB6C_b,-0.125
FB5A,FB6F,-0.25
FB5A,FB6H,-3.5
FB5A,FB6J,-0.2
FB5A,FB6K,-1.1875
FB5A,FB6L,-0.41666666
FB5A,FB6M,-10.625
FB5A,FB6N,-0.125
FB5A,FB6O,-0.125
FB5A,FB6P,-4.375
FB5A,FB6Q,-3.5
FB5A,FB6R,-0.0625
FB5A,FB6T,-3.0
FB5A,FB6U,-0.1875
FB5A,FB6V,-0.375
FB5A,FB6X,-1.375
FB5A,FB6Z,-0.125
FB5A,FB7B,-2.25
FB5A,FB7D_a,-0.0625
FB5A,FB7D_b,-0.125
FB5A,FB7E,-0.083333336
FB5A,FB7G,-0.0625
FB5A,FB7H,-0.25
FB5A,FB7I,-0.2
FB5A,FB7J,-2.5625
FB5A,FB8B,-0.375
FB5A,FB8C,-1.25
FB5A,FB8F_a,-0.071428575
FB5A,FB8F_b,-0.055555556
FB5A,FB8I,-0.041666668
FB5A,FC,-4.1666665
FB5A,FC1A,-0.029411765
FB5A,FC1B,-1.5113636
FB5A,FC1C_a,-4.6875
FB5A,FC1C_b,-2.6911764
FB5A,FC1D,-0.03
FB5A,FC1E,-0.60227275
FB5A,FC1F,-2.5833333
FB5A,FC2A,-27.13889
FB5A,FC2B,-26.731482
FB5A,FC2C,-22.287233
FB5A,FC3_a,-6.3088236
FB5A,FC3_b,-6.5125
FB5A,FC3_c,-5.3
FB5A,FR1,-6.5277777
FB5A,FR2,-0.31944445
FB5A,FS1A_a,-2.859375
FB5A,FS1A_b,-0.8269231
FB5A,FS1A_c,-0.2361111
FB5A,FS1B_a,-0.17307693
FB5A,FS1B_b,-0.390625
FB5A,FS2,-5.8511906
FB5A,FS3,-2.0
FB5A,FS3_a,-4.616667
FB5A,FS3_b,-2.25
FB5A,FS3_c,-4.696429
FB5A,FS3_d,-1.1129032
FB5A,FS4A,-0.7631579
FB5A,FS4B,-0.18103448
FB5A,FS4C,-0.1875
FB5A,IPC,-0.75
FB5A,LAL040,-0.25
FB5A,LAL102,-0.25
FB5A,LAL200,-1.25
FB5A,LAL205,-0.25
FB5A,MBON35,-1.0
FB5A,OA-VPM3,-18.5
FB5A,PFGs,-0.125
FB5A,PFL1,-0.071428575
FB5A,PFL2,-15.770833
FB5A,PFL3,-18.364584
FB5A,PFNd,-0.00625
FB5A,PFNp_d,-0.008928572
FB5A,PFNv,-0.025
FB5A,PFR_a,-0.24107143
FB5A,PFR_b,-0.53125
FB5A,SMP108,-0.25
FB5A,SMP109,-0.25
FB5A,SMP471,-0.25
FB5A,SMP543,-0.25
FB5A,hDeltaA,-0.5416667
FB5A,hDeltaB,-0.039473683
FB5A,hDeltaC,-8.65
FB5A,hDeltaD,-0.3125
FB5A,hDeltaE,-5.125
FB5A,hDeltaF,-7.9375
FB5A,hDeltaG,-23.71875
FB5A,hDeltaH,-28.3125
FB5A,hDeltaI,-0.61764705
FB5A,hDeltaJ,-3.887097
FB5A,hDeltaK,-0.032258064
FB5A,hDeltaL,-10.659091
FB5A,hDeltaM,-50.34375
FB5A,vDeltaA_a,-0.0035714286
FB5A,vDeltaC,-0.06481481
FB5A,vDeltaD,-0.071428575
FB5A,vDeltaE,-0.6111111
FB5A,vDeltaF,-0.5416667
FB5A,vDeltaG,-1.7222222
FB5A,vDeltaH,-1.75
FB5A,vDeltaI_a,-1.2794118
FB5A,vDeltaI_b,-0.3
FB5A,vDeltaJ,-0.022727273
FB5A,vDeltaK,-0.005319149
FB5A,vDeltaL,-0.033783782
FB5A,vDeltaM,-0.045454547
FB5AA,ATL012,-0.5
FB5AA,AstA1,-1.0
FB5AA,CRE011,-0.5
FB5AA,CRE081,-0.5
FB5AA,EL,-0.027777778
FB5AA,ER2_c,-0.025
FB5AA,ExR5,-0.75
FB5AA,FB4A_a,-0.083333336
FB5AA,FB4C,-1.0
FB5AA,FB4N,-0.25
FB5AA,FB4P_a,-0.125
FB5AA,FB4X,-0.5
FB5AA,FB4Y,-0.375
FB5AA,FB5A,-1.0
FB5AA,FB5AB,-4.0
FB5AA,FB5B,-1.0833334
FB5AA,FB5C,-2.3333333
FB5AA,FB5D,-0.33333334
FB5AA,FB5E,-0.25
FB5AA,FB5F,-1.0
FB5AA,FB5G_a,-0.25
FB5AA,FB5G_c,-0.25
FB5AA,FB5H,-3.0
FB5AA,FB5I,-0.5
FB5AA,FB5J,-0.25
FB5AA,FB5K,-2.5
FB5AA,FB5L,-2.0
FB5AA,FB5N,-0.5
FB5AA,FB5O,-3.25
FB5AA,FB5P,-0.125
FB5AA,FB5Q,-0.25
FB5AA,FB5R,-0.875
FB5AA,FB5S,-3.6666667
FB5AA,FB5U,-1.375
FB5AA,FB5V_a,-0.083333336
FB5AA,FB5X,-0.25
FB5AA,FB5Y_a,-1.5
FB5AA,FB5Y_b,-1.25
FB5AA,FB5Z,-1.875
FB5AA,FB6A_a,-0.25
FB5AA,FB6A_b,-0.5
FB5AA,FB6A_c,-1.75
FB5AA,FB6C_b,-0.6666667
FB5AA,FB6F,-1.0
FB5AA,FB6G,-0.25
FB5AA,FB6H,-0.5
FB5AA,FB6I,-0.25
FB5AA,FB6J,-0.4
FB5AA,FB6K,-1.0
FB5AA,FB6L,-1.0
FB5AA,FB6M,-0.625
FB5AA,FB6N,-2.0
FB5AA,FB6O,-0.25
FB5AA,FB6P,-1.0
FB5AA,FB6Q,-0.5
FB5AA,FB6R,-1.0
FB5AA,FB6S,-0.0625
FB5AA,FB6T,-0.25
FB5AA,FB6U,-1.375
FB5AA,FB6V,-1.0
FB5AA,FB6W,-4.75
FB5AA,FB6X,-0.75
FB5AA,FB7E,-0.16666667
FB5AA,FB7F,-0.125
FB5AA,FB7G,-0.125
FB5AA,FB7I,-0.4
FB5AA,FB8E,-0.2
FB5AA,FB8G,-0.41666666
FB5AA,FC2A,-0.027777778
FB5AA,FC2B,-8.907408
FB5AA,FC2C,-0.9680851
FB5AA,FC3_a,-0.3529412
FB5AA,FC3_b,-0.125
FB5AA,FC3_c,-0.2
FB5AA,FR1,-13.805555
FB5AA,FS1A_a,-0.1875
FB5AA,FS1A_b,-0.65384614
FB5AA,FS1A_c,-1.2222222
FB5AA,FS1B_a,-1.4615384
FB5AA,FS1B_b,-0.75
FB5AA,FS2,-4.452381
FB5AA,FS3_a,-0.23333333
FB5AA,FS3_c,-0.60714287
FB5AA,FS4A,-0.01754386
FB5AA,FS4B,-0.01724138
FB5AA,FS4C,-0.05357143
FB5AA,IB049,-0.5
FB5AA,OA-VPM3,-13.0
FB5AA,PFGs,-0.22222222
FB5AA,PFL2,-0.33333334
FB5AA,PFL3,-1.1875
FB5AA,PFR_a,-2.5535715
FB5AA,PFR_b,-2.28125
FB5AA,PPL102,-0.5
FB5AA,SIP087,-1.0
FB5AA,SMP108,-11.5
FB5AA,SMP109,-0.5
FB5AA,hDeltaA,-0.083333336
FB5AA,hDeltaB,-0.02631579
FB5AA,hDeltaC,-0.575
FB5AA,hDeltaE,-0.125
FB5AA,hDeltaG,-58.5625
FB5AA,hDeltaH,-2.6875
FB5AA,hDeltaJ,-0.22580644
FB5AA,hDeltaK,-0.048387095
FB5AA,hDeltaL,-10.0
FB5AA,hDeltaM,-0.5
FB5AA,vDeltaD,-0.1904762
FB5AA,vDeltaE,-1.4722222
FB5AA,vDeltaF,-1.1388888
FB5AA,vDeltaG,-0.25
FB5AA,vDeltaH,-0.055555556
FB5AA,vDeltaI_a,-0.05882353
FB5AA,vDeltaI_b,-0.175
FB5AA,vDeltaK,-0.021276595
FB5AB,AN27X013,0.5
FB5AB,EL,0.75
FB5AB,EPG,0.010869565
FB5AB,ExR1,0.125
FB5AB,ExR3,1.25
FB5AB,ExR5,3.625
FB5AB,FB1E_a,0.1
FB5AB,FB1I,0.25
FB5AB,FB1J,0.25
FB5AB,FB4N,0.75
FB5AB,FB4X,1.25
FB5AB,FB4Y,82.5
FB5AB,FB4Z_a,0.0625
FB5AB,FB4Z_b,0.5
FB5AB,FB4Z_c,0.125
FB5AB,FB5A,1.75
FB5AB,FB5AA,43.25
FB5AB,FB5AB,45.0
FB5AB,FB5B,11.333333
FB5AB,FB5C,24.666666
FB5AB,FB5D,3.0
FB5AB,FB5E,0.25
FB5AB,FB5G_a,2.625
FB5AB,FB5G_b,1.25
FB5AB,FB5G_c,3.75
FB5AB,FB5H,8.25
FB5AB,FB5I,11.25
FB5AB,FB5J,3.25
FB5AB,FB5K,6.5
FB5AB,FB5L,21.0
FB5AB,FB5N,1.625
FB5AB,FB5O,2.75
FB5AB,FB5P,1.75
FB5AB,FB5Q,1.0
FB5AB,FB5R,2.0
FB5AB,FB5S,7.5
FB5AB,FB5T,0.75
FB5AB,FB5U,1.25
FB5AB,FB5Y_a,20.0
FB5AB,FB5Y_b,11.5
FB5AB,FB5Z,8.25
FB5AB,FB6A_a,2.0
FB5AB,FB6A_b,3.0
FB5AB,FB6A_c,5.0
FB5AB,FB6B,2.5
FB5AB,FB6C_b,3.8333333
FB5AB,FB6D,2.25
FB5AB,FB6E,28.25
FB5AB,FB6F,2.0
FB5AB,FB6G,0.75
FB5AB,FB6H,10.0
FB5AB,FB6I,1.25
FB5AB,FB6J,0.6
FB5AB,FB6K,1.0
FB5AB,FB6L,1.1666666
FB5AB,FB6M,7.5
FB5AB,FB6N,17.5
FB5AB,FB6O,13.0
FB5AB,FB6P,8.5
FB5AB,FB6Q,0.75
FB5AB,FB6R,0.75
FB5AB,FB6S,0.625
FB5AB,FB6T,0.25
FB5AB,FB6U,9.875
FB5AB,FB6V,37.5
FB5AB,FB6W,2.5
FB5AB,FB6X,4.25
FB5AB,FB6Z,1.5
FB5AB,FB7A,0.083333336
FB5AB,FB7B,5.25
FB5AB,FB7D_a,0.125
FB5AB,FB7E,0.16666667
FB5AB,FB7H,3.5
FB5AB,FB7I,2.4
FB5AB,FB7J,0.125
FB5AB,FB8I,0.16666667
FB5AB,FC2A,4.388889
FB5AB,FC2B,20.055555
FB5AB,FC2C,1.7659575
FB5AB,FC3_a,17.470589
FB5AB,FC3_b,7.075
FB5AB,FC3_c,6.4
FB5AB,FR1,1.8611112
FB5AB,FS1A_a,2.4375
FB5AB,FS1A_b,0.30769232
FB5AB,FS1A_c,0.11111111
FB5AB,FS1B_a,0.3846154
FB5AB,FS1B_b,0.125
FB5AB,FS2,0.88095236
FB5AB,FS3_a,0.16666667
FB5AB,FS3_b,0.25
FB5AB,FS3_c,0.071428575
FB5AB,FS3_d,0.032258064
FB5AB,FS4A,0.02631579
FB5AB,FS4B,0.01724138
FB5AB,FS4C,0.125
FB5AB,OA-VPM3,4.0
FB5AB,PFGs,0.8611111
FB5AB,PFL2,0.20833333
FB5AB,PFL3,0.22916667
FB5AB,PFR_a,1.5357143
FB5AB,PFR_b,1.5625
FB5AB,SAF,0.0625
FB5AB,hDeltaC,43.775
FB5AB,hDeltaF,0.5625
FB5AB,hDeltaG,2.375
FB5AB,hDeltaH,1.1875
FB5AB,hDeltaI,0.20588236
FB5AB,hDeltaJ,0.38709676
FB5AB,hDeltaK,0.66129035
FB5AB,hDeltaL,0.8181818
FB5AB,hDeltaM,0.5625
FB5AB,vDeltaB,0.048387095
FB5AB,vDeltaC,4.0555553
FB5AB,vDeltaD,17.142857
FB5AB,vDeltaE,30.63889
FB5AB,vDeltaF,37.75
FB5AB,vDeltaG,27.833334
FB5AB,vDeltaH,20.722221
FB5AB,vDeltaI_a,14.382353
FB5AB,vDeltaI_b,6.775
FB5AB,vDeltaJ,0.36363637
FB5AB,vDeltaK,0.04255319
FB5B,ExR3,-0.16666667
FB5B,FB1A,-0.6666667
FB5B,FB1F,-0.6666667
FB5B,FB2L,-0.5416667
FB5B,FB4X,-0.6666667
FB5B,FB4Y,-0.083333336
FB5B,FB5A,-0.041666668
FB5B,FB5AA,-3.0
FB5B,FB5AB,-1.0833334
FB5B,FB5B,-0.16666667
FB5B,FB5C,-4.1666665
FB5B,FB5D,-0.6111111
FB5B,FB5E,-0.5833333
FB5B,FB5F,-0.25
FB5B,FB5G_a,-0.875
FB5B,FB5G_c,-2.0833333
FB5B,FB5H,-0.41666666
FB5B,FB5I,-60.0
FB5B,FB5J,-0.16666667
FB5B,FB5K,-2.25
FB5B,FB5L,-16.083334
FB5B,FB5O,-5.0
FB5B,FB5P,-3.625
FB5B,FB5Q,-0.5416667
FB5B,FB5R,-0.33333334
FB5B,FB5S,-0.6481481
FB5B,FB5T,-1.0833334
FB5B,FB5U,-0.29166666
FB5B,FB5Y_a,-6.0
FB5B,FB5Y_b,-3.5
FB5B,FB5Z,-3.125
FB5B,FB6A_a,-0.16666667
FB5B,FB6A_c,-0.16666667
FB5B,FB6B,-0.25
FB5B,FB6C_b,-0.11111111
FB5B,FB6D,-0.083333336
FB5B,FB6E,-5.25
FB5B,FB6F,-0.41666666
FB5B,FB6G,-0.083333336
FB5B,FB6H,-0.083333336
FB5B,FB6J,-1.6333333
FB5B,FB6K,-14.75
FB5B,FB6L,-0.5
FB5B,FB6M,-0.041666668
FB5B,FB6N,-8.333333
FB5B,FB6O,-2.25
FB5B,FB6P,-0.41666666
FB5B,FB6Q,-0.083333336
FB5B,FB6R,-0.16666667
FB5B,FB6S,-0.083333336
FB5B,FB6V,-0.6666667
FB5B,FB6W,-4.0
FB5B,FB6X,-0.6666667
FB5B,FB7A,-0.027777778
FB5B,FB7B,-0.083333336
FB5B,FB7C,-0.033333335
FB5B,FB7E,-0.027777778
FB5B,FB7F,-0.041666668
FB5B,FB7H,-0.33333334
FB5B,FB9C,-0.020833334
FB5B,FC2B,-1.0493827
FB5B,FC2C,-0.31914893
FB5B,FC3_a,-0.029411765
FB5B,FC3_c,-0.033333335
FB5B,FR1,-0.009259259
FB5B,FS1A_a,-0.03125
FB5B,FS1A_b,-0.03846154
FB5B,FS1A_c,-0.009259259
FB5B,FS1B_a,-0.012820513
FB5B,FS1B_b,-0.14583333
FB5B,FS2,-0.03968254
FB5B,FS3_a,-0.022222223
FB5B,FS3_b,-0.011904762
FB5B,FS3_c,-0.023809524
FB5B,FS3_d,-0.005376344
FB5B,FS4B,-0.0057471264
FB5B,FS4C,-0.005952381
FB5B,OA-VPM3,-0.33333334
FB5B,PFGs,-4.509259
FB5B,PFL3,-0.0069444445
FB5B,PFR_a,-0.30357143
FB5B,PFR_b,-0.0625
FB5B,hDeltaC,-8.008333
FB5B,hDeltaF,-0.083333336
FB5B,hDeltaG,-8.270833
FB5B,hDeltaH,-2.1458333
FB5B,hDeltaK,-0.032258064
FB5B,hDeltaL,-2.1060605
FB5B,hDeltaM,-0.7083333
FB5B,vDeltaD,-0.015873017
FB5B,vDeltaE,-0.083333336
FB5B,vDeltaF,-0.12962963
FB5C,AstA1,-0.6666667
FB5C,CB1062,-0.16666667
FB5C,CRE011,-2.3333333
FB5C,CRE021,-1.0
FB5C,ExR5,-1.0
FB5C,FB1H,-0.6666667
FB5C,FB2B_a,-0.083333336
FB5C,FB4B,-0.16666667
FB5C,FB4C,-0.8333333
FB5C,FB4E_b,-0.083333336
FB5C,FB4G,-0.16666667
FB5C,FB4K,-0.083333336
FB5C,FB4O,-0.055555556
FB5C,FB4P_a,-0.083333336
FB5C,FB4P_b,-0.11111111
FB5C,FB4P_c,-0.16666667
FB5C,FB4Q_b,-0.16666667
FB5C,FB4X,-0.6666667
FB5C,FB4Y,-1.6666666
FB5C,FB4Z_a,-0.041666668
FB5C,FB4Z_b,-0.22222222
FB5C,FB4Z_c,-0.083333336
FB5C,FB5A,-0.9166667
FB5C,FB5AA,-0.5
FB5C,FB5AB,-3.1666667
FB5C,FB5B,-0.6666667
FB5C,FB5C,-0.7777778
FB5C,FB5D,-0.33333334
FB5C,FB5E,-1.8333334
FB5C,FB5F,-1.0
FB5C,FB5G_b,-0.33333334
FB5C,FB5G_c,-0.33333334
FB5C,FB5H,-3.1666667
FB5C,FB5I,-0.8333333
FB5C,FB5J,-0.16666667
FB5C,FB5K,-1.1666666
FB5C,FB5L,-1.0
FB5C,FB5M,-0.16666667
FB5C,FB5N,-0.9166667
FB5C,FB5O,-2.8333333
FB5C,FB5P,-0.5833333
FB5C,FB5Q,-0.6666667
FB5C,FB5R,-2.4166667
FB5C,FB5S,-2.5555556
FB5C,FB5T,-0.33333334
FB5C,FB5U,-3.4166667
FB5C,FB5X,-0.11111111
FB5C,FB5Y_a,-0.5
FB5C,FB5Y_b,-0.33333334
FB5C,FB5Z,-1.1666666
FB5C,FB6A_b,-0.33333334
FB5C,FB6B,-0.16666667
FB5C,FB6H,-0.16666667
FB5C,FB6K,-0.41666666
FB5C,FB6L,-0.44444445
FB5C,FB6N,-0.6666667
FB5C,FB6O,-0.33333334
FB5C,FB6P,-0.16666667
FB5C,FB6U,-0.083333336
FB5C,FB6V,-0.5
FB5C,FB6W,-1.3333334
FB5C,FB6X,-0.33333334
FB5C,FB7C,-0.06666667
FB5C,FB7G,-0.083333336
FB5C,FB8G,-0.16666667
FB5C,FB8I,-0.055555556
FB5C,FC,-0.11111111
FB5C,FC1C_a,-0.055555556
FB5C,FC1C_b,-0.019607844
FB5C,FC2A,-0.5925926
FB5C,FC2B,-7.740741
FB5C,FC2C,-0.19858156
FB5C,FC3_a,-0.5294118
FB5C,FC3_b,-0.31666666
FB5C,FC3_c,-0.31111112
FB5C,FR1,-14.833333
FB5C,FS1A_a,-0.20833333
FB5C,FS1A_b,-0.17948718
FB5C,FS1A_c,-1.3888888
FB5C,FS1B_a,-1.6410257
FB5C,FS1B_b,-0.5
FB5C,FS2,-3.4920635
FB5C,FS3_a,-0.022222223
FB5C,FS3_b,-0.023809524
FB5C,FS3_c,-0.071428575
FB5C,FS4A,-0.0058479533
FB5C,LAL013,-0.33333334
FB5C,MBON26,-0.33333334
FB5C,MBON35,-0.6666667
FB5C,OA-VPM3,-9.833333
FB5C,PFGs,-0.11111111
FB5C,PFL2,-0.9166667
FB5C,PFL3,-1.5277778
FB5C,PFR_a,-2.7142856
FB5C,PFR_b,-4.5416665
FB5C,PPL102,-0.33333334
FB5C,SMP108,-6.6666665
FB5C,SMP109,-0.33333334
FB5C,SMP471,-0.6666667
FB5C,hDeltaA,-0.5
FB5C,hDeltaB,-0.05263158
FB5C,hDeltaC,-0.5833333
FB5C,hDeltaG,-42.416668
FB5C,hDeltaH,-20.875
FB5C,hDeltaI,-0.27450982
FB5C,hDeltaJ,-0.4408602
FB5C,hDeltaK,-0.043010753
FB5C,hDeltaL,-1.0909091
FB5C,hDeltaM,-0.7083333
FB5C,vDeltaE,-0.22222222
FB5C,vDeltaF,-0.9259259
FB5C,vDeltaG,-0.7037037
FB5C,vDeltaH,-0.25925925
FB5C,vDeltaI_a,-0.1764706
FB5C,vDeltaI_b,-0.73333335
FB5C,vDeltaJ,-0.27272728
FB5C,vDeltaK,-0.035460994
FB5C,vDeltaL,-0.009009009
FB5D,AOTU042,-0.33333334
FB5D,AVLP751m,-0.33333334
FB5D,AstA1,-0.33333334
FB5D,CL208,-0.22222222
FB5D,CRE005,-0.11111111
FB5D,CRE011,-9.666667
FB5D,CRE012,-0.16666667
FB5D,CRE021,-1.3333334
FB5D,CRE030_b,-0.6666667
FB5D,DNpe053,-0.33333334
FB5D,EPG,-0.02173913
FB5D,ExR5,-3.8333333
FB5D,FB1C,-0.16666667
FB5D,FB1H,-2.3333333
FB5D,FB4A_a,-0.22222222
FB5D,FB4A_b,-0.16666667
FB5D,FB4C,-0.16666667
FB5D,FB4D_c,-0.5
FB5D,FB4E_a,-0.33333334
FB5D,FB4E_b,-0.25
FB5D,FB4E_c,-0.16666667
FB5D,FB4F_a,-2.5
FB5D,FB4F_b,-1.1666666
FB5D,FB4F_c,-0.5555556
FB5D,FB4I,-1.5
FB5D,FB4J,-2.1666667
FB5D,FB4K,-0.25
FB5D,FB4M,-0.25
FB5D,FB4N,-0.33333334
FB5D,FB4O,-0.3888889
FB5D,FB4P_a,-0.083333336
FB5D,FB4P_b,-0.33333334
FB5D,FB4Q_a,-0.33333334
FB5D,FB4Q_b,-0.16666667
FB5D,FB4Q_c,-0.44444445
FB5D,FB4X,-1.3333334
FB5D,FB4Y,-2.1666667
FB5D,FB4Z_a,-0.7916667
FB5D,FB4Z_b,-1.5555556
FB5D,FB4Z_c,-1.5
FB5D,FB5A,-1.5833334
FB5D,FB5AB,-0.6666667
FB5D,FB5B,-0.11111111
FB5D,FB5C,-0.44444445
FB5D,FB5D,-0.44444445
FB5D,FB5E,-2.6666667
FB5D,FB5F,-2.5
FB5D,FB5G_a,-0.083333336
FB5D,FB5H,-3.1666667
FB5D,FB5I,-0.16666667
FB5D,FB5J,-0.5
FB5D,FB5K,-2.0
FB5D,FB5L,-1.0
FB5D,FB5M,-2.5
FB5D,FB5N,-0.9166667
FB5D,FB5O,-1.0
FB5D,FB5P,-0.41666666
FB5D,FB5Q,-0.25
FB5D,FB5R,-3.6666667
FB5D,FB5S,-0.7407407
FB5D,FB5T,-0.33333334
FB5D,FB5U,-3.6666667
FB5D,FB5V_a,-0.6111111
FB5D,FB5V_b,-0.33333334
FB5D,FB5V_c,-0.06666667
FB5D,FB5W_a,-0.5555556
FB5D,FB5X,-1.1111112
FB5D,FB5Y_b,-0.16666667
FB5D,FB5Z,-0.083333336
FB5D,FB6C_b,-0.11111111
FB5D,FB6N,-0.6666667
FB5D,FB6P,-0.16666667
FB5D,FB6S,-0.041666668
FB5D,FB6V,-0.33333334
FB5D,FB6W,-0.16666667
FB5D,FB6X,-0.16666667
FB5D,FB7I,-0.06666667
FB5D,FB8I,-0.055555556
FB5D,FB9B_e,-0.083333336
FB5D,FC,-0.7777778
FB5D,FC1C_a,-0.2777778
FB5D,FC1C_b,-0.27450982
FB5D,FC1D,-0.093333334
FB5D,FC1E,-0.045454547
FB5D,FC1F,-0.022222223
FB5D,FC2A,-2.0185184
FB5D,FC2B,-4.259259
FB5D,FC2C,-0.19148937
FB5D,FC3_a,-0.078431375
FB5D,FC3_b,-0.2
FB5D,FC3_c,-0.08888889
FB5D,FR1,-16.333334
FB5D,FR2,-0.3148148
FB5D,FS1A_a,-0.1875
FB5D,FS1A_b,-0.23076923
FB5D,FS1A_c,-2.0
FB5D,FS1B_a,-2.5641026
FB5D,FS1B_b,-0.7708333
FB5D,FS2,-1.7857143
FB5D,FS3_c,-0.11904762
FB5D,FS3_d,-0.010752688
FB5D,FS4A,-0.023391813
FB5D,FS4B,-0.011494253
FB5D,FS4C,-0.035714287
FB5D,LAL200,-1.0
FB5D,MBON20,-0.16666667
FB5D,MBON35,-3.3333333
FB5D,OA-VPM3,-12.0
FB5D,PAL01,-0.33333334
FB5D,PFGs,-0.24074075
FB5D,PFL1,-0.071428575
FB5D,PFL2,-2.2222223
FB5D,PFL3,-4.5416665
FB5D,PFNd,-0.016666668
FB5D,PFR_a,-4.8095236
FB5D,PFR_b,-10.9375
FB5D,PPL102,-2.0
FB5D,SIP087,-0.33333334
FB5D,SMP108,-5.0
FB5D,SMP109,-3.0
FB5D,SMP122,-2.0
FB5D,SMP471,-2.3333333
FB5D,SMP713m,-0.33333334
FB5D,aIPg1,-0.33333334
FB5D,hDeltaA,-14.916667
FB5D,hDeltaB,-0.03508772
FB5D,hDeltaC,-0.26666668
FB5D,hDeltaG,-17.666666
FB5D,hDeltaH,-29.333334
FB5D,hDeltaI,-1.7647059
FB5D,hDeltaJ,-0.50537634
FB5D,hDeltaK,-0.12903225
FB5D,hDeltaL,-0.3030303
FB5D,hDeltaM,-1.9583334
FB5D,vDeltaE,-0.09259259
FB5D,vDeltaF,-0.44444445
FB5D,vDeltaG,-0.18518518
FB5D,vDeltaH,-0.33333334
FB5D,vDeltaI_a,-0.3529412
FB5D,vDeltaI_b,-1.0333333
FB5D,vDeltaJ,-0.8484849
FB5D,vDeltaK,-0.35460994
FB5D,vDeltaL,-0.036036037
FB5D,vDeltaM,-0.024242423
FB5E,EL,-0.055555556
FB5E,EPG,-0.010869565
FB5E,EPGt,-0.125
FB5E,ExR3,-0.25
FB5E,ExR5,-4.5
FB5E,ExR6,-0.25
FB5E,FB1H,-2.0
FB5E,FB2F_a,-0.25
FB5E,FB4A_a,-0.41666666
FB5E,FB4A_b,-0.25
FB5E,FB4C,-0.25
FB5E,FB4D_a,-1.5
FB5E,FB4D_b,-2.0
FB5E,FB4D_c,-2.0
FB5E,FB4E_a,-0.4
FB5E,FB4E_c,-0.25
FB5E,FB4F_a,-1.375
FB5E,FB4F_b,-3.75
FB5E,FB4F_c,-1.5
FB5E,FB4G,-0.75
FB5E,FB4H,-0.5
FB5E,FB4I,-2.0
FB5E,FB4J,-4.0
FB5E,FB4K,-1.125
FB5E,FB4L,-0.125
FB5E,FB4M,-0.875
FB5E,FB4N,-0.75
FB5E,FB4O,-0.6666667
FB5E,FB4P_a,-0.875
FB5E,FB4P_b,-1.5
FB5E,FB4P_c,-2.0
FB5E,FB4Q_a,-3.75
FB5E,FB4Q_b,-3.5
FB5E,FB4Q_c,-5.3333335
FB5E,FB4R,-0.33333334
FB5E,FB4X,-4.75
FB5E,FB4Y,-5.75
FB5E,FB4Z_a,-1.25
FB5E,FB4Z_b,-1.6666666
FB5E,FB4Z_c,-2.5
FB5E,FB5A,-1.25
FB5E,FB5AA,-0.5
FB5E,FB5AB,-0.5
FB5E,FB5B,-0.083333336
FB5E,FB5C,-1.0
FB5E,FB5D,-3.1666667
FB5E,FB5E,-0.75
FB5E,FB5F,-2.0
FB5E,FB5G_a,-0.125
FB5E,FB5G_b,-0.5
FB5E,FB5H,-2.0
FB5E,FB5J,-0.75
FB5E,FB5K,-7.25
FB5E,FB5L,-1.5
FB5E,FB5M,-4.75
FB5E,FB5N,-2.75
FB5E,FB5O,-1.25
FB5E,FB5P,-1.125
FB5E,FB5Q,-0.375
FB5E,FB5R,-2.875
FB5E,FB5S,-0.22222222
FB5E,FB5T,-1.25
FB5E,FB5U,-6.125
FB5E,FB5V_b,-0.33333334
FB5E,FB5V_c,-0.2
FB5E,FB5W_a,-0.5
FB5E,FB5W_b,-0.5
FB5E,FB5X,-1.3333334
FB5E,FB5Y_b,-0.25
FB5E,FB5Z,-0.5
FB5E,FB6L,-0.16666667
FB5E,FB6N,-0.5
FB5E,FB6X,-0.5
FB5E,FB7E,-0.083333336
FB5E,FB7I,-0.1
FB5E,FB9B_e,-0.125
FB5E,FC,-0.33333334
FB5E,FC1C_a,-0.25
FB5E,FC1C_b,-0.5882353
FB5E,FC1D,-0.04
FB5E,FC1E,-0.06818182
FB5E,FC1F,-0.06666667
FB5E,FC2A,-11.861111
FB5E,FC2B,-2.3703704
FB5E,FC2C,-0.04255319
FB5E,FC3_a,-0.1764706
FB5E,FC3_b,-0.5
FB5E,FC3_c,-0.13333334
FB5E,FR1,-13.555555
FB5E,FR2,-0.2777778
FB5E,FS1A_a,-0.40625
FB5E,FS1A_b,-0.115384616
FB5E,FS1A_c,-0.8611111
FB5E,FS1B_a,-2.2307692
FB5E,FS1B_b,-0.59375
FB5E,FS2,-0.8214286
FB5E,FS3_c,-0.071428575
FB5E,FS3_d,-0.032258064
FB5E,FS4A,-0.03508772
FB5E,LAL013,-0.5
FB5E,LAL040,-0.5
FB5E,MBON35,-0.25
FB5E,OA-VPM3,-5.25
FB5E,PAM09,-0.25
FB5E,PEG,-0.027777778
FB5E,PFGs,-0.083333336
FB5E,PFL2,-1.125
FB5E,PFL3,-3.7083333
FB5E,PFNd,-0.0125
FB5E,PFR_a,-2.142857
FB5E,PFR_b,-18.5
FB5E,SMP122,-0.5
FB5E,SMP185,-1.0
FB5E,hDeltaA,-18.0
FB5E,hDeltaB,-0.15789473
FB5E,hDeltaC,-0.275
FB5E,hDeltaG,-4.6875
FB5E,hDeltaH,-33.6875
FB5E,hDeltaI,-2.3235295
FB5E,hDeltaJ,-0.7096774
FB5E,hDeltaK,-0.048387095
FB5E,hDeltaL,-0.045454547
FB5E,hDeltaM,-3.0625
FB5E,vDeltaE,-0.027777778
FB5E,vDeltaF,-0.2777778
FB5E,vDeltaG,-0.41666666
FB5E,vDeltaH,-0.2777778
FB5E,vDeltaI_a,-0.7352941
FB5E,vDeltaI_b,-0.8
FB5E,vDeltaJ,-1.3636364
FB5E,vDeltaK,-0.24468085
FB5E,vDeltaL,-0.0945946
FB5E,vDeltaM,-0.018181818
FB5F,ER2_c,-0.025
FB5F,ExR5,-8.0
FB5F,FB1H,-0.5
FB5F,FB2M_b,-0.25
FB5F,FB4A_a,-0.16666667
FB5F,FB4F_c,-0.083333336
FB5F,FB4O,-0.16666667
FB5F,FB4P_a,-0.125
FB5F,FB4Q_a,-0.25
FB5F,FB4Q_b,-0.75
FB5F,FB4Q_c,-0.16666667
FB5F,FB4X,-0.5
FB5F,FB4Y,-0.5
FB5F,FB4Z_a,-0.25
FB5F,FB4Z_c,-0.25
FB5F,FB5A,-42.5
FB5F,FB5AA,-0.5
FB5F,FB5AB,-0.5
FB5F,FB5B,-0.33333334
FB5F,FB5C,-3.3333333
FB5F,FB5D,-0.8333333
FB5F,FB5E,-1.0
FB5F,FB5F,-1.75
FB5F,FB5G_a,-0.375
FB5F,FB5G_c,-0.75
FB5F,FB5H,-1.75
FB5F,FB5J,-1.5
FB5F,FB5K,-0.25
FB5F,FB5M,-1.25
FB5F,FB5N,-18.375
FB5F,FB5O,-1.75
FB5F,FB5Q,-2.125
FB5F,FB5R,-0.75
FB5F,FB5S,-0.055555556
FB5F,FB5U,-0.75
FB5F,FB5W_a,-1.0833334
FB5F,FB5W_b,-0.16666667
FB5F,FB5X,-1.8333334
FB5F,FB5Y_a,-0.5
FB5F,FB6N,-0.25
FB5F,FB6P,-0.25
FB5F,FB7I,-0.1
FB5F,FC1C_a,-0.041666668
FB5F,FC1E,-0.022727273
FB5F,FC2A,-5.1944447
FB5F,FC2B,-2.3888888
FB5F,FC2C,-0.18085106
FB5F,FC3_a,-0.029411765
FB5F,FC3_b,-0.075
FB5F,FC3_c,-0.06666667
FB5F,FR1,-1.6111112
FB5F,FS1A_a,-4.34375
FB5F,FS1A_b,-2.9230769
FB5F,FS1A_c,-3.6111112
FB5F,FS1B_a,-3.1923077
FB5F,FS1B_b,-0.59375
FB5F,FS2,-0.10714286
FB5F,FS3_a,-0.033333335
FB5F,FS4C,-0.017857144
FB5F,LNO1,-0.125
FB5F,MBON25-like,-0.125
FB5F,MBON35,-0.5
FB5F,PFGs,-0.027777778
FB5F,PFL2,-9.375
FB5F,PFL3,-12.6875
FB5F,PFNp_d,-0.017857144
FB5F,PFR_a,-0.6964286
FB5F,PFR_b,-5.375
FB5F,SIP064,-0.5
FB5F,SMP185,-1.0
FB5F,SMP471,-0.5
FB5F,hDeltaA,-9.916667
FB5F,hDeltaC,-0.325
FB5F,hDeltaF,-0.0625
FB5F,hDeltaG,-0.375
FB5F,hDeltaH,-6.9375
FB5F,hDeltaI,-0.20588236
FB5F,hDeltaJ,-0.09677419
FB5F,hDeltaK,-0.048387095
FB5F,hDeltaM,-26.5625
FB5F,vDeltaF,-0.1388889
FB5F,vDeltaG,-0.22222222
FB5F,vDeltaH,-0.2777778
FB5F,vDeltaI_a,-0.23529412
FB5F,vDeltaI_b,-0.15
FB5F,vDeltaJ,-0.13636364
FB5F,vDeltaM,-0.09090909
FB5G_a,EL,-0.013888889
FB5G_a,ER4d,-0.03846154
FB5G_a,ER5,-0.011904762
FB5G_a,ExR3,-6.875
FB5G_a,ExR5,-1.0
FB5G_a,FB2D,-0.041666668
FB5G_a,FB2G_b,-0.125
FB5G_a,FB4C,-0.125
FB5G_a,FB4P_c,-0.125
FB5G_a,FB4Q_b,-0.5
FB5G_a,FB4Q_c,-0.25
FB5G_a,FB4R,-0.041666668
FB5G_a,FB4Y,-1.0
FB5G_a,FB5A,-68.3125
FB5G_a,FB5AA,-0.5
FB5G_a,FB5AB,-0.625
FB5G_a,FB5B,-0.45833334
FB5G_a,FB5C,-0.16666667
FB5G_a,FB5E,-0.375
FB5G_a,FB5F,-0.75
FB5G_a,FB5G_a,-5.125
FB5G_a,FB5G_b,-3.0
FB5G_a,FB5G_c,-7.5
FB5G_a,FB5H,-36.75
FB5G_a,FB5I,-0.125
FB5G_a,FB5J,-0.125
FB5G_a,FB5K,-0.75
FB5G_a,FB5L,-0.375
FB5G_a,FB5M,-0.125
FB5G_a,FB5N,-3.0
FB5G_a,FB5O,-0.125
FB5G_a,FB5Q,-5.6875
FB5G_a,FB5R,-0.125
FB5G_a,FB5S,-0.11111111
FB5G_a,FB5T,-0.125
FB5G_a,FB5U,-0.0625
FB5G_a,FB5V_c,-0.15
FB5G_a,FB5W_a,-0.083333336
FB5G_a,FB5X,-0.083333336
FB5G_a,FB5Y_a,-0.125
FB5G_a,FB5Y_b,-0.375
FB5G_a,FB5Z,-0.375
FB5G_a,FB6A_b,-0.25
FB5G_a,FB6A_c,-0.875
FB5G_a,FB6C_b,-0.083333336
FB5G_a,FB6E,-0.125
FB5G_a,FB6G,-0.125
FB5G_a,FB6H,-2.5
FB5G_a,FB6K,-0.25
FB5G_a,FB6M,-2.125
FB5G_a,FB6N,-2.125
FB5G_a,FB6O,-0.25
FB5G_a,FB6P,-0.125
FB5G_a,FB6Q,-0.875
FB5G_a,FB6R,-0.125
FB5G_a,FB6S,-0.03125
FB5G_a,FB6T,-0.4375
FB5G_a,FB6U,-0.125
FB5G_a,FB6V,-1.25
FB5G_a,FB6W,-0.375
FB5G_a,FB6X,-0.5
FB5G_a,FB7A,-0.041666668
FB5G_a,FB7B,-0.125
FB5G_a,FB7D_a,-0.125
FB5G_a,FB7E,-0.375
FB5G_a,FB7I,-0.2
FB5G_a,FB8E,-0.1
FB5G_a,FB8G,-0.20833333
FB5G_a,FB8I,-0.083333336
FB5G_a,FB9B_c,-0.0625
FB5G_a,FC1B,-0.03409091
FB5G_a,FC1E,-0.022727273
FB5G_a,FC2B,-0.6388889
FB5G_a,FC2C,-2.0478723
FB5G_a,FC3_a,-0.04411765
FB5G_a,FC3_b,-0.0125
FB5G_a,FC3_c,-0.016666668
FB5G_a,FR1,-0.15277778
FB5G_a,FS1A_a,-1.328125
FB5G_a,FS1A_b,-3.4615386
FB5G_a,FS1A_c,-1.8888888
FB5G_a,FS1B_a,-1.4807693
FB5G_a,FS1B_b,-1.5
FB5G_a,FS2,-0.33333334
FB5G_a,FS3,-0.25
FB5G_a,FS3_a,-0.13333334
FB5G_a,FS3_b,-0.23214285
FB5G_a,FS3_c,-0.14285715
FB5G_a,FS3_d,-0.08064516
FB5G_a,FS4A,-0.039473683
FB5G_a,FS4B,-0.01724138
FB5G_a,FS4C,-0.071428575
FB5G_a,LAL200,-0.25
FB5G_a,OA-VPM3,-0.125
FB5G_a,PFGs,-0.06944445
FB5G_a,PFL1,-0.035714287
FB5G_a,PFL2,-9.583333
FB5G_a,PFL3,-12.25
FB5G_a,PFR_a,-0.04464286
FB5G_a,PFR_b,-0.109375
FB5G_a,SMP185,-0.5
FB5G_a,hDeltaB,-0.013157895
FB5G_a,hDeltaC,-1.1625
FB5G_a,hDeltaF,-0.21875
FB5G_a,hDeltaG,-2.5625
FB5G_a,hDeltaH,-0.5625
FB5G_a,hDeltaK,-0.024193548
FB5G_a,hDeltaL,-0.79545456
FB5G_a,hDeltaM,-34.75
FB5G_a,vDeltaC,-0.009259259
FB5G_a,vDeltaD,-0.023809524
FB5G_a,vDeltaE,-0.055555556
FB5G_a,vDeltaF,-0.16666667
FB5G_a,vDeltaG,-0.16666667
FB5G_a,vDeltaH,-0.055555556
FB5G_a,vDeltaI_a,-0.04411765
FB5G_a,vDeltaI_b,-0.05
FB5G_a,vDeltaJ,-0.09090909
FB5G_b,ExR1,-0.375
FB5G_b,ExR3,-11.5
FB5G_b,ExR5,-1.0
FB5G_b,ExR7,-0.125
FB5G_b,FB4N,-0.25
FB5G_b,FB4Q_c,-0.33333334
FB5G_b,FB4Y,-0.375
FB5G_b,FB5A,-13.875
FB5G_b,FB5AB,-0.25
FB5G_b,FB5B,-0.083333336
FB5G_b,FB5C,-0.33333334
FB5G_b,FB5D,-0.16666667
FB5G_b,FB5G_a,-4.75
FB5G_b,FB5G_b,-0.75
FB5G_b,FB5G_c,-5.75
FB5G_b,FB5H,-6.75
FB5G_b,FB5K,-0.75
FB5G_b,FB5L,-0.5
FB5G_b,FB5M,-1.25
FB5G_b,FB5N,-9.875
FB5G_b,FB5O,-0.5
FB5G_b,FB5Q,-5.375
FB5G_b,FB5R,-0.125
FB5G_b,FB5T,-0.25
FB5G_b,FB5W_a,-0.083333336
FB5G_b,FB5X,-0.083333336
FB5G_b,FB5Z,-0.25
FB5G_b,FB6A_a,-0.5
FB5G_b,FB6A_b,-0.5
FB5G_b,FB6F,-0.25
FB5G_b,FB6H,-1.0
FB5G_b,FB6I,-0.25
FB5G_b,FB6K,-0.25
FB5G_b,FB6M,-1.0
FB5G_b,FB6O,-0.25
FB5G_b,FB6P,-0.25
FB5G_b,FB6S,-0.0625
FB5G_b,FB6U,-0.25
FB5G_b,FB6W,-0.25
FB5G_b,FB7E,-1.25
FB5G_b,FB7I,-0.1
FB5G_b,FB8E,-0.1
FB5G_b,FB8G,-0.16666667
FB5G_b,FC1B,-0.022727273
FB5G_b,FC1C_b,-0.029411765
FB5G_b,FC1D,-0.02
FB5G_b,FC1E,-0.045454547
FB5G_b,FC2A,-0.027777778
FB5G_b,FC2B,-0.2962963
FB5G_b,FC2C,-0.62765956
FB5G_b,FC3_a,-0.0882353
FB5G_b,FC3_b,-0.05
FB5G_b,FC3_c,-0.06666667
FB5G_b,FR1,-0.055555556
FB5G_b,FS1A_a,-0.3125
FB5G_b,FS1A_b,-1.8461539
FB5G_b,FS1A_c,-1.5833334
FB5G_b,FS1B_a,-1.6538461
FB5G_b,FS1B_b,-0.78125
FB5G_b,FS2,-0.54761904
FB5G_b,FS3_a,-0.1
FB5G_b,FS3_b,-0.035714287
FB5G_b,FS3_c,-0.035714287
FB5G_b,FS3_d,-0.09677419
FB5G_b,FS4A,-0.00877193
FB5G_b,FS4C,-0.19642857
FB5G_b,PFL1,-0.071428575
FB5G_b,PFL2,-8.333333
FB5G_b,PFL3,-8.145833
FB5G_b,PFR_a,-0.017857144
FB5G_b,PFR_b,-0.03125
FB5G_b,hDeltaA,-0.16666667
FB5G_b,hDeltaC,-1.825
FB5G_b,hDeltaF,-0.1875
FB5G_b,hDeltaG,-1.375
FB5G_b,hDeltaH,-2.625
FB5G_b,hDeltaI,-0.32352942
FB5G_b,hDeltaL,-0.045454547
FB5G_b,hDeltaM,-19.8125
FB5G_b,vDeltaC,-0.018518519
FB5G_b,vDeltaF,-0.027777778
FB5G_b,vDeltaG,-0.33333334
FB5G_b,vDeltaH,-0.6111111
FB5G_b,vDeltaI_a,-0.05882353
FB5G_b,vDeltaI_b,-0.125
FB5G_c,EPG,-0.02173913
FB5G_c,ER2_a,-0.083333336
FB5G_c,ER4d,-0.07692308
FB5G_c,ExR3,-4.0
FB5G_c,ExR5,-1.125
FB5G_c,FB2C,-0.2
FB5G_c,FB2F_a,-0.083333336
FB5G_c,FB2G_b,-0.083333336
FB5G_c,FB3C,-0.03846154
FB5G_c,FB4M,-0.125
FB5G_c,FB4O,-0.083333336
FB5G_c,FB4P_c,-0.5
FB5G_c,FB4Q_a,-0.25
FB5G_c,FB4X,-0.5
FB5G_c,FB4Y,-0.875
FB5G_c,FB5A,-84.625
FB5G_c,FB5AB,-1.0
FB5G_c,FB5B,-1.25
FB5G_c,FB5C,-0.5
FB5G_c,FB5D,-0.33333334
FB5G_c,FB5F,-0.5
FB5G_c,FB5G_a,-5.25
FB5G_c,FB5G_b,-4.75
FB5G_c,FB5G_c,-3.5
FB5G_c,FB5H,-18.25
FB5G_c,FB5J,-0.25
FB5G_c,FB5K,-1.75
FB5G_c,FB5L,-1.25
FB5G_c,FB5M,-0.75
FB5G_c,FB5N,-4.0
FB5G_c,FB5O,-0.5
FB5G_c,FB5P,-0.25
FB5G_c,FB5Q,-8.0
FB5G_c,FB5R,-0.25
FB5G_c,FB5S,-0.055555556
FB5G_c,FB5X,-0.25
FB5G_c,FB5Y_a,-1.75
FB5G_c,FB5Y_b,-0.5
FB5G_c,FB5Z,-0.125
FB5G_c,FB6A_c,-0.25
FB5G_c,FB6B,-0.25
FB5G_c,FB6J,-0.1
FB5G_c,FB6K,-0.375
FB5G_c,FB6M,-1.75
FB5G_c,FB6N,-1.5
FB5G_c,FB6P,-0.75
FB5G_c,FB6Q,-0.75
FB5G_c,FB6R,-0.25
FB5G_c,FB6S,-0.0625
FB5G_c,FB6T,-0.25
FB5G_c,FB6U,-0.125
FB5G_c,FB6V,-0.25
FB5G_c,FB6W,-0.25
FB5G_c,FB6X,-0.5
FB5G_c,FB7E,-0.16666667
FB5G_c,FC2A,-0.027777778
FB5G_c,FC2B,-0.9444444
FB5G_c,FC2C,-2.2765958
FB5G_c,FC3_a,-0.20588236
FB5G_c,FC3_b,-0.05
FB5G_c,FC3_c,-0.033333335
FB5G_c,FR1,-0.44444445
FB5G_c,FS1A_a,-3.71875
FB5G_c,FS1A_b,-3.1538463
FB5G_c,FS1A_c,-2.5833333
FB5G_c,FS1B_a,-1.4230769
FB5G_c,FS1B_b,-1.375
FB5G_c,FS2,-0.26190478
FB5G_c,FS3,-0.25
FB5G_c,FS3_a,-0.1
FB5G_c,FS3_b,-0.071428575
FB5G_c,FS3_c,-0.14285715
FB5G_c,FS3_d,-0.09677419
FB5G_c,FS4C,-0.14285715
FB5G_c,LAL200,-1.5
FB5G_c,OA-VPM3,-0.25
FB5G_c,PFGs,-0.083333336
FB5G_c,PFL2,-9.666667
FB5G_c,PFL3,-14.416667
FB5G_c,PFR_a,-0.035714287
FB5G_c,PFR_b,-0.28125
FB5G_c,hDeltaC,-1.15
FB5G_c,hDeltaG,-3.4375
FB5G_c,hDeltaH,-1.4375
FB5G_c,hDeltaI,-0.0882353
FB5G_c,hDeltaL,-0.22727273
FB5G_c,hDeltaM,-34.8125
FB5G_c,vDeltaE,-0.22222222
FB5G_c,vDeltaF,-0.1388889
FB5G_c,vDeltaG,-0.083333336
FB5G_c,vDeltaI_a,-0.05882353
FB5G_c,vDeltaI_b,-0.075
FB5G_c,vDeltaJ,-0.13636364
FB5H,ATL018,1.0
FB5H,AstA1,0.5
FB5H,CRE004,1.0
FB5H,CRE005,0.16666667
FB5H,CRE021,0.5
FB5H,CRE081,1.0
FB5H,CRE100,1.0
FB5H,EPG,0.04347826
FB5H,EPGt,0.125
FB5H,ExR3,0.25
FB5H,ExR5,5.625
FB5H,FB1A,0.125
FB5H,FB1H,0.5
FB5H,FB2C,0.1
FB5H,FB2D,0.16666667
FB5H,FB2L,0.375
FB5H,FB2M_b,0.25
FB5H,FB4A_a,0.16666667
FB5H,FB4B,0.5
FB5H,FB4C,0.75
FB5H,FB4D_b,0.25
FB5H,FB4E_a,0.1
FB5H,FB4F_c,0.16666667
FB5H,FB4H,0.75
FB5H,FB4K,0.125
FB5H,FB4N,0.75
FB5H,FB4O,0.5
FB5H,FB4P_a,0.875
FB5H,FB4Q_c,0.33333334
FB5H,FB4R,0.16666667
FB5H,FB4X,2.5
FB5H,FB4Y,21.75
FB5H,FB4Z_a,1.5
FB5H,FB4Z_b,3.0
FB5H,FB4Z_c,1.25
FB5H,FB5A,23.0
FB5H,FB5AA,1.75
FB5H,FB5AB,5.75
FB5H,FB5B,1.0833334
FB5H,FB5C,3.5
FB5H,FB5D,3.0
FB5H,FB5E,3.5
FB5H,FB5F,5.25
FB5H,FB5G_a,6.5
FB5H,FB5G_b,2.25
FB5H,FB5G_c,4.5
FB5H,FB5H,17.5
FB5H,FB5I,0.75
FB5H,FB5J,0.75
FB5H,FB5K,26.25
FB5H,FB5L,8.75
FB5H,FB5M,17.25
FB5H,FB5N,39.5
FB5H,FB5O,4.5
FB5H,FB5P,2.75
FB5H,FB5Q,4.0
FB5H,FB5R,7.875
FB5H,FB5S,1.7222222
FB5H,FB5T,2.75
FB5H,FB5U,14.125
FB5H,FB5V_a,0.083333336
FB5H,FB5V_b,0.16666667
FB5H,FB5V_c,0.3
FB5H,FB5W_a,2.0833333
FB5H,FB5W_b,0.6666667
FB5H,FB5X,1.0833334
FB5H,FB5Y_a,0.5
FB5H,FB5Y_b,0.25
FB5H,FB5Z,1.75
FB5H,FB6A_a,0.5
FB5H,FB6A_b,6.75
FB5H,FB6A_c,1.5
FB5H,FB6C_b,0.25
FB5H,FB6D,0.75
FB5H,FB6G,0.25
FB5H,FB6H,1.25
FB5H,FB6K,0.25
FB5H,FB6N,6.5
FB5H,FB6O,0.5
FB5H,FB6P,1.0
FB5H,FB6Q,0.25
FB5H,FB6R,0.125
FB5H,FB6S,0.5625
FB5H,FB6T,0.25
FB5H,FB6U,0.875
FB5H,FB6V,1.25
FB5H,FB6W,0.75
FB5H,FB6X,0.75
FB5H,FB6Y,0.25
FB5H,FB7E,0.16666667
FB5H,FB7J,0.125
FB5H,FB8G,0.083333336
FB5H,FB8I,0.16666667
FB5H,FC1C_a,0.16666667
FB5H,FC1C_b,0.0882353
FB5H,FC1D,0.04
FB5H,FC1E,0.06818182
FB5H,FC1F,0.13333334
FB5H,FC2A,2.0555556
FB5H,FC2B,2.148148
FB5H,FC2C,0.86170214
FB5H,FC3_a,1.1470588
FB5H,FC3_b,1.425
FB5H,FC3_c,0.26666668
FB5H,FR1,2.5833333
FB5H,FS1A_a,0.4375
FB5H,FS1A_b,0.9230769
FB5H,FS1A_c,0.6111111
FB5H,FS1B_a,0.96153843
FB5H,FS1B_b,0.5
FB5H,FS2,0.39285713
FB5H,FS3,0.5
FB5H,FS3_a,0.033333335
FB5H,FS3_b,0.071428575
FB5H,FS3_c,0.10714286
FB5H,FS3_d,0.06451613
FB5H,FS4A,0.07017544
FB5H,FS4B,0.06896552
FB5H,FS4C,0.14285715
FB5H,LAL154,0.5
FB5H,MBON20,0.25
FB5H,OA-VPM3,4.5
FB5H,PAL01,0.5
FB5H,PEG,0.027777778
FB5H,PFGs,0.2777778
FB5H,PFL1,0.14285715
FB5H,PFL2,3.4583333
FB5H,PFL3,5.0416665
FB5H,PFR_a,0.89285713
FB5H,PFR_b,2.1875
FB5H,PPL102,1.5
FB5H,PPL103,2.0
FB5H,SIP064,0.5
FB5H,SMP109,0.5
FB5H,SMP122,0.5
FB5H,SMP715m,0.25
FB5H,hDeltaA,1.8333334
FB5H,hDeltaC,1.025
FB5H,hDeltaG,2.5
FB5H,hDeltaH,15.5625
FB5H,hDeltaI,2.0294118
FB5H,hDeltaJ,0.20967741
FB5H,hDeltaK,0.12903225
FB5H,hDeltaL,0.13636364
FB5H,hDeltaM,9.875
FB5H,vDeltaA_b,0.016129032
FB5H,vDeltaE,0.25
FB5H,vDeltaF,2.9444444
FB5H,vDeltaG,9.805555
FB5H,vDeltaH,21.722221
FB5H,vDeltaI_a,22.441177
FB5H,vDeltaI_b,10.2
FB5H,vDeltaJ,2.7272727
FB5H,vDeltaK,0.30851063
FB5H,vDeltaL,0.054054055
FB5I,CRE011,-0.5
FB5I,ExR3,-1.0
FB5I,ExR5,-0.125
FB5I,FB2C,-0.1
FB5I,FB2F_a,-0.083333336
FB5I,FB4A_a,-0.6666667
FB5I,FB4A_b,-7.5
FB5I,FB4D_a,-1.0
FB5I,FB4D_b,-0.75
FB5I,FB4D_c,-0.5
FB5I,FB4F_a,-0.125
FB5I,FB4J,-0.5
FB5I,FB4P_a,-0.125
FB5I,FB4X,-1.25
FB5I,FB5A,-0.25
FB5I,FB5AA,-5.25
FB5I,FB5AB,-31.5
FB5I,FB5B,-21.833334
FB5I,FB5C,-4.0
FB5I,FB5D,-1.3333334
FB5I,FB5E,-0.25
FB5I,FB5F,-0.5
FB5I,FB5G_a,-1.25
FB5I,FB5G_c,-3.0
FB5I,FB5H,-0.25
FB5I,FB5I,-21.0
FB5I,FB5J,-40.25
FB5I,FB5K,-1.5
FB5I,FB5L,-4.25
FB5I,FB5N,-0.875
FB5I,FB5O,-1.75
FB5I,FB5P,-0.125
FB5I,FB5Q,-2.0
FB5I,FB5R,-0.25
FB5I,FB5S,-1.2777778
FB5I,FB5T,-0.5
FB5I,FB5U,-2.375
FB5I,FB5V_c,-0.1
FB5I,FB5X,-0.083333336
FB5I,FB5Y_a,-1.25
FB5I,FB5Y_b,-1.25
FB5I,FB5Z,-1.25
FB5I,FB6A_b,-1.75
FB5I,FB6A_c,-2.75
FB5I,FB6B,-0.25
FB5I,FB6C_b,-0.6666667
FB5I,FB6D,-1.75
FB5I,FB6E,-0.75
FB5I,FB6F,-0.25
FB5I,FB6J,-0.6
FB5I,FB6K,-1.25
FB5I,FB6M,-0.25
FB5I,FB6N,-5.5
FB5I,FB6O,-1.75
FB5I,FB6P,-21.5
FB5I,FB6R,-9.25
FB5I,FB6S,-0.0625
FB5I,FB6U,-0.375
FB5I,FB6V,-1.0
FB5I,FB6W,-1.75
FB5I,FB6X,-2.25
FB5I,FB6Y,-0.25
FB5I,FB7C,-0.2
FB5I,FB7H,-0.25
FB5I,FB7J,-0.125
FB5I,FC,-0.5
FB5I,FC1C_a,-0.25
FB5I,FC1C_b,-0.05882353
FB5I,FC2A,-0.22222222
FB5I,FC2B,-7.296296
FB5I,FC2C,-0.20212767
FB5I,FC3_a,-1.0294118
FB5I,FC3_b,-0.4
FB5I,FC3_c,-0.3
FB5I,FR1,-0.33333334
FB5I,FS1A_a,-5.3125
FB5I,FS1A_b,-0.23076923
FB5I,FS1A_c,-0.6944444
FB5I,FS1B_a,-0.42307693
FB5I,FS1B_b,-1.375
FB5I,FS2,-0.14285715
FB5I,FS3_a,-0.06666667
FB5I,FS3_b,-0.035714287
FB5I,FS3_c,-0.10714286
FB5I,FS3_d,-0.016129032
FB5I,FS4A,-0.03508772
FB5I,FS4C,-0.58928573
FB5I,OA-VPM3,-1.5
FB5I,PFGs,-6.5555553
FB5I,PFL2,-0.125
FB5I,PFL3,-0.125
FB5I,PFR_a,-26.767857
FB5I,PFR_b,-0.15625
FB5I,PPL102,-0.5
FB5I,hDeltaA,-0.083333336
FB5I,hDeltaC,-66.35
FB5I,hDeltaD,-0.0625
FB5I,hDeltaE,-0.0625
FB5I,hDeltaF,-2.3125
FB5I,hDeltaG,-1.125
FB5I,hDeltaH,-1.5625
FB5I,hDeltaI,-0.029411765
FB5I,hDeltaJ,-8.580646
FB5I,hDeltaK,-0.48387095
FB5I,hDeltaL,-0.18181819
FB5I,hDeltaM,-0.3125
FB5I,vDeltaC,-0.074074075
FB5I,vDeltaD,-1.2619047
FB5I,vDeltaE,-16.194445
FB5I,vDeltaF,-29.583334
FB5I,vDeltaG,-10.305555
FB5I,vDeltaH,-0.11111111
FB5I,vDeltaI_a,-0.05882353
FB5I,vDeltaI_b,-0.025
FB5I,vDeltaK,-0.18085106
FB5J,FB1H,-3.5
FB5J,FB2C,-0.1
FB5J,FB2K,-0.055555556
FB5J,FB2L,-0.125
FB5J,FB3C,-0.115384616
FB5J,FB3D,-1.0
FB5J,FB4A_a,-0.41666666
FB5J,FB4A_b,-0.5
FB5J,FB4B,-1.0
FB5J,FB4C,-0.25
FB5J,FB4D_b,-0.25
FB5J,FB4E_b,-0.625
FB5J,FB4E_c,-0.75
FB5J,FB4F_a,-0.125
FB5J,FB4F_c,-0.16666667
FB5J,FB4J,-0.25
FB5J,FB4K,-0.125
FB5J,FB4M,-0.125
FB5J,FB4N,-1.0
FB5J,FB4O,-0.25
FB5J,FB4P_a,-0.125
FB5J,FB4Q_b,-0.5
FB5J,FB4Q_c,-0.33333334
FB5J,FB4X,-4.0
FB5J,FB5A,-2.625
FB5J,FB5AA,-0.5
FB5J,FB5AB,-39.25
FB5J,FB5B,-0.083333336
FB5J,FB5C,-0.6666667
FB5J,FB5D,-0.33333334
FB5J,FB5E,-0.25
FB5J,FB5F,-0.25
FB5J,FB5G_a,-0.25
FB5J,FB5G_c,-0.25
FB5J,FB5I,-12.5
FB5J,FB5K,-0.25
FB5J,FB5L,-0.5
FB5J,FB5N,-0.125
FB5J,FB5O,-0.75
FB5J,FB5R,-0.25
FB5J,FB5S,-0.055555556
FB5J,FB5U,-0.125
FB5J,FB5X,-0.083333336
FB5J,FB5Y_a,-0.25
FB5J,FB5Y_b,-0.25
FB5J,FB5Z,-0.375
FB5J,FB6A_a,-0.25
FB5J,FB6A_b,-0.25
FB5J,FB6A_c,-1.0
FB5J,FB6C_b,-0.083333336
FB5J,FB6E,-3.25
FB5J,FB6F,-3.25
FB5J,FB6H,-0.25
FB5J,FB6J,-0.2
FB5J,FB6K,-0.125
FB5J,FB6L,-0.16666667
FB5J,FB6N,-0.75
FB5J,FB6O,-0.25
FB5J,FB6P,-0.5
FB5J,FB6U,-0.125
FB5J,FB6V,-0.25
FB5J,FB8G,-0.16666667
FB5J,FC1C_a,-0.16666667
FB5J,FC1C_b,-0.029411765
FB5J,FC1E,-0.11363637
FB5J,FC1F,-0.033333335
FB5J,FC2A,-0.5833333
FB5J,FC2B,-1.1481482
FB5J,FC2C,-0.13829787
FB5J,FC3_a,-0.11764706
FB5J,FC3_b,-0.3
FB5J,FC3_c,-0.33333334
FB5J,FR1,-0.1388889
FB5J,FR2,-0.22222222
FB5J,FS1A_a,-1.1875
FB5J,FS1A_b,-0.03846154
FB5J,FS1A_c,-0.027777778
FB5J,FS1B_a,-0.03846154
FB5J,FS1B_b,-0.09375
FB5J,FS2,-0.47619048
FB5J,FS3_a,-0.13333334
FB5J,FS3_d,-0.016129032
FB5J,FS4A,-0.03508772
FB5J,OA-VPM3,-1.25
FB5J,PFGs,-0.33333334
FB5J,PFL2,-0.125
FB5J,PFL3,-0.041666668
FB5J,PFR_a,-0.30357143
FB5J,PFR_b,-0.21875
FB5J,hDeltaA,-0.16666667
FB5J,hDeltaC,-22.025
FB5J,hDeltaF,-0.1875
FB5J,hDeltaG,-1.9375
FB5J,hDeltaH,-0.6875
FB5J,hDeltaI,-1.7647059
FB5J,hDeltaJ,-10.83871
FB5J,hDeltaK,-0.08064516
FB5J,hDeltaL,-0.6363636
FB5J,hDeltaM,-2.3125
FB5J,vDeltaA_a,-0.007142857
FB5J,vDeltaC,-0.018518519
FB5J,vDeltaD,-0.023809524
FB5J,vDeltaE,-0.11111111
FB5J,vDeltaF,-0.2777778
FB5J,vDeltaG,-0.16666667
FB5J,vDeltaH,-0.055555556
FB5J,vDeltaI_a,-0.029411765
FB5J,vDeltaI_b,-0.025
FB5J,vDeltaK,-0.010638298
FB5K,ATL012,-0.5
FB5K,ATL018,-0.5
FB5K,CRE004,-0.5
FB5K,CRE005,-0.16666667
FB5K,CRE011,-3.5
FB5K,CRE012,-0.25
FB5K,CRE030_b,-0.5
FB5K,EL,-0.027777778
FB5K,ExR5,-0.125
FB5K,FB1G,-0.25
FB5K,FB1H,-3.5
FB5K,FB2C,-0.2
FB5K,FB2K,-0.055555556
FB5K,FB2L,-0.125
FB5K,FB4A_a,-0.25
FB5K,FB4B,-0.25
FB5K,FB4D_a,-1.0
FB5K,FB4D_b,-0.25
FB5K,FB4D_c,-0.25
FB5K,FB4E_b,-0.125
FB5K,FB4F_c,-0.25
FB5K,FB4G,-0.5
FB5K,FB4H,-0.25
FB5K,FB4J,-0.25
FB5K,FB4K,-0.125
FB5K,FB4N,-0.25
FB5K,FB4O,-0.083333336
FB5K,FB4P_a,-0.5
FB5K,FB4Q_a,-1.25
FB5K,FB4Q_b,-0.25
FB5K,FB4X,-2.25
FB5K,FB4Y,-2.75
FB5K,FB4Z_a,-0.25
FB5K,FB4Z_b,-0.16666667
FB5K,FB5A,-0.875
FB5K,FB5AB,-5.25
FB5K,FB5B,-0.41666666
FB5K,FB5D,-0.16666667
FB5K,FB5E,-0.5
FB5K,FB5G_a,-0.125
FB5K,FB5G_b,-0.25
FB5K,FB5G_c,-0.25
FB5K,FB5H,-7.25
FB5K,FB5K,-2.25
FB5K,FB5L,-4.75
FB5K,FB5N,-1.125
FB5K,FB5O,-1.5
FB5K,FB5P,-0.75
FB5K,FB5Q,-0.25
FB5K,FB5R,-0.375
FB5K,FB5S,-0.22222222
FB5K,FB5T,-1.0
FB5K,FB5U,-1.125
FB5K,FB5V_a,-0.083333336
FB5K,FB5V_c,-0.1
FB5K,FB5W_a,-0.25
FB5K,FB5X,-0.16666667
FB5K,FB5Y_b,-0.25
FB5K,FB5Z,-0.125
FB5K,FB6N,-0.75
FB5K,FB6P,-0.25
FB5K,FB6S,-0.0625
FB5K,FC2A,-0.44444445
FB5K,FC2B,-0.42592594
FB5K,FC2C,-0.021276595
FB5K,FC3_a,-0.1764706
FB5K,FC3_b,-0.3
FB5K,FC3_c,-0.06666667
FB5K,FR1,-1.1388888
FB5K,FS1A_a,-0.03125
FB5K,FS1A_c,-0.027777778
FB5K,FS1B_a,-0.07692308
FB5K,FS1B_b,-0.03125
FB5K,FS2,-0.5714286
FB5K,FS3_c,-0.035714287
FB5K,FS3_d,-0.016129032
FB5K,FS4C,-0.017857144
FB5K,LCNOp,-0.25
FB5K,MBON26,-0.5
FB5K,OA-VPM3,-0.25
FB5K,PFGs,-0.083333336
FB5K,PFL2,-0.125
FB5K,PFL3,-0.104166664
FB5K,PFR_a,-0.071428575
FB5K,PFR_b,-0.375
FB5K,PPL108,-0.5
FB5K,SAF,-0.0625
FB5K,SIP087,-0.5
FB5K,SMP714m,-0.25
FB5K,SMP715m,-0.25
FB5K,hDeltaA,-0.375
FB5K,hDeltaC,-0.175
FB5K,hDeltaG,-0.25
FB5K,hDeltaH,-24.6875
FB5K,hDeltaI,-0.029411765
FB5K,hDeltaJ,-0.08064516
FB5K,hDeltaK,-0.06451613
FB5K,hDeltaL,-0.18181819
FB5K,hDeltaM,-0.625
FB5K,vDeltaA_a,-0.007142857
FB5K,vDeltaE,-0.25
FB5K,vDeltaF,-13.333333
FB5K,vDeltaG,-42.97222
FB5K,vDeltaH,-54.22222
FB5K,vDeltaI_a,-42.97059
FB5K,vDeltaI_b,-6.025
FB5K,vDeltaJ,-0.13636364
FB5K,vDeltaK,-0.05319149
FB5K,vDeltaL,-0.013513514
FB5L,CRE005,-0.16666667
FB5L,CRE021,-0.25
FB5L,EPG,-0.010869565
FB5L,FB1A,-0.125
FB5L,FB1H,-2.5
FB5L,FB1I,-0.25
FB5L,FB2C,-0.6
FB5L,FB2D,-0.083333336
FB5L,FB4A_a,-0.25
FB5L,FB4A_b,-0.75
FB5L,FB4B,-0.25
FB5L,FB4C,-0.5
FB5L,FB4D_a,-0.25
FB5L,FB4D_b,-1.0
FB5L,FB4D_c,-0.25
FB5L,FB4E_a,-0.1
FB5L,FB4E_b,-0.25
FB5L,FB4F_a,-0.125
FB5L,FB4F_c,-0.083333336
FB5L,FB4J,-0.25
FB5L,FB4K,-0.125
FB5L,FB4L,-0.125
FB5L,FB4N,-0.25
FB5L,FB4X,-1.75
FB5L,FB4Y,-2.0
FB5L,FB4Z_a,-0.0625
FB5L,FB4Z_b,-0.16666667
FB5L,FB5A,-2.5
FB5L,FB5AA,-1.5
FB5L,FB5AB,-194.25
FB5L,FB5B,-5.6666665
FB5L,FB5C,-1.5
FB5L,FB5D,-0.8333333
FB5L,FB5E,-0.75
FB5L,FB5F,-0.5
FB5L,FB5G_a,-1.5
FB5L,FB5G_b,-0.5
FB5L,FB5G_c,-0.5
FB5L,FB5H,-6.0
FB5L,FB5I,-4.75
FB5L,FB5J,-9.75
FB5L,FB5K,-8.25
FB5L,FB5L,-1.5
FB5L,FB5M,-0.5
FB5L,FB5N,-4.625
FB5L,FB5O,-2.5
FB5L,FB5P,-0.5
FB5L,FB5Q,-0.125
FB5L,FB5R,-0.875
FB5L,FB5S,-1.3333334
FB5L,FB5U,-2.625
FB5L,FB5V_c,-0.1
FB5L,FB5Y_a,-3.25
FB5L,FB5Y_b,-3.25
FB5L,FB5Z,-1.375
FB5L,FB6A_b,-0.25
FB5L,FB6A_c,-0.25
FB5L,FB6C_b,-0.33333334
FB5L,FB6E,-0.5
FB5L,FB6F,-0.5
FB5L,FB6K,-0.625
FB5L,FB6M,-0.125
FB5L,FB6N,-1.25
FB5L,FB6O,-0.5
FB5L,FB6P,-8.0
FB5L,FB6Q,-1.5
FB5L,FB6R,-0.25
FB5L,FB6S,-0.8125
FB5L,FB6U,-0.375
FB5L,FB6W,-1.0
FB5L,FB6X,-0.25
FB5L,FB8G,-0.083333336
FB5L,FC1F,-0.033333335
FB5L,FC2A,-0.1388889
FB5L,FC2B,-1.6111112
FB5L,FC2C,-0.14893617
FB5L,FC3_a,-0.64705884
FB5L,FC3_b,-0.25
FB5L,FC3_c,-0.16666667
FB5L,FR1,-0.33333334
FB5L,FS1A_a,-0.3125
FB5L,FS1A_b,-0.115384616
FB5L,FS1A_c,-0.25
FB5L,FS1B_a,-0.23076923
FB5L,FS1B_b,-0.1875
FB5L,FS2,-1.2261904
FB5L,FS3_a,-0.1
FB5L,FS3_c,-0.2857143
FB5L,FS3_d,-0.032258064
FB5L,FS4C,-0.05357143
FB5L,LCNOp,-0.25
FB5L,MBON20,-0.25
FB5L,OA-VPM3,-1.25
FB5L,PFGs,-0.5277778
FB5L,PFL1,-0.071428575
FB5L,PFL2,-0.5416667
FB5L,PFL3,-0.39583334
FB5L,PFR_a,-0.375
FB5L,PFR_b,-0.46875
FB5L,PPL102,-0.5
FB5L,hDeltaA,-0.041666668
FB5L,hDeltaC,-1.775
FB5L,hDeltaF,-0.0625
FB5L,hDeltaG,-2.9375
FB5L,hDeltaH,-13.875
FB5L,hDeltaI,-0.05882353
FB5L,hDeltaJ,-0.19354838
FB5L,hDeltaK,-0.2580645
FB5L,hDeltaL,-0.18181819
FB5L,hDeltaM,-1.4375
FB5L,vDeltaC,-0.037037037
FB5L,vDeltaD,-0.4047619
FB5L,vDeltaE,-15.611111
FB5L,vDeltaF,-39.083332
FB5L,vDeltaG,-27.333334
FB5L,vDeltaH,-10.0
FB5L,vDeltaI_a,-4.7647057
FB5L,vDeltaI_b,-10.275
FB5L,vDeltaJ,-0.36363637
FB5L,vDeltaK,-0.095744684
FB5M,EPG,-0.04347826
FB5M,EPGt,-0.125
FB5M,ExR5,-1.25
FB5M,FB1G,-0.25
FB5M,FB1H,-0.75
FB5M,FB2D,-0.083333336
FB5M,FB2G_b,-0.16666667
FB5M,FB2H_a,-0.25
FB5M,FB3D,-0.5
FB5M,FB4A_a,-0.083333336
FB5M,FB4A_b,-0.5
FB5M,FB4B,-0.25
FB5M,FB4D_b,-0.25
FB5M,FB4E_a,-2.4
FB5M,FB4E_b,-1.5
FB5M,FB4E_c,-0.25
FB5M,FB4F_a,-0.75
FB5M,FB4F_b,-1.0
FB5M,FB4F_c,-1.4166666
FB5M,FB4G,-1.0
FB5M,FB4I,-0.25
FB5M,FB4K,-0.125
FB5M,FB4M,-0.125
FB5M,FB4N,-0.5
FB5M,FB4O,-0.41666666
FB5M,FB4P_a,-0.625
FB5M,FB4P_b,-0.16666667
FB5M,FB4P_c,-0.25
FB5M,FB4Q_a,-0.25
FB5M,FB4R,-0.083333336
FB5M,FB4Y,-9.0
FB5M,FB4Z_a,-1.375
FB5M,FB4Z_b,-0.16666667
FB5M,FB4Z_c,-1.125
FB5M,FB5A,-0.625
FB5M,FB5C,-0.16666667
FB5M,FB5D,-1.5
FB5M,FB5E,-1.0
FB5M,FB5F,-0.25
FB5M,FB5G_b,-0.25
FB5M,FB5G_c,-0.75
FB5M,FB5H,-1.75
FB5M,FB5J,-0.5
FB5M,FB5L,-0.5
FB5M,FB5M,-1.75
FB5M,FB5N,-1.125
FB5M,FB5O,-0.25
FB5M,FB5P,-0.375
FB5M,FB5Q,-0.875
FB5M,FB5R,-0.125
FB5M,FB5S,-0.055555556
FB5M,FB5U,-0.875
FB5M,FB5V_b,-0.41666666
FB5M,FB5V_c,-0.2
FB5M,FB5W_a,-1.0
FB5M,FB5W_b,-2.0
FB5M,FB5X,-0.5833333
FB5M,FB5Y_a,-1.5
FB5M,FB5Y_b,-0.25
FB5M,FC1A,-0.029411765
FB5M,FC1C_b,-0.11764706
FB5M,FC2A,-0.3888889
FB5M,FC2B,-0.5740741
FB5M,FC2C,-0.13829787
FB5M,FC3_b,-0.2
FB5M,FC3_c,-0.06666667
FB5M,FR1,-0.055555556
FB5M,FS1A_a,-0.4375
FB5M,FS1A_b,-0.3846154
FB5M,FS1A_c,-0.19444445
FB5M,FS1B_a,-0.115384616
FB5M,FS1B_b,-0.03125
FB5M,FS2,-0.05952381
FB5M,FS3_a,-0.033333335
FB5M,FS3_c,-0.071428575
FB5M,FS4B,-0.06896552
FB5M,IPC,-0.25
FB5M,MBON35,-0.25
FB5M,OA-VPM3,-1.5
FB5M,PFGs,-0.083333336
FB5M,PFL2,-11.375
FB5M,PFL3,-9.291667
FB5M,PFR_a,-0.375
FB5M,PFR_b,-0.21875
FB5M,SAF,-0.0625
FB5M,hDeltaA,-17.583334
FB5M,hDeltaC,-0.3
FB5M,hDeltaG,-0.5
FB5M,hDeltaH,-1.5625
FB5M,hDeltaI,-17.088236
FB5M,hDeltaJ,-0.11290322
FB5M,hDeltaK,-0.08064516
FB5M,hDeltaM,-11.0
FB5M,vDeltaD,-0.023809524
FB5M,vDeltaF,-0.11111111
FB5M,vDeltaG,-0.083333336
FB5M,vDeltaH,-0.055555556
FB5M,vDeltaI_a,-0.11764706
FB5M,vDeltaI_b,-0.225
FB5M,vDeltaJ,-0.59090906
FB5M,vDeltaK,-0.34042552
FB5M,vDeltaL,-0.08108108
FB5M,vDeltaM,-0.018181818
FB5N,CB1287,-0.125
FB5N,CL251,-0.25
FB5N,CRE004,-0.25
FB5N,CRE081,-0.25
FB5N,EPG,-0.027173912
FB5N,ExR5,-0.9375
FB5N,FB1C,-0.0625
FB5N,FB1J,-0.125
FB5N,FB2C,-0.05
FB5N,FB4E_a,-0.1
FB5N,FB4E_b,-0.125
FB5N,FB4F_a,-0.125
FB5N,FB4F_c,-0.125
FB5N,FB4H,-0.375
FB5N,FB4I,-0.125
FB5N,FB4M,-0.0625
FB5N,FB4N,-0.125
FB5N,FB4O,-0.125
FB5N,FB4P_a,-0.4375
FB5N,FB4P_b,-0.083333336
FB5N,FB4P_c,-0.125
FB5N,FB4Q_a,-0.125
FB5N,FB4Q_b,-0.125
FB5N,FB4Q_c,-0.16666667
FB5N,FB4X,-0.75
FB5N,FB4Y,-3.6875
FB5N,FB4Z_a,-0.34375
FB5N,FB4Z_b,-0.25
FB5N,FB4Z_c,-0.3125
FB5N,FB5A,-2.3125
FB5N,FB5AA,-0.75
FB5N,FB5AB,-0.875
FB5N,FB5B,-0.083333336
FB5N,FB5C,-1.0833334
FB5N,FB5D,-0.9166667
FB5N,FB5E,-1.0
FB5N,FB5F,-3.375
FB5N,FB5G_a,-1.625
FB5N,FB5G_b,-1.75
FB5N,FB5G_c,-2.25
FB5N,FB5H,-10.0
FB5N,FB5I,-0.375
FB5N,FB5J,-0.375
FB5N,FB5K,-1.375
FB5N,FB5L,-1.25
FB5N,FB5M,-1.5
FB5N,FB5N,-2.6875
FB5N,FB5O,-0.875
FB5N,FB5P,-0.875
FB5N,FB5Q,-3.9375
FB5N,FB5R,-0.5
FB5N,FB5S,-0.44444445
FB5N,FB5T,-0.375
FB5N,FB5U,-1.0
FB5N,FB5V_a,-0.041666668
FB5N,FB5V_b,-0.083333336
FB5N,FB5V_c,-0.15
FB5N,FB5W_a,-1.0
FB5N,FB5W_b,-1.25
FB5N,FB5X,-1.5
FB5N,FB5Y_a,-6.75
FB5N,FB5Y_b,-1.125
FB5N,FB5Z,-0.25
FB5N,FB6H,-0.75
FB5N,FB6J,-0.1
FB5N,FB6K,-0.5
FB5N,FB6L,-0.083333336
FB5N,FB6N,-0.875
FB5N,FB6P,-1.0
FB5N,FB6R,-0.0625
FB5N,FB6U,-0.0625
FB5N,FB6W,-0.125
FB5N,FB6X,-0.25
FB5N,FB8G,-0.083333336
FB5N,FC1C_a,-0.1875
FB5N,FC1E,-0.022727273
FB5N,FC2A,-6.1944447
FB5N,FC2B,-7.240741
FB5N,FC2C,-0.84574467
FB5N,FC3_a,-0.14705883
FB5N,FC3_b,-0.125
FB5N,FC3_c,-0.05
FB5N,FR1,-0.4027778
FB5N,FR2,-0.041666668
FB5N,FS1A_a,-2.21875
FB5N,FS1A_b,-1.9038461
FB5N,FS1A_c,-0.9444444
FB5N,FS1B_a,-0.46153846
FB5N,FS1B_b,-0.28125
FB5N,FS2,-0.16071428
FB5N,FS3_a,-0.083333336
FB5N,FS3_b,-0.017857144
FB5N,FS3_c,-0.017857144
FB5N,FS3_d,-0.008064516
FB5N,FS4A,-0.013157895
FB5N,FS4B,-0.01724138
FB5N,FS4C,-0.0625
FB5N,ICL010m,-0.25
FB5N,MBON25-like,-0.125
FB5N,MBON35,-0.625
FB5N,OA-VPM3,-1.75
FB5N,PFGs,-0.083333336
FB5N,PFL1,-0.035714287
FB5N,PFL2,-6.8125
FB5N,PFL3,-5.6979165
FB5N,PFR_a,-0.08035714
FB5N,PFR_b,-0.3125
FB5N,PPL102,-0.75
FB5N,PPL108,-0.5
FB5N,SMP109,-0.25
FB5N,SMP543,-0.25
FB5N,SMP715m,-0.25
FB5N,hDeltaA,-4.9166665
FB5N,hDeltaC,-1.55
FB5N,hDeltaD,-0.03125
FB5N,hDeltaG,-2.71875
FB5N,hDeltaH,-7.40625
FB5N,hDeltaI,-2.1764705
FB5N,hDeltaJ,-0.18548387
FB5N,hDeltaK,-0.06451613
FB5N,hDeltaL,-0.045454547
FB5N,hDeltaM,-42.40625
FB5N,vDeltaD,-0.011904762
FB5N,vDeltaE,-0.11111111
FB5N,vDeltaF,-0.30555555
FB5N,vDeltaG,-0.6805556
FB5N,vDeltaH,-0.6944444
FB5N,vDeltaI_a,-1.0882353
FB5N,vDeltaI_b,-0.4375
FB5N,vDeltaJ,-0.27272728
FB5N,vDeltaK,-0.031914894
FB5N,vDeltaL,-0.013513514
FB5O,ExR5,-0.125
FB5O,FB1H,-0.75
FB5O,FB2A,-0.125
FB5O,FB2G_b,-0.083333336
FB5O,FB2M_a,-0.125
FB5O,FB4A_a,-0.083333336
FB5O,FB4A_b,-0.25
FB5O,FB4D_c,-0.25
FB5O,FB4F_a,-0.125
FB5O,FB4N,-0.25
FB5O,FB4O,-0.16666667
FB5O,FB4P_a,-0.25
FB5O,FB4P_b,-0.33333334
FB5O,FB4Q_a,-0.5
FB5O,FB4Q_b,-2.25
FB5O,FB4Q_c,-3.8333333
FB5O,FB4X,-3.75
FB5O,FB4Y,-1.125
FB5O,FB4Z_a,-0.0625
FB5O,FB4Z_b,-0.16666667
FB5O,FB5A,-1.0
FB5O,FB5AA,-3.25
FB5O,FB5AB,-1.5
FB5O,FB5B,-0.75
FB5O,FB5C,-2.6666667
FB5O,FB5D,-2.6666667
FB5O,FB5E,-0.75
FB5O,FB5F,-0.25
FB5O,FB5G_a,-0.125
FB5O,FB5G_c,-0.25
FB5O,FB5H,-6.25
FB5O,FB5I,-0.25
FB5O,FB5J,-0.5
FB5O,FB5K,-3.75
FB5O,FB5L,-3.75
FB5O,FB5M,-0.25
FB5O,FB5N,-2.0
FB5O,FB5P,-0.625
FB5O,FB5Q,-1.0
FB5O,FB5R,-2.125
FB5O,FB5S,-2.1666667
FB5O,FB5T,-0.25
FB5O,FB5U,-5.875
FB5O,FB5W_a,-0.083333336
FB5O,FB5X,-0.5
FB5O,FB5Y_a,-0.75
FB5O,FB5Z,-1.375
FB5O,FB6A_c,-0.25
FB5O,FB6B,-0.5
FB5O,FB6K,-0.625
FB5O,FB6L,-0.16666667
FB5O,FB6N,-2.0
FB5O,FB6O,-0.25
FB5O,FB6P,-0.5
FB5O,FB6R,-0.125
FB5O,FB6S,-0.1875
FB5O,FB6U,-0.375
FB5O,FB6V,-0.75
FB5O,FB6W,-0.5
FB5O,FB6X,-1.25
FB5O,FB7E,-0.25
FB5O,FB9B_e,-0.25
FB5O,FC,-0.33333334
FB5O,FC1C_a,-0.083333336
FB5O,FC1C_b,-0.0882353
FB5O,FC2A,-6.138889
FB5O,FC2B,-10.092592
FB5O,FC2C,-0.17021276
FB5O,FC3_a,-0.5588235
FB5O,FC3_b,-0.3
FB5O,FC3_c,-0.06666667
FB5O,FR1,-11.472222
FB5O,FR2,-0.027777778
FB5O,FS1A_a,-0.21875
FB5O,FS1A_b,-0.34615386
FB5O,FS1A_c,-0.5833333
FB5O,FS1B_a,-1.5
FB5O,FS1B_b,-0.6875
FB5O,FS2,-2.75
FB5O,FS3_a,-0.06666667
FB5O,FS3_c,-0.035714287
FB5O,FS3_d,-0.032258064
FB5O,FS4A,-0.01754386
FB5O,FS4B,-0.01724138
FB5O,FS4C,-0.017857144
FB5O,MBON35,-0.25
FB5O,OA-VPM3,-3.75
FB5O,PFGs,-0.22222222
FB5O,PFL2,-0.625
FB5O,PFL3,-1.25
FB5O,PFR_a,-1.6607143
FB5O,PFR_b,-11.59375
FB5O,PPL103,-0.5
FB5O,SMP185,-0.5
FB5O,hDeltaA,-0.33333334
FB5O,hDeltaC,-0.2
FB5O,hDeltaG,-30.0625
FB5O,hDeltaH,-30.0
FB5O,hDeltaJ,-0.30645162
FB5O,hDeltaK,-0.08064516
FB5O,hDeltaL,-0.22727273
FB5O,hDeltaM,-0.875
FB5O,vDeltaD,-0.023809524
FB5O,vDeltaE,-0.19444445
FB5O,vDeltaF,-0.6944444
FB5O,vDeltaG,-1.0277778
FB5O,vDeltaH,-0.8333333
FB5O,vDeltaI_a,-0.47058824
FB5O,vDeltaI_b,-0.55
FB5O,vDeltaJ,-0.5
FB5O,vDeltaK,-0.010638298
FB5P,EPG,-0.016304348
FB5P,ExR5,-0.25
FB5P,FB2D,-0.041666668
FB5P,FB2L,-0.125
FB5P,FB4H,-0.25
FB5P,FB4N,-0.75
FB5P,FB4O,-0.041666668
FB5P,FB4P_a,-0.3125
FB5P,FB4Q_c,-0.083333336
FB5P,FB4X,-1.125
FB5P,FB4Y,-9.875
FB5P,FB4Z_a,-2.28125
FB5P,FB4Z_b,-8.583333
FB5P,FB4Z_c,-0.6875
FB5P,FB5A,-0.6875
FB5P,FB5AB,-0.625
FB5P,FB5B,-0.041666668
FB5P,FB5C,-0.9166667
FB5P,FB5D,-0.5833333
FB5P,FB5E,-1.125
FB5P,FB5F,-0.25
FB5P,FB5G_a,-0.0625
FB5P,FB5G_c,-0.375
FB5P,FB5H,-1.25
FB5P,FB5J,-0.125
FB5P,FB5K,-0.75
FB5P,FB5L,-0.625
FB5P,FB5M,-0.25
FB5P,FB5N,-0.3125
FB5P,FB5O,-0.875
FB5P,FB5P,-0.875
FB5P,FB5Q,-0.0625
FB5P,FB5R,-31.1875
FB5P,FB5S,-13.444445
FB5P,FB5T,-1.875
FB5P,FB5U,-39.6875
FB5P,FB5V_b,-0.083333336
FB5P,FB5V_c,-0.65
FB5P,FB5X,-0.083333336
FB5P,FB5Y_a,-0.125
FB5P,FB5Z,-1.375
FB5P,FB6L,-0.33333334
FB5P,FB6N,-0.5
FB5P,FB6P,-0.125
FB5P,FB6V,-0.625
FB5P,FB7E,-0.33333334
FB5P,FB8G,-0.125
FB5P,FB8H,-0.083333336
FB5P,FB8I,-0.041666668
FB5P,FC2A,-0.027777778
FB5P,FC2B,-0.10185185
FB5P,FC2C,-0.04255319
FB5P,FC3_a,-0.5147059
FB5P,FC3_b,-0.325
FB5P,FC3_c,-0.1
FB5P,FR1,-0.055555556
FB5P,FR2,-0.013888889
FB5P,FS1A_a,-0.0625
FB5P,FS1A_b,-0.03846154
FB5P,FS1A_c,-0.013888889
FB5P,FS1B_a,-0.1923077
FB5P,FS1B_b,-0.015625
FB5P,FS2,-0.25
FB5P,FS3_c,-0.035714287
FB5P,FS3_d,-0.024193548
FB5P,FS4A,-0.004385965
FB5P,LAL013,-0.25
FB5P,OA-VPM3,-1.25
FB5P,PFGs,-0.06944445
FB5P,PFL2,-0.375
FB5P,PFL3,-0.041666668
FB5P,PFR_a,-0.5
FB5P,PFR_b,-0.4375
FB5P,hDeltaA,-0.9375
FB5P,hDeltaC,-0.05
FB5P,hDeltaD,-0.03125
FB5P,hDeltaG,-3.40625
FB5P,hDeltaH,-22.8125
FB5P,hDeltaI,-0.029411765
FB5P,hDeltaJ,-0.016129032
FB5P,hDeltaK,-0.07258064
FB5P,hDeltaM,-0.09375
FB5P,vDeltaC,-0.009259259
FB5P,vDeltaF,-0.125
FB5P,vDeltaG,-0.15277778
FB5P,vDeltaH,-0.30555555
FB5P,vDeltaI_a,-0.20588236
FB5P,vDeltaI_b,-0.425
FB5P,vDeltaJ,-0.25
FB5P,vDeltaK,-0.05319149
FB5P,vDeltaM,-0.0045454544
FB5Q,EPG,-0.0054347827
FB5Q,ER2_c,-0.05
FB5Q,ER3d_d,-0.18181819
FB5Q,ER3p_a,-0.25
FB5Q,ExR3,-0.5
FB5Q,ExR5,-2.8125
FB5Q,ExR6,-0.125
FB5Q,FB1C,-0.1875
FB5Q,FB1G,-0.125
FB5Q,FB1J,-0.125
FB5Q,FB2B_a,-0.0625
FB5Q,FB2F_a,-0.083333336
FB5Q,FB2G_b,-0.041666668
FB5Q,FB2M_a,-0.0625
FB5Q,FB2M_b,-0.25
FB5Q,FB4C,-0.125
FB5Q,FB4E_c,-0.125
FB5Q,FB4H,-0.125
FB5Q,FB4P_b,-0.083333336
FB5Q,FB4P_c,-0.125
FB5Q,FB4Q_a,-0.125
FB5Q,FB4Q_b,-1.125
FB5Q,FB4R,-0.125
FB5Q,FB4X,-0.25
FB5Q,FB4Y,-1.9375
FB5Q,FB4Z_a,-0.03125
FB5Q,FB4Z_c,-0.0625
FB5Q,FB5A,-82.3125
FB5Q,FB5AA,-1.0
FB5Q,FB5AB,-0.625
FB5Q,FB5B,-1.0
FB5Q,FB5C,-1.25
FB5Q,FB5D,-0.25
FB5Q,FB5E,-0.375
FB5Q,FB5F,-3.125
FB5Q,FB5G_a,-5.875
FB5Q,FB5G_b,-1.875
FB5Q,FB5G_c,-6.625
FB5Q,FB5H,-5.375
FB5Q,FB5I,-0.125
FB5Q,FB5J,-0.125
FB5Q,FB5K,-1.875
FB5Q,FB5L,-0.25
FB5Q,FB5M,-1.625
FB5Q,FB5N,-11.1875
FB5Q,FB5O,-1.375
FB5Q,FB5P,-0.25
FB5Q,FB5Q,-4.375
FB5Q,FB5R,-0.1875
FB5Q,FB5S,-0.083333336
FB5Q,FB5T,-0.125
FB5Q,FB5U,-0.5625
FB5Q,FB5V_b,-0.083333336
FB5Q,FB5W_a,-0.125
FB5Q,FB5X,-0.5
FB5Q,FB5Y_a,-0.5
FB5Q,FB5Y_b,-0.5
FB5Q,FB5Z,-0.125
FB5Q,FB6A_a,-0.125
FB5Q,FB6K,-0.0625
FB5Q,FB6M,-0.1875
FB5Q,FB6N,-0.125
FB5Q,FB6O,-0.375
FB5Q,FB6P,-0.25
FB5Q,FB6Q,-0.125
FB5Q,FB6R,-0.0625
FB5Q,FB6U,-1.1875
FB5Q,FB6V,-1.125
FB5Q,FB6W,-0.75
FB5Q,FB6X,-0.375
FB5Q,FB7E,-0.16666667
FB5Q,FB7G,-2.4375
FB5Q,FB7I,-0.15
FB5Q,FB7L,-0.041666668
FB5Q,FB8E,-0.6
FB5Q,FB8G,-0.5
FB5Q,FB8I,-0.041666668
FB5Q,FB9B_c,-0.8125
FB5Q,FB9B_d,-1.1875
FB5Q,FB9B_e,-0.1875
FB5Q,FC1B,-0.011363637
FB5Q,FC1E,-0.03409091
FB5Q,FC2A,-0.41666666
FB5Q,FC2B,-2.4907408
FB5Q,FC2C,-1.3031915
FB5Q,FC3_a,-0.05882353
FB5Q,FC3_b,-0.0375
FB5Q,FC3_c,-0.033333335
FB5Q,FR1,-1.125
FB5Q,FS1A_a,-5.5625
FB5Q,FS1A_b,-3.75
FB5Q,FS1A_c,-2.4722223
FB5Q,FS1B_a,-2.0576923
FB5Q,FS1B_b,-1.125
FB5Q,FS2,-0.23214285
FB5Q,FS3_a,-0.06666667
FB5Q,FS3_b,-0.08928572
FB5Q,FS3_c,-0.05357143
FB5Q,FS3_d,-0.008064516
FB5Q,FS4A,-0.013157895
FB5Q,FS4B,-0.01724138
FB5Q,FS4C,-0.08035714
FB5Q,IB049,-0.25
FB5Q,LAL200,-3.0
FB5Q,OA-VPM3,-0.125
FB5Q,PEG,-0.027777778
FB5Q,PFGs,-0.027777778
FB5Q,PFL2,-9.833333
FB5Q,PFL3,-13.541667
FB5Q,PFR_a,-0.4107143
FB5Q,PFR_b,-3.359375
FB5Q,SMP018,-0.5
FB5Q,SMP028,-0.25
FB5Q,SMP185,-0.75
FB5Q,SMP446,-0.25
FB5Q,hDeltaA,-1.25
FB5Q,hDeltaC,-0.9625
FB5Q,hDeltaD,-0.03125
FB5Q,hDeltaG,-2.625
FB5Q,hDeltaH,-4.65625
FB5Q,hDeltaI,-0.05882353
FB5Q,hDeltaJ,-0.048387095
FB5Q,hDeltaK,-0.05645161
FB5Q,hDeltaL,-0.022727273
FB5Q,hDeltaM,-39.25
FB5Q,vDeltaE,-0.027777778
FB5Q,vDeltaF,-0.06944445
FB5Q,vDeltaG,-0.16666667
FB5Q,vDeltaH,-0.22222222
FB5Q,vDeltaI_a,-0.10294118
FB5Q,vDeltaI_b,-0.0625
FB5Q,vDeltaJ,-0.09090909
FB5Q,vDeltaK,-0.005319149
FB5Q,vDeltaM,-0.0045454544
FB5R,FB4E_b,-0.0625
FB5R,FB4F_b,-0.125
FB5R,FB4H,-0.125
FB5R,FB4I,-0.25
FB5R,FB4N,-0.375
FB5R,FB4P_a,-4.75
FB5R,FB4Q_b,-0.375
FB5R,FB4R,-0.125
FB5R,FB4X,-0.25
FB5R,FB4Y,-0.125
FB5R,FB4Z_a,-0.15625
FB5R,FB4Z_c,-0.0625
FB5R,FB5A,-0.0625
FB5R,FB5AA,-1.375
FB5R,FB5AB,-0.25
FB5R,FB5C,-8.833333
FB5R,FB5D,-11.5
FB5R,FB5E,-17.625
FB5R,FB5F,-1.875
FB5R,FB5G_a,-0.125
FB5R,FB5G_c,-0.25
FB5R,FB5H,-0.875
FB5R,FB5J,-0.875
FB5R,FB5K,-2.625
FB5R,FB5L,-0.5
FB5R,FB5M,-0.5
FB5R,FB5N,-1.5
FB5R,FB5O,-9.75
FB5R,FB5P,-0.75
FB5R,FB5Q,-0.3125
FB5R,FB5R,-0.1875
FB5R,FB5S,-0.083333336
FB5R,FB5T,-0.5
FB5R,FB5U,-0.4375
FB5R,FB5V_a,-0.125
FB5R,FB5V_b,-0.20833333
FB5R,FB5V_c,-0.1
FB5R,FB5W_a,-0.7083333
FB5R,FB5W_b,-0.16666667
FB5R,FB5X,-1.375
FB5R,FB5Z,-0.25
FB5R,FB6K,-0.0625
FB5R,FB6L,-0.083333336
FB5R,FB6N,-0.25
FB5R,FB6P,-0.25
FB5R,FB6U,-0.0625
FB5R,FB6V,-0.25
FB5R,FB6W,-3.75
FB5R,FB6X,-0.5
FB5R,FB7I,-0.05
FB5R,FC2A,-0.5833333
FB5R,FC2B,-0.3611111
FB5R,FC2C,-0.010638298
FB5R,FC3_a,-0.25
FB5R,FC3_b,-0.175
FB5R,FC3_c,-0.083333336
FB5R,FR1,-0.125
FB5R,FR2,-0.20833333
FB5R,FS1A_a,-0.046875
FB5R,FS1A_c,-0.055555556
FB5R,FS2,-0.05357143
FB5R,FS3_a,-0.016666668
FB5R,OA-VPM3,-0.125
FB5R,PEG,-0.013888889
FB5R,PFGs,-0.013888889
FB5R,PFL1,-0.017857144
FB5R,PFL2,-0.083333336
FB5R,PFL3,-0.0625
FB5R,PFR_a,-0.22321428
FB5R,PFR_b,-0.125
FB5R,hDeltaA,-3.5625
FB5R,hDeltaC,-0.075
FB5R,hDeltaD,-0.03125
FB5R,hDeltaG,-2.84375
FB5R,hDeltaH,-16.75
FB5R,hDeltaI,-0.0882353
FB5R,hDeltaJ,-0.10483871
FB5R,hDeltaK,-0.05645161
FB5R,hDeltaM,-0.34375
FB5R,vDeltaF,-0.16666667
FB5R,vDeltaG,-0.43055555
FB5R,vDeltaH,-0.4722222
FB5R,vDeltaI_a,-1.3088236
FB5R,vDeltaI_b,-2.1625
FB5R,vDeltaJ,-0.09090909
FB5R,vDeltaK,-0.05851064
FB5R,vDeltaL,-0.02027027
FB5R,vDeltaM,-0.0045454544
FB5S,FB4N,-0.055555556
FB5S,FB4O,-0.018518519
FB5S,FB4P_a,-0.16666667
FB5S,FB4P_b,-0.037037037
FB5S,FB4Q_b,-0.11111111
FB5S,FB4R,-0.09259259
FB5S,FB4X,-0.11111111
FB5S,FB4Z_c,-0.027777778
FB5S,FB5A,-0.1388889
FB5S,FB5AA,-16.5
FB5S,FB5AB,-0.6111111
FB5S,FB5B,-0.22222222
FB5S,FB5C,-10.592592
FB5S,FB5D,-3.851852
FB5S,FB5E,-0.9444444
FB5S,FB5G_a,-0.1388889
FB5S,FB5G_b,-0.055555556
FB5S,FB5I,-0.2777778
FB5S,FB5J,-0.6666667
FB5S,FB5K,-1.5555556
FB5S,FB5L,-1.6666666
FB5S,FB5M,-0.055555556
FB5S,FB5N,-0.2777778
FB5S,FB5O,-9.888889
FB5S,FB5P,-0.33333334
FB5S,FB5Q,-0.11111111
FB5S,FB5R,-0.083333336
FB5S,FB5S,-0.43209878
FB5S,FB5U,-0.25
FB5S,FB5W_a,-0.037037037
FB5S,FB5X,-0.018518519
FB5S,FB5Y_a,-0.8333333
FB5S,FB5Y_b,-0.3888889
FB5S,FB5Z,-3.2777777
FB5S,FB6A_a,-0.11111111
FB5S,FB6A_b,-0.16666667
FB5S,FB6A_c,-0.5
FB5S,FB6C_b,-0.09259259
FB5S,FB6D,-0.055555556
FB5S,FB6E,-0.055555556
FB5S,FB6F,-1.0
FB5S,FB6H,-0.055555556
FB5S,FB6J,-0.24444444
FB5S,FB6K,-0.5
FB5S,FB6L,-0.25925925
FB5S,FB6M,-0.1388889
FB5S,FB6N,-0.7222222
FB5S,FB6O,-0.055555556
FB5S,FB6P,-0.8333333
FB5S,FB6Q,-0.055555556
FB5S,FB6R,-0.2777778
FB5S,FB6S,-0.055555556
FB5S,FB6U,-2.8055556
FB5S,FB6V,-9.5
FB5S,FB6W,-18.11111
FB5S,FB6X,-4.1666665
FB5S,FB6Y,-0.055555556
FB5S,FB7B,-0.055555556
FB5S,FB7D_b,-0.083333336
FB5S,FB7E,-0.16666667
FB5S,FB7I,-0.82222223
FB5S,FB7J,-0.027777778
FB5S,FB8B,-0.027777778
FB5S,FB8G,-0.037037037
FB5S,FC1F,-0.014814815
FB5S,FC2A,-0.086419754
FB5S,FC2B,-0.37037036
FB5S,FC2C,-0.06619386
FB5S,FC3_a,-0.47058824
FB5S,FC3_b,-0.21111111
FB5S,FC3_c,-0.21481481
FB5S,FR1,-0.086419754
FB5S,FS1A_a,-0.034722224
FB5S,FS1A_b,-0.008547009
FB5S,FS1A_c,-0.018518519
FB5S,FS1B_a,-0.008547009
FB5S,FS1B_b,-0.013888889
FB5S,FS2,-0.12169312
FB5S,FS3_a,-0.02962963
FB5S,FS3_b,-0.015873017
FB5S,FS3_c,-0.015873017
FB5S,FS3_d,-0.007168459
FB5S,FS4A,-0.0058479533
FB5S,FS4C,-0.007936508
FB5S,OA-VPM3,-0.33333334
FB5S,PFGs,-0.10493827
FB5S,PFL2,-0.018518519
FB5S,PFL3,-0.009259259
FB5S,PFR_a,-0.31349206
FB5S,PFR_b,-0.090277776
FB5S,hDeltaA,-0.009259259
FB5S,hDeltaC,-0.31666666
FB5S,hDeltaE,-0.027777778
FB5S,hDeltaF,-0.013888889
FB5S,hDeltaG,-25.375
FB5S,hDeltaH,-8.805555
FB5S,hDeltaI,-0.006535948
FB5S,hDeltaJ,-0.09677419
FB5S,hDeltaK,-0.043010753
FB5S,hDeltaL,-3.4646466
FB5S,hDeltaM,-0.11111111
FB5S,vDeltaD,-0.037037037
FB5S,vDeltaE,-0.2962963
FB5S,vDeltaF,-0.20987654
FB5S,vDeltaG,-0.074074075
FB5S,vDeltaH,-0.024691358
FB5S,vDeltaI_a,-0.03267974
FB5S,vDeltaI_b,-0.022222223
FB5T,CRE005,-0.33333334
FB5T,CRE021,-0.25
FB5T,EPG,-0.07608695
FB5T,ExR5,-0.25
FB5T,FB2L,-0.25
FB5T,FB4B,-0.25
FB5T,FB4F_a,-0.125
FB5T,FB4G,-0.25
FB5T,FB4H,-0.25
FB5T,FB4N,-6.75
FB5T,FB4P_a,-0.25
FB5T,FB4Q_c,-0.16666667
FB5T,FB4Y,-8.5
FB5T,FB4Z_a,-6.3125
FB5T,FB4Z_b,-10.333333
FB5T,FB4Z_c,-7.0
FB5T,FB5AB,-0.25
FB5T,FB5C,-2.8333333
FB5T,FB5D,-1.1666666
FB5T,FB5E,-0.25
FB5T,FB5F,-0.25
FB5T,FB5G_a,-0.125
FB5T,FB5H,-1.5
FB5T,FB5I,-0.25
FB5T,FB5K,-1.0
FB5T,FB5M,-1.25
FB5T,FB5N,-0.625
FB5T,FB5O,-0.25
FB5T,FB5P,-1.25
FB5T,FB5Q,-0.125
FB5T,FB5R,-20.0
FB5T,FB5S,-7.8333335
FB5T,FB5U,-24.125
FB5T,FB5V_a,-0.083333336
FB5T,FB5V_c,-0.2
FB5T,FB5Y_a,-0.25
FB5T,FB5Z,-0.5
FB5T,FB6X,-0.25
FB5T,FB7E,-0.16666667
FB5T,FB7L,-0.083333336
FB5T,FB8I,-0.16666667
FB5T,FC1B,-0.022727273
FB5T,FC1C_a,-0.041666668
FB5T,FC1E,-0.022727273
FB5T,FC1F,-0.033333335
FB5T,FC2A,-0.055555556
FB5T,FC2B,-0.09259259
FB5T,FC3_a,-0.14705883
FB5T,FC3_b,-0.075
FB5T,FC3_c,-0.1
FB5T,FR1,-0.055555556
FB5T,FS1A_a,-0.03125
FB5T,FS1A_c,-0.055555556
FB5T,FS1B_a,-0.115384616
FB5T,FS2,-0.071428575
FB5T,FS3_a,-0.033333335
FB5T,FS4A,-0.00877193
FB5T,OA-VPM3,-1.25
FB5T,PFL3,-0.083333336
FB5T,PFR_a,-0.3392857
FB5T,PFR_b,-0.25
FB5T,SMP471,-0.5
FB5T,hDeltaA,-5.2083335
FB5T,hDeltaB,-0.02631579
FB5T,hDeltaC,-0.2
FB5T,hDeltaG,-0.5
FB5T,hDeltaH,-13.9375
FB5T,hDeltaI,-0.029411765
FB5T,hDeltaK,-0.4032258
FB5T,hDeltaL,-0.045454547
FB5T,hDeltaM,-0.3125
FB5T,vDeltaF,-0.055555556
FB5T,vDeltaG,-0.083333336
FB5T,vDeltaH,-0.055555556
FB5T,vDeltaI_a,-0.14705883
FB5T,vDeltaI_b,-0.275
FB5T,vDeltaJ,-0.045454547
FB5T,vDeltaK,-0.021276595
FB5T,vDeltaM,-0.027272727
FB5U,EPG,-0.0054347827
FB5U,FB4A_b,-0.125
FB5U,FB4E_a,-0.05
FB5U,FB4E_b,-0.0625
FB5U,FB4F_a,-0.0625
FB5U,FB4N,-0.375
FB5U,FB4P_a,-1.625
FB5U,FB4R,-0.20833333
FB5U,FB4X,-0.375
FB5U,FB4Y,-0.25
FB5U,FB4Z_a,-0.125
FB5U,FB4Z_b,-0.33333334
FB5U,FB4Z_c,-0.125
FB5U,FB5A,-0.125
FB5U,FB5AA,-1.0
FB5U,FB5AB,-0.5
FB5U,FB5C,-9.25
FB5U,FB5D,-11.833333
FB5U,FB5E,-22.0
FB5U,FB5F,-1.0
FB5U,FB5G_a,-0.125
FB5U,FB5H,-1.375
FB5U,FB5I,-0.5
FB5U,FB5J,-1.0
FB5U,FB5K,-11.875
FB5U,FB5L,-2.375
FB5U,FB5M,-0.625
FB5U,FB5N,-2.9375
FB5U,FB5O,-21.125
FB5U,FB5P,-1.9375
FB5U,FB5Q,-0.0625
FB5U,FB5R,-0.5625
FB5U,FB5S,-0.33333334
FB5U,FB5T,-0.125
FB5U,FB5U,-0.4375
FB5U,FB5V_c,-0.05
FB5U,FB5W_a,-0.41666666
FB5U,FB5W_b,-0.083333336
FB5U,FB5X,-0.33333334
FB5U,FB5Z,-1.875
FB5U,FB6A_a,-0.125
FB5U,FB6J,-0.05
FB5U,FB6L,-0.16666667
FB5U,FB6N,-0.125
FB5U,FB6P,-0.25
FB5U,FB6R,-0.125
FB5U,FB6W,-5.0
FB5U,FB6X,-0.125
FB5U,FC1A,-0.014705882
FB5U,FC1C_a,-0.020833334
FB5U,FC1F,-0.033333335
FB5U,FC2A,-0.43055555
FB5U,FC2B,-0.44444445
FB5U,FC2C,-0.005319149
FB5U,FC3_a,-0.85294116
FB5U,FC3_b,-0.6375
FB5U,FC3_c,-0.21666667
FB5U,FR1,-0.083333336
FB5U,FR2,-0.125
FB5U,FS1A_a,-0.09375
FB5U,FS1A_b,-0.03846154
FB5U,FS1A_c,-0.055555556
FB5U,FS1B_a,-0.07692308
FB5U,FS1B_b,-0.03125
FB5U,FS2,-0.10714286
FB5U,FS3_a,-0.016666668
FB5U,FS3_b,-0.017857144
FB5U,FS3_c,-0.017857144
FB5U,FS3_d,-0.016129032
FB5U,FS4A,-0.004385965
FB5U,FS4C,-0.017857144
FB5U,OA-VPM3,-0.625
FB5U,PFGs,-0.055555556
FB5U,PFL2,-0.083333336
FB5U,PFL3,-0.09375
FB5U,PFR_a,-0.4642857
FB5U,PFR_b,-0.46875
FB5U,hDeltaA,-2.2708333
FB5U,hDeltaB,-0.013157895
FB5U,hDeltaC,-0.2375
FB5U,hDeltaF,-0.0625
FB5U,hDeltaG,-6.875
FB5U,hDeltaH,-43.71875
FB5U,hDeltaI,-0.29411766
FB5U,hDeltaJ,-0.20967741
FB5U,hDeltaK,-0.04032258
FB5U,hDeltaL,-0.06818182
FB5U,hDeltaM,-0.25
FB5U,vDeltaE,-0.013888889
FB5U,vDeltaF,-0.22222222
FB5U,vDeltaG,-0.3472222
FB5U,vDeltaH,-0.25
FB5U,vDeltaI_a,-0.20588236
FB5U,vDeltaI_b,-0.175
FB5U,vDeltaK,-0.031914894
FB5V_a,ATL018,-0.16666667
FB5V_a,AVLP562,-0.25
FB5V_a,CRE004,-0.16666667
FB5V_a,CRE005,-0.11111111
FB5V_a,CRE012,-0.41666666
FB5V_a,CRE021,-0.5
FB5V_a,CRE044,-0.6666667
FB5V_a,EPG,-0.06521739
FB5V_a,ExR5,-1.75
FB5V_a,FB,-0.5
FB5V_a,FB1J,-0.083333336
FB5V_a,FB2A,-0.041666668
FB5V_a,FB2F_a,-0.1388889
FB5V_a,FB2G_a,-0.083333336
FB5V_a,FB2G_b,-0.027777778
FB5V_a,FB2K,-0.018518519
FB5V_a,FB2M_a,-0.6666667
FB5V_a,FB2M_b,-0.25
FB5V_a,FB3D,-0.16666667
FB5V_a,FB4B,-0.083333336
FB5V_a,FB4D_c,-0.083333336
FB5V_a,FB4E_a,-0.16666667
FB5V_a,FB4E_b,-0.125
FB5V_a,FB4E_c,-0.083333336
FB5V_a,FB4F_a,-0.25
FB5V_a,FB4F_b,-0.083333336
FB5V_a,FB4F_c,-0.2777778
FB5V_a,FB4G,-0.41666666
FB5V_a,FB4H,-0.33333334
FB5V_a,FB4I,-0.083333336
FB5V_a,FB4J,-0.16666667
FB5V_a,FB4K,-0.041666668
FB5V_a,FB4L,-0.125
FB5V_a,FB4M,-0.25
FB5V_a,FB4N,-7.25
FB5V_a,FB4O,-0.3888889
FB5V_a,FB4P_a,-3.1666667
FB5V_a,FB4P_b,-0.22222222
FB5V_a,FB4P_c,-0.16666667
FB5V_a,FB4Q_b,-0.41666666
FB5V_a,FB4Q_c,-0.11111111
FB5V_a,FB4R,-0.8055556
FB5V_a,FB4X,-0.5
FB5V_a,FB4Y,-31.5
FB5V_a,FB4Z_a,-21.9375
FB5V_a,FB4Z_b,-11.0
FB5V_a,FB4Z_c,-25.208334
FB5V_a,FB5C,-0.16666667
FB5V_a,FB5D,-1.3888888
FB5V_a,FB5E,-0.41666666
FB5V_a,FB5H,-0.083333336
FB5V_a,FB5J,-0.083333336
FB5V_a,FB5K,-0.16666667
FB5V_a,FB5L,-0.083333336
FB5V_a,FB5M,-1.4166666
FB5V_a,FB5N,-0.083333336
FB5V_a,FB5P,-0.041666668
FB5V_a,FB5R,-1.375
FB5V_a,FB5S,-0.037037037
FB5V_a,FB5U,-0.041666668
FB5V_a,FB5V_a,-0.7222222
FB5V_a,FB5V_b,-2.5277777
FB5V_a,FB5V_c,-0.53333336
FB5V_a,FB5W_a,-0.083333336
FB5V_a,FB5W_b,-1.6666666
FB5V_a,FB5X,-0.8611111
FB5V_a,FB6B,-0.083333336
FB5V_a,FB6X,-0.083333336
FB5V_a,FB7E,-0.027777778
FB5V_a,FB7L,-0.055555556
FB5V_a,FB8H,-0.027777778
FB5V_a,FC1A,-0.019607844
FB5V_a,FC1C_a,-0.027777778
FB5V_a,FC1C_b,-0.029411765
FB5V_a,FC1D,-0.006666667
FB5V_a,FC1E,-0.022727273
FB5V_a,FC1F,-0.033333335
FB5V_a,FC2A,-0.046296295
FB5V_a,FC2B,-0.0061728396
FB5V_a,FC2C,-0.0070921984
FB5V_a,FC3_a,-0.5882353
FB5V_a,FC3_b,-0.29166666
FB5V_a,FC3_c,-0.42222223
FB5V_a,FR1,-0.018518519
FB5V_a,FR2,-0.11111111
FB5V_a,FS1A_a,-0.020833334
FB5V_a,FS1A_c,-0.074074075
FB5V_a,FS1B_b,-0.010416667
FB5V_a,FS2,-0.01984127
FB5V_a,FS3_c,-0.023809524
FB5V_a,LAL008,-0.083333336
FB5V_a,LAL040,-0.16666667
FB5V_a,LAL045,-0.16666667
FB5V_a,LAL135,-0.33333334
FB5V_a,LAL200,-0.16666667
FB5V_a,LCNOp,-0.083333336
FB5V_a,LCNOpm,-0.083333336
FB5V_a,MBON35,-1.0
FB5V_a,OA-VPM3,-0.6666667
FB5V_a,OA-VUMa8,-0.16666667
FB5V_a,PEG,-0.009259259
FB5V_a,PFGs,-0.018518519
FB5V_a,PFL2,-1.0
FB5V_a,PFL3,-0.5486111
FB5V_a,PFNv,-0.008333334
FB5V_a,PFR_a,-1.0297619
FB5V_a,PFR_b,-0.59375
FB5V_a,PPL108,-0.16666667
FB5V_a,SMP471,-0.5
FB5V_a,SMP713m,-0.16666667
FB5V_a,VES092,-0.083333336
FB5V_a,hDeltaA,-16.555555
FB5V_a,hDeltaC,-0.033333335
FB5V_a,hDeltaD,-0.020833334
FB5V_a,hDeltaH,-0.083333336
FB5V_a,hDeltaI,-2.4705882
FB5V_a,hDeltaJ,-0.048387095
FB5V_a,hDeltaK,-3.467742
FB5V_a,hDeltaM,-0.14583333
FB5V_a,vDeltaA_a,-0.0023809525
FB5V_a,vDeltaG,-0.055555556
FB5V_a,vDeltaI_a,-0.009803922
FB5V_a,vDeltaI_b,-0.025
FB5V_a,vDeltaJ,-0.1969697
FB5V_a,vDeltaK,-0.17730497
FB5V_a,vDeltaL,-0.072072074
FB5V_a,vDeltaM,-0.030303031
FB5V_b,AOTU019,-0.16666667
FB5V_b,ATL035,-0.16666667
FB5V_b,AVLP477,-0.083333336
FB5V_b,AVLP751m,-0.16666667
FB5V_b,CB1287,-0.083333336
FB5V_b,CRE011,-0.33333334
FB5V_b,CRE012,-3.6666667
FB5V_b,CRE021,-3.4166667
FB5V_b,CRE030_b,-0.16666667
FB5V_b,CRE044,-1.0
FB5V_b,CRE065,-0.16666667
FB5V_b,CRE081,-0.16666667
FB5V_b,EPG,-0.014492754
FB5V_b,ExR5,-0.75
FB5V_b,FB,-0.5
FB5V_b,FB1C,-0.125
FB5V_b,FB1H,-0.16666667
FB5V_b,FB2K,-0.037037037
FB5V_b,FB3D,-0.6666667
FB5V_b,FB4E_a,-0.5
FB5V_b,FB4E_b,-1.125
FB5V_b,FB4E_c,-0.75
FB5V_b,FB4F_a,-0.083333336
FB5V_b,FB4F_b,-0.16666667
FB5V_b,FB4F_c,-0.027777778
FB5V_b,FB4G,-0.083333336
FB5V_b,FB4H,-0.083333336
FB5V_b,FB4I,-0.25
FB5V_b,FB4L,-0.20833333
FB5V_b,FB4M,-0.5833333
FB5V_b,FB4N,-0.5833333
FB5V_b,FB4O,-0.083333336
FB5V_b,FB4P_a,-0.45833334
FB5V_b,FB4P_b,-0.22222222
FB5V_b,FB4P_c,-0.33333334
FB5V_b,FB4Q_a,-0.16666667
FB5V_b,FB4Q_b,-0.33333334
FB5V_b,FB4Q_c,-0.16666667
FB5V_b,FB4R,-0.16666667
FB5V_b,FB4X,-0.33333334
FB5V_b,FB4Y,-6.375
FB5V_b,FB4Z_a,-12.020833
FB5V_b,FB4Z_b,-12.0
FB5V_b,FB4Z_c,-13.041667
FB5V_b,FB5A,-0.5833333
FB5V_b,FB5D,-0.16666667
FB5V_b,FB5F,-0.083333336
FB5V_b,FB5K,-0.16666667
FB5V_b,FB5M,-0.41666666
FB5V_b,FB5N,-0.041666668
FB5V_b,FB5R,-2.2916667
FB5V_b,FB5S,-0.5740741
FB5V_b,FB5T,-0.16666667
FB5V_b,FB5V_a,-0.5277778
FB5V_b,FB5V_b,-0.9444444
FB5V_b,FB5V_c,-0.3
FB5V_b,FB5W_a,-0.055555556
FB5V_b,FB5W_b,-0.6666667
FB5V_b,FB5X,-0.11111111
FB5V_b,FB5Y_a,-0.083333336
FB5V_b,FB5Z,-0.041666668
FB5V_b,FB6O,-0.16666667
FB5V_b,FB7E,-0.027777778
FB5V_b,FB7L,-0.027777778
FB5V_b,FB8H,-0.027777778
FB5V_b,FC,-0.44444445
FB5V_b,FC1B,-0.007575758
FB5V_b,FC1C_a,-0.097222224
FB5V_b,FC1C_b,-0.068627454
FB5V_b,FC1F,-0.07777778
FB5V_b,FC2A,-0.074074075
FB5V_b,FC2B,-0.012345679
FB5V_b,FC2C,-0.0070921984
FB5V_b,FC3_a,-2.009804
FB5V_b,FC3_b,-2.0916667
FB5V_b,FC3_c,-0.6666667
FB5V_b,FR1,-0.018518519
FB5V_b,FR2,-0.8703704
FB5V_b,FS1A_a,-0.010416667
FB5V_b,FS1A_c,-0.037037037
FB5V_b,FS1B_a,-0.025641026
FB5V_b,FS2,-0.03968254
FB5V_b,FS4B,-0.0057471264
FB5V_b,GNG587,-0.16666667
FB5V_b,LAL040,-0.16666667
FB5V_b,LAL045,-0.5
FB5V_b,LAL200,-0.16666667
FB5V_b,LCNOp,-0.083333336
FB5V_b,MBON26,-0.33333334
FB5V_b,MBON35,-0.5
FB5V_b,OA-VPM3,-0.9166667
FB5V_b,OA-VUMa8,-0.5
FB5V_b,PFGs,-0.046296295
FB5V_b,PFL2,-0.7916667
FB5V_b,PFL3,-0.5833333
FB5V_b,PFR_a,-2.422619
FB5V_b,PFR_b,-3.4791667
FB5V_b,PPL108,-0.33333334
FB5V_b,SMP122,-0.16666667
FB5V_b,SMP471,-0.5
FB5V_b,hDeltaA,-11.25
FB5V_b,hDeltaB,-0.02631579
FB5V_b,hDeltaC,-0.05
FB5V_b,hDeltaG,-0.041666668
FB5V_b,hDeltaH,-0.125
FB5V_b,hDeltaI,-5.970588
FB5V_b,hDeltaJ,-0.39247313
FB5V_b,hDeltaK,-0.5107527
FB5V_b,hDeltaM,-0.104166664
FB5V_b,vDeltaA_a,-0.0023809525
FB5V_b,vDeltaG,-0.009259259
FB5V_b,vDeltaI_b,-0.008333334
FB5V_b,vDeltaJ,-0.3030303
FB5V_b,vDeltaK,-0.14893617
FB5V_b,vDeltaL,-0.045045044
FB5V_b,vDeltaM,-0.009090909
FB5V_c,AVLP562,-0.1
FB5V_c,CB0244,-0.2
FB5V_c,CRE011,-0.2
FB5V_c,CRE012,-0.1
FB5V_c,CRE021,-0.1
FB5V_c,EPG,-0.030434782
FB5V_c,ExR5,-2.1
FB5V_c,FB1I,-0.1
FB5V_c,FB2D,-0.06666667
FB5V_c,FB2F_a,-0.1
FB5V_c,FB2H_b,-0.2
FB5V_c,FB2M_a,-0.25
FB5V_c,FB2M_b,-0.1
FB5V_c,FB4F_a,-0.1
FB5V_c,FB4F_c,-0.033333335
FB5V_c,FB4G,-0.1
FB5V_c,FB4H,-0.5
FB5V_c,FB4N,-4.5
FB5V_c,FB4O,-0.23333333
FB5V_c,FB4P_a,-1.6
FB5V_c,FB4P_b,-0.13333334
FB5V_c,FB4P_c,-0.1
FB5V_c,FB4Q_a,-0.3
FB5V_c,FB4Q_c,-0.06666667
FB5V_c,FB4R,-0.4
FB5V_c,FB4X,-0.2
FB5V_c,FB4Y,-11.4
FB5V_c,FB4Z_a,-18.325
FB5V_c,FB4Z_b,-12.0
FB5V_c,FB4Z_c,-25.0
FB5V_c,FB5A,-0.05
FB5V_c,FB5C,-0.46666667
FB5V_c,FB5D,-2.0
FB5V_c,FB5E,-0.2
FB5V_c,FB5F,-0.1
FB5V_c,FB5H,-0.7
FB5V_c,FB5I,-0.2
FB5V_c,FB5K,-0.4
FB5V_c,FB5L,-0.4
FB5V_c,FB5M,-1.1
FB5V_c,FB5N,-0.25
FB5V_c,FB5P,-0.15
FB5V_c,FB5R,-7.7
FB5V_c,FB5S,-0.31111112
FB5V_c,FB5T,-0.2
FB5V_c,FB5U,-2.95
FB5V_c,FB5V_a,-0.46666667
FB5V_c,FB5V_b,-0.93333334
FB5V_c,FB5V_c,-0.52
FB5V_c,FB5W_a,-0.2
FB5V_c,FB5W_b,-0.73333335
FB5V_c,FB5X,-0.8
FB5V_c,FB5Y_a,-0.1
FB5V_c,FB5Z,-0.15
FB5V_c,FB6V,-0.1
FB5V_c,FB7E,-0.06666667
FB5V_c,FB7L,-0.1
FB5V_c,FB8H,-0.06666667
FB5V_c,FC1A,-0.011764706
FB5V_c,FC1C_b,-0.023529412
FB5V_c,FC1D,-0.008
FB5V_c,FC1E,-0.009090909
FB5V_c,FC1F,-0.013333334
FB5V_c,FC2A,-0.044444446
FB5V_c,FC2C,-0.004255319
FB5V_c,FC3_a,-0.07058824
FB5V_c,FC3_b,-0.04
FB5V_c,FC3_c,-0.026666667
FB5V_c,FR1,-0.011111111
FB5V_c,FS1A_a,-0.0125
FB5V_c,FS1A_c,-0.011111111
FB5V_c,FS1B_a,-0.046153847
FB5V_c,FS2,-0.00952381
FB5V_c,FS3_a,-0.013333334
FB5V_c,FS3_c,-0.014285714
FB5V_c,FS4B,-0.0068965517
FB5V_c,GNG587,-0.2
FB5V_c,LAL040,-0.2
FB5V_c,OA-VPM3,-0.1
FB5V_c,PFGs,-0.06666667
FB5V_c,PFL2,-0.25
FB5V_c,PFL3,-0.15833333
FB5V_c,PFR_a,-0.22142857
FB5V_c,PFR_b,-0.275
FB5V_c,VES092,-0.1
FB5V_c,hDeltaA,-11.716666
FB5V_c,hDeltaB,-0.010526316
FB5V_c,hDeltaC,-0.02
FB5V_c,hDeltaG,-0.025
FB5V_c,hDeltaH,-1.775
FB5V_c,hDeltaI,-0.28235295
FB5V_c,hDeltaK,-2.316129
FB5V_c,hDeltaM,-0.025
FB5V_c,vDeltaF,-0.022222223
FB5V_c,vDeltaG,-0.055555556
FB5V_c,vDeltaI_a,-0.07058824
FB5V_c,vDeltaI_b,-0.02
FB5V_c,vDeltaJ,-0.09090909
FB5V_c,vDeltaK,-0.06382979
FB5V_c,vDeltaL,-0.032432433
FB5V_c,vDeltaM,-0.018181818
FB5W_a,CB1062,-0.083333336
FB5W_a,CRE005,-0.11111111
FB5W_a,CRE006,-0.16666667
FB5W_a,CRE030_b,-0.5
FB5W_a,CRE100,-0.8333333
FB5W_a,DNp62,-0.083333336
FB5W_a,EPG,-0.0036231885
FB5W_a,ExR4,-0.083333336
FB5W_a,ExR5,-0.083333336
FB5W_a,FB1G,-0.083333336
FB5W_a,FB1H,-0.16666667
FB5W_a,FB2C,-0.06666667
FB5W_a,FB2D,-0.027777778
FB5W_a,FB2F_a,-0.027777778
FB5W_a,FB2G_b,-0.027777778
FB5W_a,FB2K,-0.074074075
FB5W_a,FB3C,-0.025641026
FB5W_a,FB3D,-0.16666667
FB5W_a,FB4A_a,-0.027777778
FB5W_a,FB4A_b,-0.16666667
FB5W_a,FB4D_b,-0.083333336
FB5W_a,FB4D_c,-0.083333336
FB5W_a,FB4E_a,-0.3
FB5W_a,FB4E_b,-0.41666666
FB5W_a,FB4F_a,-0.29166666
FB5W_a,FB4F_b,-0.16666667
FB5W_a,FB4F_c,-0.8611111
FB5W_a,FB4G,-0.083333336
FB5W_a,FB4H,-0.25
FB5W_a,FB4I,-0.41666666
FB5W_a,FB4K,-0.9166667
FB5W_a,FB4N,-0.16666667
FB5W_a,FB4O,-0.3888889
FB5W_a,FB4P_a,-0.29166666
FB5W_a,FB4P_b,-0.33333334
FB5W_a,FB4P_c,-0.33333334
FB5W_a,FB4Q_a,-0.083333336
FB5W_a,FB4Q_b,-0.5833333
FB5W_a,FB4Q_c,-0.3888889
FB5W_a,FB4R,-0.083333336
FB5W_a,FB4X,-1.25
FB5W_a,FB4Y,-0.5833333
FB5W_a,FB4Z_a,-0.25
FB5W_a,FB4Z_b,-0.33333334
FB5W_a,FB4Z_c,-0.33333334
FB5W_a,FB5A,-0.75
FB5W_a,FB5AB,-0.16666667
FB5W_a,FB5C,-0.16666667
FB5W_a,FB5D,-0.5555556
FB5W_a,FB5E,-0.6666667
FB5W_a,FB5F,-0.16666667
FB5W_a,FB5G_a,-0.041666668
FB5W_a,FB5G_b,-0.083333336
FB5W_a,FB5H,-1.6666666
FB5W_a,FB5J,-0.5
FB5W_a,FB5K,-2.75
FB5W_a,FB5M,-3.3333333
FB5W_a,FB5N,-2.375
FB5W_a,FB5O,-0.083333336
FB5W_a,FB5P,-0.25
FB5W_a,FB5Q,-0.125
FB5W_a,FB5R,-0.16666667
FB5W_a,FB5U,-0.16666667
FB5W_a,FB5V_a,-0.083333336
FB5W_a,FB5V_b,-0.083333336
FB5W_a,FB5V_c,-0.1
FB5W_a,FB5W_a,-0.75
FB5W_a,FB5W_b,-0.6666667
FB5W_a,FB5X,-1.6944444
FB5W_a,FB6H,-0.16666667
FB5W_a,FB6O,-0.25
FB5W_a,FB7H,-0.16666667
FB5W_a,FB8G,-0.027777778
FB5W_a,FC,-0.11111111
FB5W_a,FC1A,-0.019607844
FB5W_a,FC1B,-0.015151516
FB5W_a,FC1C_a,-0.19444445
FB5W_a,FC1C_b,-0.039215688
FB5W_a,FC1D,-0.006666667
FB5W_a,FC1E,-0.007575758
FB5W_a,FC1F,-0.033333335
FB5W_a,FC2A,-14.25
FB5W_a,FC2B,-4.5925927
FB5W_a,FC2C,-0.20212767
FB5W_a,FC3_a,-0.04901961
FB5W_a,FC3_b,-0.025
FB5W_a,FC3_c,-0.07777778
FB5W_a,FR1,-0.25
FB5W_a,FR2,-0.19444445
FB5W_a,FS1A_a,-0.38541666
FB5W_a,FS1A_b,-0.03846154
FB5W_a,FS1A_c,-0.1574074
FB5W_a,FS1B_a,-0.24358974
FB5W_a,FS1B_b,-0.20833333
FB5W_a,FS2,-0.53968257
FB5W_a,FS3_c,-0.04761905
FB5W_a,FS3_d,-0.005376344
FB5W_a,FS4A,-0.0058479533
FB5W_a,FS4B,-0.022988506
FB5W_a,FS4C,-0.04761905
FB5W_a,LAL154,-0.16666667
FB5W_a,LAL159,-0.33333334
FB5W_a,MBON20,-0.083333336
FB5W_a,MBON35,-0.25
FB5W_a,OA-VPM3,-0.9166667
FB5W_a,PAL01,-0.16666667
FB5W_a,PFGs,-0.25925925
FB5W_a,PFL1,-0.023809524
FB5W_a,PFL2,-1.0138888
FB5W_a,PFL3,-2.3888888
FB5W_a,PFR_a,-0.11309524
FB5W_a,PFR_b,-0.17708333
FB5W_a,PPL102,-0.5
FB5W_a,SAF,-0.041666668
FB5W_a,SMP108,-0.16666667
FB5W_a,SMP109,-0.16666667
FB5W_a,SMP446,-0.33333334
FB5W_a,SMP713m,-0.16666667
FB5W_a,hDeltaA,-6.5972223
FB5W_a,hDeltaB,-0.00877193
FB5W_a,hDeltaC,-1.0166667
FB5W_a,hDeltaH,-0.7291667
FB5W_a,hDeltaI,-7.8627453
FB5W_a,hDeltaJ,-0.13440861
FB5W_a,hDeltaK,-0.043010753
FB5W_a,hDeltaM,-14.9375
FB5W_a,vDeltaE,-0.009259259
FB5W_a,vDeltaF,-0.009259259
FB5W_a,vDeltaG,-0.06481481
FB5W_a,vDeltaH,-0.09259259
FB5W_a,vDeltaI_a,-0.14705883
FB5W_a,vDeltaI_b,-0.083333336
FB5W_a,vDeltaJ,-0.060606062
FB5W_a,vDeltaK,-0.028368793
FB5W_a,vDeltaM,-0.003030303
FB5W_b,CRE021,-0.16666667
FB5W_b,EL,-0.018518519
FB5W_b,EPG,-0.036231883
FB5W_b,EPGt,-0.083333336
FB5W_b,FB1J,-0.16666667
FB5W_b,FB2D,-0.055555556
FB5W_b,FB4A_a,-0.11111111
FB5W_b,FB4C,-0.16666667
FB5W_b,FB4E_a,-0.53333336
FB5W_b,FB4E_b,-1.0833334
FB5W_b,FB4F_a,-0.083333336
FB5W_b,FB4F_c,-0.5
FB5W_b,FB4G,-0.16666667
FB5W_b,FB4H,-0.16666667
FB5W_b,FB4I,-0.16666667
FB5W_b,FB4K,-0.083333336
FB5W_b,FB4N,-0.16666667
FB5W_b,FB4O,-0.055555556
FB5W_b,FB4P_a,-0.5833333
FB5W_b,FB4P_c,-0.16666667
FB5W_b,FB4Q_b,-0.16666667
FB5W_b,FB4Q_c,-0.22222222
FB5W_b,FB4Y,-0.5833333
FB5W_b,FB4Z_a,-0.16666667
FB5W_b,FB4Z_c,-0.16666667
FB5W_b,FB5A,-0.083333336
FB5W_b,FB5D,-0.44444445
FB5W_b,FB5E,-0.8333333
FB5W_b,FB5H,-0.5
FB5W_b,FB5K,-0.8333333
FB5W_b,FB5M,-2.0
FB5W_b,FB5N,-1.0
FB5W_b,FB5R,-0.083333336
FB5W_b,FB5T,-0.16666667
FB5W_b,FB5V_a,-0.16666667
FB5W_b,FB5V_c,-0.06666667
FB5W_b,FB5W_a,-1.1111112
FB5W_b,FB5X,-0.6111111
FB5W_b,FB6U,-0.16666667
FB5W_b,FB6W,-0.16666667
FB5W_b,FB7E,-0.055555556
FB5W_b,FC1C_a,-0.1388889
FB5W_b,FC1C_b,-0.09803922
FB5W_b,FC2A,-6.1296296
FB5W_b,FC2B,-1.1728395
FB5W_b,FC2C,-0.23404256
FB5W_b,FC3_a,-0.019607844
FB5W_b,FR1,-0.12962963
FB5W_b,FR2,-0.25925925
FB5W_b,FS1A_a,-0.14583333
FB5W_b,FS1A_b,-0.102564104
FB5W_b,FS1A_c,-0.055555556
FB5W_b,FS1B_a,-0.051282052
FB5W_b,FS2,-0.08730159
FB5W_b,FS3_d,-0.010752688
FB5W_b,LNO2,-0.16666667
FB5W_b,LNOa,-0.16666667
FB5W_b,MBON35,-0.33333334
FB5W_b,OA-VPM3,-0.16666667
FB5W_b,PFGs,-0.09259259
FB5W_b,PFL1,-0.023809524
FB5W_b,PFL2,-1.1111112
FB5W_b,PFL3,-1.7777778
FB5W_b,PFR_a,-0.04761905
FB5W_b,PFR_b,-0.0625
FB5W_b,PPL102,-0.33333334
FB5W_b,PPL108,-0.33333334
FB5W_b,hDeltaA,-4.25
FB5W_b,hDeltaC,-0.11666667
FB5W_b,hDeltaG,-0.083333336
FB5W_b,hDeltaH,-0.29166666
FB5W_b,hDeltaI,-2.2156863
FB5W_b,hDeltaJ,-0.043010753
FB5W_b,hDeltaK,-0.05376344
FB5W_b,hDeltaM,-2.3333333
FB5W_b,vDeltaH,-0.037037037
FB5W_b,vDeltaI_a,-0.019607844
FB5W_b,vDeltaJ,-0.060606062
FB5W_b,vDeltaK,-0.04255319
FB5W_b,vDeltaM,-0.006060606
FB5X,CB1062,-0.041666668
FB5X,CRE006,-0.16666667
FB5X,CRE011,-0.33333334
FB5X,EPG,-0.0036231885
FB5X,ER2_a,-0.013888889
FB5X,ER4d,-0.0064102565
FB5X,ExR5,-3.0833333
FB5X,FB1H,-0.6666667
FB5X,FB2G_b,-0.027777778
FB5X,FB4A_a,-0.25
FB5X,FB4A_b,-0.6666667
FB5X,FB4D_b,-0.25
FB5X,FB4D_c,-0.083333336
FB5X,FB4E_a,-0.1
FB5X,FB4E_b,-0.125
FB5X,FB4F_a,-2.6666667
FB5X,FB4F_b,-1.25
FB5X,FB4F_c,-0.8611111
FB5X,FB4G,-0.083333336
FB5X,FB4H,-0.083333336
FB5X,FB4I,-0.9166667
FB5X,FB4J,-0.9166667
FB5X,FB4K,-0.16666667
FB5X,FB4M,-0.125
FB5X,FB4N,-0.083333336
FB5X,FB4O,-0.8611111
FB5X,FB4P_a,-0.25
FB5X,FB4P_b,-0.5
FB5X,FB4P_c,-1.0
FB5X,FB4Q_a,-0.33333334
FB5X,FB4Q_b,-5.25
FB5X,FB4Q_c,-1.2222222
FB5X,FB4R,-0.027777778
FB5X,FB4X,-0.41666666
FB5X,FB4Y,-1.125
FB5X,FB4Z_a,-0.45833334
FB5X,FB4Z_b,-0.2777778
FB5X,FB4Z_c,-0.625
FB5X,FB5A,-11.75
FB5X,FB5C,-0.33333334
FB5X,FB5D,-1.1111112
FB5X,FB5E,-2.0
FB5X,FB5F,-2.0833333
FB5X,FB5G_a,-0.083333336
FB5X,FB5G_b,-0.083333336
FB5X,FB5G_c,-0.083333336
FB5X,FB5H,-0.16666667
FB5X,FB5J,-0.41666666
FB5X,FB5K,-0.083333336
FB5X,FB5M,-3.3333333
FB5X,FB5N,-11.041667
FB5X,FB5O,-1.6666666
FB5X,FB5P,-0.083333336
FB5X,FB5Q,-0.33333334
FB5X,FB5R,-0.41666666
FB5X,FB5S,-0.037037037
FB5X,FB5T,-0.16666667
FB5X,FB5U,-0.29166666
FB5X,FB5V_a,-0.055555556
FB5X,FB5V_c,-0.23333333
FB5X,FB5W_a,-22.972221
FB5X,FB5W_b,-12.888889
FB5X,FB5X,-5.5555553
FB5X,FB5Y_b,-0.16666667
FB5X,FB6N,-0.083333336
FB5X,FB7I,-0.033333335
FB5X,FC,-0.16666667
FB5X,FC1A,-0.009803922
FB5X,FC1C_a,-0.013888889
FB5X,FC1C_b,-0.029411765
FB5X,FC1D,-0.04
FB5X,FC1E,-0.03787879
FB5X,FC2A,-10.916667
FB5X,FC2B,-0.54320985
FB5X,FC2C,-0.04964539
FB5X,FC3_a,-0.029411765
FB5X,FC3_b,-0.058333334
FB5X,FC3_c,-0.022222223
FB5X,FR1,-0.083333336
FB5X,FR2,-0.083333336
FB5X,FS1A_a,-2.8645833
FB5X,FS1A_b,-2.3461537
FB5X,FS1A_c,-2.601852
FB5X,FS1B_a,-2.7820513
FB5X,FS1B_b,-0.44791666
FB5X,FS2,-0.071428575
FB5X,FS3,-0.083333336
FB5X,FS3_c,-0.035714287
FB5X,FS3_d,-0.005376344
FB5X,FS4A,-0.00877193
FB5X,FS4B,-0.0057471264
FB5X,FS4C,-0.011904762
FB5X,LAL200,-0.16666667
FB5X,PFGs,-0.018518519
FB5X,PFL1,-0.023809524
FB5X,PFL2,-8.736111
FB5X,PFL3,-9.923611
FB5X,PFNp_d,-0.05357143
FB5X,PFR_a,-0.32738096
FB5X,PFR_b,-0.8020833
FB5X,PPL103,-0.16666667
FB5X,SIP087,-0.16666667
FB5X,SMP108,-0.16666667
FB5X,SMP122,-0.16666667
FB5X,SMP471,-0.16666667
FB5X,hDeltaA,-22.875
FB5X,hDeltaB,-0.01754386
FB5X,hDeltaC,-0.06666667
FB5X,hDeltaG,-0.020833334
FB5X,hDeltaH,-0.7916667
FB5X,hDeltaI,-0.84313726
FB5X,hDeltaJ,-0.15053764
FB5X,hDeltaK,-0.10752688
FB5X,hDeltaM,-10.0
FB5X,vDeltaG,-0.027777778
FB5X,vDeltaH,-0.055555556
FB5X,vDeltaI_a,-0.009803922
FB5X,vDeltaI_b,-0.033333335
FB5X,vDeltaJ,-0.07575758
FB5X,vDeltaK,-0.021276595
FB5X,vDeltaM,-0.5272727
FB5Y_a,ExR3,-0.25
FB5Y_a,FB2C,-0.1
FB5Y_a,FB2G_b,-0.083333336
FB5Y_a,FB2M_a,-0.125
FB5Y_a,FB4Y,-0.25
FB5Y_a,FB4Z_c,-0.125
FB5Y_a,FB5A,-0.375
FB5Y_a,FB5AA,-3.5
FB5Y_a,FB5AB,-6.5
FB5Y_a,FB5B,-3.0833333
FB5Y_a,FB5C,-4.6666665
FB5Y_a,FB5G_a,-0.5
FB5Y_a,FB5G_c,-1.75
FB5Y_a,FB5H,-0.5
FB5Y_a,FB5I,-5.0
FB5Y_a,FB5J,-18.75
FB5Y_a,FB5L,-4.75
FB5Y_a,FB5M,-7.0
FB5Y_a,FB5N,-34.875
FB5Y_a,FB5O,-2.5
FB5Y_a,FB5Q,-1.125
FB5Y_a,FB5S,-10.0
FB5Y_a,FB5U,-1.375
FB5Y_a,FB5V_c,-0.1
FB5Y_a,FB5W_a,-0.083333336
FB5Y_a,FB5Y_a,-6.75
FB5Y_a,FB5Y_b,-14.5
FB5Y_a,FB5Z,-2.5
FB5Y_a,FB6A_a,-1.25
FB5Y_a,FB6A_b,-31.0
FB5Y_a,FB6A_c,-12.5
FB5Y_a,FB6B,-0.5
FB5Y_a,FB6C_a,-0.5
FB5Y_a,FB6C_b,-2.8333333
FB5Y_a,FB6D,-9.25
FB5Y_a,FB6E,-2.75
FB5Y_a,FB6F,-2.5
FB5Y_a,FB6G,-0.5
FB5Y_a,FB6H,-2.25
FB5Y_a,FB6I,-1.25
FB5Y_a,FB6J,-4.1
FB5Y_a,FB6K,-25.25
FB5Y_a,FB6L,-1.5
FB5Y_a,FB6M,-0.5
FB5Y_a,FB6N,-4.0
FB5Y_a,FB6O,-0.5
FB5Y_a,FB6P,-32.75
FB5Y_a,FB6Q,-0.25
FB5Y_a,FB6R,-1.5
FB5Y_a,FB6S,-0.8125
FB5Y_a,FB6U,-0.5
FB5Y_a,FB6V,-4.0
FB5Y_a,FB6W,-5.5
FB5Y_a,FB6X,-2.0
FB5Y_a,FB6Z,-0.5
FB5Y_a,FB7A,-0.083333336
FB5Y_a,FB7D_a,-0.125
FB5Y_a,FB7D_b,-0.375
FB5Y_a,FB7E,-0.16666667
FB5Y_a,FB7I,-0.1
FB5Y_a,FC2B,-5.1666665
FB5Y_a,FC2C,-3.031915
FB5Y_a,FC3_a,-0.2647059
FB5Y_a,FC3_b,-0.125
FB5Y_a,FC3_c,-0.33333334
FB5Y_a,FR1,-0.083333336
FB5Y_a,FS1A_a,-1.1875
FB5Y_a,FS1A_b,-1.7692307
FB5Y_a,FS1A_c,-0.5555556
FB5Y_a,FS1B_a,-0.53846157
FB5Y_a,FS1B_b,-0.5
FB5Y_a,FS2,-0.70238096
FB5Y_a,FS3_a,-0.26666668
FB5Y_a,FS3_b,-0.10714286
FB5Y_a,FS3_c,-0.39285713
FB5Y_a,FS3_d,-0.048387095
FB5Y_a,FS4C,-0.05357143
FB5Y_a,OA-VPM3,-4.25
FB5Y_a,PFGs,-0.9166667
FB5Y_a,PFL2,-4.25
FB5Y_a,PFL3,-3.6041667
FB5Y_a,PFR_a,-0.17857143
FB5Y_a,PFR_b,-0.0625
FB5Y_a,hDeltaA,-0.20833333
FB5Y_a,hDeltaC,-8.2
FB5Y_a,hDeltaE,-0.0625
FB5Y_a,hDeltaF,-1.25
FB5Y_a,hDeltaG,-17.3125
FB5Y_a,hDeltaH,-0.375
FB5Y_a,hDeltaJ,-0.20967741
FB5Y_a,hDeltaK,-0.24193548
FB5Y_a,hDeltaL,-3.3636363
FB5Y_a,hDeltaM,-35.3125
FB5Y_a,vDeltaC,-0.037037037
FB5Y_a,vDeltaD,-0.3809524
FB5Y_a,vDeltaE,-3.3888888
FB5Y_a,vDeltaF,-2.3333333
FB5Y_a,vDeltaG,-0.083333336
FB5Y_a,vDeltaI_b,-0.025
FB5Y_b,ExR3,-1.0
FB5Y_b,FB2F_b,-0.16666667
FB5Y_b,FB2G_b,-0.083333336
FB5Y_b,FB2M_a,-0.25
FB5Y_b,FB2M_b,-0.25
FB5Y_b,FB4N,-0.25
FB5Y_b,FB5A,-0.75
FB5Y_b,FB5AA,-1.75
FB5Y_b,FB5AB,-5.5
FB5Y_b,FB5B,-2.0833333
FB5Y_b,FB5C,-0.5
FB5Y_b,FB5D,-0.16666667
FB5Y_b,FB5G_a,-0.875
FB5Y_b,FB5G_c,-0.5
FB5Y_b,FB5I,-4.0
FB5Y_b,FB5J,-5.75
FB5Y_b,FB5L,-2.0
FB5Y_b,FB5M,-2.25
FB5Y_b,FB5N,-8.5
FB5Y_b,FB5O,-1.25
FB5Y_b,FB5Q,-0.25
FB5Y_b,FB5R,-0.125
FB5Y_b,FB5S,-5.8333335
FB5Y_b,FB5U,-0.125
FB5Y_b,FB5Y_a,-14.25
FB5Y_b,FB5Y_b,-6.5
FB5Y_b,FB5Z,-1.875
FB5Y_b,FB6A_a,-3.0
FB5Y_b,FB6A_b,-42.0
FB5Y_b,FB6A_c,-10.75
FB5Y_b,FB6B,-1.75
FB5Y_b,FB6C_a,-1.25
FB5Y_b,FB6C_b,-3.8333333
FB5Y_b,FB6D,-9.0
FB5Y_b,FB6E,-6.75
FB5Y_b,FB6F,-12.25
FB5Y_b,FB6G,-1.5
FB5Y_b,FB6H,-14.25
FB5Y_b,FB6I,-5.25
FB5Y_b,FB6J,-8.7
FB5Y_b,FB6K,-39.0
FB5Y_b,FB6L,-3.6666667
FB5Y_b,FB6M,-1.0
FB5Y_b,FB6N,-3.25
FB5Y_b,FB6O,-3.75
FB5Y_b,FB6P,-29.25
FB5Y_b,FB6Q,-2.5
FB5Y_b,FB6R,-1.625
FB5Y_b,FB6S,-0.6875
FB5Y_b,FB6T,-0.625
FB5Y_b,FB6U,-3.5
FB5Y_b,FB6V,-6.0
FB5Y_b,FB6W,-4.0
FB5Y_b,FB6X,-4.0
FB5Y_b,FB6Y,-0.25
FB5Y_b,FB6Z,-2.75
FB5Y_b,FB7A,-0.5
FB5Y_b,FB7D_a,-2.375
FB5Y_b,FB7D_b,-2.875
FB5Y_b,FB7E,-0.25
FB5Y_b,FB7H,-0.25
FB5Y_b,FB7I,-1.1
FB5Y_b,FB7J,-1.375
FB5Y_b,FB7L,-0.25
FB5Y_b,FC1F,-0.1
FB5Y_b,FC2B,-2.7037036
FB5Y_b,FC2C,-4.1702127
FB5Y_b,FC3_a,-0.20588236
FB5Y_b,FC3_b,-0.025
FB5Y_b,FC3_c,-0.13333334
FB5Y_b,FR1,-0.19444445
FB5Y_b,FS1A_a,-0.5625
FB5Y_b,FS1A_b,-2.0
FB5Y_b,FS1A_c,-0.33333334
FB5Y_b,FS1B_a,-0.115384616
FB5Y_b,FS1B_b,-0.59375
FB5Y_b,FS2,-0.78571427
FB5Y_b,FS3_a,-0.93333334
FB5Y_b,FS3_b,-0.5
FB5Y_b,FS3_c,-0.6785714
FB5Y_b,FS3_d,-0.14516129
FB5Y_b,FS4A,-0.01754386
FB5Y_b,FS4B,-0.03448276
FB5Y_b,FS4C,-0.23214285
FB5Y_b,OA-VPM3,-3.5
FB5Y_b,PFGs,-3.5833333
FB5Y_b,PFL2,-2.125
FB5Y_b,PFL3,-1.5
FB5Y_b,PFR_a,-0.071428575
FB5Y_b,PFR_b,-0.03125
FB5Y_b,hDeltaC,-9.325
FB5Y_b,hDeltaE,-0.125
FB5Y_b,hDeltaF,-7.25
FB5Y_b,hDeltaG,-8.875
FB5Y_b,hDeltaH,-0.0625
FB5Y_b,hDeltaK,-0.30645162
FB5Y_b,hDeltaL,-10.545455
FB5Y_b,hDeltaM,-14.1875
FB5Y_b,vDeltaC,-0.35185185
FB5Y_b,vDeltaD,-2.1666667
FB5Y_b,vDeltaE,-3.3055556
FB5Y_b,vDeltaF,-0.6388889
FB5Z,EPG,-0.097826086
FB5Z,ExR3,-0.125
FB5Z,ExR5,-0.1875
FB5Z,FB2A,-0.0625
FB5Z,FB2C,-0.05
FB5Z,FB2L,-0.0625
FB5Z,FB4A_a,-0.041666668
FB5Z,FB4C,-0.125
FB5Z,FB4N,-0.375
FB5Z,FB4O,-0.29166666
FB5Z,FB4P_b,-0.083333336
FB5Z,FB4P_c,-0.125
FB5Z,FB4Q_a,-0.375
FB5Z,FB4Q_b,-0.125
FB5Z,FB4Q_c,-0.33333334
FB5Z,FB4R,-0.16666667
FB5Z,FB4X,-0.25
FB5Z,FB4Y,-3.6875
FB5Z,FB4Z_a,-0.8125
FB5Z,FB4Z_b,-1.6666666
FB5Z,FB4Z_c,-0.1875
FB5Z,FB5A,-0.9375
FB5Z,FB5AA,-2.125
FB5Z,FB5AB,-1.875
FB5Z,FB5B,-0.41666666
FB5Z,FB5C,-1.6666666
FB5Z,FB5D,-0.5833333
FB5Z,FB5E,-0.25
FB5Z,FB5F,-0.125
FB5Z,FB5G_a,-0.25
FB5Z,FB5G_b,-0.125
FB5Z,FB5G_c,-0.125
FB5Z,FB5H,-0.25
FB5Z,FB5I,-0.875
FB5Z,FB5J,-0.25
FB5Z,FB5K,-0.125
FB5Z,FB5L,-0.25
FB5Z,FB5M,-0.125
FB5Z,FB5N,-0.875
FB5Z,FB5O,-1.625
FB5Z,FB5P,-1.75
FB5Z,FB5Q,-0.375
FB5Z,FB5R,-5.875
FB5Z,FB5S,-35.86111
FB5Z,FB5T,-1.75
FB5Z,FB5U,-11.75
FB5Z,FB5V_a,-0.083333336
FB5Z,FB5V_b,-0.041666668
FB5Z,FB5V_c,-0.25
FB5Z,FB5W_a,-0.041666668
FB5Z,FB5X,-0.20833333
FB5Z,FB5Y_a,-9.625
FB5Z,FB5Y_b,-3.0
FB5Z,FB5Z,-1.5625
FB5Z,FB6A_c,-0.125
FB5Z,FB6C_a,-0.125
FB5Z,FB6F,-0.25
FB5Z,FB6J,-7.35
FB5Z,FB6K,-0.5
FB5Z,FB6L,-13.833333
FB5Z,FB6M,-0.0625
FB5Z,FB6N,-0.625
FB5Z,FB6P,-0.625
FB5Z,FB6Q,-0.125
FB5Z,FB6R,-0.8125
FB5Z,FB6S,-0.15625
FB5Z,FB6T,-0.125
FB5Z,FB6U,-0.0625
FB5Z,FB6V,-0.875
FB5Z,FB6W,-2.375
FB5Z,FB6X,-0.875
FB5Z,FB7C,-0.1
FB5Z,FB7D_b,-0.3125
FB5Z,FB7E,-0.5
FB5Z,FB7G,-0.0625
FB5Z,FB7H,-0.25
FB5Z,FB7I,-0.15
FB5Z,FB7J,-0.0625
FB5Z,FB7L,-0.041666668
FB5Z,FB8G,-0.041666668
FB5Z,FB8I,-0.083333336
FB5Z,FC,-0.083333336
FB5Z,FC2A,-0.013888889
FB5Z,FC2B,-0.24074075
FB5Z,FC2C,-0.11170213
FB5Z,FC3_a,-0.45588234
FB5Z,FC3_b,-0.2625
FB5Z,FC3_c,-0.2
FB5Z,FR1,-0.16666667
FB5Z,FS1A_a,-0.15625
FB5Z,FS1A_b,-0.03846154
FB5Z,FS1A_c,-0.083333336
FB5Z,FS1B_a,-0.3653846
FB5Z,FS1B_b,-0.359375
FB5Z,FS2,-1.3392857
FB5Z,FS3_a,-0.05
FB5Z,FS3_b,-0.035714287
FB5Z,FS3_c,-0.05357143
FB5Z,FS4A,-0.013157895
FB5Z,FS4C,-0.026785715
FB5Z,OA-VPM3,-1.125
FB5Z,PFGs,-0.097222224
FB5Z,PFL2,-0.45833334
FB5Z,PFL3,-0.052083332
FB5Z,PFR_a,-0.8035714
FB5Z,PFR_b,-0.375
FB5Z,PPL102,-0.25
FB5Z,SMP185,-0.25
FB5Z,SMP471,-0.25
FB5Z,hDeltaB,-0.013157895
FB5Z,hDeltaC,-0.2625
FB5Z,hDeltaE,-0.03125
FB5Z,hDeltaF,-0.03125
FB5Z,hDeltaG,-31.125
FB5Z,hDeltaH,-3.21875
FB5Z,hDeltaI,-0.014705882
FB5Z,hDeltaJ,-0.008064516
FB5Z,hDeltaK,-0.09677419
FB5Z,hDeltaL,-0.8181818
FB5Z,hDeltaM,-0.125
FB5Z,vDeltaE,-0.20833333
FB5Z,vDeltaF,-0.2777778
FB5Z,vDeltaG,-0.027777778
FB5Z,vDeltaI_a,-0.029411765
FB5Z,vDeltaI_b,-0.025
FB5Z,vDeltaK,-0.026595745
FB6A_a,AstA1,-3.0
FB6A_a,ExR1,-9.625
FB6A_a,ExR3,-60.25
FB6A_a,ExR5,-0.125
FB6A_a,FB1F,-0.25
FB6A_a,FB1I,-0.5
FB6A_a,FB1J,-1.0
FB6A_a,FB2G_b,-0.16666667
FB6A_a,FB4X,-0.25
FB6A_a,FB4Z_a,-0.0625
FB6A_a,FB5AA,-2.5
FB6A_a,FB5AB,-3.5
FB6A_a,FB5B,-1.5
FB6A_a,FB5C,-0.33333334
FB6A_a,FB5G_a,-4.75
FB6A_a,FB5G_b,-2.25
FB6A_a,FB5G_c,-0.75
FB6A_a,FB5H,-0.75
FB6A_a,FB5I,-1.0
FB6A_a,FB5J,-1.5
FB6A_a,FB5O,-1.0
FB6A_a,FB5S,-1.1111112
FB6A_a,FB5Y_a,-4.75
FB6A_a,FB5Y_b,-12.25
FB6A_a,FB5Z,-0.125
FB6A_a,FB6A_a,-57.5
FB6A_a,FB6A_b,-66.0
FB6A_a,FB6A_c,-40.25
FB6A_a,FB6B,-4.75
FB6A_a,FB6C_a,-21.75
FB6A_a,FB6C_b,-31.666666
FB6A_a,FB6D,-106.25
FB6A_a,FB6E,-6.75
FB6A_a,FB6F,-7.25
FB6A_a,FB6G,-7.0
FB6A_a,FB6H,-35.25
FB6A_a,FB6I,-19.25
FB6A_a,FB6J,-5.3
FB6A_a,FB6K,-5.25
FB6A_a,FB6L,-2.1666667
FB6A_a,FB6M,-21.625
FB6A_a,FB6N,-2.5
FB6A_a,FB6O,-4.5
FB6A_a,FB6P,-4.75
FB6A_a,FB6Q,-5.25
FB6A_a,FB6R,-17.125
FB6A_a,FB6S,-0.9375
FB6A_a,FB6T,-1.0
FB6A_a,FB6U,-13.875
FB6A_a,FB6V,-10.0
FB6A_a,FB6W,-0.25
FB6A_a,FB6X,-4.5
FB6A_a,FB6Y,-11.75
FB6A_a,FB6Z,-1.5
FB6A_a,FB7A,-1.4166666
FB6A_a,FB7B,-3.25
FB6A_a,FB7C,-1.1
FB6A_a,FB7D_a,-0.875
FB6A_a,FB7D_b,-2.375
FB6A_a,FB7E,-2.25
FB6A_a,FB7F,-1.75
FB6A_a,FB7G,-22.75
FB6A_a,FB7H,-4.0
FB6A_a,FB7I,-21.5
FB6A_a,FB7J,-1.375
FB6A_a,FB7L,-0.41666666
FB6A_a,FB7M,-0.5
FB6A_a,FB8B,-2.875
FB6A_a,FB8C,-0.375
FB6A_a,FB8E,-0.2
FB6A_a,FB8F_a,-0.35714287
FB6A_a,FB8F_b,-0.055555556
FB6A_a,FB8G,-0.16666667
FB6A_a,FB8H,-0.083333336
FB6A_a,FB8I,-0.33333334
FB6A_a,FB9A,-0.16666667
FB6A_a,FB9B_b,-1.5
FB6A_a,FB9C,-0.25
FB6A_a,FC,-2.3333333
FB6A_a,FC1C_a,-1.4166666
FB6A_a,FC1C_b,-0.0882353
FB6A_a,FC1F,-0.13333334
FB6A_a,FC2B,-0.4074074
FB6A_a,FC2C,-2.8404255
FB6A_a,FC3_a,-2.0
FB6A_a,FC3_b,-0.55
FB6A_a,FC3_c,-4.0666666
FB6A_a,FR1,-0.11111111
FB6A_a,FS1A_b,-5.3461537
FB6A_a,FS1A_c,-0.19444445
FB6A_a,FS1B_b,-0.09375
FB6A_a,FS2,-1.3214285
FB6A_a,FS3,-0.25
FB6A_a,FS3_a,-6.3
FB6A_a,FS3_b,-7.142857
FB6A_a,FS3_c,-6.142857
FB6A_a,FS3_d,-0.5483871
FB6A_a,FS4A,-0.1491228
FB6A_a,FS4B,-0.03448276
FB6A_a,FS4C,-0.21428572
FB6A_a,OA-VPM3,-35.75
FB6A_a,PFGs,-34.083332
FB6A_a,PFL2,-0.041666668
FB6A_a,PFL3,-0.083333336
FB6A_a,PFR_b,-0.28125
FB6A_a,SAF,-1.25
FB6A_a,SMP108,-11.5
FB6A_a,SMP109,-1.0
FB6A_a,hDeltaC,-36.7
FB6A_a,hDeltaD,-3.6875
FB6A_a,hDeltaE,-1.9375
FB6A_a,hDeltaF,-236.6875
FB6A_a,hDeltaG,-2.25
FB6A_a,hDeltaI,-0.029411765
FB6A_a,hDeltaJ,-0.032258064
FB6A_a,hDeltaK,-22.419355
FB6A_a,hDeltaL,-24.0
FB6A_a,vDeltaA_a,-0.27857143
FB6A_a,vDeltaA_b,-0.09677419
FB6A_a,vDeltaB,-0.032258064
FB6A_a,vDeltaC,-0.8333333
FB6A_a,vDeltaD,-3.3333333
FB6A_a,vDeltaE,-1.0555556
FB6A_a,vDeltaF,-0.5555556
FB6A_a,vDeltaG,-0.083333336
FB6A_b,AN27X013,-0.16666667
FB6A_b,ExR1,-9.125
FB6A_b,ExR3,-13.0
FB6A_b,ExR5,-0.625
FB6A_b,ExR7,-0.125
FB6A_b,FB1A,-0.5
FB6A_b,FB2F_a,-0.083333336
FB6A_b,FB2F_c,-0.125
FB6A_b,FB2G_b,-0.5833333
FB6A_b,FB2L,-0.25
FB6A_b,FB4N,-1.0
FB6A_b,FB4Z_b,-0.5
FB6A_b,FB5A,-1.5
FB6A_b,FB5AA,-3.0
FB6A_b,FB5AB,-5.0
FB6A_b,FB5B,-1.9166666
FB6A_b,FB5G_a,-3.875
FB6A_b,FB5G_b,-6.75
FB6A_b,FB5G_c,-0.5
FB6A_b,FB5H,-20.25
FB6A_b,FB5I,-2.0
FB6A_b,FB5J,-22.75
FB6A_b,FB5N,-0.125
FB6A_b,FB5O,-3.5
FB6A_b,FB5Q,-0.25
FB6A_b,FB5S,-1.8888888
FB6A_b,FB5Y_a,-8.75
FB6A_b,FB5Y_b,-14.0
FB6A_b,FB5Z,-0.5
FB6A_b,FB6A_a,-48.25
FB6A_b,FB6A_b,-41.5
FB6A_b,FB6A_c,-16.75
FB6A_b,FB6B,-11.75
FB6A_b,FB6C_a,-7.75
FB6A_b,FB6C_b,-16.0
FB6A_b,FB6D,-39.75
FB6A_b,FB6E,-12.75
FB6A_b,FB6F,-7.75
FB6A_b,FB6G,-13.25
FB6A_b,FB6H,-22.5
FB6A_b,FB6I,-19.75
FB6A_b,FB6J,-8.2
FB6A_b,FB6K,-5.75
FB6A_b,FB6L,-3.1666667
FB6A_b,FB6M,-18.25
FB6A_b,FB6N,-3.5
FB6A_b,FB6O,-5.0
FB6A_b,FB6P,-14.75
FB6A_b,FB6Q,-4.0
FB6A_b,FB6R,-3.25
FB6A_b,FB6S,-0.5
FB6A_b,FB6T,-1.375
FB6A_b,FB6U,-17.625
FB6A_b,FB6V,-15.5
FB6A_b,FB6W,-14.5
FB6A_b,FB6X,-5.75
FB6A_b,FB6Y,-3.0
FB6A_b,FB6Z,-2.0
FB6A_b,FB7A,-2.0833333
FB6A_b,FB7B,-4.5
FB6A_b,FB7C,-0.3
FB6A_b,FB7D_a,-3.0
FB6A_b,FB7D_b,-4.25
FB6A_b,FB7E,-2.8333333
FB6A_b,FB7F,-0.5
FB6A_b,FB7G,-24.625
FB6A_b,FB7H,-0.75
FB6A_b,FB7I,-21.2
FB6A_b,FB7J,-1.0
FB6A_b,FB7K,-0.125
FB6A_b,FB7L,-0.9166667
FB6A_b,FB8C,-0.25
FB6A_b,FB8F_a,-0.071428575
FB6A_b,FB8G,-0.25
FB6A_b,FB8I,-2.5833333
FB6A_b,FC,-2.5
FB6A_b,FC1C_a,-1.0416666
FB6A_b,FC1C_b,-0.1764706
FB6A_b,FC1F,-0.13333334
FB6A_b,FC2B,-0.7222222
FB6A_b,FC2C,-3.0106382
FB6A_b,FC3_a,-1.9705882
FB6A_b,FC3_b,-0.475
FB6A_b,FC3_c,-2.2666667
FB6A_b,FR1,-0.16666667
FB6A_b,FS1A_a,-0.5
FB6A_b,FS1A_b,-3.7307692
FB6A_b,FS1A_c,-0.5
FB6A_b,FS1B_b,-0.09375
FB6A_b,FS2,-1.3095238
FB6A_b,FS3,-0.25
FB6A_b,FS3_a,-4.9
FB6A_b,FS3_b,-5.642857
FB6A_b,FS3_c,-5.642857
FB6A_b,FS3_d,-0.66129035
FB6A_b,FS4A,-0.04385965
FB6A_b,FS4B,-0.06896552
FB6A_b,FS4C,-0.25
FB6A_b,OA-VPM3,-33.25
FB6A_b,PFGs,-16.527779
FB6A_b,PFL2,-0.45833334
FB6A_b,PFL3,-0.5
FB6A_b,PFR_b,-0.125
FB6A_b,SMP185,-0.5
FB6A_b,hDeltaC,-29.1
FB6A_b,hDeltaD,-0.125
FB6A_b,hDeltaE,-1.0
FB6A_b,hDeltaF,-289.25
FB6A_b,hDeltaG,-20.4375
FB6A_b,hDeltaJ,-0.048387095
FB6A_b,hDeltaK,-6.080645
FB6A_b,hDeltaL,-20.363636
FB6A_b,hDeltaM,-2.3125
FB6A_b,vDeltaC,-0.7592593
FB6A_b,vDeltaD,-2.0238094
FB6A_b,vDeltaE,-1.6388888
FB6A_b,vDeltaF,-0.5277778
FB6A_c,DPM,-0.5
FB6A_c,ExR1,-13.5
FB6A_c,ExR3,-62.5
FB6A_c,FB1A,-0.125
FB6A_c,FB1J,-0.25
FB6A_c,FB2G_b,-0.083333336
FB6A_c,FB2L,-0.25
FB6A_c,FB4N,-1.5
FB6A_c,FB5A,-7.375
FB6A_c,FB5AA,-8.0
FB6A_c,FB5AB,-7.25
FB6A_c,FB5B,-9.583333
FB6A_c,FB5C,-1.8333334
FB6A_c,FB5D,-0.33333334
FB6A_c,FB5G_a,-14.75
FB6A_c,FB5G_b,-2.5
FB6A_c,FB5G_c,-12.75
FB6A_c,FB5H,-1.0
FB6A_c,FB5I,-6.25
FB6A_c,FB5J,-15.25
FB6A_c,FB5L,-1.0
FB6A_c,FB5N,-0.25
FB6A_c,FB5O,-4.5
FB6A_c,FB5Q,-0.875
FB6A_c,FB5S,-2.6666667
FB6A_c,FB5Y_a,-12.0
FB6A_c,FB5Y_b,-13.0
FB6A_c,FB5Z,-0.75
FB6A_c,FB6A_a,-25.0
FB6A_c,FB6A_b,-22.75
FB6A_c,FB6A_c,-33.25
FB6A_c,FB6B,-2.25
FB6A_c,FB6C_a,-1.25
FB6A_c,FB6C_b,-15.25
FB6A_c,FB6D,-42.25
FB6A_c,FB6E,-5.0
FB6A_c,FB6F,-4.5
FB6A_c,FB6G,-0.75
FB6A_c,FB6H,-4.25
FB6A_c,FB6I,-3.0
FB6A_c,FB6J,-4.0
FB6A_c,FB6K,-4.5
FB6A_c,FB6L,-2.6666667
FB6A_c,FB6M,-14.75
FB6A_c,FB6N,-2.5
FB6A_c,FB6O,-4.25
FB6A_c,FB6P,-10.25
FB6A_c,FB6Q,-13.5
FB6A_c,FB6R,-7.125
FB6A_c,FB6S,-2.375
FB6A_c,FB6T,-0.625
FB6A_c,FB6U,-5.25
FB6A_c,FB6V,-6.0
FB6A_c,FB6W,-5.25
FB6A_c,FB6X,-3.0
FB6A_c,FB6Y,-1.25
FB6A_c,FB6Z,-2.0
FB6A_c,FB7D_b,-1.0
FB6A_c,FB7F,-0.125
FB6A_c,FB7G,-0.625
FB6A_c,FB7H,-1.75
FB6A_c,FB7I,-2.2
FB6A_c,FB7J,-0.125
FB6A_c,FB7L,-0.16666667
FB6A_c,FB8I,-0.083333336
FB6A_c,FC1C_a,-0.16666667
FB6A_c,FC1C_b,-0.20588236
FB6A_c,FC1F,-0.13333334
FB6A_c,FC2B,-1.1851852
FB6A_c,FC2C,-6.255319
FB6A_c,FC3_a,-4.2058825
FB6A_c,FC3_b,-2.9
FB6A_c,FC3_c,-2.3333333
FB6A_c,FR1,-0.7222222
FB6A_c,FS1A_a,-0.1875
FB6A_c,FS1A_b,-5.1923075
FB6A_c,FS1A_c,-1.1388888
FB6A_c,FS1B_a,-0.03846154
FB6A_c,FS1B_b,-0.28125
FB6A_c,FS2,-8.0
FB6A_c,FS3_a,-3.6
FB6A_c,FS3_b,-1.0714285
FB6A_c,FS3_c,-3.75
FB6A_c,FS3_d,-0.14516129
FB6A_c,FS4A,-0.04385965
FB6A_c,FS4B,-0.06896552
FB6A_c,FS4C,-0.08928572
FB6A_c,OA-VPM3,-72.75
FB6A_c,PEG,-0.055555556
FB6A_c,PFGs,-26.444445
FB6A_c,PFL2,-2.25
FB6A_c,PFL3,-3.125
FB6A_c,PFR_a,-0.75
FB6A_c,PFR_b,-3.75
FB6A_c,SMP108,-14.5
FB6A_c,hDeltaC,-87.125
FB6A_c,hDeltaE,-0.6875
FB6A_c,hDeltaF,-66.4375
FB6A_c,hDeltaG,-14.0625
FB6A_c,hDeltaI,-0.0882353
FB6A_c,hDeltaJ,-0.43548387
FB6A_c,hDeltaK,-18.532259
FB6A_c,hDeltaL,-11.0
FB6A_c,hDeltaM,-12.5625
FB6A_c,vDeltaB,-0.016129032
FB6A_c,vDeltaC,-0.037037037
FB6A_c,vDeltaD,-1.0476191
FB6A_c,vDeltaE,-1.5277778
FB6A_c,vDeltaF,-1.75
FB6A_c,vDeltaG,-0.1388889
FB6A_c,vDeltaI_a,-0.029411765
FB6B,ExR3,-0.25
FB6B,FB1I,-1.5
FB6B,FB1J,-0.25
FB6B,FB4Z_b,-0.16666667
FB6B,FB5AB,-2.0
FB6B,FB5B,-0.41666666
FB6B,FB5G_a,-0.25
FB6B,FB5G_c,-0.25
FB6B,FB5J,-0.25
FB6B,FB5O,-0.25
FB6B,FB5S,-0.7777778
FB6B,FB5Y_a,-1.75
FB6B,FB5Y_b,-1.25
FB6B,FB5Z,-0.25
FB6B,FB6A_a,-3.75
FB6B,FB6A_b,-23.0
FB6B,FB6A_c,-1.0
FB6B,FB6B,-1.5
FB6B,FB6C_a,-5.0
FB6B,FB6C_b,-3.4166667
FB6B,FB6D,-2.25
FB6B,FB6E,-2.75
FB6B,FB6F,-11.5
FB6B,FB6G,-9.75
FB6B,FB6H,-42.75
FB6B,FB6I,-9.0
FB6B,FB6J,-9.0
FB6B,FB6K,-30.375
FB6B,FB6L,-3.6666667
FB6B,FB6M,-1.625
FB6B,FB6N,-0.25
FB6B,FB6O,-5.25
FB6B,FB6P,-6.75
FB6B,FB6Q,-2.25
FB6B,FB6R,-1.0
FB6B,FB6S,-0.375
FB6B,FB6T,-1.125
FB6B,FB6U,-4.625
FB6B,FB6V,-1.0
FB6B,FB6W,-0.25
FB6B,FB6X,-0.5
FB6B,FB6Y,-1.25
FB6B,FB6Z,-16.5
FB6B,FB7A,-1.5833334
FB6B,FB7C,-1.4
FB6B,FB7D_a,-11.75
FB6B,FB7D_b,-10.75
FB6B,FB7E,-2.4166667
FB6B,FB7F,-0.125
FB6B,FB7G,-0.75
FB6B,FB7H,-4.5
FB6B,FB7I,-4.3
FB6B,FB7J,-8.125
FB6B,FB7L,-0.5833333
FB6B,FB8B,-0.125
FB6B,FB8C,-0.125
FB6B,FB8F_a,-0.21428572
FB6B,FB8F_b,-0.055555556
FB6B,FB8G,-0.16666667
FB6B,FB8H,-0.083333336
FB6B,FC2B,-0.4814815
FB6B,FC2C,-3.6382978
FB6B,FC3_a,-0.029411765
FB6B,FR1,-0.027777778
FB6B,FS1A_b,-1.0384616
FB6B,FS1A_c,-0.055555556
FB6B,FS1B_b,-0.71875
FB6B,FS2,-0.5833333
FB6B,FS3,-1.25
FB6B,FS3_a,-2.3666666
FB6B,FS3_b,-2.2142856
FB6B,FS3_c,-2.9642856
FB6B,FS3_d,-0.41935483
FB6B,FS4A,-0.01754386
FB6B,FS4B,-0.15517241
FB6B,FS4C,-1.1071428
FB6B,OA-VPM3,-0.5
FB6B,PFGs,-3.0833333
FB6B,PFL3,-0.041666668
FB6B,hDeltaA,-0.041666668
FB6B,hDeltaC,-5.15
FB6B,hDeltaE,-3.5
FB6B,hDeltaF,-20.5625
FB6B,hDeltaG,-0.4375
FB6B,hDeltaK,-0.16129032
FB6B,hDeltaL,-9.318182
FB6B,hDeltaM,-0.0625
FB6B,vDeltaA_b,-0.016129032
FB6B,vDeltaB,-0.22580644
FB6B,vDeltaC,-3.5185184
FB6B,vDeltaD,-3.8333333
FB6B,vDeltaE,-0.30555555
FB6B,vDeltaF,-0.027777778
FB6C_a,AN27X013,-2.0
FB6C_a,DNc02,-2.75
FB6C_a,ExR1,-0.5
FB6C_a,ExR3,-4.25
FB6C_a,ExR5,-0.25
FB6C_a,ExR7,-0.375
FB6C_a,FB1E_a,-0.3
FB6C_a,FB1I,-3.5
FB6C_a,FB1J,-0.25
FB6C_a,FB2E,-0.25
FB6C_a,FB2F_a,-0.083333336
FB6C_a,FB2F_d,-0.125
FB6C_a,FB2G_b,-0.083333336
FB6C_a,FB2M_b,-0.25
FB6C_a,FB4N,-0.5
FB6C_a,FB5AB,-0.5
FB6C_a,FB5B,-1.6666666
FB6C_a,FB5G_a,-0.25
FB6C_a,FB5H,-0.5
FB6C_a,FB5I,-0.25
FB6C_a,FB5S,-0.5
FB6C_a,FB5Y_a,-3.25
FB6C_a,FB5Y_b,-5.0
FB6C_a,FB5Z,-0.125
FB6C_a,FB6A_a,-25.25
FB6C_a,FB6A_b,-10.5
FB6C_a,FB6A_c,-5.0
FB6C_a,FB6B,-14.0
FB6C_a,FB6C_a,-21.0
FB6C_a,FB6C_b,-15.583333
FB6C_a,FB6D,-6.25
FB6C_a,FB6E,-6.75
FB6C_a,FB6F,-21.5
FB6C_a,FB6G,-12.0
FB6C_a,FB6H,-68.75
FB6C_a,FB6I,-22.0
FB6C_a,FB6J,-11.4
FB6C_a,FB6K,-2.5
FB6C_a,FB6L,-4.6666665
FB6C_a,FB6M,-3.625
FB6C_a,FB6N,-1.25
FB6C_a,FB6O,-15.5
FB6C_a,FB6P,-2.5
FB6C_a,FB6Q,-3.25
FB6C_a,FB6R,-6.0
FB6C_a,FB6S,-1.25
FB6C_a,FB6T,-1.375
FB6C_a,FB6U,-3.75
FB6C_a,FB6V,-1.75
FB6C_a,FB6X,-1.25
FB6C_a,FB6Y,-16.5
FB6C_a,FB6Z,-14.0
FB6C_a,FB7A,-9.25
FB6C_a,FB7B,-4.75
FB6C_a,FB7C,-1.7
FB6C_a,FB7D_a,-10.25
FB6C_a,FB7D_b,-11.625
FB6C_a,FB7E,-2.25
FB6C_a,FB7F,-1.5
FB6C_a,FB7G,-10.875
FB6C_a,FB7H,-5.25
FB6C_a,FB7I,-7.4
FB6C_a,FB7J,-3.625
FB6C_a,FB7K,-0.75
FB6C_a,FB7L,-2.8333333
FB6C_a,FB7M,-0.25
FB6C_a,FB8A,-0.5
FB6C_a,FB8B,-0.125
FB6C_a,FB8C,-0.375
FB6C_a,FB8E,-0.3
FB6C_a,FB8F_a,-0.42857143
FB6C_a,FB8F_b,-0.16666667
FB6C_a,FB8G,-1.0
FB6C_a,FB8I,-1.4166666
FB6C_a,FC1C_a,-0.375
FB6C_a,FC2B,-0.37037036
FB6C_a,FC2C,-3.6382978
FB6C_a,FC3_a,-0.029411765
FB6C_a,FC3_c,-0.16666667
FB6C_a,FR1,-0.055555556
FB6C_a,FS1A_a,-0.03125
FB6C_a,FS1A_b,-1.2692307
FB6C_a,FS1A_c,-0.1388889
FB6C_a,FS1B_b,-0.03125
FB6C_a,FS2,-0.5952381
FB6C_a,FS3,-0.25
FB6C_a,FS3_a,-1.6333333
FB6C_a,FS3_b,-1.7142857
FB6C_a,FS3_c,-1.3214285
FB6C_a,FS3_d,-0.4032258
FB6C_a,FS4A,-0.00877193
FB6C_a,FS4B,-0.06896552
FB6C_a,FS4C,-0.39285713
FB6C_a,OA-VPM3,-10.0
FB6C_a,PAM09,-1.75
FB6C_a,PFGs,-14.0
FB6C_a,PFL2,-0.041666668
FB6C_a,PFL3,-0.020833334
FB6C_a,SMP108,-0.5
FB6C_a,hDeltaC,-2.05
FB6C_a,hDeltaD,-0.3125
FB6C_a,hDeltaE,-15.5
FB6C_a,hDeltaF,-96.9375
FB6C_a,hDeltaG,-0.375
FB6C_a,hDeltaK,-0.33870968
FB6C_a,hDeltaL,-31.681818
FB6C_a,vDeltaB,-0.17741935
FB6C_a,vDeltaC,-0.9444444
FB6C_a,vDeltaD,-1.0952381
FB6C_a,vDeltaE,-0.11111111
FB6C_b,AN27X013,-0.44444445
FB6C_b,AOTU046,-0.125
FB6C_b,DNc02,-0.5
FB6C_b,EL,-0.009259259
FB6C_b,ExR1,-1.4583334
FB6C_b,ExR3,-7.5833335
FB6C_b,ExR5,-0.625
FB6C_b,ExR7,-0.125
FB6C_b,FB1A,-0.125
FB6C_b,FB1I,-1.0833334
FB6C_b,FB2F_a,-0.027777778
FB6C_b,FB2G_b,-0.11111111
FB6C_b,FB4N,-0.33333334
FB6C_b,FB4P_a,-0.041666668
FB6C_b,FB4X,-0.083333336
FB6C_b,FB4Z_b,-0.11111111
FB6C_b,FB5A,-0.25
FB6C_b,FB5AA,-2.4166667
FB6C_b,FB5AB,-4.1666665
FB6C_b,FB5B,-2.3055556
FB6C_b,FB5C,-0.44444445
FB6C_b,FB5D,-0.16666667
FB6C_b,FB5E,-0.25
FB6C_b,FB5G_a,-1.375
FB6C_b,FB5G_b,-0.8333333
FB6C_b,FB5G_c,-0.75
FB6C_b,FB5H,-1.25
FB6C_b,FB5I,-2.3333333
FB6C_b,FB5J,-0.75
FB6C_b,FB5L,-3.5833333
FB6C_b,FB5N,-0.29166666
FB6C_b,FB5O,-0.6666667
FB6C_b,FB5Q,-0.041666668
FB6C_b,FB5R,-0.041666668
FB6C_b,FB5S,-2.3703704
FB6C_b,FB5U,-0.083333336
FB6C_b,FB5X,-0.027777778
FB6C_b,FB5Y_a,-14.916667
FB6C_b,FB5Y_b,-13.333333
FB6C_b,FB5Z,-0.375
FB6C_b,FB6A_a,-24.0
FB6C_b,FB6A_b,-18.416666
FB6C_b,FB6A_c,-15.5
FB6C_b,FB6B,-4.3333335
FB6C_b,FB6C_a,-10.25
FB6C_b,FB6C_b,-14.388889
FB6C_b,FB6D,-11.916667
FB6C_b,FB6E,-6.4166665
FB6C_b,FB6F,-14.25
FB6C_b,FB6G,-3.5
FB6C_b,FB6H,-21.333334
FB6C_b,FB6I,-7.5
FB6C_b,FB6J,-8.833333
FB6C_b,FB6K,-3.5416667
FB6C_b,FB6L,-6.388889
FB6C_b,FB6M,-6.0416665
FB6C_b,FB6N,-16.0
FB6C_b,FB6O,-19.916666
FB6C_b,FB6P,-3.0
FB6C_b,FB6Q,-3.9166667
FB6C_b,FB6R,-13.583333
FB6C_b,FB6S,-0.8958333
FB6C_b,FB6T,-0.625
FB6C_b,FB6U,-4.1666665
FB6C_b,FB6V,-5.0833335
FB6C_b,FB6W,-2.4166667
FB6C_b,FB6X,-1.1666666
FB6C_b,FB6Y,-2.6666667
FB6C_b,FB6Z,-2.8333333
FB6C_b,FB7A,-1.3611112
FB6C_b,FB7C,-0.2
FB6C_b,FB7D_a,-1.25
FB6C_b,FB7D_b,-2.5833333
FB6C_b,FB7E,-0.7222222
FB6C_b,FB7F,-0.25
FB6C_b,FB7G,-2.5416667
FB6C_b,FB7H,-3.0833333
FB6C_b,FB7I,-4.266667
FB6C_b,FB7J,-0.41666666
FB6C_b,FB7L,-0.3611111
FB6C_b,FB8A,-0.16666667
FB6C_b,FB8C,-0.041666668
FB6C_b,FB8F_a,-0.21428572
FB6C_b,FB8F_b,-0.018518519
FB6C_b,FB8G,-0.25
FB6C_b,FB8H,-0.055555556
FB6C_b,FB8I,-0.027777778
FB6C_b,FB9B_d,-0.041666668
FB6C_b,FC,-1.0555556
FB6C_b,FC1C_a,-0.3472222
FB6C_b,FC1C_b,-0.029411765
FB6C_b,FC1F,-0.044444446
FB6C_b,FC2B,-0.75308645
FB6C_b,FC2C,-3.3156028
FB6C_b,FC3_a,-0.2647059
FB6C_b,FC3_b,-0.075
FB6C_b,FC3_c,-0.8
FB6C_b,FR1,-0.5462963
FB6C_b,FS1A_a,-0.19791667
FB6C_b,FS1A_b,-3.1153846
FB6C_b,FS1A_c,-0.2037037
FB6C_b,FS1B_a,-0.08974359
FB6C_b,FS1B_b,-0.28125
FB6C_b,FS2,-0.5833333
FB6C_b,FS3,-0.16666667
FB6C_b,FS3_a,-1.2333333
FB6C_b,FS3_b,-1.2619047
FB6C_b,FS3_c,-0.9404762
FB6C_b,FS3_d,-0.20430107
FB6C_b,FS4A,-0.023391813
FB6C_b,FS4B,-0.022988506
FB6C_b,FS4C,-0.22023809
FB6C_b,OA-VPM3,-36.916668
FB6C_b,PAM09,-0.16666667
FB6C_b,PFGs,-14.787037
FB6C_b,PFL2,-0.041666668
FB6C_b,PFL3,-0.0625
FB6C_b,PFR_a,-0.083333336
FB6C_b,PFR_b,-0.125
FB6C_b,SAF,-0.020833334
FB6C_b,SMP108,-3.8333333
FB6C_b,hDeltaA,-0.013888889
FB6C_b,hDeltaC,-16.933332
FB6C_b,hDeltaE,-1.4375
FB6C_b,hDeltaF,-62.270832
FB6C_b,hDeltaG,-12.291667
FB6C_b,hDeltaH,-0.083333336
FB6C_b,hDeltaJ,-0.016129032
FB6C_b,hDeltaK,-1.1881721
FB6C_b,hDeltaL,-35.863636
FB6C_b,hDeltaM,-0.041666668
FB6C_b,vDeltaC,-0.2654321
FB6C_b,vDeltaD,-1.6587301
FB6C_b,vDeltaE,-1.9351852
FB6C_b,vDeltaF,-0.4814815
FB6C_b,vDeltaG,-0.018518519
FB6D,AN27X013,-0.33333334
FB6D,DNc02,-0.5
FB6D,EL,-0.027777778
FB6D,ExR1,-7.0
FB6D,ExR3,-36.25
FB6D,FB1E_b,-0.25
FB6D,FB1I,-0.5
FB6D,FB2G_b,-0.16666667
FB6D,FB4C,-0.75
FB6D,FB4N,-0.25
FB6D,FB5A,-0.25
FB6D,FB5AA,-2.25
FB6D,FB5AB,-1.75
FB6D,FB5B,-3.0
FB6D,FB5C,-0.16666667
FB6D,FB5G_a,-2.875
FB6D,FB5G_b,-1.25
FB6D,FB5G_c,-0.5
FB6D,FB5H,-1.75
FB6D,FB5I,-1.0
FB6D,FB5J,-1.0
FB6D,FB5S,-1.9444444
FB6D,FB5Y_a,-4.75
FB6D,FB5Y_b,-9.0
FB6D,FB6A_a,-63.25
FB6D,FB6A_b,-40.25
FB6D,FB6A_c,-45.5
FB6D,FB6B,-2.25
FB6D,FB6C_a,-7.0
FB6D,FB6C_b,-11.5
FB6D,FB6D,-16.75
FB6D,FB6E,-4.5
FB6D,FB6F,-4.0
FB6D,FB6G,-2.25
FB6D,FB6H,-11.75
FB6D,FB6I,-8.75
FB6D,FB6J,-3.3
FB6D,FB6K,-4.125
FB6D,FB6L,-1.5
FB6D,FB6M,-9.125
FB6D,FB6N,-1.25
FB6D,FB6O,-1.75
FB6D,FB6P,-5.75
FB6D,FB6Q,-7.25
FB6D,FB6R,-2.375
FB6D,FB6S,-1.125
FB6D,FB6T,-1.625
FB6D,FB6U,-7.75
FB6D,FB6V,-6.25
FB6D,FB6W,-0.75
FB6D,FB6X,-2.0
FB6D,FB6Y,-0.75
FB6D,FB6Z,-1.25
FB6D,FB7A,-0.8333333
FB6D,FB7B,-0.75
FB6D,FB7C,-0.1
FB6D,FB7D_a,-0.5
FB6D,FB7D_b,-0.625
FB6D,FB7E,-0.41666666
FB6D,FB7G,-4.625
FB6D,FB7H,-2.0
FB6D,FB7I,-5.4
FB6D,FB7J,-0.375
FB6D,FB7K,-0.25
FB6D,FB7L,-0.41666666
FB6D,FB8G,-0.33333334
FB6D,FC,-0.16666667
FB6D,FC1C_a,-0.5
FB6D,FC1C_b,-0.05882353
FB6D,FC1F,-0.06666667
FB6D,FC2B,-0.7777778
FB6D,FC2C,-5.606383
FB6D,FC3_a,-1.0294118
FB6D,FC3_b,-0.45
FB6D,FC3_c,-1.2
FB6D,FR1,-0.22222222
FB6D,FS1A_a,-0.1875
FB6D,FS1A_b,-4.9615383
FB6D,FS1A_c,-0.1388889
FB6D,FS1B_b,-0.125
FB6D,FS2,-2.3690476
FB6D,FS3_a,-4.266667
FB6D,FS3_b,-1.6071428
FB6D,FS3_c,-2.6785715
FB6D,FS3_d,-0.12903225
FB6D,FS4B,-0.03448276
FB6D,FS4C,-0.25
FB6D,OA-VPM3,-128.75
FB6D,PFGs,-14.222222
FB6D,PFL2,-0.7083333
FB6D,PFL3,-0.75
FB6D,PFR_a,-0.017857144
FB6D,PFR_b,-0.40625
FB6D,SMP108,-11.5
FB6D,hDeltaC,-42.9
FB6D,hDeltaE,-0.75
FB6D,hDeltaF,-127.9375
FB6D,hDeltaG,-4.75
FB6D,hDeltaJ,-0.032258064
FB6D,hDeltaK,-8.854838
FB6D,hDeltaL,-16.818182
FB6D,hDeltaM,-1.875
FB6D,vDeltaB,-0.016129032
FB6D,vDeltaC,-0.12962963
FB6D,vDeltaD,-1.0714285
FB6D,vDeltaE,-0.7222222
FB6D,vDeltaG,-0.055555556
FB6E,EPG,-0.010869565
FB6E,ExR1,-0.25
FB6E,ExR3,-3.25
FB6E,ExR5,-0.125
FB6E,FB1I,-6.0
FB6E,FB1J,-1.5
FB6E,FB2I_a,-0.1
FB6E,FB4X,-0.25
FB6E,FB4Y,-0.375
FB6E,FB4Z_c,-0.125
FB6E,FB5A,-3.625
FB6E,FB5AA,-0.25
FB6E,FB5AB,-24.5
FB6E,FB5B,-2.3333333
FB6E,FB5G_a,-0.625
FB6E,FB5G_b,-0.25
FB6E,FB5H,-0.25
FB6E,FB5I,-1.75
FB6E,FB5J,-3.75
FB6E,FB5L,-1.75
FB6E,FB5M,-0.25
FB6E,FB5N,-1.375
FB6E,FB5S,-1.3333334
FB6E,FB5Y_a,-3.0
FB6E,FB5Y_b,-5.0
FB6E,FB5Z,-0.5
FB6E,FB6A_a,-4.5
FB6E,FB6A_b,-12.0
FB6E,FB6A_c,-6.25
FB6E,FB6B,-2.5
FB6E,FB6C_a,-3.75
FB6E,FB6C_b,-5.6666665
FB6E,FB6D,-3.25
FB6E,FB6E,-81.25
FB6E,FB6F,-3.5
FB6E,FB6G,-18.5
FB6E,FB6H,-15.75
FB6E,FB6I,-5.5
FB6E,FB6J,-3.5
FB6E,FB6K,-2.0
FB6E,FB6L,-0.33333334
FB6E,FB6M,-4.75
FB6E,FB6N,-11.75
FB6E,FB6O,-29.75
FB6E,FB6P,-39.25
FB6E,FB6Q,-14.75
FB6E,FB6R,-1.0
FB6E,FB6S,-0.3125
FB6E,FB6T,-4.625
FB6E,FB6U,-2.125
FB6E,FB6V,-2.5
FB6E,FB6W,-0.75
FB6E,FB6X,-0.5
FB6E,FB6Y,-1.5
FB6E,FB6Z,-18.5
FB6E,FB7A,-0.8333333
FB6E,FB7B,-0.5
FB6E,FB7C,-0.3
FB6E,FB7D_a,-2.125
FB6E,FB7D_b,-3.75
FB6E,FB7E,-0.41666666
FB6E,FB7F,-0.125
FB6E,FB7G,-0.5
FB6E,FB7H,-12.25
FB6E,FB7I,-0.4
FB6E,FB7J,-2.125
FB6E,FB7K,-0.375
FB6E,FB7L,-0.25
FB6E,FB8A,-0.25
FB6E,FB8F_b,-0.055555556
FB6E,FC2B,-8.407408
FB6E,FC2C,-7.1702127
FB6E,FC3_a,-0.44117647
FB6E,FC3_b,-0.25
FB6E,FC3_c,-0.16666667
FB6E,FR1,-0.027777778
FB6E,FS1A_a,-0.0625
FB6E,FS1A_b,-0.23076923
FB6E,FS1A_c,-0.027777778
FB6E,FS1B_b,-0.03125
FB6E,FS2,-0.32142857
FB6E,FS3_a,-0.23333333
FB6E,FS3_b,-0.14285715
FB6E,FS3_c,-0.53571427
FB6E,FS3_d,-0.17741935
FB6E,FS4A,-0.01754386
FB6E,FS4B,-0.01724138
FB6E,FS4C,-0.125
FB6E,OA-VPM3,-1.0
FB6E,PAM09,-0.25
FB6E,PFGs,-1.4722222
FB6E,PFL1,-0.035714287
FB6E,PFL3,-0.020833334
FB6E,hDeltaC,-40.05
FB6E,hDeltaD,-0.0625
FB6E,hDeltaE,-0.5
FB6E,hDeltaF,-33.9375
FB6E,hDeltaG,-1.75
FB6E,hDeltaJ,-0.016129032
FB6E,hDeltaK,-0.12903225
FB6E,hDeltaL,-3.6818182
FB6E,hDeltaM,-0.125
FB6E,vDeltaA_b,-0.032258064
FB6E,vDeltaB,-3.064516
FB6E,vDeltaC,-17.018518
FB6E,vDeltaD,-27.833334
FB6E,vDeltaE,-16.972221
FB6E,vDeltaF,-1.8055556
FB6F,ExR3,-1.5
FB6F,FB1D,-0.1
FB6F,FB1I,-0.75
FB6F,FB1J,-0.5
FB6F,FB2G_b,-0.41666666
FB6F,FB4N,-0.5
FB6F,FB5A,-5.5
FB6F,FB5AA,-1.25
FB6F,FB5AB,-1.75
FB6F,FB5B,-1.0
FB6F,FB5C,-0.16666667
FB6F,FB5G_a,-0.125
FB6F,FB5I,-0.25
FB6F,FB5L,-0.5
FB6F,FB5N,-0.125
FB6F,FB5O,-0.25
FB6F,FB5S,-4.2222223
FB6F,FB5Y_a,-1.0
FB6F,FB5Y_b,-3.0
FB6F,FB5Z,-0.125
FB6F,FB6A_a,-1.75
FB6F,FB6A_b,-7.25
FB6F,FB6A_c,-2.5
FB6F,FB6B,-4.5
FB6F,FB6C_a,-10.0
FB6F,FB6C_b,-7.4166665
FB6F,FB6D,-2.75
FB6F,FB6E,-3.75
FB6F,FB6F,-10.0
FB6F,FB6G,-2.75
FB6F,FB6H,-5.5
FB6F,FB6I,-11.25
FB6F,FB6J,-15.3
FB6F,FB6K,-3.0
FB6F,FB6L,-9.666667
FB6F,FB6M,-4.125
FB6F,FB6N,-3.0
FB6F,FB6O,-8.75
FB6F,FB6P,-3.25
FB6F,FB6Q,-0.75
FB6F,FB6R,-3.875
FB6F,FB6S,-0.125
FB6F,FB6U,-3.25
FB6F,FB6V,-2.5
FB6F,FB6W,-0.5
FB6F,FB6X,-1.5
FB6F,FB6Y,-4.75
FB6F,FB6Z,-3.5
FB6F,FB7A,-0.6666667
FB6F,FB7B,-0.5
FB6F,FB7C,-0.3
FB6F,FB7D_a,-4.625
FB6F,FB7D_b,-12.25
FB6F,FB7E,-1.0
FB6F,FB7G,-0.875
FB6F,FB7H,-7.5
FB6F,FB7I,-2.4
FB6F,FB7J,-1.375
FB6F,FB7K,-0.5
FB6F,FB7L,-0.5
FB6F,FB7M,-0.75
FB6F,FB8C,-0.5
FB6F,FB8F_a,-0.14285715
FB6F,FC,-0.33333334
FB6F,FC1C_b,-0.05882353
FB6F,FC2B,-2.0370371
FB6F,FC2C,-10.882978
FB6F,FC3_a,-0.0882353
FB6F,FC3_b,-0.025
FB6F,FC3_c,-0.26666668
FB6F,FR1,-0.2777778
FB6F,FR2,-0.027777778
FB6F,FS1A_a,-0.0625
FB6F,FS1A_b,-1.7692307
FB6F,FS1A_c,-0.16666667
FB6F,FS2,-0.5
FB6F,FS3_a,-0.36666667
FB6F,FS3_b,-0.4642857
FB6F,FS3_c,-0.35714287
FB6F,FS3_d,-0.2580645
FB6F,FS4A,-0.07017544
FB6F,FS4B,-0.01724138
FB6F,FS4C,-0.071428575
FB6F,OA-VPM3,-0.75
FB6F,PFGs,-5.861111
FB6F,PFL2,-0.083333336
FB6F,PFL3,-0.14583333
FB6F,PFR_a,-0.017857144
FB6F,hDeltaC,-2.05
FB6F,hDeltaD,-0.125
FB6F,hDeltaE,-13.375
FB6F,hDeltaF,-36.5
FB6F,hDeltaG,-68.5
FB6F,hDeltaH,-0.0625
FB6F,hDeltaJ,-0.032258064
FB6F,hDeltaK,-0.22580644
FB6F,hDeltaL,-125.63636
FB6F,vDeltaA_a,-0.007142857
FB6F,vDeltaB,-0.016129032
FB6F,vDeltaC,-0.16666667
FB6F,vDeltaD,-0.6666667
FB6F,vDeltaE,-1.0277778
FB6F,vDeltaF,-0.1388889
FB6G,AN27X013,-0.16666667
FB6G,ExR1,-0.25
FB6G,ExR3,-1.25
FB6G,FB1I,-2.75
FB6G,FB1J,-0.25
FB6G,FB5A,-0.25
FB6G,FB5AA,-3.5
FB6G,FB5AB,-2.0
FB6G,FB5B,-0.16666667
FB6G,FB5G_a,-0.125
FB6G,FB5G_b,-0.25
FB6G,FB5I,-0.25
FB6G,FB5S,-1.1666666
FB6G,FB5Y_a,-0.5
FB6G,FB5Y_b,-2.25
FB6G,FB6A_a,-4.5
FB6G,FB6A_b,-10.75
FB6G,FB6A_c,-1.5
FB6G,FB6B,-4.5
FB6G,FB6C_a,-6.0
FB6G,FB6C_b,-3.5
FB6G,FB6D,-2.25
FB6G,FB6E,-15.0
FB6G,FB6F,-2.5
FB6G,FB6G,-8.75
FB6G,FB6H,-22.5
FB6G,FB6I,-9.25
FB6G,FB6J,-7.6
FB6G,FB6K,-3.375
FB6G,FB6L,-13.666667
FB6G,FB6M,-2.875
FB6G,FB6N,-1.5
FB6G,FB6O,-6.75
FB6G,FB6P,-8.75
FB6G,FB6Q,-3.0
FB6G,FB6R,-10.875
FB6G,FB6S,-0.4375
FB6G,FB6T,-9.375
FB6G,FB6U,-24.125
FB6G,FB6V,-14.75
FB6G,FB6W,-0.25
FB6G,FB6X,-0.75
FB6G,FB6Y,-4.75
FB6G,FB6Z,-4.0
FB6G,FB7A,-1.5833334
FB6G,FB7B,-1.5
FB6G,FB7C,-0.3
FB6G,FB7D_a,-8.125
FB6G,FB7D_b,-9.375
FB6G,FB7E,-0.8333333
FB6G,FB7F,-6.25
FB6G,FB7G,-17.25
FB6G,FB7H,-5.25
FB6G,FB7I,-18.3
FB6G,FB7J,-1.625
FB6G,FB7K,-0.125
FB6G,FB7L,-0.75
FB6G,FB8F_a,-9.142858
FB6G,FB8F_b,-2.7777777
FB6G,FB8G,-0.16666667
FB6G,FB8H,-0.083333336
FB6G,FB8I,-0.16666667
FB6G,FC2B,-1.1111112
FB6G,FC2C,-1.9468085
FB6G,FC3_a,-0.05882353
FB6G,FC3_b,-0.05
FB6G,FC3_c,-1.0333333
FB6G,FS1A_b,-2.3461537
FB6G,FS1A_c,-0.5
FB6G,FS1B_b,-0.15625
FB6G,FS2,-0.23809524
FB6G,FS3_a,-0.23333333
FB6G,FS3_b,-0.60714287
FB6G,FS3_c,-0.39285713
FB6G,FS3_d,-0.19354838
FB6G,FS4A,-0.04385965
FB6G,FS4C,-0.25
FB6G,OA-VPM3,-0.5
FB6G,PFGs,-0.2777778
FB6G,hDeltaC,-14.925
FB6G,hDeltaD,-0.0625
FB6G,hDeltaE,-1.1875
FB6G,hDeltaF,-94.5625
FB6G,hDeltaG,-0.625
FB6G,hDeltaJ,-0.032258064
FB6G,hDeltaK,-0.08064516
FB6G,hDeltaL,-38.954544
FB6G,vDeltaB,-0.41935483
FB6G,vDeltaC,-8.777778
FB6G,vDeltaD,-16.404762
FB6G,vDeltaE,-5.611111
FB6G,vDeltaF,-0.1388889
FB6H,ExR3,1.75
FB6H,ExR5,0.125
FB6H,ExR7,0.125
FB6H,FB1F,0.25
FB6H,FB1I,1.5
FB6H,FB1J,0.25
FB6H,FB2B_a,0.125
FB6H,FB2G_b,0.16666667
FB6H,FB4A_b,0.25
FB6H,FB4C,0.75
FB6H,FB4X,0.5
FB6H,FB5AA,0.5
FB6H,FB5AB,5.0
FB6H,FB5B,0.5
FB6H,FB5E,0.25
FB6H,FB5G_a,1.25
FB6H,FB5G_b,1.5
FB6H,FB5H,0.75
FB6H,FB5J,0.25
FB6H,FB5O,0.25
FB6H,FB5Q,0.125
FB6H,FB5S,0.5
FB6H,FB5Y_a,1.0
FB6H,FB5Y_b,8.5
FB6H,FB6A_a,22.0
FB6H,FB6A_b,17.0
FB6H,FB6A_c,5.25
FB6H,FB6B,36.25
FB6H,FB6C_a,32.25
FB6H,FB6C_b,15.833333
FB6H,FB6D,11.5
FB6H,FB6E,21.25
FB6H,FB6F,16.5
FB6H,FB6G,56.25
FB6H,FB6H,20.25
FB6H,FB6I,65.0
FB6H,FB6J,10.1
FB6H,FB6K,7.625
FB6H,FB6L,3.5
FB6H,FB6M,3.375
FB6H,FB6N,0.5
FB6H,FB6O,5.25
FB6H,FB6P,4.5
FB6H,FB6Q,3.0
FB6H,FB6R,0.875
FB6H,FB6S,0.6875
FB6H,FB6T,2.25
FB6H,FB6U,4.0
FB6H,FB6V,2.5
FB6H,FB6W,0.75
FB6H,FB6X,1.0
FB6H,FB6Y,2.0
FB6H,FB6Z,20.75
FB6H,FB7A,6.6666665
FB6H,FB7B,2.0
FB6H,FB7C,1.3
FB6H,FB7D_a,14.625
FB6H,FB7D_b,12.125
FB6H,FB7E,2.75
FB6H,FB7F,0.5
FB6H,FB7G,2.25
FB6H,FB7H,3.5
FB6H,FB7I,3.4
FB6H,FB7J,7.875
FB6H,FB7K,0.875
FB6H,FB7L,4.25
FB6H,FB7M,0.25
FB6H,FB8F_a,0.14285715
FB6H,FB8F_b,0.16666667
FB6H,FB8G,0.5833333
FB6H,FB8I,0.6666667
FB6H,FC2B,0.44444445
FB6H,FC2C,2.255319
FB6H,FC3_a,0.11764706
FB6H,FC3_c,0.16666667
FB6H,FS1A_a,0.0625
FB6H,FS1A_b,0.7307692
FB6H,FS1A_c,0.083333336
FB6H,FS1B_b,0.15625
FB6H,FS2,0.60714287
FB6H,FS3,0.25
FB6H,FS3_a,1.3333334
FB6H,FS3_b,0.71428573
FB6H,FS3_c,0.96428573
FB6H,FS3_d,0.24193548
FB6H,FS4A,0.01754386
FB6H,FS4B,0.03448276
FB6H,FS4C,0.375
FB6H,OA-VPM3,1.75
FB6H,PFGs,2.0277777
FB6H,PFL2,0.041666668
FB6H,PFL3,0.020833334
FB6H,SAF,0.0625
FB6H,hDeltaC,7.95
FB6H,hDeltaD,0.0625
FB6H,hDeltaE,1.75
FB6H,hDeltaF,19.4375
FB6H,hDeltaG,0.1875
FB6H,hDeltaK,0.48387095
FB6H,hDeltaL,10.909091
FB6H,vDeltaB,0.20967741
FB6H,vDeltaC,3.648148
FB6H,vDeltaD,3.642857
FB6H,vDeltaE,0.6666667
FB6I,AN27X013,-0.33333334
FB6I,ExR1,-1.0
FB6I,ExR3,-2.0
FB6I,FB1D,-0.1
FB6I,FB1I,-2.25
FB6I,FB1J,-0.25
FB6I,FB4X,-0.25
FB6I,FB5A,-0.125
FB6I,FB5AA,-1.25
FB6I,FB5AB,-1.0
FB6I,FB5B,-1.3333334
FB6I,FB5G_b,-1.0
FB6I,FB5H,-0.25
FB6I,FB5I,-0.25
FB6I,FB5J,-0.25
FB6I,FB5S,-1.0
FB6I,FB5Y_a,-1.0
FB6I,FB5Y_b,-2.25
FB6I,FB5Z,-0.125
FB6I,FB6A_a,-12.75
FB6I,FB6A_b,-16.0
FB6I,FB6A_c,-3.0
FB6I,FB6B,-7.25
FB6I,FB6C_a,-11.25
FB6I,FB6C_b,-7.25
FB6I,FB6D,-5.75
FB6I,FB6E,-6.0
FB6I,FB6F,-11.75
FB6I,FB6G,-12.0
FB6I,FB6H,-40.0
FB6I,FB6I,-5.0
FB6I,FB6J,-16.3
FB6I,FB6K,-3.25
FB6I,FB6L,-7.6666665
FB6I,FB6M,-3.5
FB6I,FB6N,-1.5
FB6I,FB6O,-6.75
FB6I,FB6P,-2.5
FB6I,FB6Q,-2.25
FB6I,FB6R,-2.875
FB6I,FB6S,-0.1875
FB6I,FB6T,-1.75
FB6I,FB6U,-5.25
FB6I,FB6V,-2.0
FB6I,FB6W,-0.25
FB6I,FB6X,-1.0
FB6I,FB6Y,-10.5
FB6I,FB6Z,-8.0
FB6I,FB7A,-3.1666667
FB6I,FB7B,-1.0
FB6I,FB7C,-2.1
FB6I,FB7D_a,-7.625
FB6I,FB7D_b,-16.875
FB6I,FB7E,-1.9166666
FB6I,FB7F,-1.125
FB6I,FB7G,-12.25
FB6I,FB7H,-6.5
FB6I,FB7I,-10.9
FB6I,FB7J,-3.0
FB6I,FB7K,-0.625
FB6I,FB7L,-1.0
FB6I,FB7M,-0.25
FB6I,FB8C,-0.625
FB6I,FB8F_a,-0.5714286
FB6I,FB8G,-1.25
FB6I,FB8H,-0.083333336
FB6I,FB8I,-0.25
FB6I,FC2B,-0.37037036
FB6I,FC2C,-4.382979
FB6I,FC3_c,-0.2
FB6I,FS1A_a,-0.375
FB6I,FS1A_b,-3.5
FB6I,FS1A_c,-0.2777778
FB6I,FS1B_b,-0.0625
FB6I,FS2,-1.2738096
FB6I,FS3,-0.5
FB6I,FS3_a,-3.0
FB6I,FS3_b,-2.4285715
FB6I,FS3_c,-2.7857144
FB6I,FS3_d,-0.66129035
FB6I,FS4A,-0.00877193
FB6I,FS4B,-0.20689656
FB6I,FS4C,-0.44642857
FB6I,OA-VPM3,-15.0
FB6I,PFGs,-6.5
FB6I,SMP108,-1.0
FB6I,hDeltaC,-4.675
FB6I,hDeltaD,-0.125
FB6I,hDeltaE,-13.0625
FB6I,hDeltaF,-148.0
FB6I,hDeltaG,-1.5625
FB6I,hDeltaK,-0.5483871
FB6I,hDeltaL,-43.590908
FB6I,vDeltaB,-0.032258064
FB6I,vDeltaC,-0.7407407
FB6I,vDeltaD,-0.95238096
FB6I,vDeltaE,-0.19444445
FB6J,ExR3,-0.3
FB6J,ExR7,-0.1
FB6J,FB4A_b,-0.2
FB6J,FB4N,-0.1
FB6J,FB4Z_a,-0.025
FB6J,FB4Z_c,-0.1
FB6J,FB5A,-0.05
FB6J,FB5AA,-3.8
FB6J,FB5AB,-0.6
FB6J,FB5B,-0.56666666
FB6J,FB5C,-0.26666668
FB6J,FB5G_a,-0.05
FB6J,FB5G_c,-0.2
FB6J,FB5I,-0.3
FB6J,FB5J,-1.0
FB6J,FB5L,-0.1
FB6J,FB5O,-0.1
FB6J,FB5Q,-0.05
FB6J,FB5S,-0.37777779
FB6J,FB5U,-0.1
FB6J,FB5Y_a,-0.9
FB6J,FB5Y_b,-0.4
FB6J,FB5Z,-0.25
FB6J,FB6A_a,-1.1
FB6J,FB6A_b,-0.8
FB6J,FB6A_c,-0.4
FB6J,FB6B,-0.4
FB6J,FB6C_a,-0.2
FB6J,FB6C_b,-0.3
FB6J,FB6D,-0.1
FB6J,FB6E,-0.4
FB6J,FB6F,-2.8
FB6J,FB6G,-1.6
FB6J,FB6H,-2.6
FB6J,FB6I,-0.4
FB6J,FB6J,-0.4
FB6J,FB6K,-0.6
FB6J,FB6L,-0.2
FB6J,FB6M,-0.15
FB6J,FB6N,-0.7
FB6J,FB6O,-0.7
FB6J,FB6P,-0.6
FB6J,FB6R,-0.2
FB6J,FB6S,-0.1
FB6J,FB6U,-11.45
FB6J,FB6V,-15.3
FB6J,FB6W,-4.3
FB6J,FB6X,-4.0
FB6J,FB6Z,-0.5
FB6J,FB7C,-0.04
FB6J,FB7D_a,-0.35
FB6J,FB7D_b,-0.15
FB6J,FB7E,-1.3333334
FB6J,FB7G,-0.3
FB6J,FB7H,-0.4
FB6J,FB7I,-8.8
FB6J,FB7J,-0.1
FB6J,FB7L,-0.033333335
FB6J,FB8G,-0.06666667
FB6J,FB8I,-0.033333335
FB6J,FC2B,-0.17777778
FB6J,FC2C,-0.038297873
FB6J,FC3_a,-0.16470589
FB6J,FC3_b,-0.05
FB6J,FC3_c,-0.16
FB6J,FR1,-0.033333335
FB6J,FS1A_a,-0.05
FB6J,FS1A_b,-0.046153847
FB6J,FS1A_c,-0.022222223
FB6J,FS1B_a,-0.015384615
FB6J,FS1B_b,-0.0375
FB6J,FS2,-0.18095239
FB6J,FS3_a,-0.08
FB6J,FS3_b,-0.042857144
FB6J,FS3_c,-0.028571429
FB6J,FS4C,-0.057142857
FB6J,IPC,-0.1
FB6J,OA-VPM3,-0.1
FB6J,PFGs,-0.34444445
FB6J,PFL3,-0.016666668
FB6J,PFR_a,-0.45714286
FB6J,SAF,-0.025
FB6J,hDeltaC,-1.38
FB6J,hDeltaE,-1.6
FB6J,hDeltaF,-0.75
FB6J,hDeltaG,-11.925
FB6J,hDeltaH,-0.35
FB6J,hDeltaI,-0.03529412
FB6J,hDeltaJ,-0.10967742
FB6J,hDeltaK,-0.058064517
FB6J,hDeltaL,-22.89091
FB6J,vDeltaC,-0.06666667
FB6J,vDeltaD,-0.30476192
FB6J,vDeltaE,-0.5555556
FB6J,vDeltaF,-0.21111111
FB6J,vDeltaG,-0.21111111
FB6K,ExR3,-1.0
FB6K,FB2L,-0.0625
FB6K,FB4A_a,-0.041666668
FB6K,FB4X,-0.125
FB6K,FB4Y,-0.0625
FB6K,FB5A,-0.1875
FB6K,FB5AA,-8.0
FB6K,FB5AB,-1.625
FB6K,FB5B,-3.375
FB6K,FB5C,-2.6666667
FB6K,FB5D,-0.5833333
FB6K,FB5E,-0.125
FB6K,FB5G_a,-0.1875
FB6K,FB5G_c,-0.125
FB6K,FB5I,-1.75
FB6K,FB5J,-0.375
FB6K,FB5K,-0.125
FB6K,FB5L,-1.125
FB6K,FB5M,-1.75
FB6K,FB5N,-6.375
FB6K,FB5O,-3.125
FB6K,FB5Q,-0.125
FB6K,FB5S,-1.2222222
FB6K,FB5U,-0.125
FB6K,FB5Y_a,-9.25
FB6K,FB5Y_b,-10.625
FB6K,FB5Z,-1.625
FB6K,FB6A_a,-0.75
FB6K,FB6A_b,-1.5
FB6K,FB6A_c,-2.5
FB6K,FB6B,-6.875
FB6K,FB6C_a,-1.25
FB6K,FB6C_b,-1.5833334
FB6K,FB6D,-1.125
FB6K,FB6E,-1.625
FB6K,FB6F,-4.25
FB6K,FB6G,-1.75
FB6K,FB6H,-3.75
FB6K,FB6I,-1.0
FB6K,FB6J,-1.1
FB6K,FB6K,-0.6875
FB6K,FB6L,-1.5833334
FB6K,FB6M,-0.4375
FB6K,FB6N,-1.25
FB6K,FB6O,-1.0
FB6K,FB6P,-1.125
FB6K,FB6Q,-1.0
FB6K,FB6R,-1.1875
FB6K,FB6S,-0.15625
FB6K,FB6T,-0.0625
FB6K,FB6U,-6.875
FB6K,FB6V,-11.625
FB6K,FB6W,-4.5
FB6K,FB6X,-2.625
FB6K,FB6Y,-0.125
FB6K,FB6Z,-0.375
FB6K,FB7A,-0.20833333
FB6K,FB7B,-0.5
FB6K,FB7C,-0.2
FB6K,FB7D_a,-0.1875
FB6K,FB7D_b,-0.1875
FB6K,FB7E,-2.3333333
FB6K,FB7F,-0.0625
FB6K,FB7G,-0.9375
FB6K,FB7H,-0.875
FB6K,FB7I,-3.65
FB6K,FB7J,-0.1875
FB6K,FB7L,-1.5416666
FB6K,FB8B,-0.0625
FB6K,FB8F_a,-0.071428575
FB6K,FB8G,-0.041666668
FB6K,FC1C_b,-0.014705882
FB6K,FC2A,-0.027777778
FB6K,FC2B,-0.4537037
FB6K,FC2C,-0.31382978
FB6K,FC3_a,-0.29411766
FB6K,FC3_b,-0.05
FB6K,FC3_c,-0.38333333
FB6K,FR1,-0.16666667
FB6K,FS1A_a,-0.03125
FB6K,FS1A_b,-0.15384616
FB6K,FS1A_c,-0.055555556
FB6K,FS2,-0.5833333
FB6K,FS3,-0.25
FB6K,FS3_a,-0.3
FB6K,FS3_b,-0.39285713
FB6K,FS3_c,-0.26785713
FB6K,FS3_d,-0.17741935
FB6K,FS4A,-0.013157895
FB6K,FS4B,-0.01724138
FB6K,FS4C,-0.08035714
FB6K,OA-VPM3,-1.625
FB6K,PEG,-0.013888889
FB6K,PFGs,-0.8888889
FB6K,PFL2,-0.0625
FB6K,PFL3,-0.03125
FB6K,PFNd,-0.00625
FB6K,PFNv,-0.0125
FB6K,PFR_a,-0.2767857
FB6K,PFR_b,-0.09375
FB6K,hDeltaA,-0.104166664
FB6K,hDeltaB,-0.013157895
FB6K,hDeltaC,-6.15
FB6K,hDeltaD,-0.21875
FB6K,hDeltaE,-0.71875
FB6K,hDeltaF,-3.46875
FB6K,hDeltaG,-49.0625
FB6K,hDeltaH,-2.3125
FB6K,hDeltaJ,-0.06451613
FB6K,hDeltaK,-0.766129
FB6K,hDeltaL,-21.704546
FB6K,hDeltaM,-0.21875
FB6K,vDeltaB,-0.016129032
FB6K,vDeltaC,-0.12962963
FB6K,vDeltaD,-0.48809522
FB6K,vDeltaE,-0.9583333
FB6K,vDeltaF,-0.3472222
FB6K,vDeltaG,-0.041666668
FB6K,vDeltaI_a,-0.029411765
FB6K,vDeltaI_b,-0.0125
FB6L,FB1I,0.16666667
FB6L,FB5A,0.083333336
FB6L,FB5AA,4.6666665
FB6L,FB5AB,0.6666667
FB6L,FB5B,0.16666667
FB6L,FB5C,0.33333334
FB6L,FB5E,0.16666667
FB6L,FB5G_a,0.083333336
FB6L,FB5H,0.16666667
FB6L,FB5I,0.16666667
FB6L,FB5L,0.16666667
FB6L,FB5N,0.16666667
FB6L,FB5O,0.6666667
FB6L,FB5S,0.33333334
FB6L,FB5Y_a,0.8333333
FB6L,FB5Y_b,0.33333334
FB6L,FB5Z,1.4166666
FB6L,FB6A_b,0.33333334
FB6L,FB6C_b,0.22222222
FB6L,FB6E,0.16666667
FB6L,FB6F,0.5
FB6L,FB6G,0.16666667
FB6L,FB6H,0.16666667
FB6L,FB6J,0.26666668
FB6L,FB6K,0.25
FB6L,FB6L,0.11111111
FB6L,FB6N,0.5
FB6L,FB6P,0.33333334
FB6L,FB6R,0.41666666
FB6L,FB6S,0.041666668
FB6L,FB6U,3.8333333
FB6L,FB6V,5.1666665
FB6L,FB6W,7.5
FB6L,FB6X,7.8333335
FB6L,FB6Y,0.33333334
FB6L,FB6Z,0.16666667
FB6L,FB7A,0.055555556
FB6L,FB7D_b,0.25
FB6L,FB7E,1.4444444
FB6L,FB7I,1.4
FB6L,FB7J,0.083333336
FB6L,FC2B,0.12345679
FB6L,FC2C,0.056737587
FB6L,FC3_a,0.039215688
FB6L,FC3_b,0.016666668
FB6L,FC3_c,0.044444446
FB6L,FR1,0.018518519
FB6L,FS1A_b,0.025641026
FB6L,FS1B_b,0.0625
FB6L,FS2,0.0952381
FB6L,FS3_a,0.022222223
FB6L,FS3_b,0.023809524
FB6L,FS3_c,0.023809524
FB6L,FS4A,0.0058479533
FB6L,OA-VPM3,0.16666667
FB6L,PAM09,0.16666667
FB6L,PFGs,0.11111111
FB6L,PFR_b,0.020833334
FB6L,hDeltaA,0.027777778
FB6L,hDeltaC,0.06666667
FB6L,hDeltaE,0.125
FB6L,hDeltaF,0.375
FB6L,hDeltaG,8.416667
FB6L,hDeltaH,0.29166666
FB6L,hDeltaK,0.010752688
FB6L,hDeltaL,3.2424242
FB6L,vDeltaC,0.024691358
FB6L,vDeltaD,0.11111111
FB6L,vDeltaE,0.2037037
FB6L,vDeltaF,0.018518519
FB6M,DNc02,-0.125
FB6M,ER3a_b,-0.083333336
FB6M,ER3a_c,-0.125
FB6M,ER3d_b,-0.0125
FB6M,ER3m,-0.013888889
FB6M,ExR1,-0.4375
FB6M,ExR3,-101.75
FB6M,ExR5,-0.125
FB6M,ExR7,-0.1875
FB6M,FB1A,-0.0625
FB6M,FB1B,-0.0625
FB6M,FB1C,-7.9375
FB6M,FB1G,-0.375
FB6M,FB1H,-0.125
FB6M,FB1I,-0.125
FB6M,FB2D,-0.125
FB6M,FB2F_c,-0.0625
FB6M,FB2G_b,-0.20833333
FB6M,FB2I_a,-0.075
FB6M,FB3C,-0.07692308
FB6M,FB3E,-0.25
FB6M,FB4E_a,-0.05
FB6M,FB4E_b,-0.125
FB6M,FB4E_c,-0.375
FB6M,FB4L,-0.8125
FB6M,FB4M,-4.625
FB6M,FB4N,-0.125
FB6M,FB4Y,-0.25
FB6M,FB4Z_b,-0.083333336
FB6M,FB5A,-0.5625
FB6M,FB5AA,-0.75
FB6M,FB5AB,-1.5
FB6M,FB5B,-0.16666667
FB6M,FB5C,-0.083333336
FB6M,FB5D,-0.083333336
FB6M,FB5G_a,-5.0625
FB6M,FB5G_b,-4.5
FB6M,FB5G_c,-3.25
FB6M,FB5H,-0.125
FB6M,FB5I,-0.25
FB6M,FB5J,-0.75
FB6M,FB5O,-0.125
FB6M,FB5Q,-0.5625
FB6M,FB5S,-0.22222222
FB6M,FB5Y_b,-0.375
FB6M,FB5Z,-0.125
FB6M,FB6A_a,-11.5
FB6M,FB6A_b,-15.0
FB6M,FB6A_c,-11.875
FB6M,FB6B,-0.375
FB6M,FB6C_a,-0.5
FB6M,FB6C_b,-0.75
FB6M,FB6D,-2.25
FB6M,FB6E,-1.875
FB6M,FB6F,-0.875
FB6M,FB6G,-0.75
FB6M,FB6H,-0.75
FB6M,FB6I,-0.875
FB6M,FB6J,-0.2
FB6M,FB6K,-0.4375
FB6M,FB6L,-0.41666666
FB6M,FB6M,-1.25
FB6M,FB6O,-1.375
FB6M,FB6P,-1.375
FB6M,FB6Q,-0.5
FB6M,FB6R,-0.125
FB6M,FB6S,-1.21875
FB6M,FB6T,-0.0625
FB6M,FB6U,-1.8125
FB6M,FB6V,-4.625
FB6M,FB6W,-0.125
FB6M,FB6X,-0.375
FB6M,FB6Y,-0.125
FB6M,FB6Z,-0.375
FB6M,FB7A,-0.29166666
FB6M,FB7B,-0.75
FB6M,FB7C,-0.1
FB6M,FB7D_a,-0.0625
FB6M,FB7D_b,-0.25
FB6M,FB7E,-0.083333336
FB6M,FB7F,-0.1875
FB6M,FB7G,-0.1875
FB6M,FB7H,-1.0
FB6M,FB7I,-0.1
FB6M,FB7K,-0.125
FB6M,FB7L,-0.16666667
FB6M,FB8B,-0.25
FB6M,FB8C,-0.125
FB6M,FB8E,-0.05
FB6M,FB8F_a,-0.4642857
FB6M,FB8F_b,-0.027777778
FB6M,FB8G,-0.29166666
FB6M,FB8I,-0.083333336
FB6M,FC1F,-0.033333335
FB6M,FC2B,-0.046296295
FB6M,FC2C,-0.03723404
FB6M,FC3_a,-0.6911765
FB6M,FC3_b,-0.2375
FB6M,FC3_c,-0.8833333
FB6M,FR1,-0.013888889
FB6M,FS1A_a,-0.03125
FB6M,FS1A_c,-0.013888889
FB6M,FS1B_b,-0.015625
FB6M,FS2,-0.011904762
FB6M,FS3_a,-0.05
FB6M,FS3_b,-0.10714286
FB6M,FS3_c,-0.05357143
FB6M,FS3_d,-0.07258064
FB6M,FS4A,-0.004385965
FB6M,FS4B,-0.00862069
FB6M,FS4C,-0.017857144
FB6M,LAL208,-0.75
FB6M,MBON26,-0.25
FB6M,OA-VPM3,-0.75
FB6M,PFGs,-14.736111
FB6M,PFL2,-0.0625
FB6M,PFL3,-0.041666668
FB6M,PPL108,-0.25
FB6M,SIP064,-54.25
FB6M,SIP087,-5.0
FB6M,SMP543,-0.25
FB6M,hDeltaA,-0.020833334
FB6M,hDeltaC,-0.5375
FB6M,hDeltaD,-0.03125
FB6M,hDeltaE,-0.09375
FB6M,hDeltaF,-0.40625
FB6M,hDeltaG,-0.125
FB6M,hDeltaJ,-0.016129032
FB6M,hDeltaK,-16.088709
FB6M,hDeltaL,-0.22727273
FB6M,vDeltaB,-0.016129032
FB6M,vDeltaC,-0.018518519
FB6M,vDeltaD,-0.05952381
FB6M,vDeltaE,-0.027777778
FB6M,vDeltaI_a,-0.014705882
FB6N,CRE100,-0.5
FB6N,ExR3,-1.25
FB6N,FB1G,-0.25
FB6N,FB1H,-0.75
FB6N,FB1J,-0.25
FB6N,FB2C,-0.2
FB6N,FB2M_a,-0.125
FB6N,FB4A_a,-0.083333336
FB6N,FB4A_b,-0.75
FB6N,FB4C,-0.5
FB6N,FB4D_b,-0.75
FB6N,FB4F_c,-0.083333336
FB6N,FB4O,-0.16666667
FB6N,FB4P_a,-0.125
FB6N,FB4Y,-0.875
FB6N,FB4Z_b,-0.16666667
FB6N,FB5A,-1.0
FB6N,FB5AA,-2.25
FB6N,FB5AB,-126.0
FB6N,FB5B,-7.9166665
FB6N,FB5C,-1.6666666
FB6N,FB5D,-0.16666667
FB6N,FB5G_a,-3.375
FB6N,FB5G_b,-1.0
FB6N,FB5G_c,-0.5
FB6N,FB5H,-2.0
FB6N,FB5I,-3.75
FB6N,FB5J,-6.75
FB6N,FB5K,-1.75
FB6N,FB5L,-1.5
FB6N,FB5N,-1.25
FB6N,FB5O,-2.5
FB6N,FB5P,-0.25
FB6N,FB5Q,-0.25
FB6N,FB5R,-0.25
FB6N,FB5S,-1.5
FB6N,FB5T,-0.25
FB6N,FB5U,-0.5
FB6N,FB5W_a,-0.083333336
FB6N,FB5W_b,-0.16666667
FB6N,FB5X,-0.083333336
FB6N,FB5Y_a,-2.75
FB6N,FB5Y_b,-3.25
FB6N,FB5Z,-1.375
FB6N,FB6A_a,-0.25
FB6N,FB6A_b,-0.75
FB6N,FB6A_c,-1.0
FB6N,FB6B,-1.5
FB6N,FB6C_a,-0.25
FB6N,FB6C_b,-1.6666666
FB6N,FB6D,-0.75
FB6N,FB6E,-5.75
FB6N,FB6F,-1.5
FB6N,FB6G,-1.0
FB6N,FB6H,-0.75
FB6N,FB6J,-0.4
FB6N,FB6K,-0.5
FB6N,FB6L,-0.6666667
FB6N,FB6M,-0.375
FB6N,FB6N,-1.25
FB6N,FB6O,-1.75
FB6N,FB6P,-10.25
FB6N,FB6Q,-2.75
FB6N,FB6R,-0.875
FB6N,FB6S,-0.5625
FB6N,FB6T,-0.875
FB6N,FB6U,-0.25
FB6N,FB6V,-1.5
FB6N,FB6W,-2.5
FB6N,FB6X,-1.0
FB6N,FB6Z,-1.0
FB6N,FB7H,-0.25
FB6N,FB7I,-0.1
FB6N,FB8G,-0.083333336
FB6N,FC2A,-0.027777778
FB6N,FC2B,-1.074074
FB6N,FC2C,-0.18085106
FB6N,FC3_a,-0.20588236
FB6N,FC3_b,-0.225
FB6N,FC3_c,-0.36666667
FB6N,FR1,-0.33333334
FB6N,FR2,-0.027777778
FB6N,FS1A_a,-0.125
FB6N,FS1A_b,-0.15384616
FB6N,FS1A_c,-0.19444445
FB6N,FS1B_a,-0.03846154
FB6N,FS1B_b,-0.15625
FB6N,FS2,-1.6190476
FB6N,FS3_a,-0.13333334
FB6N,FS3_b,-0.17857143
FB6N,FS3_c,-0.35714287
FB6N,FS3_d,-0.06451613
FB6N,FS4A,-0.02631579
FB6N,FS4C,-0.035714287
FB6N,OA-VPM3,-3.0
FB6N,PEG,-0.027777778
FB6N,PFGs,-0.8055556
FB6N,PFL2,-0.25
FB6N,PFL3,-0.22916667
FB6N,PFR_a,-0.14285715
FB6N,PFR_b,-0.40625
FB6N,SAF,-0.125
FB6N,hDeltaC,-2.15
FB6N,hDeltaF,-0.0625
FB6N,hDeltaG,-3.6875
FB6N,hDeltaH,-1.6875
FB6N,hDeltaJ,-0.08064516
FB6N,hDeltaK,-0.27419356
FB6N,hDeltaL,-0.72727275
FB6N,hDeltaM,-0.5
FB6N,vDeltaB,-0.032258064
FB6N,vDeltaC,-0.37037036
FB6N,vDeltaD,-6.785714
FB6N,vDeltaE,-32.583332
FB6N,vDeltaF,-24.444445
FB6N,vDeltaG,-8.0
FB6N,vDeltaH,-2.8333333
FB6N,vDeltaI_a,-0.88235295
FB6N,vDeltaI_b,-3.325
FB6N,vDeltaJ,-0.045454547
FB6N,vDeltaK,-0.010638298
FB6O,CRE021,-0.25
FB6O,ER3m,-0.027777778
FB6O,ExR3,-1.5
FB6O,FB1G,-0.5
FB6O,FB1H,-0.25
FB6O,FB1I,-1.5
FB6O,FB2C,-0.1
FB6O,FB2D,-0.083333336
FB6O,FB2F_a,-0.083333336
FB6O,FB2G_b,-0.083333336
FB6O,FB4D_a,-0.5
FB6O,FB4E_a,-0.3
FB6O,FB4F_a,-0.25
FB6O,FB4F_c,-0.083333336
FB6O,FB4Y,-0.125
FB6O,FB5A,-0.125
FB6O,FB5AA,-0.5
FB6O,FB5AB,-63.75
FB6O,FB5B,-1.8333334
FB6O,FB5G_a,-3.875
FB6O,FB5G_b,-0.75
FB6O,FB5G_c,-0.25
FB6O,FB5I,-0.75
FB6O,FB5J,-1.25
FB6O,FB5Q,-0.25
FB6O,FB5S,-0.33333334
FB6O,FB5W_b,-0.16666667
FB6O,FB5Y_a,-2.0
FB6O,FB5Y_b,-2.75
FB6O,FB6A_a,-1.0
FB6O,FB6A_b,-2.25
FB6O,FB6A_c,-1.5
FB6O,FB6B,-6.0
FB6O,FB6C_a,-0.75
FB6O,FB6C_b,-1.6666666
FB6O,FB6D,-0.25
FB6O,FB6E,-15.5
FB6O,FB6F,-3.5
FB6O,FB6G,-4.0
FB6O,FB6H,-7.5
FB6O,FB6I,-1.5
FB6O,FB6J,-0.7
FB6O,FB6K,-1.5
FB6O,FB6L,-0.33333334
FB6O,FB6M,-0.375
FB6O,FB6N,-1.25
FB6O,FB6O,-2.0
FB6O,FB6P,-6.5
FB6O,FB6Q,-5.25
FB6O,FB6R,-0.875
FB6O,FB6S,-0.25
FB6O,FB6T,-3.875
FB6O,FB6U,-1.375
FB6O,FB6V,-3.5
FB6O,FB6W,-0.5
FB6O,FB6X,-0.5
FB6O,FB6Y,-0.25
FB6O,FB6Z,-5.5
FB6O,FB7A,-0.33333334
FB6O,FB7B,-0.75
FB6O,FB7C,-0.1
FB6O,FB7D_a,-0.625
FB6O,FB7D_b,-0.75
FB6O,FB7E,-0.41666666
FB6O,FB7G,-0.5
FB6O,FB7H,-1.5
FB6O,FB7I,-0.5
FB6O,FB7J,-0.625
FB6O,FB7K,-0.125
FB6O,FB7L,-0.8333333
FB6O,FB8F_a,-0.071428575
FB6O,FB8F_b,-0.055555556
FB6O,FC1B,-0.022727273
FB6O,FC1E,-0.022727273
FB6O,FC1F,-0.033333335
FB6O,FC2B,-0.09259259
FB6O,FC2C,-0.35106382
FB6O,FC3_a,-0.0882353
FB6O,FC3_b,-0.025
FB6O,FC3_c,-0.23333333
FB6O,FR2,-0.027777778
FB6O,FS1A_a,-0.03125
FB6O,FS1A_b,-0.23076923
FB6O,FS1A_c,-0.055555556
FB6O,FS1B_a,-0.03846154
FB6O,FS1B_b,-0.09375
FB6O,FS2,-1.7380953
FB6O,FS3,-0.25
FB6O,FS3_a,-0.5
FB6O,FS3_b,-0.21428572
FB6O,FS3_c,-0.89285713
FB6O,FS3_d,-0.09677419
FB6O,FS4A,-0.01754386
FB6O,FS4B,-0.03448276
FB6O,FS4C,-0.10714286
FB6O,LNOa,-0.25
FB6O,OA-VPM3,-0.5
FB6O,PFGs,-1.1388888
FB6O,PFL2,-0.083333336
FB6O,PFL3,-0.0625
FB6O,PFR_a,-0.017857144
FB6O,hDeltaC,-2.225
FB6O,hDeltaE,-0.375
FB6O,hDeltaF,-0.9375
FB6O,hDeltaG,-0.75
FB6O,hDeltaJ,-0.016129032
FB6O,hDeltaK,-0.32258064
FB6O,hDeltaL,-3.3181818
FB6O,vDeltaA_a,-0.007142857
FB6O,vDeltaB,-0.27419356
FB6O,vDeltaC,-7.962963
FB6O,vDeltaD,-26.5
FB6O,vDeltaE,-18.333334
FB6O,vDeltaF,-3.5555556
FB6O,vDeltaG,-0.083333336
FB6P,ExR3,-1.0
FB6P,FB1I,-0.25
FB6P,FB4E_a,-0.1
FB6P,FB4Y,-0.125
FB6P,FB5A,-3.75
FB6P,FB5AA,-2.25
FB6P,FB5AB,-130.75
FB6P,FB5B,-0.25
FB6P,FB5C,-0.33333334
FB6P,FB5E,-0.25
FB6P,FB5G_a,-1.125
FB6P,FB5G_b,-0.25
FB6P,FB5H,-0.25
FB6P,FB5I,-6.5
FB6P,FB5J,-0.5
FB6P,FB5K,-0.5
FB6P,FB5N,-0.375
FB6P,FB5R,-0.125
FB6P,FB5S,-0.44444445
FB6P,FB5Y_a,-2.5
FB6P,FB5Y_b,-3.0
FB6P,FB5Z,-0.875
FB6P,FB6A_a,-1.5
FB6P,FB6A_b,-1.5
FB6P,FB6A_c,-2.25
FB6P,FB6B,-0.75
FB6P,FB6C_b,-0.8333333
FB6P,FB6D,-0.75
FB6P,FB6E,-19.0
FB6P,FB6F,-18.5
FB6P,FB6G,-0.25
FB6P,FB6H,-3.25
FB6P,FB6I,-0.25
FB6P,FB6J,-0.3
FB6P,FB6K,-1.75
FB6P,FB6L,-0.33333334
FB6P,FB6M,-0.5
FB6P,FB6N,-0.75
FB6P,FB6O,-0.25
FB6P,FB6R,-0.375
FB6P,FB6U,-0.375
FB6P,FB6V,-4.0
FB6P,FB6W,-0.75
FB6P,FB6X,-1.5
FB6P,FB7D_a,-0.125
FB6P,FB7D_b,-0.125
FB6P,FB7H,-0.25
FB6P,FB7I,-0.2
FB6P,FB7J,-0.25
FB6P,FC1C_b,-0.029411765
FB6P,FC1E,-0.022727273
FB6P,FC2B,-0.7777778
FB6P,FC2C,-0.21276596
FB6P,FC3_a,-0.2647059
FB6P,FC3_b,-0.125
FB6P,FC3_c,-0.3
FB6P,FR1,-0.11111111
FB6P,FS1A_a,-0.46875
FB6P,FS1A_b,-0.07692308
FB6P,FS1B_a,-0.03846154
FB6P,FS1B_b,-0.15625
FB6P,FS2,-1.0119047
FB6P,FS3_a,-0.06666667
FB6P,FS3_b,-0.035714287
FB6P,FS3_c,-0.17857143
FB6P,FS4A,-0.02631579
FB6P,FS4B,-0.01724138
FB6P,FS4C,-0.08928572
FB6P,OA-VPM3,-2.25
FB6P,PFGs,-0.5277778
FB6P,PFL2,-0.041666668
FB6P,PFL3,-0.041666668
FB6P,PFR_a,-0.16071428
FB6P,hDeltaC,-34.975
FB6P,hDeltaE,-0.4375
FB6P,hDeltaF,-0.9375
FB6P,hDeltaG,-2.4375
FB6P,hDeltaH,-0.0625
FB6P,hDeltaJ,-1.8225807
FB6P,hDeltaK,-0.19354838
FB6P,hDeltaL,-4.3636365
FB6P,hDeltaM,-0.3125
FB6P,vDeltaA_a,-0.007142857
FB6P,vDeltaC,-0.037037037
FB6P,vDeltaD,-0.11904762
FB6P,vDeltaE,-0.22222222
FB6P,vDeltaF,-0.1388889
FB6Q,FB1A,-5.125
FB6Q,FB1B,-0.375
FB6Q,FB1F,-5.5
FB6Q,FB1I,-1.25
FB6Q,FB2L,-2.375
FB6Q,FB4X,-3.5
FB6Q,FB5AA,-0.25
FB6Q,FB5AB,-0.75
FB6Q,FB5B,-0.083333336
FB6Q,FB5H,-2.0
FB6Q,FB5I,-13.5
FB6Q,FB5L,-10.0
FB6Q,FB5S,-0.16666667
FB6Q,FB5Y_a,-5.0
FB6Q,FB5Y_b,-7.0
FB6Q,FB6A_c,-0.5
FB6Q,FB6B,-4.25
FB6Q,FB6C_b,-0.16666667
FB6Q,FB6D,-0.5
FB6Q,FB6E,-72.0
FB6Q,FB6F,-2.5
FB6Q,FB6G,-4.5
FB6Q,FB6H,-1.5
FB6Q,FB6J,-0.4
FB6Q,FB6K,-7.375
FB6Q,FB6M,-0.125
FB6Q,FB6N,-17.75
FB6Q,FB6O,-20.25
FB6Q,FB6P,-0.25
FB6Q,FB6T,-0.25
FB6Q,FB6V,-0.75
FB6Q,FB6W,-0.25
FB6Q,FB6Y,-1.0
FB6Q,FB6Z,-3.0
FB6Q,FB7A,-0.083333336
FB6Q,FB7C,-0.2
FB6Q,FB7D_a,-0.125
FB6Q,FB7H,-4.25
FB6Q,FB7L,-0.083333336
FB6Q,FC2B,-0.055555556
FB6Q,FC2C,-0.34042552
FB6Q,FC3_a,-0.029411765
FB6Q,FR1,-0.027777778
FB6Q,FS1A_a,-0.03125
FB6Q,FS3_a,-0.06666667
FB6Q,FS3_b,-0.035714287
FB6Q,PFGs,-1.4444444
FB6Q,hDeltaC,-5.8
FB6Q,hDeltaE,-0.0625
FB6Q,hDeltaG,-2.1875
FB6Q,hDeltaK,-0.032258064
FB6Q,hDeltaL,-7.5
FB6Q,hDeltaM,-0.3125
FB6Q,vDeltaE,-0.11111111
FB6R,ExR3,-0.375
FB6R,FB5A,-0.125
FB6R,FB5AA,-15.125
FB6R,FB5AB,-0.375
FB6R,FB5B,-0.125
FB6R,FB5C,-2.5833333
FB6R,FB5D,-0.6666667
FB6R,FB5G_a,-4.3125
FB6R,FB5G_b,-0.25
FB6R,FB5G_c,-2.25
FB6R,FB5H,-0.25
FB6R,FB5I,-0.375
FB6R,FB5L,-0.25
FB6R,FB5O,-5.625
FB6R,FB5P,-2.0625
FB6R,FB5Q,-0.5
FB6R,FB5S,-0.7222222
FB6R,FB5Y_a,-0.75
FB6R,FB5Y_b,-2.25
FB6R,FB5Z,-17.6875
FB6R,FB6A_a,-0.25
FB6R,FB6A_b,-0.375
FB6R,FB6A_c,-1.0
FB6R,FB6B,-1.375
FB6R,FB6C_a,-0.25
FB6R,FB6C_b,-0.41666666
FB6R,FB6D,-0.5
FB6R,FB6E,-0.375
FB6R,FB6F,-6.375
FB6R,FB6H,-0.5
FB6R,FB6I,-0.375
FB6R,FB6J,-0.3
FB6R,FB6K,-6.3125
FB6R,FB6L,-2.5833333
FB6R,FB6M,-0.3125
FB6R,FB6N,-0.125
FB6R,FB6P,-0.875
FB6R,FB6Q,-0.125
FB6R,FB6S,-0.0625
FB6R,FB6U,-6.9375
FB6R,FB6V,-22.75
FB6R,FB6W,-13.0
FB6R,FB6X,-22.0
FB6R,FB6Y,-0.25
FB6R,FB6Z,-3.0
FB6R,FB7E,-1.0
FB6R,FB7G,-0.375
FB6R,FB7I,-1.15
FB6R,FB7L,-0.041666668
FB6R,FB8C,-0.0625
FB6R,FB8F_b,-0.027777778
FB6R,FB8G,-0.041666668
FB6R,FB9A,-0.041666668
FB6R,FC1C_a,-0.020833334
FB6R,FC1F,-0.016666668
FB6R,FC2B,-1.5
FB6R,FC2C,-3.718085
FB6R,FC3_a,-0.05882353
FB6R,FC3_b,-0.025
FB6R,FC3_c,-0.06666667
FB6R,FS1A_a,-0.015625
FB6R,FS1A_b,-0.115384616
FB6R,FS1A_c,-0.013888889
FB6R,FS1B_b,-0.046875
FB6R,FS2,-0.32142857
FB6R,FS3,-0.125
FB6R,FS3_a,-0.18333334
FB6R,FS3_c,-0.14285715
FB6R,FS3_d,-0.088709675
FB6R,FS4A,-0.021929825
FB6R,FS4B,-0.01724138
FB6R,FS4C,-0.21428572
FB6R,OA-VPM3,-0.375
FB6R,PFGs,-2.2222223
FB6R,PFL3,-0.03125
FB6R,PFR_a,-0.026785715
FB6R,SIP064,-0.25
FB6R,hDeltaC,-0.7125
FB6R,hDeltaD,-0.03125
FB6R,hDeltaE,-0.21875
FB6R,hDeltaF,-0.125
FB6R,hDeltaG,-15.65625
FB6R,hDeltaH,-0.21875
FB6R,hDeltaJ,-0.008064516
FB6R,hDeltaK,-0.12096774
FB6R,hDeltaL,-9.590909
FB6R,hDeltaM,-0.21875
FB6R,vDeltaA_b,-0.008064516
FB6R,vDeltaC,-0.009259259
FB6R,vDeltaD,-0.05952381
FB6R,vDeltaE,-0.16666667
FB6R,vDeltaF,-0.125
FB6S,AN27X013,-0.041666668
FB6S,ExR3,-0.625
FB6S,FB1A,-0.0625
FB6S,FB1I,-0.5
FB6S,FB2B_a,-0.03125
FB6S,FB2C,-0.2
FB6S,FB2L,-0.28125
FB6S,FB4N,-0.0625
FB6S,FB4X,-0.375
FB6S,FB5AA,-2.1875
FB6S,FB5AB,-0.25
FB6S,FB5B,-0.104166664
FB6S,FB5C,-0.9166667
FB6S,FB5D,-0.375
FB6S,FB5E,-0.1875
FB6S,FB5F,-0.125
FB6S,FB5G_a,-0.5625
FB6S,FB5G_c,-0.9375
FB6S,FB5H,-1.75
FB6S,FB5I,-4.9375
FB6S,FB5L,-2.8125
FB6S,FB5O,-1.375
FB6S,FB5P,-0.09375
FB6S,FB5Q,-0.3125
FB6S,FB5S,-0.027777778
FB6S,FB5U,-0.03125
FB6S,FB5Y_a,-2.375
FB6S,FB5Y_b,-1.75
FB6S,FB5Z,-0.03125
FB6S,FB6A_a,-7.0
FB6S,FB6A_b,-1.5625
FB6S,FB6A_c,-27.8125
FB6S,FB6B,-0.9375
FB6S,FB6C_a,-0.1875
FB6S,FB6C_b,-0.33333334
FB6S,FB6D,-0.6875
FB6S,FB6E,-0.0625
FB6S,FB6G,-0.3125
FB6S,FB6H,-0.25
FB6S,FB6I,-0.0625
FB6S,FB6J,-0.075
FB6S,FB6K,-0.5
FB6S,FB6L,-0.041666668
FB6S,FB6M,-0.15625
FB6S,FB6N,-2.5
FB6S,FB6O,-1.375
FB6S,FB6P,-0.25
FB6S,FB6Q,-0.1875
FB6S,FB6R,-0.34375
FB6S,FB6S,-0.515625
FB6S,FB6T,-0.09375
FB6S,FB6U,-1.03125
FB6S,FB6V,-2.625
FB6S,FB6W,-2.0625
FB6S,FB6X,-0.125
FB6S,FB6Y,-0.125
FB6S,FB6Z,-0.0625
FB6S,FB7A,-0.16666667
FB6S,FB7B,-1.3125
FB6S,FB7C,-0.325
FB6S,FB7E,-0.20833333
FB6S,FB7F,-0.40625
FB6S,FB7G,-0.03125
FB6S,FB7H,-1.375
FB6S,FB7I,-0.55
FB6S,FB7J,-0.1875
FB6S,FB7K,-0.15625
FB6S,FB7L,-0.6875
FB6S,FB8F_a,-0.125
FB6S,FB8F_b,-0.11111111
FB6S,FB8G,-0.083333336
FB6S,FB8I,-0.0625
FB6S,FC2B,-0.050925925
FB6S,FC2C,-0.07446808
FB6S,FS1A_a,-0.0078125
FB6S,FS1A_b,-0.10576923
FB6S,FS1A_c,-0.0069444445
FB6S,FS2,-0.029761905
FB6S,FS3_a,-0.033333335
FB6S,FS3_b,-0.008928572
FB6S,FS3_c,-0.008928572
FB6S,FS3_d,-0.004032258
FB6S,FS4C,-0.008928572
FB6S,MBON02,-0.3125
FB6S,OA-VPM3,-0.4375
FB6S,PFGs,-1.0138888
FB6S,PFL2,-0.0625
FB6S,PFL3,-0.020833334
FB6S,PFR_a,-0.004464286
FB6S,PFR_b,-0.015625
FB6S,SIP064,-0.25
FB6S,hDeltaC,-0.03125
FB6S,hDeltaD,-0.15625
FB6S,hDeltaE,-0.3125
FB6S,hDeltaF,-0.15625
FB6S,hDeltaG,-0.546875
FB6S,hDeltaH,-0.109375
FB6S,hDeltaK,-0.10887097
FB6S,hDeltaL,-0.54545456
FB6S,hDeltaM,-0.328125
FB6S,vDeltaB,-0.088709675
FB6S,vDeltaC,-0.018518519
FB6S,vDeltaD,-0.029761905
FB6S,vDeltaE,-0.090277776
FB6S,vDeltaF,-0.090277776
FB6T,FB1A,-2.25
FB6T,FB1B,-0.375
FB6T,FB1D,-0.05
FB6T,FB1E_a,-0.1
FB6T,FB1F,-1.25
FB6T,FB1I,-6.25
FB6T,FB1J,-1.0
FB6T,FB5AB,-0.375
FB6T,FB5C,-0.083333336
FB6T,FB5G_a,-0.0625
FB6T,FB5H,-0.375
FB6T,FB5L,-0.125
FB6T,FB5Y_a,-0.25
FB6T,FB5Y_b,-2.25
FB6T,FB6A_a,-0.75
FB6T,FB6A_b,-3.625
FB6T,FB6A_c,-0.375
FB6T,FB6B,-7.75
FB6T,FB6C_a,-0.875
FB6T,FB6C_b,-0.083333336
FB6T,FB6D,-0.125
FB6T,FB6E,-41.625
FB6T,FB6F,-2.75
FB6T,FB6G,-35.0
FB6T,FB6H,-8.375
FB6T,FB6I,-0.875
FB6T,FB6K,-0.8125
FB6T,FB6M,-0.1875
FB6T,FB6N,-3.75
FB6T,FB6O,-25.25
FB6T,FB6Q,-0.25
FB6T,FB6S,-0.125
FB6T,FB6T,-1.25
FB6T,FB6U,-0.1875
FB6T,FB6Y,-0.125
FB6T,FB6Z,-20.25
FB6T,FB7A,-1.7916666
FB6T,FB7B,-3.875
FB6T,FB7C,-0.15
FB6T,FB7D_a,-0.0625
FB6T,FB7D_b,-0.0625
FB6T,FB7E,-0.041666668
FB6T,FB7F,-0.125
FB6T,FB7H,-16.0
FB6T,FB7I,-0.1
FB6T,FB7K,-3.9375
FB6T,FB7L,-1.4583334
FB6T,FB8F_a,-0.071428575
FB6T,FB8F_b,-0.16666667
FB6T,FB8G,-0.125
FB6T,FB8H,-0.041666668
FB6T,FB8I,-0.5833333
FB6T,FC2B,-0.009259259
FB6T,FC2C,-0.14361702
FB6T,FS2,-0.017857144
FB6T,FS3_a,-0.016666668
FB6T,FS3_b,-0.017857144
FB6T,FS3_d,-0.008064516
FB6T,FS4A,-0.004385965
FB6T,PFGs,-0.097222224
FB6T,PFL3,-0.010416667
FB6T,hDeltaC,-0.225
FB6T,hDeltaE,-0.09375
FB6T,hDeltaF,-0.09375
FB6T,hDeltaG,-0.1875
FB6T,hDeltaL,-1.3863636
FB6T,vDeltaB,-0.024193548
FB6T,vDeltaC,-0.083333336
FB6T,vDeltaD,-0.071428575
FB6U,AN27X013,-0.083333336
FB6U,ATL018,-0.25
FB6U,AstA1,-0.25
FB6U,DNc02,-0.375
FB6U,ExR1,-0.125
FB6U,ExR3,-1.0
FB6U,FB1E_a,-0.05
FB6U,FB1I,-0.875
FB6U,FB1J,-0.125
FB6U,FB2F_d,-0.1875
FB6U,FB2G_b,-0.041666668
FB6U,FB4C,-0.5
FB6U,FB4O,-0.041666668
FB6U,FB4P_a,-0.25
FB6U,FB5A,-0.3125
FB6U,FB5AA,-1.25
FB6U,FB5AB,-1.625
FB6U,FB5B,-0.20833333
FB6U,FB5C,-0.41666666
FB6U,FB5D,-0.083333336
FB6U,FB5E,-0.25
FB6U,FB5G_a,-0.1875
FB6U,FB5G_b,-0.125
FB6U,FB5H,-0.375
FB6U,FB5I,-0.25
FB6U,FB5O,-0.625
FB6U,FB5P,-0.0625
FB6U,FB5Q,-0.0625
FB6U,FB5S,-0.8055556
FB6U,FB5Y_a,-1.125
FB6U,FB5Y_b,-2.375
FB6U,FB5Z,-0.375
FB6U,FB6A_a,-5.375
FB6U,FB6A_b,-5.0
FB6U,FB6A_c,-14.875
FB6U,FB6B,-2.5
FB6U,FB6C_a,-1.125
FB6U,FB6C_b,-5.6666665
FB6U,FB6D,-5.375
FB6U,FB6E,-0.75
FB6U,FB6F,-2.375
FB6U,FB6G,-1.75
FB6U,FB6H,-1.875
FB6U,FB6I,-2.125
FB6U,FB6J,-2.95
FB6U,FB6K,-2.625
FB6U,FB6L,-3.1666667
FB6U,FB6M,-0.875
FB6U,FB6N,-1.0
FB6U,FB6O,-2.75
FB6U,FB6P,-0.625
FB6U,FB6Q,-1.5
FB6U,FB6R,-0.5
FB6U,FB6S,-0.375
FB6U,FB6T,-0.5
FB6U,FB6U,-1.625
FB6U,FB6V,-3.0
FB6U,FB6W,-1.0
FB6U,FB6X,-1.375
FB6U,FB6Y,-1.75
FB6U,FB6Z,-1.375
FB6U,FB7A,-0.29166666
FB6U,FB7B,-0.125
FB6U,FB7C,-0.35
FB6U,FB7D_a,-1.4375
FB6U,FB7D_b,-1.8125
FB6U,FB7E,-0.5416667
FB6U,FB7G,-1.0
FB6U,FB7H,-1.375
FB6U,FB7I,-2.55
FB6U,FB7J,-1.0625
FB6U,FB7L,-0.41666666
FB6U,FB7M,-0.125
FB6U,FB8C,-0.1875
FB6U,FB8D,-0.125
FB6U,FB8E,-0.2
FB6U,FB8F_a,-0.035714287
FB6U,FB8G,-0.375
FB6U,FB8I,-0.125
FB6U,FB9B_a,-0.125
FB6U,FB9B_c,-0.0625
FB6U,FB9B_d,-0.125
FB6U,FC1C_b,-0.014705882
FB6U,FC2A,-0.013888889
FB6U,FC2B,-4.1759257
FB6U,FC2C,-2.6755319
FB6U,FC3_a,-0.014705882
FB6U,FC3_c,-0.016666668
FB6U,FR1,-3.0416667
FB6U,FS1A_a,-0.015625
FB6U,FS1A_b,-0.75
FB6U,FS1A_c,-0.15277778
FB6U,FS1B_a,-0.01923077
FB6U,FS1B_b,-0.515625
FB6U,FS2,-6.1369047
FB6U,FS3,-0.625
FB6U,FS3_a,-2.2666667
FB6U,FS3_b,-0.17857143
FB6U,FS3_c,-2.4107144
FB6U,FS3_d,-0.048387095
FB6U,FS4A,-0.02631579
FB6U,FS4C,-0.26785713
FB6U,MBON02,-0.125
FB6U,OA-VPM3,-1.875
FB6U,PFGs,-0.7777778
FB6U,PFL2,-0.041666668
FB6U,PFL3,-0.20833333
FB6U,PFR_a,-0.05357143
FB6U,SMP108,-2.25
FB6U,hDeltaC,-0.6875
FB6U,hDeltaD,-0.03125
FB6U,hDeltaE,-8.53125
FB6U,hDeltaF,-2.71875
FB6U,hDeltaG,-12.4375
FB6U,hDeltaH,-0.03125
FB6U,hDeltaJ,-0.06451613
FB6U,hDeltaK,-0.10483871
FB6U,hDeltaL,-42.727272
FB6U,hDeltaM,-0.03125
FB6U,vDeltaA_a,-0.0035714286
FB6U,vDeltaB,-0.016129032
FB6U,vDeltaC,-0.37037036
FB6U,vDeltaD,-1.3928572
FB6U,vDeltaE,-0.5833333
FB6U,vDeltaF,-0.027777778
FB6V,AstA1,-0.5
FB6V,CRE011,-0.5
FB6V,ExR3,-0.25
FB6V,ExR5,-0.625
FB6V,FB2B_a,-0.125
FB6V,FB4C,-1.0
FB6V,FB4E_b,-0.125
FB6V,FB4O,-0.083333336
FB6V,FB4P_c,-0.25
FB6V,FB5A,-1.0
FB6V,FB5AA,-3.0
FB6V,FB5AB,-2.75
FB6V,FB5B,-0.6666667
FB6V,FB5C,-1.0
FB6V,FB5D,-0.5
FB6V,FB5E,-2.0
FB6V,FB5G_a,-0.5
FB6V,FB5G_c,-0.5
FB6V,FB5H,-1.5
FB6V,FB5I,-0.75
FB6V,FB5K,-0.25
FB6V,FB5L,-0.25
FB6V,FB5O,-0.75
FB6V,FB5S,-3.2222223
FB6V,FB5Y_a,-1.25
FB6V,FB5Y_b,-2.25
FB6V,FB5Z,-1.25
FB6V,FB6A_a,-2.0
FB6V,FB6A_b,-1.0
FB6V,FB6A_c,-19.75
FB6V,FB6B,-0.25
FB6V,FB6C_a,-0.25
FB6V,FB6C_b,-2.5833333
FB6V,FB6D,-1.75
FB6V,FB6E,-0.5
FB6V,FB6F,-2.0
FB6V,FB6G,-0.75
FB6V,FB6H,-0.75
FB6V,FB6I,-0.75
FB6V,FB6J,-3.6
FB6V,FB6K,-2.25
FB6V,FB6L,-1.8333334
FB6V,FB6M,-0.75
FB6V,FB6N,-0.75
FB6V,FB6O,-0.5
FB6V,FB6P,-1.0
FB6V,FB6Q,-0.5
FB6V,FB6R,-1.375
FB6V,FB6S,-0.8125
FB6V,FB6T,-0.125
FB6V,FB6U,-3.375
FB6V,FB6V,-0.5
FB6V,FB6W,-7.25
FB6V,FB6X,-2.0
FB6V,FB6Z,-0.5
FB6V,FB7A,-0.083333336
FB6V,FB7C,-0.2
FB6V,FB7D_a,-0.125
FB6V,FB7D_b,-0.5
FB6V,FB7E,-0.41666666
FB6V,FB7G,-0.625
FB6V,FB7H,-0.25
FB6V,FB7I,-1.4
FB6V,FB7J,-0.125
FB6V,FB7L,-0.083333336
FB6V,FB8E,-0.3
FB6V,FB8G,-0.41666666
FB6V,FB9B_b,-0.125
FB6V,FC2B,-6.796296
FB6V,FC2C,-2.4787233
FB6V,FC3_a,-0.23529412
FB6V,FC3_b,-0.025
FB6V,FC3_c,-0.26666668
FB6V,FR1,-10.333333
FB6V,FR2,-0.027777778
FB6V,FS1A_a,-0.03125
FB6V,FS1A_b,-1.3461539
FB6V,FS1A_c,-1.0277778
FB6V,FS1B_a,-0.23076923
FB6V,FS1B_b,-1.15625
FB6V,FS2,-5.9761906
FB6V,FS3_a,-0.8
FB6V,FS3_b,-0.25
FB6V,FS3_c,-1.0
FB6V,FS3_d,-0.032258064
FB6V,FS4A,-0.00877193
FB6V,FS4C,-0.16071428
FB6V,LAL200,-1.0
FB6V,OA-VPM3,-4.75
FB6V,PFGs,-0.2777778
FB6V,PFL2,-0.41666666
FB6V,PFL3,-0.6666667
FB6V,PFR_a,-0.6785714
FB6V,PFR_b,-0.65625
FB6V,PPL102,-0.5
FB6V,SMP108,-2.5
FB6V,hDeltaC,-0.625
FB6V,hDeltaD,-0.125
FB6V,hDeltaE,-0.1875
FB6V,hDeltaF,-1.0625
FB6V,hDeltaG,-41.625
FB6V,hDeltaH,-0.1875
FB6V,hDeltaJ,-0.06451613
FB6V,hDeltaK,-0.08064516
FB6V,hDeltaL,-31.59091
FB6V,vDeltaC,-0.018518519
FB6V,vDeltaD,-0.54761904
FB6V,vDeltaE,-1.5833334
FB6V,vDeltaF,-0.33333334
FB6V,vDeltaK,-0.010638298
FB6W,ATL018,-1.0
FB6W,AstA1,-0.5
FB6W,EL,-0.083333336
FB6W,ER2_c,-0.05
FB6W,ER3d_c,-0.055555556
FB6W,ER4d,-0.03846154
FB6W,ExR3,-0.25
FB6W,FB2F_a,-0.083333336
FB6W,FB4P_a,-0.25
FB6W,FB4X,-1.25
FB6W,FB4Y,-0.5
FB6W,FB5A,-0.375
FB6W,FB5AA,-4.75
FB6W,FB5AB,-1.25
FB6W,FB5B,-1.3333334
FB6W,FB5C,-2.3333333
FB6W,FB5D,-0.5
FB6W,FB5E,-0.5
FB6W,FB5F,-0.25
FB6W,FB5G_a,-0.25
FB6W,FB5H,-2.0
FB6W,FB5I,-0.25
FB6W,FB5K,-1.5
FB6W,FB5L,-3.25
FB6W,FB5N,-0.75
FB6W,FB5O,-1.0
FB6W,FB5P,-0.125
FB6W,FB5Q,-0.375
FB6W,FB5R,-1.0
FB6W,FB5S,-2.3888888
FB6W,FB5U,-1.375
FB6W,FB5W_a,-0.083333336
FB6W,FB5Y_a,-1.0
FB6W,FB5Y_b,-0.5
FB6W,FB5Z,-2.0
FB6W,FB6A_a,-0.25
FB6W,FB6A_c,-6.25
FB6W,FB6B,-0.5
FB6W,FB6C_b,-0.75
FB6W,FB6F,-0.75
FB6W,FB6J,-0.5
FB6W,FB6K,-1.0
FB6W,FB6L,-0.33333334
FB6W,FB6M,-0.25
FB6W,FB6N,-8.0
FB6W,FB6O,-0.5
FB6W,FB6Q,-0.25
FB6W,FB6R,-0.5
FB6W,FB6S,-0.3125
FB6W,FB6U,-1.625
FB6W,FB6V,-2.5
FB6W,FB6W,-2.0
FB6W,FB6X,-1.0
FB6W,FB7E,-0.16666667
FB6W,FB7G,-0.375
FB6W,FB7I,-0.7
FB6W,FB8G,-0.5
FB6W,FB9B_c,-0.125
FB6W,FB9B_e,-0.25
FB6W,FC,-0.5
FB6W,FC2A,-0.22222222
FB6W,FC2B,-14.574074
FB6W,FC2C,-0.40425533
FB6W,FC3_a,-0.38235295
FB6W,FC3_b,-0.1
FB6W,FC3_c,-0.23333333
FB6W,FR1,-10.055555
FB6W,FS1A_a,-0.09375
FB6W,FS1A_b,-0.1923077
FB6W,FS1A_c,-0.6666667
FB6W,FS1B_a,-0.7307692
FB6W,FS1B_b,-0.9375
FB6W,FS2,-4.547619
FB6W,FS3_a,-0.2
FB6W,FS3_c,-0.4642857
FB6W,FS4B,-0.01724138
FB6W,FS4C,-0.035714287
FB6W,OA-VPM3,-7.25
FB6W,PFGs,-0.4722222
FB6W,PFL3,-0.16666667
FB6W,PFR_a,-1.875
FB6W,PFR_b,-2.75
FB6W,SIP087,-0.5
FB6W,hDeltaA,-0.041666668
FB6W,hDeltaC,-0.475
FB6W,hDeltaF,-0.0625
FB6W,hDeltaG,-57.25
FB6W,hDeltaH,-6.875
FB6W,hDeltaJ,-0.16129032
FB6W,hDeltaK,-0.08064516
FB6W,hDeltaL,-4.7272725
FB6W,hDeltaM,-0.0625
FB6W,vDeltaE,-0.9722222
FB6W,vDeltaF,-0.8333333
FB6W,vDeltaG,-0.11111111
FB6W,vDeltaI_b,-0.075
FB6W,vDeltaK,-0.010638298
FB6X,CRE100,-0.5
FB6X,DNc02,-1.25
FB6X,EL,-0.027777778
FB6X,EPG,-0.13043478
FB6X,ExR3,-0.25
FB6X,FB2C,-0.2
FB6X,FB2D,-0.083333336
FB6X,FB2G_b,-0.083333336
FB6X,FB2K,-0.055555556
FB6X,FB3C,-0.03846154
FB6X,FB4O,-0.5
FB6X,FB4P_c,-0.5
FB6X,FB4Q_c,-0.6666667
FB6X,FB4R,-1.3333334
FB6X,FB4Y,-1.125
FB6X,FB4Z_a,-0.1875
FB6X,FB4Z_b,-0.33333334
FB6X,FB5A,-3.25
FB6X,FB5AA,-3.5
FB6X,FB5AB,-3.5
FB6X,FB5B,-0.16666667
FB6X,FB5C,-1.0
FB6X,FB5D,-0.16666667
FB6X,FB5G_c,-0.5
FB6X,FB5H,-0.75
FB6X,FB5I,-1.0
FB6X,FB5L,-0.25
FB6X,FB5N,-0.125
FB6X,FB5O,-1.75
FB6X,FB5P,-0.625
FB6X,FB5R,-0.375
FB6X,FB5S,-15.0
FB6X,FB5T,-0.25
FB6X,FB5U,-1.25
FB6X,FB5V_a,-0.5833333
FB6X,FB5V_b,-0.41666666
FB6X,FB5V_c,-0.7
FB6X,FB5W_b,-0.16666667
FB6X,FB5Y_a,-10.25
FB6X,FB5Y_b,-10.75
FB6X,FB5Z,-1.25
FB6X,FB6A_a,-0.5
FB6X,FB6A_b,-0.5
FB6X,FB6B,-1.0
FB6X,FB6C_b,-0.75
FB6X,FB6D,-0.5
FB6X,FB6E,-0.25
FB6X,FB6F,-0.5
FB6X,FB6G,-0.25
FB6X,FB6H,-0.25
FB6X,FB6I,-1.0
FB6X,FB6J,-32.2
FB6X,FB6K,-1.25
FB6X,FB6L,-24.833334
FB6X,FB6M,-0.125
FB6X,FB6N,-0.5
FB6X,FB6R,-0.75
FB6X,FB6S,-0.1875
FB6X,FB6T,-0.125
FB6X,FB6U,-1.625
FB6X,FB6V,-4.75
FB6X,FB6W,-0.5
FB6X,FB6X,-0.5
FB6X,FB6Y,-0.5
FB6X,FB7A,-0.083333336
FB6X,FB7C,-0.1
FB6X,FB7D_a,-3.875
FB6X,FB7D_b,-6.875
FB6X,FB7E,-0.5
FB6X,FB7G,-0.125
FB6X,FB7H,-0.25
FB6X,FB7I,-0.2
FB6X,FB7J,-4.625
FB6X,FB8E,-0.1
FB6X,FB8I,-0.33333334
FB6X,FC2B,-0.2037037
FB6X,FC2C,-0.27659574
FB6X,FC3_a,-0.14705883
FB6X,FC3_b,-0.05
FB6X,FC3_c,-0.033333335
FB6X,FR1,-0.22222222
FB6X,FS1A_a,-0.15625
FB6X,FS1A_b,-0.03846154
FB6X,FS1B_a,-0.07692308
FB6X,FS1B_b,-1.21875
FB6X,FS2,-2.6666667
FB6X,FS3_a,-0.033333335
FB6X,FS3_c,-0.2857143
FB6X,FS3_d,-0.048387095
FB6X,FS4B,-0.01724138
FB6X,FS4C,-0.10714286
FB6X,OA-VPM3,-1.0
FB6X,PFGs,-0.11111111
FB6X,PFL2,-0.16666667
FB6X,PFL3,-0.041666668
FB6X,PFR_a,-0.05357143
FB6X,PFR_b,-0.15625
FB6X,SMP185,-0.5
FB6X,SMP715m,-0.25
FB6X,hDeltaC,-0.15
FB6X,hDeltaE,-0.625
FB6X,hDeltaF,-1.8125
FB6X,hDeltaG,-19.875
FB6X,hDeltaH,-0.125
FB6X,hDeltaI,-0.05882353
FB6X,hDeltaK,-0.12903225
FB6X,hDeltaL,-14.727273
FB6X,vDeltaC,-0.018518519
FB6X,vDeltaD,-0.11904762
FB6X,vDeltaE,-0.44444445
FB6X,vDeltaF,-0.11111111
FB6Y,ExR1,-0.25
FB6Y,ExR3,-0.5
FB6Y,FB1A,-0.125
FB6Y,FB1I,-0.25
FB6Y,FB5AA,-0.75
FB6Y,FB5G_a,-0.125
FB6Y,FB5G_b,-0.25
FB6Y,FB5H,-0.25
FB6Y,FB5Z,-0.625
FB6Y,FB6A_a,-0.25
FB6Y,FB6A_b,-0.5
FB6Y,FB6A_c,-0.5
FB6Y,FB6B,-1.25
FB6Y,FB6C_a,-1.0
FB6Y,FB6C_b,-0.16666667
FB6Y,FB6E,-1.25
FB6Y,FB6F,-14.25
FB6Y,FB6G,-0.75
FB6Y,FB6H,-5.75
FB6Y,FB6I,-3.0
FB6Y,FB6J,-0.4
FB6Y,FB6K,-2.125
FB6Y,FB6L,-0.5
FB6Y,FB6M,-0.375
FB6Y,FB6O,-0.25
FB6Y,FB6Q,-0.25
FB6Y,FB6R,-0.125
FB6Y,FB6S,-0.1875
FB6Y,FB6U,-14.75
FB6Y,FB6V,-4.5
FB6Y,FB6X,-7.75
FB6Y,FB6Z,-3.25
FB6Y,FB7A,-1.1666666
FB6Y,FB7B,-1.25
FB6Y,FB7C,-0.1
FB6Y,FB7D_a,-0.125
FB6Y,FB7D_b,-0.25
FB6Y,FB7E,-20.333334
FB6Y,FB7F,-0.125
FB6Y,FB7G,-11.125
FB6Y,FB7I,-11.7
FB6Y,FB7J,-0.25
FB6Y,FB7L,-0.16666667
FB6Y,FB8B,-0.125
FB6Y,FB8C,-0.625
FB6Y,FB8G,-0.6666667
FB6Y,FB8I,-0.5833333
FB6Y,FC2B,-0.24074075
FB6Y,FC2C,-3.3617022
FB6Y,FS1B_b,-0.03125
FB6Y,FS2,-0.23809524
FB6Y,FS3,-0.75
FB6Y,FS3_a,-0.13333334
FB6Y,FS3_b,-0.071428575
FB6Y,FS3_c,-0.071428575
FB6Y,FS3_d,-0.048387095
FB6Y,FS4A,-0.02631579
FB6Y,FS4B,-0.05172414
FB6Y,FS4C,-0.26785713
FB6Y,PFGs,-0.3888889
FB6Y,PFL2,-0.041666668
FB6Y,hDeltaC,-0.1
FB6Y,hDeltaD,-0.25
FB6Y,hDeltaE,-15.9375
FB6Y,hDeltaF,-15.0
FB6Y,hDeltaG,-0.25
FB6Y,hDeltaK,-0.016129032
FB6Y,hDeltaL,-15.727273
FB6Y,vDeltaB,-0.032258064
FB6Y,vDeltaC,-0.18518518
FB6Y,vDeltaD,-0.1904762
FB6Y,vDeltaE,-0.027777778
FB6Z,ExR3,-0.5
FB6Z,FB1E_a,-0.1
FB6Z,FB1I,-6.25
FB6Z,FB1J,-1.75
FB6Z,FB2I_a,-0.05
FB6Z,FB5A,-0.625
FB6Z,FB5AA,-0.25
FB6Z,FB5G_a,-0.125
FB6Z,FB5G_b,-0.25
FB6Z,FB5J,-0.5
FB6Z,FB5S,-0.44444445
FB6Z,FB5Y_b,-0.25
FB6Z,FB6A_a,-0.5
FB6Z,FB6A_b,-2.0
FB6Z,FB6A_c,-1.25
FB6Z,FB6B,-2.0
FB6Z,FB6C_a,-13.5
FB6Z,FB6C_b,-5.0
FB6Z,FB6D,-1.5
FB6Z,FB6E,-3.0
FB6Z,FB6F,-4.5
FB6Z,FB6G,-3.25
FB6Z,FB6H,-8.25
FB6Z,FB6I,-8.25
FB6Z,FB6J,-2.3
FB6Z,FB6K,-1.875
FB6Z,FB6L,-1.1666666
FB6Z,FB6M,-2.125
FB6Z,FB6N,-2.5
FB6Z,FB6O,-19.0
FB6Z,FB6P,-2.25
FB6Z,FB6Q,-1.5
FB6Z,FB6R,-0.75
FB6Z,FB6S,-0.625
FB6Z,FB6T,-2.625
FB6Z,FB6U,-3.5
FB6Z,FB6V,-1.75
FB6Z,FB6W,-0.25
FB6Z,FB6X,-0.25
FB6Z,FB6Y,-0.25
FB6Z,FB6Z,-10.25
FB6Z,FB7A,-2.9166667
FB6Z,FB7B,-0.25
FB6Z,FB7D_a,-3.75
FB6Z,FB7D_b,-5.75
FB6Z,FB7E,-0.8333333
FB6Z,FB7G,-1.0
FB6Z,FB7H,-15.75
FB6Z,FB7I,-4.2
FB6Z,FB7J,-1.25
FB6Z,FB7K,-0.5
FB6Z,FB7L,-1.0833334
FB6Z,FB8C,-0.5
FB6Z,FB8F_a,-0.071428575
FB6Z,FB8F_b,-0.16666667
FB6Z,FB8G,-0.16666667
FB6Z,FB8I,-0.083333336
FB6Z,FC2B,-0.6111111
FB6Z,FC2C,-5.7978725
FB6Z,FC3_b,-0.025
FB6Z,FC3_c,-0.033333335
FB6Z,FR1,-0.2777778
FB6Z,FS1A_b,-0.46153846
FB6Z,FS1A_c,-0.083333336
FB6Z,FS1B_b,-0.0625
FB6Z,FS2,-2.0595238
FB6Z,FS3_a,-0.23333333
FB6Z,FS3_b,-0.10714286
FB6Z,FS3_c,-0.17857143
FB6Z,FS3_d,-0.09677419
FB6Z,FS4A,-0.00877193
FB6Z,FS4C,-0.071428575
FB6Z,PFGs,-2.3611112
FB6Z,PFL3,-0.083333336
FB6Z,hDeltaC,-0.6
FB6Z,hDeltaD,-0.125
FB6Z,hDeltaE,-15.0625
FB6Z,hDeltaF,-19.5625
FB6Z,hDeltaG,-6.4375
FB6Z,hDeltaJ,-0.016129032
FB6Z,hDeltaK,-0.032258064
FB6Z,hDeltaL,-56.772728
FB6Z,vDeltaA_b,-0.016129032
FB6Z,vDeltaB,-0.06451613
FB6Z,vDeltaC,-1.425926
FB6Z,vDeltaD,-3.5952382
FB6Z,vDeltaE,-0.9166667
FB6Z,vDeltaF,-0.055555556
FB7A,AN27X013,-0.16666667
FB7A,DNc02,-0.25
FB7A,ExR1,-1.0416666
FB7A,ExR3,-0.5
FB7A,ExR5,-0.9166667
FB7A,ExR7,-0.33333334
FB7A,FB1A,-0.041666668
FB7A,FB1D,-0.033333335
FB7A,FB1E_b,-0.083333336
FB7A,FB1I,-42.333332
FB7A,FB1J,-31.583334
FB7A,FB2H_b,-0.083333336
FB7A,FB4N,-0.083333336
FB7A,FB5B,-0.5277778
FB7A,FB5H,-0.33333334
FB7A,FB5I,-0.083333336
FB7A,FB5S,-0.037037037
FB7A,FB5Y_b,-0.5
FB7A,FB6A_a,-2.0
FB7A,FB6A_b,-1.5
FB7A,FB6A_c,-0.8333333
FB7A,FB6B,-2.25
FB7A,FB6C_a,-8.333333
FB7A,FB6C_b,-1.5555556
FB7A,FB6D,-1.0833334
FB7A,FB6E,-1.1666666
FB7A,FB6F,-3.9166667
FB7A,FB6G,-1.25
FB7A,FB6H,-15.0
FB7A,FB6I,-3.6666667
FB7A,FB6J,-2.1666667
FB7A,FB6K,-0.5416667
FB7A,FB6L,-0.8888889
FB7A,FB6M,-2.5
FB7A,FB6N,-0.25
FB7A,FB6O,-4.3333335
FB7A,FB6P,-0.16666667
FB7A,FB6Q,-0.75
FB7A,FB6R,-3.0
FB7A,FB6S,-1.7708334
FB7A,FB6T,-1.7083334
FB7A,FB6U,-0.8333333
FB7A,FB6V,-0.16666667
FB7A,FB6Y,-8.333333
FB7A,FB6Z,-6.0
FB7A,FB7A,-25.666666
FB7A,FB7B,-12.416667
FB7A,FB7C,-13.266666
FB7A,FB7D_a,-10.416667
FB7A,FB7D_b,-4.7083335
FB7A,FB7E,-1.0833334
FB7A,FB7F,-1.1666666
FB7A,FB7G,-3.875
FB7A,FB7H,-30.166666
FB7A,FB7I,-1.6
FB7A,FB7J,-6.25
FB7A,FB7K,-8.458333
FB7A,FB7L,-3.5555556
FB7A,FB7M,-3.5
FB7A,FB8B,-2.3333333
FB7A,FB8C,-0.75
FB7A,FB8D,-0.16666667
FB7A,FB8E,-0.3
FB7A,FB8F_a,-1.0714285
FB7A,FB8F_b,-1.6111112
FB7A,FB8G,-4.0277777
FB7A,FB8H,-0.16666667
FB7A,FB8I,-0.9444444
FB7A,FB9B_d,-0.083333336
FB7A,FB9B_e,-0.041666668
FB7A,FB9C,-0.14583333
FB7A,FC2B,-0.055555556
FB7A,FC2C,-1.8333334
FB7A,FR1,-0.009259259
FB7A,FS1A_b,-0.12820514
FB7A,FS1A_c,-0.018518519
FB7A,FS2,-0.2777778
FB7A,FS3,-0.083333336
FB7A,FS3_a,-0.44444445
FB7A,FS3_b,-0.5714286
FB7A,FS3_c,-0.45238096
FB7A,FS3_d,-0.4623656
FB7A,FS4A,-0.05263158
FB7A,FS4B,-0.03448276
FB7A,FS4C,-0.0952381
FB7A,OA-VPM3,-0.16666667
FB7A,PAM09,-1.0
FB7A,PFGs,-5.546296
FB7A,SAF,-0.25
FB7A,hDeltaC,-0.3
FB7A,hDeltaD,-4.3125
FB7A,hDeltaE,-77.5
FB7A,hDeltaF,-12.083333
FB7A,hDeltaG,-0.104166664
FB7A,hDeltaJ,-0.016129032
FB7A,hDeltaK,-0.08064516
FB7A,hDeltaL,-4.212121
FB7A,vDeltaA_a,-0.0023809525
FB7A,vDeltaA_b,-0.10215054
FB7A,vDeltaB,-2.327957
FB7A,vDeltaC,-1.1604939
FB7A,vDeltaD,-0.31746033
FB7A,vDeltaE,-0.046296295
FB7B,ExR1,4.75
FB7B,ExR3,0.75
FB7B,ExR5,0.5
FB7B,ExR7,0.5
FB7B,FB1B,0.75
FB7B,FB1E_b,0.25
FB7B,FB1F,2.5
FB7B,FB1I,29.5
FB7B,FB1J,23.5
FB7B,FB2E,0.125
FB7B,FB5A,0.125
FB7B,FB5B,0.083333336
FB7B,FB5H,0.25
FB7B,FB5I,0.25
FB7B,FB6A_a,1.25
FB7B,FB6A_b,3.5
FB7B,FB6B,1.5
FB7B,FB6C_a,3.0
FB7B,FB6C_b,0.16666667
FB7B,FB6D,1.25
FB7B,FB6E,1.25
FB7B,FB6F,1.0
FB7B,FB6G,1.5
FB7B,FB6H,2.5
FB7B,FB6I,4.0
FB7B,FB6J,0.2
FB7B,FB6K,1.625
FB7B,FB6L,0.6666667
FB7B,FB6M,1.375
FB7B,FB6O,1.5
FB7B,FB6P,0.25
FB7B,FB6R,0.25
FB7B,FB6S,0.5625
FB7B,FB6T,1.875
FB7B,FB6U,0.25
FB7B,FB6Y,1.25
FB7B,FB6Z,2.75
FB7B,FB7A,14.75
FB7B,FB7B,2.5
FB7B,FB7C,3.3
FB7B,FB7D_a,6.5
FB7B,FB7D_b,2.75
FB7B,FB7E,2.25
FB7B,FB7F,1.125
FB7B,FB7G,1.375
FB7B,FB7H,14.0
FB7B,FB7I,3.5
FB7B,FB7J,6.375
FB7B,FB7K,30.375
FB7B,FB7L,24.25
FB7B,FB7M,5.25
FB7B,FB8A,0.5
FB7B,FB8B,15.375
FB7B,FB8C,8.125
FB7B,FB8D,1.25
FB7B,FB8E,0.4
FB7B,FB8F_a,0.85714287
FB7B,FB8F_b,0.6111111
FB7B,FB8G,6.0833335
FB7B,FB8H,2.4166667
FB7B,FB8I,3.3333333
FB7B,FC2C,2.2765958
FB7B,FS1A_b,0.07692308
FB7B,FS2,0.05952381
FB7B,FS3,5.25
FB7B,FS3_a,0.16666667
FB7B,FS3_b,0.4642857
FB7B,FS3_c,0.25
FB7B,FS3_d,0.24193548
FB7B,FS4A,0.47368422
FB7B,FS4B,0.1724138
FB7B,FS4C,0.10714286
FB7B,IPC,0.75
FB7B,PFGs,0.5555556
FB7B,PFL2,0.041666668
FB7B,SAF,0.375
FB7B,hDeltaC,0.1
FB7B,hDeltaD,8.6875
FB7B,hDeltaE,35.3125
FB7B,hDeltaF,7.5625
FB7B,hDeltaK,0.016129032
FB7B,hDeltaL,0.54545456
FB7B,vDeltaA_a,0.042857144
FB7B,vDeltaA_b,1.0645162
FB7B,vDeltaB,6.919355
FB7B,vDeltaC,2.648148
FB7B,vDeltaD,0.26190478
FB7B,vDeltaE,0.027777778
FB7C,CL007,-0.2
FB7C,ExR1,-0.05
FB7C,ExR3,-0.1
FB7C,FB1A,-0.6
FB7C,FB1B,-0.15
FB7C,FB1D,-0.04
FB7C,FB1E_a,-0.04
FB7C,FB1F,-0.5
FB7C,FB1G,-0.1
FB7C,FB1I,-0.6
FB7C,FB1J,-0.2
FB7C,FB2E,-0.15
FB7C,FB3E,-0.1
FB7C,FB5G_b,-0.1
FB7C,FB5I,-0.1
FB7C,FB5Z,-0.1
FB7C,FB6B,-0.3
FB7C,FB6C_a,-0.4
FB7C,FB6E,-0.1
FB7C,FB6F,-2.9
FB7C,FB6G,-0.3
FB7C,FB6H,-0.8
FB7C,FB6I,-0.9
FB7C,FB6J,-0.04
FB7C,FB6K,-0.15
FB7C,FB6L,-0.2
FB7C,FB6O,-0.1
FB7C,FB6Q,-0.1
FB7C,FB6R,-0.1
FB7C,FB6S,-0.025
FB7C,FB6T,-0.15
FB7C,FB6U,-2.25
FB7C,FB6V,-0.7
FB7C,FB6X,-0.8
FB7C,FB6Y,-0.1
FB7C,FB6Z,-0.8
FB7C,FB7A,-2.1333334
FB7C,FB7B,-5.0
FB7C,FB7C,-0.44
FB7C,FB7D_a,-0.35
FB7C,FB7D_b,-0.4
FB7C,FB7E,-12.2
FB7C,FB7F,-0.05
FB7C,FB7G,-10.85
FB7C,FB7H,-0.4
FB7C,FB7I,-5.32
FB7C,FB7J,-0.65
FB7C,FB7K,-0.25
FB7C,FB7L,-0.6
FB7C,FB7M,-0.1
FB7C,FB8A,-0.1
FB7C,FB8B,-0.2
FB7C,FB8C,-0.35
FB7C,FB8D,-0.1
FB7C,FB8E,-0.04
FB7C,FB8F_a,-0.08571429
FB7C,FB8G,-2.3
FB7C,FB8H,-0.2
FB7C,FB8I,-3.6
FB7C,FB9C,-0.025
FB7C,FC2B,-0.022222223
FB7C,FC2C,-1.5659574
FB7C,FS2,-0.052380953
FB7C,FS3,-1.9
FB7C,FS3_a,-0.04
FB7C,FS3_c,-0.071428575
FB7C,FS3_d,-0.045161292
FB7C,FS4A,-0.11578947
FB7C,FS4B,-0.11034483
FB7C,FS4C,-0.114285715
FB7C,PAM09,-0.2
FB7C,PFGs,-0.24444444
FB7C,PFL1,-0.028571429
FB7C,SAF,-0.025
FB7C,hDeltaC,-0.02
FB7C,hDeltaD,-3.1
FB7C,hDeltaE,-21.725
FB7C,hDeltaF,-11.7
FB7C,hDeltaG,-0.025
FB7C,hDeltaK,-0.012903226
FB7C,hDeltaL,-3.290909
FB7C,vDeltaA_a,-0.0057142857
FB7C,vDeltaA_b,-0.006451613
FB7C,vDeltaB,-0.10967742
FB7C,vDeltaC,-0.05925926
FB7C,vDeltaD,-0.01904762
FB7C,vDeltaE,-0.022222223
FB7D_a,AOTU046,-0.0625
FB7D_a,ExR1,-0.3125
FB7D_a,FB1I,-0.5
FB7D_a,FB4Z_a,-0.03125
FB7D_a,FB4Z_b,-0.083333336
FB7D_a,FB5AB,-0.125
FB7D_a,FB5B,-0.041666668
FB7D_a,FB5I,-0.125
FB7D_a,FB5U,-0.0625
FB7D_a,FB6A_b,-0.5
FB7D_a,FB6A_c,-0.125
FB7D_a,FB6B,-0.125
FB7D_a,FB6C_a,-0.25
FB7D_a,FB6C_b,-0.041666668
FB7D_a,FB6E,-0.75
FB7D_a,FB6F,-1.5
FB7D_a,FB6G,-1.375
FB7D_a,FB6H,-4.75
FB7D_a,FB6I,-1.0
FB7D_a,FB6J,-0.3
FB7D_a,FB6K,-0.125
FB7D_a,FB6L,-0.16666667
FB7D_a,FB6M,-0.0625
FB7D_a,FB6P,-0.25
FB7D_a,FB6Q,-0.125
FB7D_a,FB6S,-0.0625
FB7D_a,FB6U,-7.6875
FB7D_a,FB6V,-0.75
FB7D_a,FB6X,-0.125
FB7D_a,FB6Y,-3.25
FB7D_a,FB6Z,-1.5
FB7D_a,FB7A,-0.6666667
FB7D_a,FB7B,-0.375
FB7D_a,FB7C,-1.6
FB7D_a,FB7D_a,-0.625
FB7D_a,FB7D_b,-0.625
FB7D_a,FB7E,-3.0833333
FB7D_a,FB7F,-0.0625
FB7D_a,FB7G,-1.3125
FB7D_a,FB7H,-0.625
FB7D_a,FB7I,-13.9
FB7D_a,FB7J,-0.625
FB7D_a,FB7K,-0.0625
FB7D_a,FB7L,-0.33333334
FB7D_a,FB8F_a,-0.10714286
FB7D_a,FB8G,-6.9583335
FB7D_a,FB8I,-0.125
FB7D_a,FC2C,-0.06382979
FB7D_a,FC3_a,-0.014705882
FB7D_a,FC3_b,-0.0125
FB7D_a,FS1A_b,-0.01923077
FB7D_a,FS2,-0.13690476
FB7D_a,FS3_a,-0.15
FB7D_a,FS3_b,-0.071428575
FB7D_a,FS3_c,-0.17857143
FB7D_a,FS3_d,-0.05645161
FB7D_a,FS4A,-0.05263158
FB7D_a,FS4B,-0.01724138
FB7D_a,OA-VPM3,-0.125
FB7D_a,PFGs,-0.22222222
FB7D_a,hDeltaC,-0.2125
FB7D_a,hDeltaD,-0.15625
FB7D_a,hDeltaE,-21.125
FB7D_a,hDeltaF,-7.8125
FB7D_a,hDeltaG,-0.25
FB7D_a,hDeltaL,-14.863636
FB7D_a,vDeltaB,-0.17741935
FB7D_a,vDeltaC,-0.28703704
FB7D_a,vDeltaD,-0.20238096
FB7D_a,vDeltaE,-0.041666668
FB7D_b,ExR5,-0.0625
FB7D_b,FB1I,-0.125
FB7D_b,FB5S,-0.11111111
FB7D_b,FB5Y_b,-0.125
FB7D_b,FB5Z,-0.125
FB7D_b,FB6A_a,-0.25
FB7D_b,FB6A_b,-0.5
FB7D_b,FB6A_c,-0.25
FB7D_b,FB6B,-0.25
FB7D_b,FB6C_a,-0.75
FB7D_b,FB6C_b,-0.25
FB7D_b,FB6D,-0.25
FB7D_b,FB6E,-1.0
FB7D_b,FB6F,-1.375
FB7D_b,FB6G,-2.5
FB7D_b,FB6H,-3.375
FB7D_b,FB6I,-0.875
FB7D_b,FB6J,-0.2
FB7D_b,FB6K,-0.25
FB7D_b,FB6L,-0.5833333
FB7D_b,FB6M,-0.0625
FB7D_b,FB6N,-0.25
FB7D_b,FB6O,-0.125
FB7D_b,FB6P,-0.125
FB7D_b,FB6Q,-0.125
FB7D_b,FB6U,-11.0625
FB7D_b,FB6V,-2.625
FB7D_b,FB6W,-0.125
FB7D_b,FB6X,-0.375
FB7D_b,FB6Y,-1.375
FB7D_b,FB6Z,-1.25
FB7D_b,FB7A,-0.20833333
FB7D_b,FB7C,-0.2
FB7D_b,FB7D_a,-0.5625
FB7D_b,FB7D_b,-0.3125
FB7D_b,FB7E,-1.2916666
FB7D_b,FB7G,-1.5625
FB7D_b,FB7H,-1.0
FB7D_b,FB7I,-10.15
FB7D_b,FB7J,-0.1875
FB7D_b,FB7L,-0.125
FB7D_b,FB8F_a,-0.035714287
FB7D_b,FB8G,-1.8333334
FB7D_b,FC2B,-0.009259259
FB7D_b,FC2C,-0.04255319
FB7D_b,FC3_a,-0.014705882
FB7D_b,FS1A_a,-0.015625
FB7D_b,FS1A_b,-0.01923077
FB7D_b,FS2,-0.14880952
FB7D_b,FS3_a,-0.033333335
FB7D_b,FS3_b,-0.16071428
FB7D_b,FS3_c,-0.16071428
FB7D_b,FS3_d,-0.024193548
FB7D_b,FS4A,-0.039473683
FB7D_b,FS4C,-0.017857144
FB7D_b,PFGs,-0.11111111
FB7D_b,PFL2,-0.041666668
FB7D_b,hDeltaC,-0.125
FB7D_b,hDeltaD,-0.03125
FB7D_b,hDeltaE,-10.15625
FB7D_b,hDeltaF,-3.71875
FB7D_b,hDeltaG,-0.90625
FB7D_b,hDeltaK,-0.008064516
FB7D_b,hDeltaL,-20.75
FB7D_b,vDeltaA_b,-0.016129032
FB7D_b,vDeltaB,-0.008064516
FB7D_b,vDeltaC,-0.21296297
FB7D_b,vDeltaD,-0.1904762
FB7D_b,vDeltaE,-0.013888889
FB7E,CRE021,-0.083333336
FB7E,EPG,-0.014492754
FB7E,ER4d,-0.01923077
FB7E,ExR1,-0.083333336
FB7E,ExR3,-0.33333334
FB7E,ExR5,-0.083333336
FB7E,FB1I,-0.41666666
FB7E,FB1J,-0.16666667
FB7E,FB2A,-0.041666668
FB7E,FB2C,-0.1
FB7E,FB2D,-0.027777778
FB7E,FB2F_a,-0.027777778
FB7E,FB2K,-0.018518519
FB7E,FB4C,-0.16666667
FB7E,FB4O,-0.055555556
FB7E,FB4P_b,-0.2777778
FB7E,FB4Q_c,-0.16666667
FB7E,FB4R,-0.055555556
FB7E,FB4Z_a,-0.041666668
FB7E,FB5A,-0.20833333
FB7E,FB5AA,-0.16666667
FB7E,FB5B,-0.083333336
FB7E,FB5G_a,-0.20833333
FB7E,FB5G_b,-0.41666666
FB7E,FB5G_c,-0.083333336
FB7E,FB5H,-0.083333336
FB7E,FB5I,-0.16666667
FB7E,FB5L,-0.083333336
FB7E,FB5N,-0.041666668
FB7E,FB5P,-0.375
FB7E,FB5Q,-0.125
FB7E,FB5R,-0.041666668
FB7E,FB5S,-0.37037036
FB7E,FB5T,-0.6666667
FB7E,FB5V_a,-0.083333336
FB7E,FB5V_b,-0.027777778
FB7E,FB5V_c,-0.16666667
FB7E,FB5X,-0.1388889
FB7E,FB5Y_a,-0.083333336
FB7E,FB5Y_b,-1.0
FB7E,FB5Z,-0.33333334
FB7E,FB6A_a,-0.25
FB7E,FB6A_b,-0.25
FB7E,FB6B,-2.25
FB7E,FB6C_a,-1.4166666
FB7E,FB6C_b,-0.11111111
FB7E,FB6E,-0.41666666
FB7E,FB6F,-1.1666666
FB7E,FB6G,-0.5833333
FB7E,FB6H,-1.6666666
FB7E,FB6I,-1.3333334
FB7E,FB6J,-8.733334
FB7E,FB6K,-3.3333333
FB7E,FB6L,-6.0
FB7E,FB6M,-0.29166666
FB7E,FB6O,-0.41666666
FB7E,FB6P,-0.083333336
FB7E,FB6R,-0.20833333
FB7E,FB6S,-0.22916667
FB7E,FB6T,-0.25
FB7E,FB6U,-1.4583334
FB7E,FB6V,-0.5
FB7E,FB6X,-0.41666666
FB7E,FB6Y,-1.5
FB7E,FB6Z,-0.5833333
FB7E,FB7A,-0.3611111
FB7E,FB7B,-0.5833333
FB7E,FB7C,-0.6666667
FB7E,FB7D_a,-19.708334
FB7E,FB7D_b,-14.625
FB7E,FB7E,-1.1111112
FB7E,FB7F,-0.25
FB7E,FB7G,-1.2916666
FB7E,FB7H,-0.6666667
FB7E,FB7I,-1.6
FB7E,FB7J,-30.125
FB7E,FB7K,-0.083333336
FB7E,FB7L,-1.2222222
FB7E,FB8B,-0.5833333
FB7E,FB8C,-0.9583333
FB7E,FB8F_a,-0.2857143
FB7E,FB8F_b,-0.018518519
FB7E,FB8G,-0.3888889
FB7E,FB8H,-0.055555556
FB7E,FB8I,-0.8611111
FB7E,FC1C_b,-0.019607844
FB7E,FC2B,-0.0061728396
FB7E,FC2C,-0.25177306
FB7E,FS1A_b,-0.102564104
FB7E,FS1B_a,-0.012820513
FB7E,FS1B_b,-0.26041666
FB7E,FS2,-2.8650794
FB7E,FS3,-0.25
FB7E,FS3_a,-0.7
FB7E,FS3_b,-0.13095239
FB7E,FS3_c,-0.78571427
FB7E,FS3_d,-0.03763441
FB7E,FS4A,-0.020467836
FB7E,FS4B,-0.011494253
FB7E,FS4C,-0.42857143
FB7E,OA-VPM3,-0.083333336
FB7E,PFGs,-0.1388889
FB7E,PFL2,-0.013888889
FB7E,SAF,-0.020833334
FB7E,SMP185,-0.16666667
FB7E,hDeltaC,-0.083333336
FB7E,hDeltaD,-2.0416667
FB7E,hDeltaE,-11.770833
FB7E,hDeltaF,-22.520834
FB7E,hDeltaG,-0.083333336
FB7E,hDeltaJ,-0.005376344
FB7E,hDeltaK,-0.02688172
FB7E,hDeltaL,-3.090909
FB7E,vDeltaA_a,-0.004761905
FB7E,vDeltaB,-0.10215054
FB7E,vDeltaC,-0.18518518
FB7E,vDeltaD,-0.15079366
FB7E,vDeltaE,-0.046296295
FB7F,AstA1,-0.25
FB7F,ExR3,-0.25
FB7F,FB1A,-0.0625
FB7F,FB1I,-0.375
FB7F,FB5AA,-1.0
FB7F,FB5C,-0.083333336
FB7F,FB5H,-0.25
FB7F,FB5Y_a,-0.125
FB7F,FB6A_a,-24.375
FB7F,FB6A_b,-2.75
FB7F,FB6A_c,-4.0
FB7F,FB6B,-2.625
FB7F,FB6C_a,-9.375
FB7F,FB6C_b,-15.375
FB7F,FB6D,-1.875
FB7F,FB6F,-0.5
FB7F,FB6G,-10.75
FB7F,FB6H,-0.75
FB7F,FB6I,-4.125
FB7F,FB6J,-0.05
FB7F,FB6K,-0.75
FB7F,FB6O,-0.125
FB7F,FB6Q,-0.25
FB7F,FB6S,-0.34375
FB7F,FB6T,-0.125
FB7F,FB6U,-0.6875
FB7F,FB6V,-1.375
FB7F,FB6X,-0.125
FB7F,FB6Z,-0.375
FB7F,FB7A,-1.375
FB7F,FB7B,-1.625
FB7F,FB7C,-0.7
FB7F,FB7D_a,-0.125
FB7F,FB7D_b,-0.0625
FB7F,FB7E,-2.0833333
FB7F,FB7F,-0.1875
FB7F,FB7G,-0.8125
FB7F,FB7H,-1.25
FB7F,FB7I,-1.4
FB7F,FB7J,-1.125
FB7F,FB7K,-2.625
FB7F,FB7L,-4.4583335
FB7F,FB7M,-1.25
FB7F,FB8F_a,-0.21428572
FB7F,FB8F_b,-0.055555556
FB7F,FB8G,-0.375
FB7F,FB8I,-0.29166666
FB7F,FC2C,-0.13829787
FB7F,FS2,-0.005952381
FB7F,FS3_d,-0.016129032
FB7F,FS4A,-0.02631579
FB7F,OA-VPM3,-0.5
FB7F,PAM03,-0.25
FB7F,PFGs,-0.097222224
FB7F,hDeltaD,-1.625
FB7F,hDeltaE,-1.84375
FB7F,hDeltaF,-1.8125
FB7F,hDeltaK,-0.016129032
FB7F,hDeltaL,-0.045454547
FB7F,vDeltaB,-0.07258064
FB7F,vDeltaC,-0.046296295
FB7G,ExR1,-0.375
FB7G,ExR3,-0.125
FB7G,ExR5,-0.0625
FB7G,FB1A,-0.0625
FB7G,FB1B,-0.0625
FB7G,FB1I,-1.0
FB7G,FB1J,-0.375
FB7G,FB2F_a,-0.041666668
FB7G,FB4C,-0.25
FB7G,FB4Z_b,-0.083333336
FB7G,FB5AA,-0.125
FB7G,FB5B,-0.25
FB7G,FB5D,-0.083333336
FB7G,FB5G_a,-0.0625
FB7G,FB5Q,-0.0625
FB7G,FB5S,-0.11111111
FB7G,FB5Y_b,-0.125
FB7G,FB5Z,-0.0625
FB7G,FB6A_a,-8.875
FB7G,FB6A_b,-3.25
FB7G,FB6A_c,-1.25
FB7G,FB6B,-1.0
FB7G,FB6C_a,-7.5
FB7G,FB6C_b,-4.0
FB7G,FB6D,-3.25
FB7G,FB6E,-0.375
FB7G,FB6F,-2.0
FB7G,FB6G,-1.75
FB7G,FB6H,-1.875
FB7G,FB6I,-8.375
FB7G,FB6J,-0.65
FB7G,FB6K,-1.5625
FB7G,FB6L,-3.3333333
FB7G,FB6M,-0.6875
FB7G,FB6N,-0.125
FB7G,FB6O,-1.25
FB7G,FB6P,-0.375
FB7G,FB6R,-0.25
FB7G,FB6S,-0.375
FB7G,FB6T,-0.1875
FB7G,FB6U,-1.4375
FB7G,FB6V,-1.0
FB7G,FB6W,-0.375
FB7G,FB6X,-0.375
FB7G,FB6Y,-2.0
FB7G,FB6Z,-1.5
FB7G,FB7A,-1.4583334
FB7G,FB7B,-1.125
FB7G,FB7C,-1.55
FB7G,FB7D_a,-1.5
FB7G,FB7D_b,-1.6875
FB7G,FB7E,-1.125
FB7G,FB7F,-0.8125
FB7G,FB7G,-1.3125
FB7G,FB7H,-1.75
FB7G,FB7I,-2.1
FB7G,FB7J,-2.125
FB7G,FB7L,-1.1666666
FB7G,FB7M,-1.25
FB7G,FB8B,-1.9375
FB7G,FB8C,-0.25
FB7G,FB8D,-0.25
FB7G,FB8E,-0.05
FB7G,FB8F_a,-0.071428575
FB7G,FB8F_b,-0.11111111
FB7G,FB8G,-0.9583333
FB7G,FB8H,-0.16666667
FB7G,FB8I,-0.25
FB7G,FB9B_b,-0.0625
FB7G,FB9B_c,-0.125
FB7G,FB9B_d,-0.125
FB7G,FB9B_e,-0.125
FB7G,FB9C,-0.03125
FB7G,FC2B,-0.25
FB7G,FC2C,-4.12766
FB7G,FR1,-0.027777778
FB7G,FS1A_b,-0.78846157
FB7G,FS1A_c,-0.11111111
FB7G,FS1B_b,-0.140625
FB7G,FS2,-4.2559524
FB7G,FS3,-1.625
FB7G,FS3_a,-2.9833333
FB7G,FS3_b,-0.5714286
FB7G,FS3_c,-3.267857
FB7G,FS3_d,-0.18548387
FB7G,FS4A,-0.083333336
FB7G,FS4B,-0.03448276
FB7G,FS4C,-0.22321428
FB7G,IPC,-0.25
FB7G,OA-VPM3,-0.5
FB7G,PAM09,-0.125
FB7G,PEG,-0.013888889
FB7G,PFGs,-0.5555556
FB7G,SA1_a,-0.16666667
FB7G,SA1_b,-0.05
FB7G,SAF,-0.0625
FB7G,SMP108,-3.5
FB7G,hDeltaC,-0.1875
FB7G,hDeltaD,-2.875
FB7G,hDeltaE,-25.53125
FB7G,hDeltaF,-3.25
FB7G,hDeltaG,-0.15625
FB7G,hDeltaK,-0.04032258
FB7G,hDeltaL,-18.022728
FB7G,pC1x_b,-0.5
FB7G,vDeltaA_b,-0.016129032
FB7G,vDeltaB,-0.20967741
FB7G,vDeltaC,-0.7314815
FB7G,vDeltaD,-0.4047619
FB7G,vDeltaE,-0.027777778
FB7H,ExR3,-1.25
FB7H,FB1I,-4.0
FB7H,FB1J,-1.0
FB7H,FB4A_b,-0.25
FB7H,FB4F_a,-0.125
FB7H,FB5A,-0.125
FB7H,FB5AB,-14.0
FB7H,FB5B,-0.41666666
FB7H,FB5G_a,-0.875
FB7H,FB5G_b,-0.25
FB7H,FB5J,-1.0
FB7H,FB5S,-0.055555556
FB7H,FB5Y_b,-0.25
FB7H,FB5Z,-0.125
FB7H,FB6A_a,-1.25
FB7H,FB6A_b,-0.25
FB7H,FB6A_c,-1.75
FB7H,FB6B,-6.75
FB7H,FB6C_a,-2.5
FB7H,FB6C_b,-0.5833333
FB7H,FB6D,-1.75
FB7H,FB6E,-8.25
FB7H,FB6F,-2.0
FB7H,FB6G,-2.25
FB7H,FB6H,-6.5
FB7H,FB6I,-2.25
FB7H,FB6J,-0.7
FB7H,FB6K,-0.375
FB7H,FB6L,-0.33333334
FB7H,FB6M,-0.875
FB7H,FB6N,-0.5
FB7H,FB6O,-1.25
FB7H,FB6P,-1.25
FB7H,FB6Q,-1.25
FB7H,FB6R,-0.125
FB7H,FB6S,-0.1875
FB7H,FB6T,-4.25
FB7H,FB6U,-0.625
FB7H,FB6X,-0.25
FB7H,FB6Y,-0.25
FB7H,FB6Z,-4.5
FB7H,FB7A,-1.5
FB7H,FB7B,-7.25
FB7H,FB7C,-0.5
FB7H,FB7D_a,-0.75
FB7H,FB7D_b,-0.75
FB7H,FB7E,-0.25
FB7H,FB7F,-0.375
FB7H,FB7G,-0.5
FB7H,FB7H,-2.0
FB7H,FB7I,-1.6
FB7H,FB7J,-1.25
FB7H,FB7K,-3.375
FB7H,FB7L,-2.8333333
FB7H,FB7M,-0.25
FB7H,FB8C,-0.125
FB7H,FB8F_b,-0.11111111
FB7H,FB8G,-0.5833333
FB7H,FB8I,-0.33333334
FB7H,FC2B,-0.055555556
FB7H,FC2C,-0.30851063
FB7H,FC3_a,-0.029411765
FB7H,FS1A_b,-0.03846154
FB7H,FS1B_b,-0.03125
FB7H,FS2,-0.63095236
FB7H,FS3,-0.25
FB7H,FS3_a,-0.6333333
FB7H,FS3_b,-0.2857143
FB7H,FS3_c,-0.85714287
FB7H,FS3_d,-0.20967741
FB7H,FS4A,-0.01754386
FB7H,FS4C,-0.017857144
FB7H,PFGs,-1.0833334
FB7H,hDeltaC,-0.625
FB7H,hDeltaD,-0.375
FB7H,hDeltaE,-2.75
FB7H,hDeltaF,-1.125
FB7H,hDeltaG,-0.3125
FB7H,hDeltaK,-0.29032257
FB7H,hDeltaL,-2.3181818
FB7H,vDeltaB,-4.177419
FB7H,vDeltaC,-21.722221
FB7H,vDeltaD,-14.785714
FB7H,vDeltaE,-2.2222223
FB7H,vDeltaF,-0.25
FB7I,AstA1,-0.6
FB7I,DNc01,-0.1
FB7I,ExR1,-0.05
FB7I,ExR3,-0.8
FB7I,ExR5,-0.1
FB7I,FB1I,-0.9
FB7I,FB1J,-0.2
FB7I,FB2F_c,-0.05
FB7I,FB2F_d,-0.05
FB7I,FB2G_b,-0.033333335
FB7I,FB4C,-0.1
FB7I,FB4O,-0.033333335
FB7I,FB4P_a,-0.15
FB7I,FB4P_b,-0.06666667
FB7I,FB5A,-0.05
FB7I,FB5AA,-0.4
FB7I,FB5AB,-0.4
FB7I,FB5B,-0.06666667
FB7I,FB5C,-0.2
FB7I,FB5D,-0.06666667
FB7I,FB5F,-0.1
FB7I,FB5G_a,-0.2
FB7I,FB5G_c,-0.1
FB7I,FB5P,-0.05
FB7I,FB5Q,-0.05
FB7I,FB5S,-0.26666668
FB7I,FB5T,-0.4
FB7I,FB5V_a,-0.033333335
FB7I,FB5V_b,-0.2
FB7I,FB5V_c,-0.28
FB7I,FB5Y_a,-0.2
FB7I,FB5Y_b,-1.8
FB7I,FB5Z,-0.05
FB7I,FB6A_a,-9.7
FB7I,FB6A_b,-6.7
FB7I,FB6A_c,-3.7
FB7I,FB6B,-3.3
FB7I,FB6C_a,-2.8
FB7I,FB6C_b,-5.3333335
FB7I,FB6D,-4.0
FB7I,FB6E,-0.5
FB7I,FB6F,-3.8
FB7I,FB6G,-1.6
FB7I,FB6H,-2.4
FB7I,FB6I,-4.5
FB7I,FB6J,-2.4
FB7I,FB6K,-1.6
FB7I,FB6L,-3.2666667
FB7I,FB6M,-0.9
FB7I,FB6O,-1.6
FB7I,FB6P,-0.2
FB7I,FB6Q,-0.4
FB7I,FB6R,-0.3
FB7I,FB6S,-0.25
FB7I,FB6T,-0.4
FB7I,FB6U,-2.6
FB7I,FB6V,-0.9
FB7I,FB6W,-0.4
FB7I,FB6X,-0.5
FB7I,FB6Y,-0.8
FB7I,FB6Z,-2.9
FB7I,FB7A,-0.6666667
FB7I,FB7B,-0.6
FB7I,FB7C,-0.36
FB7I,FB7D_a,-2.9
FB7I,FB7D_b,-1.45
FB7I,FB7E,-1.4
FB7I,FB7F,-0.45
FB7I,FB7G,-2.65
FB7I,FB7H,-5.1
FB7I,FB7I,-2.88
FB7I,FB7J,-1.6
FB7I,FB7K,-0.15
FB7I,FB7L,-0.76666665
FB7I,FB8B,-0.1
FB7I,FB8C,-0.15
FB7I,FB8E,-0.04
FB7I,FB8F_a,-0.17142858
FB7I,FB8G,-0.8666667
FB7I,FB8I,-0.33333334
FB7I,FB9B_c,-0.05
FB7I,FC2B,-2.6962962
FB7I,FC2C,-2.9574468
FB7I,FC3_a,-0.011764706
FB7I,FC3_c,-0.013333334
FB7I,FR1,-0.5555556
FB7I,FS1A_a,-0.0125
FB7I,FS1A_b,-0.6769231
FB7I,FS1A_c,-0.11111111
FB7I,FS1B_b,-0.3
FB7I,FS2,-5.0285716
FB7I,FS3,-0.1
FB7I,FS3_a,-3.3466666
FB7I,FS3_b,-0.5714286
FB7I,FS3_c,-3.2714286
FB7I,FS3_d,-0.077419356
FB7I,FS4A,-0.010526316
FB7I,FS4B,-0.0068965517
FB7I,FS4C,-0.27857143
FB7I,OA-VPM3,-0.1
FB7I,PAM09,-0.1
FB7I,PFGs,-0.46666667
FB7I,PFL2,-0.016666668
FB7I,SAF,-0.025
FB7I,SMP108,-2.6
FB7I,SMP109,-0.6
FB7I,hDeltaC,-0.38
FB7I,hDeltaD,-0.2
FB7I,hDeltaE,-22.975
FB7I,hDeltaF,-4.1
FB7I,hDeltaG,-3.275
FB7I,hDeltaJ,-0.032258064
FB7I,hDeltaK,-0.06451613
FB7I,hDeltaL,-38.727272
FB7I,vDeltaA_b,-0.006451613
FB7I,vDeltaB,-0.103225805
FB7I,vDeltaC,-0.7185185
FB7I,vDeltaD,-0.9238095
FB7I,vDeltaE,-0.23333333
FB7I,vDeltaF,-0.011111111
FB7J,ExR1,-3.1875
FB7J,ExR5,-0.0625
FB7J,FB1I,-0.75
FB7J,FB1J,-0.125
FB7J,FB6A_a,-0.125
FB7J,FB6A_b,-1.25
FB7J,FB6B,-0.375
FB7J,FB6C_a,-0.875
FB7J,FB6E,-1.125
FB7J,FB6F,-1.125
FB7J,FB6H,-3.5
FB7J,FB6I,-0.375
FB7J,FB6K,-0.0625
FB7J,FB6M,-0.1875
FB7J,FB6O,-0.25
FB7J,FB6R,-0.0625
FB7J,FB6S,-0.1875
FB7J,FB6T,-0.0625
FB7J,FB6U,-2.9375
FB7J,FB6X,-0.125
FB7J,FB6Y,-0.5
FB7J,FB6Z,-0.5
FB7J,FB7A,-0.7083333
FB7J,FB7B,-2.75
FB7J,FB7C,-0.6
FB7J,FB7D_a,-0.75
FB7J,FB7D_b,-0.25
FB7J,FB7E,-11.583333
FB7J,FB7F,-0.5
FB7J,FB7G,-3.625
FB7J,FB7H,-0.75
FB7J,FB7I,-7.85
FB7J,FB7J,-0.1875
FB7J,FB7K,-0.4375
FB7J,FB7L,-1.375
FB7J,FB7M,-0.625
FB7J,FB8A,-0.125
FB7J,FB8C,-0.3125
FB7J,FB8D,-0.125
FB7J,FB8E,-0.05
FB7J,FB8F_a,-0.17857143
FB7J,FB8F_b,-0.055555556
FB7J,FB8G,-13.0
FB7J,FB8H,-0.083333336
FB7J,FB8I,-1.7916666
FB7J,FC2C,-0.095744684
FB7J,FS2,-0.077380955
FB7J,FS3_a,-0.3
FB7J,FS3_b,-0.14285715
FB7J,FS3_c,-0.08928572
FB7J,FS3_d,-0.12096774
FB7J,FS4A,-0.2236842
FB7J,FS4B,-0.02586207
FB7J,PFGs,-0.30555555
FB7J,hDeltaC,-0.1
FB7J,hDeltaD,-14.1875
FB7J,hDeltaE,-38.65625
FB7J,hDeltaF,-18.0625
FB7J,hDeltaG,-0.03125
FB7J,hDeltaK,-0.008064516
FB7J,hDeltaL,-2.6363637
FB7J,vDeltaA_a,-0.025
FB7J,vDeltaA_b,-0.11290322
FB7J,vDeltaB,-1.0564516
FB7J,vDeltaC,-0.9814815
FB7J,vDeltaD,-0.17857143
FB7K,ExR1,-6.4375
FB7K,ExR5,-0.0625
FB7K,FB1D,-0.05
FB7K,FB1E_b,-0.25
FB7K,FB1I,-44.875
FB7K,FB1J,-26.5
FB7K,FB5B,-0.33333334
FB7K,FB5H,-0.125
FB7K,FB6A_c,-0.25
FB7K,FB6C_a,-0.25
FB7K,FB6D,-0.125
FB7K,FB6E,-0.25
FB7K,FB6F,-0.25
FB7K,FB6H,-0.375
FB7K,FB6M,-5.375
FB7K,FB6O,-0.875
FB7K,FB6Q,-0.125
FB7K,FB6R,-0.5625
FB7K,FB6S,-2.3125
FB7K,FB6Y,-2.25
FB7K,FB6Z,-2.5
FB7K,FB7A,-9.916667
FB7K,FB7B,-9.5
FB7K,FB7C,-7.35
FB7K,FB7D_a,-0.625
FB7K,FB7D_b,-0.125
FB7K,FB7E,-0.45833334
FB7K,FB7F,-0.9375
FB7K,FB7G,-0.375
FB7K,FB7H,-23.5
FB7K,FB7I,-0.1
FB7K,FB7J,-0.4375
FB7K,FB7K,-12.4375
FB7K,FB7L,-8.583333
FB7K,FB7M,-5.0
FB7K,FB8A,-0.5
FB7K,FB8B,-2.125
FB7K,FB8C,-1.0
FB7K,FB8E,-1.05
FB7K,FB8F_a,-0.17857143
FB7K,FB8F_b,-0.4722222
FB7K,FB8G,-10.416667
FB7K,FB8H,-0.9166667
FB7K,FB8I,-0.75
FB7K,FC2C,-0.33510637
FB7K,FS2,-0.10119048
FB7K,FS3,-0.125
FB7K,FS3_a,-0.033333335
FB7K,FS3_b,-0.125
FB7K,FS3_c,-0.05357143
FB7K,FS3_d,-0.18548387
FB7K,FS4A,-0.021929825
FB7K,FS4B,-0.00862069
FB7K,FS4C,-0.035714287
FB7K,IPC,-0.25
FB7K,OA-VPM3,-0.125
FB7K,PFGs,-10.486111
FB7K,SA2_a,-0.083333336
FB7K,SA2_c,-0.125
FB7K,SAF,-0.40625
FB7K,hDeltaD,-10.40625
FB7K,hDeltaE,-49.53125
FB7K,hDeltaF,-3.96875
FB7K,hDeltaG,-0.03125
FB7K,hDeltaK,-0.088709675
FB7K,hDeltaL,-0.18181819
FB7K,vDeltaA_b,-0.7580645
FB7K,vDeltaB,-7.645161
FB7K,vDeltaC,-1.9907408
FB7K,vDeltaD,-0.14285715
FB7L,EPG,-0.0036231885
FB7L,ExR1,-0.375
FB7L,FB1E_a,-0.06666667
FB7L,FB1I,-4.9166665
FB7L,FB1J,-3.0
FB7L,FB2F_a,-0.027777778
FB7L,FB2F_b,-0.055555556
FB7L,FB2F_d,-0.083333336
FB7L,FB2G_b,-0.11111111
FB7L,FB2M_a,-0.083333336
FB7L,FB4N,-0.083333336
FB7L,FB5G_a,-0.125
FB7L,FB5G_b,-0.25
FB7L,FB5G_c,-0.083333336
FB7L,FB5U,-0.041666668
FB7L,FB5Y_b,-0.5
FB7L,FB6A_a,-0.083333336
FB7L,FB6A_b,-1.0
FB7L,FB6A_c,-0.083333336
FB7L,FB6B,-0.41666666
FB7L,FB6C_a,-1.25
FB7L,FB6C_b,-0.055555556
FB7L,FB6D,-0.16666667
FB7L,FB6E,-0.33333334
FB7L,FB6F,-1.3333334
FB7L,FB6G,-0.6666667
FB7L,FB6H,-4.0
FB7L,FB6I,-0.5
FB7L,FB6J,-0.43333334
FB7L,FB6K,-4.9166665
FB7L,FB6L,-0.7777778
FB7L,FB6M,-0.75
FB7L,FB6O,-0.5
FB7L,FB6P,-0.25
FB7L,FB6Q,-0.16666667
FB7L,FB6R,-0.125
FB7L,FB6S,-0.083333336
FB7L,FB6T,-0.5
FB7L,FB6U,-0.5833333
FB7L,FB6V,-0.16666667
FB7L,FB6X,-0.16666667
FB7L,FB6Y,-0.75
FB7L,FB6Z,-1.9166666
FB7L,FB7A,-2.3333333
FB7L,FB7B,-8.75
FB7L,FB7C,-1.7
FB7L,FB7D_a,-6.875
FB7L,FB7D_b,-2.625
FB7L,FB7E,-2.1666667
FB7L,FB7F,-1.375
FB7L,FB7G,-1.125
FB7L,FB7H,-2.9166667
FB7L,FB7I,-1.4666667
FB7L,FB7J,-12.75
FB7L,FB7K,-2.5416667
FB7L,FB7L,-1.5277778
FB7L,FB7M,-3.6666667
FB7L,FB8A,-0.25
FB7L,FB8B,-2.875
FB7L,FB8C,-15.208333
FB7L,FB8D,-0.9166667
FB7L,FB8E,-0.1
FB7L,FB8F_a,-1.1428572
FB7L,FB8F_b,-0.42592594
FB7L,FB8G,-3.1666667
FB7L,FB8H,-0.8333333
FB7L,FB8I,-2.1111112
FB7L,FC2B,-0.12962963
FB7L,FC2C,-4.12766
FB7L,FS1A_a,-0.0625
FB7L,FS1A_b,-0.102564104
FB7L,FS1A_c,-0.009259259
FB7L,FS1B_b,-0.14583333
FB7L,FS2,-0.33333334
FB7L,FS3,-6.3333335
FB7L,FS3_a,-2.4222221
FB7L,FS3_b,-4.047619
FB7L,FS3_c,-2.0
FB7L,FS3_d,-2.483871
FB7L,FS4A,-0.5964912
FB7L,FS4B,-0.36206895
FB7L,FS4C,-1.4166666
FB7L,IPC,-3.75
FB7L,PFGs,-2.2777777
FB7L,PFL3,-0.0069444445
FB7L,SAF,-0.083333336
FB7L,hDeltaC,-0.4
FB7L,hDeltaD,-6.0
FB7L,hDeltaE,-28.458334
FB7L,hDeltaF,-35.854168
FB7L,hDeltaG,-0.0625
FB7L,hDeltaJ,-0.010752688
FB7L,hDeltaK,-0.010752688
FB7L,hDeltaL,-0.8636364
FB7L,vDeltaA_a,-0.007142857
FB7L,vDeltaA_b,-0.13978495
FB7L,vDeltaB,-1.0107527
FB7L,vDeltaC,-1.5802469
FB7L,vDeltaD,-0.32539684
FB7L,vDeltaE,-0.027777778
FB7M,CL007,-0.5
FB7M,DNc02,-0.75
FB7M,ExR1,-0.125
FB7M,FB1A,-0.375
FB7M,FB1B,-0.375
FB7M,FB1F,-0.25
FB7M,FB1I,-0.5
FB7M,FB1J,-0.25
FB7M,FB2I_a,-0.05
FB7M,FB2J_b,-0.25
FB7M,FB2L,-0.125
FB7M,FB5G_a,-0.125
FB7M,FB6C_a,-0.25
FB7M,FB6F,-0.25
FB7M,FB6G,-0.25
FB7M,FB6K,-0.125
FB7M,FB6S,-0.0625
FB7M,FB6V,-0.25
FB7M,FB6Y,-0.25
FB7M,FB7A,-0.41666666
FB7M,FB7B,-4.75
FB7M,FB7C,-1.2
FB7M,FB7D_a,-0.625
FB7M,FB7D_b,-0.125
FB7M,FB7E,-4.5
FB7M,FB7F,-0.125
FB7M,FB7G,-3.25
FB7M,FB7H,-0.5
FB7M,FB7I,-1.0
FB7M,FB7J,-1.625
FB7M,FB7K,-0.375
FB7M,FB7L,-1.0
FB7M,FB8B,-0.125
FB7M,FB8C,-1.75
FB7M,FB8D,-0.25
FB7M,FB8E,-0.5
FB7M,FB8F_a,-0.2857143
FB7M,FB8G,-4.25
FB7M,FB8H,-1.5833334
FB7M,FB8I,-4.4166665
FB7M,FC2C,-0.5531915
FB7M,FS1A_b,-0.03846154
FB7M,FS2,-0.035714287
FB7M,FS3,-2.5
FB7M,FS3_a,-0.033333335
FB7M,FS3_b,-0.071428575
FB7M,FS3_c,-0.071428575
FB7M,FS3_d,-0.09677419
FB7M,FS4A,-0.4385965
FB7M,FS4B,-0.5862069
FB7M,FS4C,-0.2857143
FB7M,PFGs,-0.055555556
FB7M,PFL2,-0.041666668
FB7M,SA2_a,-0.16666667
FB7M,hDeltaA,-0.041666668
FB7M,hDeltaD,-9.5
FB7M,hDeltaE,-22.5625
FB7M,hDeltaF,-7.4375
FB7M,hDeltaL,-0.45454547
FB7M,vDeltaA_a,-0.035714287
FB7M,vDeltaA_b,-0.08064516
FB7M,vDeltaB,-0.17741935
FB7M,vDeltaC,-0.037037037
FB8A,DNc01,-0.25
FB8A,ExR1,-0.75
FB8A,FB1I,-1.0
FB8A,FB1J,-7.25
FB8A,FB6F,-0.25
FB8A,FB6T,-0.375
FB8A,FB6Y,-0.25
FB8A,FB7B,-1.5
FB8A,FB7C,-0.2
FB8A,FB7D_a,-1.125
FB8A,FB7G,-0.125
FB8A,FB7H,-0.5
FB8A,FB7J,-0.75
FB8A,FB7K,-0.125
FB8A,FB7L,-0.33333334
FB8A,FB7M,-1.25
FB8A,FB8A,-0.25
FB8A,FB8B,-1.375
FB8A,FB8C,-1.375
FB8A,FB8D,-2.5
FB8A,FB8E,-0.8
FB8A,FB8F_a,-0.42857143
FB8A,FB8F_b,-3.3888888
FB8A,FB8G,-0.6666667
FB8A,FB8H,-2.0833333
FB8A,FB8I,-0.33333334
FB8A,FB9A,-0.75
FB8A,FB9B_b,-0.125
FB8A,FB9C,-0.375
FB8A,FC2C,-0.7659575
FB8A,FS2,-0.035714287
FB8A,FS3,-1.5
FB8A,FS3_a,-0.033333335
FB8A,FS3_b,-0.21428572
FB8A,FS3_c,-0.21428572
FB8A,FS3_d,-1.048387
FB8A,FS4A,-1.1140351
FB8A,FS4B,-0.9137931
FB8A,FS4C,-0.71428573
FB8A,IPC,-0.5
FB8A,PFGs,-0.22222222
FB8A,SAF,-2.0
FB8A,hDeltaD,-40.8125
FB8A,hDeltaE,-4.1875
FB8A,hDeltaF,-4.3125
FB8A,vDeltaA_a,-1.7214285
FB8A,vDeltaA_b,-0.33870968
FB8A,vDeltaB,-0.016129032
FB8A,vDeltaC,-0.018518519
FB8B,AOTU046,-0.0625
FB8B,AVLP314,-0.5
FB8B,DNc01,-0.375
FB8B,DNpe053,-0.25
FB8B,ExR1,-76.25
FB8B,ExR5,-0.25
FB8B,ExR7,-0.5
FB8B,FB1I,-0.875
FB8B,FB1J,-1.0
FB8B,FB4Z_b,-0.25
FB8B,FB5A,-0.25
FB8B,FB5B,-0.083333336
FB8B,FB5R,-0.1875
FB8B,FB6A_a,-0.375
FB8B,FB6B,-0.25
FB8B,FB6F,-0.125
FB8B,FB6H,-0.125
FB8B,FB6M,-0.0625
FB8B,FB6O,-0.125
FB8B,FB6Q,-0.125
FB8B,FB6S,-0.09375
FB8B,FB6T,-0.0625
FB8B,FB6U,-0.4375
FB8B,FB6Y,-0.125
FB8B,FB6Z,-0.125
FB8B,FB7A,-0.5833333
FB8B,FB7B,-31.625
FB8B,FB7C,-0.65
FB8B,FB7D_b,-0.0625
FB8B,FB7E,-1.375
FB8B,FB7G,-15.5
FB8B,FB7I,-5.45
FB8B,FB7J,-0.25
FB8B,FB7K,-1.0
FB8B,FB7L,-13.791667
FB8B,FB7M,-3.625
FB8B,FB8A,-0.125
FB8B,FB8B,-5.1875
FB8B,FB8C,-1.5
FB8B,FB8D,-3.625
FB8B,FB8E,-2.6
FB8B,FB8F_a,-0.21428572
FB8B,FB8F_b,-0.25
FB8B,FB8G,-7.2083335
FB8B,FB8H,-2.1666667
FB8B,FB8I,-10.208333
FB8B,FB9A,-0.16666667
FB8B,FB9B_b,-0.125
FB8B,FB9C,-0.0625
FB8B,FC2C,-0.07978723
FB8B,FS2,-0.065476194
FB8B,FS3,-1.25
FB8B,FS3_a,-0.06666667
FB8B,FS3_b,-0.17857143
FB8B,FS3_c,-0.08928572
FB8B,FS3_d,-1.1048387
FB8B,FS4A,-0.19298245
FB8B,FS4B,-0.112068966
FB8B,FS4C,-0.071428575
FB8B,IPC,-12.0
FB8B,PAM09,-0.25
FB8B,PFGs,-2.5
FB8B,PFL1,-0.017857144
FB8B,SAF,-0.09375
FB8B,hDeltaA,-0.5208333
FB8B,hDeltaC,-0.0125
FB8B,hDeltaD,-17.09375
FB8B,hDeltaE,-12.9375
FB8B,hDeltaF,-1.375
FB8B,hDeltaL,-0.13636364
FB8B,vDeltaA_a,-0.025
FB8B,vDeltaA_b,-1.1693548
FB8B,vDeltaB,-1.9596775
FB8B,vDeltaC,-0.46296296
FB8C,AstA1,-0.25
FB8C,DNpe043,-0.25
FB8C,ExR1,-2.9375
FB8C,ExR7,-0.0625
FB8C,FB1I,-0.625
FB8C,FB1J,-0.375
FB8C,FB5A,-0.3125
FB8C,FB6R,-0.3125
FB8C,FB6T,-0.0625
FB8C,FB6Y,-1.0
FB8C,FB7A,-0.20833333
FB8C,FB7B,-2.25
FB8C,FB7C,-1.2
FB8C,FB7D_a,-0.75
FB8C,FB7E,-1.0416666
FB8C,FB7G,-0.6875
FB8C,FB7H,-0.125
FB8C,FB7I,-0.5
FB8C,FB7J,-0.25
FB8C,FB7K,-0.5625
FB8C,FB7L,-7.25
FB8C,FB7M,-0.625
FB8C,FB8A,-0.875
FB8C,FB8B,-0.875
FB8C,FB8C,-1.0625
FB8C,FB8D,-1.0
FB8C,FB8E,-7.5
FB8C,FB8F_a,-0.5
FB8C,FB8F_b,-0.2777778
FB8C,FB8G,-13.166667
FB8C,FB8H,-4.2083335
FB8C,FB8I,-2.8333333
FB8C,FC2C,-0.07446808
FB8C,FS1B_b,-0.03125
FB8C,FS2,-0.005952381
FB8C,FS3_b,-0.17857143
FB8C,FS3_d,-0.048387095
FB8C,FS4A,-0.46052632
FB8C,FS4B,-0.02586207
FB8C,FS4C,-0.008928572
FB8C,IPC,-0.25
FB8C,PFGs,-0.041666668
FB8C,SAF,-0.0625
FB8C,SMP285,-0.75
FB8C,hDeltaC,-0.0125
FB8C,hDeltaD,-48.125
FB8C,hDeltaE,-21.9375
FB8C,hDeltaF,-4.21875
FB8C,hDeltaG,-0.09375
FB8C,hDeltaL,-0.1590909
FB8C,vDeltaA_a,-0.017857144
FB8C,vDeltaA_b,-0.3548387
FB8C,vDeltaB,-0.22580644
FB8C,vDeltaC,-0.027777778
FB8D,ExR1,-0.875
FB8D,FB1B,-0.125
FB8D,FB1E_a,-0.1
FB8D,FB1I,-0.75
FB8D,FB1J,-3.0
FB8D,FB2I_a,-0.05
FB8D,FB6R,-0.125
FB8D,FB6T,-0.25
FB8D,FB6U,-0.125
FB8D,FB7A,-0.16666667
FB8D,FB7B,-1.0
FB8D,FB7C,-0.4
FB8D,FB7E,-0.33333334
FB8D,FB7F,-0.125
FB8D,FB7G,-0.5
FB8D,FB7H,-0.25
FB8D,FB7I,-0.1
FB8D,FB7J,-0.25
FB8D,FB7K,-0.25
FB8D,FB7L,-1.4166666
FB8D,FB7M,-0.75
FB8D,FB8A,-0.75
FB8D,FB8B,-1.0
FB8D,FB8C,-0.75
FB8D,FB8E,-1.7
FB8D,FB8F_b,-0.22222222
FB8D,FB8G,-2.4166667
FB8D,FB8H,-1.0
FB8D,FB8I,-2.5833333
FB8D,FB9A,-0.33333334
FB8D,FB9B_a,-0.125
FB8D,FB9C,-0.9375
FB8D,FC2C,-0.11702128
FB8D,FS2,-0.035714287
FB8D,FS3,-0.75
FB8D,FS3_b,-0.071428575
FB8D,FS3_c,-0.035714287
FB8D,FS3_d,-0.19354838
FB8D,FS4A,-0.65789473
FB8D,FS4B,-0.44827586
FB8D,FS4C,-0.08928572
FB8D,PFGs,-0.055555556
FB8D,PFL2,-0.041666668
FB8D,SA2_a,-0.5
FB8D,SA2_b,-0.25
FB8D,SA3,-0.0625
FB8D,SAF,-0.125
FB8D,hDeltaC,-0.025
FB8D,hDeltaD,-15.875
FB8D,hDeltaE,-5.6875
FB8D,hDeltaF,-2.0
FB8D,hDeltaH,-0.0625
FB8D,vDeltaA_a,-0.05
FB8D,vDeltaA_b,-0.06451613
FB8D,vDeltaB,-0.016129032
FB8E,AOTU046,-0.05
FB8E,ExR1,-0.35
FB8E,ExR3,-0.1
FB8E,ExR5,-0.5
FB8E,ExR7,-0.2
FB8E,FB1D,-0.04
FB8E,FB1I,-1.4
FB8E,FB1J,-7.5
FB8E,FB4P_a,-0.1
FB8E,FB5AA,-0.1
FB8E,FB5G_a,-0.15
FB8E,FB5G_b,-0.2
FB8E,FB5G_c,-0.1
FB8E,FB5X,-0.033333335
FB8E,FB6A_a,-0.4
FB8E,FB6F,-0.1
FB8E,FB6L,-0.06666667
FB8E,FB6M,-0.05
FB8E,FB6U,-0.05
FB8E,FB6Y,-0.3
FB8E,FB7A,-0.1
FB8E,FB7B,-0.6
FB8E,FB7C,-0.16
FB8E,FB7D_a,-0.25
FB8E,FB7F,-0.1
FB8E,FB7G,-0.05
FB8E,FB7J,-0.6
FB8E,FB7K,-0.2
FB8E,FB7L,-0.033333335
FB8E,FB7M,-0.4
FB8E,FB8A,-1.7
FB8E,FB8B,-12.05
FB8E,FB8C,-8.2
FB8E,FB8D,-1.0
FB8E,FB8E,-1.88
FB8E,FB8F_a,-1.2571429
FB8E,FB8F_b,-0.6
FB8E,FB8G,-0.43333334
FB8E,FB8H,-0.8
FB8E,FB8I,-0.13333334
FB8E,FB9A,-0.6666667
FB8E,FB9B_a,-0.05
FB8E,FB9B_b,-6.6
FB8E,FB9B_c,-0.25
FB8E,FB9B_d,-0.1
FB8E,FB9B_e,-0.05
FB8E,FB9C,-0.475
FB8E,FC2C,-0.068085104
FB8E,FS1B_b,-0.0375
FB8E,FS2,-0.18571429
FB8E,FS3,-0.7
FB8E,FS3_b,-0.014285714
FB8E,FS3_c,-0.042857144
FB8E,FS3_d,-0.10967742
FB8E,FS4A,-1.0807017
FB8E,FS4B,-0.1724138
FB8E,FS4C,-0.14285715
FB8E,IPC,-0.2
FB8E,PAM09,-0.1
FB8E,PFGs,-0.011111111
FB8E,SA1_a,-0.06666667
FB8E,SAF,-5.6
FB8E,SMP108,-0.2
FB8E,hDeltaD,-31.4
FB8E,hDeltaE,-12.125
FB8E,hDeltaF,-0.175
FB8E,hDeltaL,-0.018181818
FB8E,vDeltaA_a,-1.8314285
FB8E,vDeltaA_b,-1.1290323
FB8E,vDeltaB,-0.019354839
FB8F_a,ExR1,-0.035714287
FB8F_a,FB1E_a,-0.028571429
FB8F_a,FB1I,-3.0
FB8F_a,FB1J,-2.5714285
FB8F_a,FB5B,-0.04761905
FB8F_a,FB5H,-0.5
FB8F_a,FB6A_a,-1.3571428
FB8F_a,FB6B,-1.1428572
FB8F_a,FB6C_a,-10.285714
FB8F_a,FB6C_b,-9.571428
FB8F_a,FB6E,-0.2857143
FB8F_a,FB6F,-0.35714287
FB8F_a,FB6G,-13.214286
FB8F_a,FB6H,-4.071429
FB8F_a,FB6I,-4.5
FB8F_a,FB6K,-0.32142857
FB8F_a,FB6M,-0.035714287
FB8F_a,FB6P,-0.21428572
FB8F_a,FB6R,-0.035714287
FB8F_a,FB6S,-0.017857144
FB8F_a,FB6T,-0.2857143
FB8F_a,FB6Y,-0.14285715
FB8F_a,FB6Z,-2.0
FB8F_a,FB7A,-3.2380953
FB8F_a,FB7B,-1.5
FB8F_a,FB7C,-0.74285716
FB8F_a,FB7D_a,-0.035714287
FB8F_a,FB7D_b,-0.035714287
FB8F_a,FB7E,-2.2142856
FB8F_a,FB7F,-0.10714286
FB8F_a,FB7G,-0.71428573
FB8F_a,FB7H,-0.64285713
FB8F_a,FB7I,-0.51428574
FB8F_a,FB7J,-0.14285715
FB8F_a,FB7K,-1.3928572
FB8F_a,FB7L,-6.9761906
FB8F_a,FB7M,-1.0
FB8F_a,FB8B,-0.071428575
FB8F_a,FB8C,-0.21428572
FB8F_a,FB8D,-0.2857143
FB8F_a,FB8E,-0.057142857
FB8F_a,FB8F_a,-0.4489796
FB8F_a,FB8F_b,-0.04761905
FB8F_a,FB8G,-1.1904762
FB8F_a,FB8H,-0.11904762
FB8F_a,FB8I,-3.1190476
FB8F_a,FC2C,-0.051671732
FB8F_a,FS2,-0.0034013605
FB8F_a,FS3_b,-0.010204081
FB8F_a,FS3_c,-0.010204081
FB8F_a,FS3_d,-0.004608295
FB8F_a,FS4A,-0.050125312
FB8F_a,OA-VPM3,-0.071428575
FB8F_a,SAF,-0.035714287
FB8F_a,hDeltaC,-0.007142857
FB8F_a,hDeltaD,-9.625
FB8F_a,hDeltaE,-4.821429
FB8F_a,hDeltaF,-1.25
FB8F_a,hDeltaJ,-0.004608295
FB8F_a,hDeltaL,-0.025974026
FB8F_a,vDeltaA_a,-0.0020408162
FB8F_a,vDeltaA_b,-0.032258064
FB8F_a,vDeltaB,-0.05529954
FB8F_a,vDeltaC,-0.005291005
FB8F_b,DNc02,-0.055555556
FB8F_b,ExR1,-0.055555556
FB8F_b,FB1A,-0.027777778
FB8F_b,FB1D,-0.2
FB8F_b,FB1E_a,-0.044444446
FB8F_b,FB1E_b,-0.44444445
FB8F_b,FB1F,-0.11111111
FB8F_b,FB1I,-6.5555553
FB8F_b,FB1J,-4.388889
FB8F_b,FB2F_d,-0.055555556
FB8F_b,FB6A_b,-0.055555556
FB8F_b,FB6B,-0.11111111
FB8F_b,FB6C_a,-4.0
FB8F_b,FB6C_b,-0.7777778
FB8F_b,FB6E,-0.16666667
FB8F_b,FB6F,-1.9444444
FB8F_b,FB6G,-3.1666667
FB8F_b,FB6H,-7.0555553
FB8F_b,FB6I,-2.4444444
FB8F_b,FB6M,-0.027777778
FB8F_b,FB6O,-0.055555556
FB8F_b,FB6R,-0.027777778
FB8F_b,FB6S,-0.013888889
FB8F_b,FB6T,-0.083333336
FB8F_b,FB6Z,-5.611111
FB8F_b,FB7A,-22.185184
FB8F_b,FB7B,-11.611111
FB8F_b,FB7C,-0.08888889
FB8F_b,FB7D_a,-0.083333336
FB8F_b,FB7E,-0.037037037
FB8F_b,FB7F,-0.027777778
FB8F_b,FB7G,-0.027777778
FB8F_b,FB7H,-2.5555556
FB8F_b,FB7I,-0.022222223
FB8F_b,FB7J,-0.055555556
FB8F_b,FB7K,-13.111111
FB8F_b,FB7L,-2.2777777
FB8F_b,FB8A,-0.11111111
FB8F_b,FB8B,-0.6388889
FB8F_b,FB8C,-0.055555556
FB8F_b,FB8D,-0.055555556
FB8F_b,FB8E,-0.022222223
FB8F_b,FB8F_a,-0.12698413
FB8F_b,FB8F_b,-0.19753087
FB8F_b,FB8G,-0.2777778
FB8F_b,FB8H,-0.44444445
FB8F_b,FB8I,-1.9444444
FB8F_b,FB9A,-0.037037037
FB8F_b,FB9B_b,-0.027777778
FB8F_b,FC2C,-0.014184397
FB8F_b,FS3,-0.3888889
FB8F_b,FS3_a,-0.0074074073
FB8F_b,FS3_d,-0.010752688
FB8F_b,FS4A,-0.021442495
FB8F_b,OA-VPM3,-0.055555556
FB8F_b,PFGs,-0.0061728396
FB8F_b,SA1_a,-0.037037037
FB8F_b,SAF,-0.027777778
FB8F_b,hDeltaC,-0.011111111
FB8F_b,hDeltaD,-5.763889
FB8F_b,hDeltaE,-1.3055556
FB8F_b,hDeltaF,-0.097222224
FB8F_b,hDeltaL,-0.01010101
FB8F_b,vDeltaA_a,-0.011111111
FB8F_b,vDeltaA_b,-0.068100356
FB8F_b,vDeltaB,-0.035842296
FB8F_b,vDeltaC,-0.004115226
FB8G,ExR1,-0.29166666
FB8G,ExR3,-0.5833333
FB8G,FB1A,-0.125
FB8G,FB1I,-3.0833333
FB8G,FB1J,-3.25
FB8G,FB4P_a,-0.041666668
FB8G,FB4P_b,-0.055555556
FB8G,FB4Q_b,-0.083333336
FB8G,FB4Y,-0.041666668
FB8G,FB5A,-0.7916667
FB8G,FB5F,-0.083333336
FB8G,FB5G_a,-0.125
FB8G,FB5G_b,-0.083333336
FB8G,FB5G_c,-0.25
FB8G,FB5H,-0.16666667
FB8G,FB5N,-0.375
FB8G,FB5O,-0.083333336
FB8G,FB5Q,-0.25
FB8G,FB5S,-0.018518519
FB8G,FB6A_a,-0.083333336
FB8G,FB6A_b,-0.083333336
FB8G,FB6B,-0.75
FB8G,FB6C_a,-0.6666667
FB8G,FB6C_b,-0.1388889
FB8G,FB6D,-0.25
FB8G,FB6F,-0.5
FB8G,FB6G,-0.16666667
FB8G,FB6H,-0.6666667
FB8G,FB6I,-0.9166667
FB8G,FB6J,-0.3
FB8G,FB6K,-0.083333336
FB8G,FB6L,-0.5555556
FB8G,FB6M,-0.29166666
FB8G,FB6O,-0.083333336
FB8G,FB6Q,-0.083333336
FB8G,FB6R,-0.041666668
FB8G,FB6S,-0.33333334
FB8G,FB6T,-0.8333333
FB8G,FB6U,-0.16666667
FB8G,FB6V,-0.16666667
FB8G,FB6Y,-0.33333334
FB8G,FB6Z,-2.0
FB8G,FB7A,-1.75
FB8G,FB7B,-2.5833333
FB8G,FB7C,-0.5
FB8G,FB7D_a,-3.625
FB8G,FB7D_b,-1.8333334
FB8G,FB7E,-0.6388889
FB8G,FB7F,-2.2083333
FB8G,FB7G,-3.9583333
FB8G,FB7H,-1.3333334
FB8G,FB7I,-0.73333335
FB8G,FB7J,-4.375
FB8G,FB7K,-1.9166666
FB8G,FB7L,-3.4444444
FB8G,FB7M,-0.8333333
FB8G,FB8A,-0.25
FB8G,FB8B,-2.125
FB8G,FB8C,-4.0833335
FB8G,FB8D,-0.25
FB8G,FB8E,-0.36666667
FB8G,FB8F_a,-5.547619
FB8G,FB8F_b,-0.9259259
FB8G,FB8G,-0.6111111
FB8G,FB8H,-0.19444445
FB8G,FB8I,-0.8888889
FB8G,FB9B_e,-0.041666668
FB8G,FB9C,-0.0625
FB8G,FC2B,-0.14197531
FB8G,FC2C,-0.6241135
FB8G,FS1A_b,-0.08974359
FB8G,FS1A_c,-0.10185185
FB8G,FS1B_b,-0.09375
FB8G,FS2,-2.1587303
FB8G,FS3,-0.5
FB8G,FS3_a,-2.011111
FB8G,FS3_b,-0.14285715
FB8G,FS3_c,-1.6785715
FB8G,FS3_d,-0.22580644
FB8G,FS4A,-1.1871345
FB8G,FS4B,-0.06321839
FB8G,FS4C,-0.19642857
FB8G,IPC,-0.083333336
FB8G,PAM09,-0.083333336
FB8G,PFGs,-0.16666667
FB8G,PFL2,-0.5972222
FB8G,PFL3,-0.4513889
FB8G,PFR_b,-0.010416667
FB8G,SAF,-0.020833334
FB8G,hDeltaC,-0.15833333
FB8G,hDeltaD,-12.770833
FB8G,hDeltaE,-69.770836
FB8G,hDeltaF,-1.3333334
FB8G,hDeltaG,-0.104166664
FB8G,hDeltaH,-0.33333334
FB8G,hDeltaJ,-0.010752688
FB8G,hDeltaK,-0.010752688
FB8G,hDeltaL,-7.242424
FB8G,hDeltaM,-1.0
FB8G,vDeltaA_a,-0.01904762
FB8G,vDeltaA_b,-0.36021507
FB8G,vDeltaB,-1.0430107
FB8G,vDeltaC,-0.39506173
FB8G,vDeltaD,-0.04761905
FB8G,vDeltaG,-0.018518519
FB8G,vDeltaI_a,-0.04901961
FB8G,vDeltaI_b,-0.008333334
FB8H,DNc02,-0.083333336
FB8H,ExR1,-0.75
FB8H,FB1D,-0.6666667
FB8H,FB1E_a,-0.033333335
FB8H,FB1E_b,-0.083333336
FB8H,FB1G,-0.083333336
FB8H,FB1I,-1.9166666
FB8H,FB1J,-2.6666667
FB8H,FB2F_b,-0.055555556
FB8H,FB2G_b,-0.027777778
FB8H,FB2M_a,-0.041666668
FB8H,FB5Y_b,-0.083333336
FB8H,FB6A_a,-0.083333336
FB8H,FB6B,-0.083333336
FB8H,FB6F,-0.083333336
FB8H,FB6K,-0.041666668
FB8H,FB6L,-0.055555556
FB8H,FB6S,-0.020833334
FB8H,FB6T,-0.41666666
FB8H,FB6Y,-0.16666667
FB8H,FB7A,-0.30555555
FB8H,FB7B,-0.8333333
FB8H,FB7C,-0.1
FB8H,FB7D_a,-0.5416667
FB8H,FB7E,-0.027777778
FB8H,FB7F,-0.125
FB8H,FB7G,-0.083333336
FB8H,FB7H,-0.16666667
FB8H,FB7J,-1.9166666
FB8H,FB7K,-0.20833333
FB8H,FB7L,-1.0555556
FB8H,FB7M,-2.0
FB8H,FB8A,-2.5833333
FB8H,FB8B,-2.4583333
FB8H,FB8C,-21.708334
FB8H,FB8D,-1.5833334
FB8H,FB8E,-1.1
FB8H,FB8F_a,-0.23809524
FB8H,FB8F_b,-4.0740743
FB8H,FB8G,-0.5
FB8H,FB8H,-2.9444444
FB8H,FB8I,-0.5
FB8H,FB9A,-0.6666667
FB8H,FB9B_a,-0.083333336
FB8H,FB9B_b,-0.25
FB8H,FB9B_d,-0.041666668
FB8H,FB9C,-0.25
FB8H,FC2B,-0.074074075
FB8H,FC2C,-2.9929078
FB8H,FS1B_b,-0.020833334
FB8H,FS2,-0.043650795
FB8H,FS3,-1.6666666
FB8H,FS3_a,-0.37777779
FB8H,FS3_b,-1.0595238
FB8H,FS3_c,-0.48809522
FB8H,FS3_d,-1.9086021
FB8H,FS4A,-1.622807
FB8H,FS4B,-0.62068963
FB8H,FS4C,-0.5297619
FB8H,IPC,-0.083333336
FB8H,PFGs,-0.3148148
FB8H,PFL1,-0.011904762
FB8H,SA1_b,-0.06666667
FB8H,SAF,-0.8958333
FB8H,hDeltaC,-0.008333334
FB8H,hDeltaD,-38.729168
FB8H,hDeltaE,-8.145833
FB8H,hDeltaF,-6.8125
FB8H,hDeltaK,-0.010752688
FB8H,hDeltaL,-0.060606062
FB8H,vDeltaA_a,-0.3642857
FB8H,vDeltaA_b,-0.27419356
FB8H,vDeltaB,-0.021505376
FB8H,vDeltaC,-0.012345679
FB8H,vDeltaD,-0.007936508
FB8I,DNc02,-0.16666667
FB8I,ExR1,-0.083333336
FB8I,ExR5,-0.16666667
FB8I,FB1F,-0.083333336
FB8I,FB1I,-3.9166667
FB8I,FB1J,-5.0
FB8I,FB2D,-0.027777778
FB8I,FB2G_b,-0.027777778
FB8I,FB4Y,-0.041666668
FB8I,FB5AB,-0.25
FB8I,FB5G_b,-0.083333336
FB8I,FB5G_c,-0.083333336
FB8I,FB5H,-0.16666667
FB8I,FB5O,-0.083333336
FB8I,FB5Q,-0.041666668
FB8I,FB5R,-0.041666668
FB8I,FB5S,-0.037037037
FB8I,FB5Y_b,-0.083333336
FB8I,FB6A_a,-0.083333336
FB8I,FB6A_b,-0.16666667
FB8I,FB6B,-0.083333336
FB8I,FB6C_a,-0.41666666
FB8I,FB6F,-0.25
FB8I,FB6H,-0.8333333
FB8I,FB6J,-0.1
FB8I,FB6K,-0.125
FB8I,FB6L,-0.055555556
FB8I,FB6M,-0.083333336
FB8I,FB6R,-0.083333336
FB8I,FB6S,-0.104166664
FB8I,FB6T,-0.125
FB8I,FB6U,-0.25
FB8I,FB6V,-0.25
FB8I,FB6Y,-0.083333336
FB8I,FB6Z,-0.083333336
FB8I,FB7A,-0.6666667
FB8I,FB7B,-1.25
FB8I,FB7C,-0.1
FB8I,FB7D_a,-7.1666665
FB8I,FB7D_b,-1.7083334
FB8I,FB7E,-0.30555555
FB8I,FB7F,-0.5
FB8I,FB7G,-0.75
FB8I,FB7H,-1.25
FB8I,FB7I,-0.26666668
FB8I,FB7J,-28.291666
FB8I,FB7K,-0.375
FB8I,FB7L,-1.9722222
FB8I,FB7M,-0.5833333
FB8I,FB8B,-3.8333333
FB8I,FB8C,-3.75
FB8I,FB8D,-0.6666667
FB8I,FB8E,-0.1
FB8I,FB8F_a,-1.2380953
FB8I,FB8F_b,-1.3703704
FB8I,FB8G,-0.44444445
FB8I,FB8H,-0.3611111
FB8I,FB8I,-0.3888889
FB8I,FB9C,-0.020833334
FB8I,FC2C,-0.120567374
FB8I,FS2,-1.0119047
FB8I,FS3,-0.5
FB8I,FS3_a,-1.0555556
FB8I,FS3_b,-0.23809524
FB8I,FS3_c,-0.77380955
FB8I,FS3_d,-0.08064516
FB8I,FS4A,-0.20467836
FB8I,FS4B,-0.01724138
FB8I,FS4C,-0.077380955
FB8I,PFGs,-0.046296295
FB8I,SAF,-0.125
FB8I,hDeltaC,-0.008333334
FB8I,hDeltaD,-13.895833
FB8I,hDeltaE,-4.7083335
FB8I,hDeltaF,-8.416667
FB8I,hDeltaL,-0.030303031
FB8I,vDeltaA_a,-0.01904762
FB8I,vDeltaA_b,-0.123655915
FB8I,vDeltaB,-0.15591398
FB8I,vDeltaC,-0.037037037
FB9A,ExR1,-2.75
FB9A,FB1D,-0.06666667
FB9A,FB1J,-1.75
FB9A,FB6A_a,-0.083333336
FB9A,FB7B,-0.083333336
FB9A,FB7C,-0.06666667
FB9A,FB8A,-0.33333334
FB9A,FB8B,-0.125
FB9A,FB8D,-0.25
FB9A,FB8E,-0.2
FB9A,FB8F_b,-0.09259259
FB9A,FB8H,-0.33333334
FB9A,FB9A,-0.33333334
FB9A,FB9B_a,-0.375
FB9A,FB9B_b,-1.625
FB9A,FB9B_c,-0.083333336
FB9A,FB9B_d,-0.6666667
FB9A,FB9C,-0.8333333
FB9A,FC2C,-0.0035460992
FB9A,FS3_d,-0.010752688
FB9A,FS4A,-0.19883041
FB9A,FS4B,-0.1724138
FB9A,FS4C,-0.011904762
FB9A,PAM09,-0.16666667
FB9A,PFL1,-0.023809524
FB9A,SA1_a,-0.055555556
FB9A,SA1_c,-0.16666667
FB9A,SA2_b,-0.041666668
FB9A,SA3,-0.041666668
FB9A,SAF,-0.8541667
FB9A,hDeltaD,-12.416667
FB9A,hDeltaE,-0.083333336
FB9A,hDeltaF,-0.041666668
FB9A,vDeltaA_a,-3.5738096
FB9A,vDeltaA_b,-0.3655914
FB9B_a,ER3d_d,-0.022727273
FB9B_a,ExR1,-0.4375
FB9B_a,FB1I,-0.375
FB9B_a,FB1J,-5.75
FB9B_a,FB4P_a,-0.0625
FB9B_a,FB5D,-0.16666667
FB9B_a,FB6S,-0.03125
FB9B_a,FB6U,-0.0625
FB9B_a,FB7B,-0.125
FB9B_a,FB7C,-0.05
FB9B_a,FB7I,-0.05
FB9B_a,FB7M,-0.75
FB9B_a,FB8D,-2.375
FB9B_a,FB8E,-0.15
FB9B_a,FB8F_b,-0.027777778
FB9B_a,FB8I,-0.041666668
FB9B_a,FB9A,-1.4583334
FB9B_a,FB9B_a,-2.1875
FB9B_a,FB9B_b,-0.75
FB9B_a,FB9B_c,-3.25
FB9B_a,FB9B_d,-4.625
FB9B_a,FB9B_e,-2.3125
FB9B_a,FB9C,-1.875
FB9B_a,FS3_d,-0.016129032
FB9B_a,FS4A,-0.48245615
FB9B_a,FS4B,-0.18965517
FB9B_a,FS4C,-0.017857144
FB9B_a,OA-VPM3,-0.125
FB9B_a,SAF,-3.34375
FB9B_a,hDeltaD,-5.1875
FB9B_a,hDeltaE,-0.03125
FB9B_a,vDeltaA_a,-0.99642855
FB9B_a,vDeltaA_b,-0.2016129
FB9B_b,AVLP314,-0.75
FB9B_b,EPG,-0.010869565
FB9B_b,ExR1,-10.1875
FB9B_b,FB1D,-0.05
FB9B_b,FB6A_a,-0.875
FB9B_b,FB7M,-0.125
FB9B_b,FB8A,-0.125
FB9B_b,FB8B,-0.5625
FB9B_b,FB8D,-0.25
FB9B_b,FB8E,-5.25
FB9B_b,FB8F_b,-0.027777778
FB9B_b,FB8G,-0.25
FB9B_b,FB8H,-0.45833334
FB9B_b,FB9A,-0.8333333
FB9B_b,FB9B_a,-0.5
FB9B_b,FB9B_b,-1.875
FB9B_b,FB9B_c,-0.75
FB9B_b,FB9B_d,-0.3125
FB9B_b,FB9B_e,-0.25
FB9B_b,FB9C,-3.40625
FB9B_b,FS3,-0.125
FB9B_b,FS3_a,-0.033333335
FB9B_b,FS3_d,-0.07258064
FB9B_b,FS4A,-0.30701753
FB9B_b,FS4B,-0.28448275
FB9B_b,FS4C,-0.035714287
FB9B_b,IPC,-0.625
FB9B_b,PAM09,-0.5
FB9B_b,PFR_a,-0.008928572
FB9B_b,SA1_a,-0.5
FB9B_b,SA2_b,-0.0625
FB9B_b,SA3,-0.09375
FB9B_b,SAF,-0.03125
FB9B_b,hDeltaD,-13.4375
FB9B_b,hDeltaE,-2.6875
FB9B_b,hDeltaG,-0.03125
FB9B_b,vDeltaA_a,-0.13571429
FB9B_b,vDeltaA_b,-0.05645161
FB9B_c,FB1I,-0.125
FB9B_c,FB1J,-1.875
FB9B_c,FB4X,-0.125
FB9B_c,FB5AA,-0.25
FB9B_c,FB5C,-0.083333336
FB9B_c,FB5D,-0.083333336
FB9B_c,FB6A_a,-0.125
FB9B_c,FB7G,-0.0625
FB9B_c,FB8D,-1.375
FB9B_c,FB8E,-0.1
FB9B_c,FB8G,-0.083333336
FB9B_c,FB9A,-0.875
FB9B_c,FB9B_a,-6.625
FB9B_c,FB9B_b,-0.75
FB9B_c,FB9B_c,-2.0
FB9B_c,FB9B_d,-6.75
FB9B_c,FB9B_e,-1.5
FB9B_c,FB9C,-1.21875
FB9B_c,FS4A,-0.14035088
FB9B_c,SAF,-0.09375
FB9B_c,hDeltaD,-4.0
FB9B_c,vDeltaA_a,-0.22142857
FB9B_c,vDeltaA_b,-0.088709675
FB9B_d,ExR1,-0.0625
FB9B_d,FB1J,-4.375
FB9B_d,FB7C,-0.15
FB9B_d,FB7M,-0.75
FB9B_d,FB8A,-0.25
FB9B_d,FB8D,-0.625
FB9B_d,FB8E,-0.2
FB9B_d,FB8F_b,-0.055555556
FB9B_d,FB8H,-0.41666666
FB9B_d,FB9A,-1.2083334
FB9B_d,FB9B_a,-0.5625
FB9B_d,FB9B_b,-1.25
FB9B_d,FB9B_c,-0.375
FB9B_d,FB9B_d,-0.625
FB9B_d,FB9B_e,-0.1875
FB9B_d,FB9C,-0.46875
FB9B_d,FS3,-0.75
FB9B_d,FS3_d,-0.024193548
FB9B_d,FS4A,-0.79385966
FB9B_d,FS4B,-0.55172414
FB9B_d,FS4C,-0.026785715
FB9B_d,SA1_a,-0.083333336
FB9B_d,SAF,-2.1875
FB9B_d,hDeltaD,-15.8125
FB9B_d,hDeltaE,-1.03125
FB9B_d,vDeltaA_a,-1.4571428
FB9B_d,vDeltaA_b,-0.3951613
FB9B_e,FB1J,0.875
FB9B_e,FB4P_a,0.0625
FB9B_e,FB4X,0.125
FB9B_e,FB5D,0.16666667
FB9B_e,FB5O,0.125
FB9B_e,FB6A_c,0.125
FB9B_e,FB6V,0.25
FB9B_e,FB6W,0.125
FB9B_e,FB8D,2.0
FB9B_e,FB9A,0.6666667
FB9B_e,FB9B_a,6.5
FB9B_e,FB9B_b,0.1875
FB9B_e,FB9B_c,2.0625
FB9B_e,FB9B_d,4.5625
FB9B_e,FB9B_e,0.9375
FB9B_e,FB9C,0.65625
FB9B_e,FS4A,0.04385965
FB9B_e,PFL3,0.010416667
FB9B_e,SAF,0.0625
FB9B_e,hDeltaD,2.5
FB9B_e,hDeltaF,0.03125
FB9B_e,vDeltaA_a,0.13928571
FB9B_e,vDeltaA_b,0.024193548
FB9C,AVLP314,-0.25
FB9C,ExR1,-2.0
FB9C,FB1D,-0.175
FB9C,FB1E_a,-0.075
FB9C,FB1E_b,-0.125
FB9C,FB1J,-1.875
FB9C,FB5B,-0.041666668
FB9C,FB6A_a,-0.125
FB9C,FB7C,-0.4
FB9C,FB7G,-0.5
FB9C,FB7J,-0.03125
FB9C,FB7M,-1.4375
FB9C,FB8A,-0.1875
FB9C,FB8B,-0.28125
FB9C,FB8D,-3.125
FB9C,FB8E,-0.775
FB9C,FB8F_b,-0.055555556
FB9C,FB8G,-0.0625
FB9C,FB8H,-0.104166664
FB9C,FB9A,-1.4791666
FB9C,FB9B_a,-0.65625
FB9C,FB9B_b,-5.90625
FB9C,FB9B_c,-0.28125
FB9C,FB9B_d,-0.5625
FB9C,FB9B_e,-0.0625
FB9C,FB9C,-1.296875
FB9C,FC2C,-0.005319149
FB9C,FS3,-0.25
FB9C,FS3_d,-0.08064516
FB9C,FS4A,-0.7434211
FB9C,FS4B,-0.33620688
FB9C,FS4C,-0.05357143
FB9C,IPC,-0.0625
FB9C,PAM09,-0.125
FB9C,PFL2,-0.010416667
FB9C,SA1_a,-0.9166667
FB9C,SA1_b,-0.175
FB9C,SA1_c,-0.125
FB9C,SA2_a,-0.6666667
FB9C,SA2_b,-0.0625
FB9C,SA3,-0.03125
FB9C,SAF,-1.21875
FB9C,hDeltaD,-12.71875
FB9C,hDeltaE,-0.046875
FB9C,hDeltaF,-0.078125
FB9C,hDeltaL,-0.022727273
FB9C,vDeltaA_a,-0.3892857
FB9C,vDeltaA_b,-0.11290322
FC,AOTU042,0.33333334
FC,EPG,0.007246377
FC,ExR6,0.16666667
FC,FB1G,0.6666667
FC,FB1H,0.6666667
FC,FB2A,0.25
FC,FB2B_a,0.25
FC,FB2B_b,0.25
FC,FB2C,0.2
FC,FB2D,4.8333335
FC,FB2F_a,0.11111111
FC,FB2F_c,0.16666667
FC,FB2G_b,0.11111111
FC,FB2I_a,0.033333335
FC,FB2J_b,0.33333334
FC,FB2K,0.25925925
FC,FB2L,0.41666666
FC,FB2M_a,0.083333336
FC,FB3A,0.083333336
FC,FB3C,2.2564104
FC,FB3E,3.0
FC,FB4C,1.3333334
FC,FB4E_a,0.06666667
FC,FB4L,0.083333336
FC,FB4P_a,0.083333336
FC,FB5A,0.083333336
FC,FB5AA,0.33333334
FC,FB5C,0.11111111
FC,FB5F,0.33333334
FC,FB5G_a,0.25
FC,FB5G_c,2.0
FC,FB5O,0.16666667
FC,FB5P,0.083333336
FC,FB5Q,1.1666666
FC,FB5S,0.037037037
FC,FB5Z,0.25
FC,FB6P,1.0
FC,FB6V,0.33333334
FC,FC,0.5555556
FC,FC1A,0.039215688
FC,FC1B,0.060606062
FC,FC1C_a,0.30555555
FC,FC1C_b,0.29411766
FC,FC1D,0.06666667
FC,FC1E,0.18181819
FC,FC1F,0.022222223
FC,FC2B,0.037037037
FC,FC3_b,0.05
FC,FC3_c,0.022222223
FC,FR1,0.037037037
FC,FR2,0.037037037
FC,FS1A_a,0.25
FC,FS1A_b,0.30769232
FC,FS1A_c,0.5
FC,FS1B_a,0.15384616
FC,FS2,0.015873017
FC,FS3_a,0.022222223
FC,FS3_b,0.071428575
FC,FS3_d,0.043010753
FC,FS4A,0.029239766
FC,FS4B,0.04597701
FC,FS4C,0.071428575
FC,IB020,0.33333334
FC,OA-VPM3,0.16666667
FC,PFGs,0.018518519
FC,PFL1,0.5714286
FC,PFL2,0.055555556
FC,PFL3,0.055555556
FC,PFNa,0.011494253
FC,PFNd,0.008333334
FC,PFR_b,0.020833334
FC,SIP087,1.3333334
FC,hDeltaA,0.083333336
FC,hDeltaB,0.01754386
FC,hDeltaC,0.033333335
FC,hDeltaG,0.125
FC,hDeltaH,0.041666668
FC,hDeltaI,0.019607844
FC,hDeltaJ,0.032258064
FC,vDeltaA_b,0.010752688
FC,vDeltaC,0.024691358
FC,vDeltaD,0.031746034
FC,vDeltaF,0.018518519
FC,vDeltaG,0.074074075
FC1A,ATL018,0.05882353
FC1A,CRE100,0.23529412
FC1A,EPG,0.0025575447
FC1A,ExR5,0.3529412
FC1A,ExR6,0.05882353
FC1A,ExR7,0.014705882
FC1A,FB1A,0.073529415
FC1A,FB1B,0.2647059
FC1A,FB1E_a,0.09411765
FC1A,FB1F,0.29411766
FC1A,FB1G,0.38235295
FC1A,FB1H,0.20588236
FC1A,FB1J,0.029411765
FC1A,FB2A,7.7647057
FC1A,FB2B_a,19.985294
FC1A,FB2B_b,5.4117646
FC1A,FB2C,2.3882353
FC1A,FB2D,9.470589
FC1A,FB2E,0.8235294
FC1A,FB2F_a,2.3039215
FC1A,FB2F_b,0.33333334
FC1A,FB2F_c,0.16176471
FC1A,FB2F_d,0.2647059
FC1A,FB2G_a,0.5
FC1A,FB2G_b,0.75490195
FC1A,FB2H_a,1.9705882
FC1A,FB2H_b,3.5294118
FC1A,FB2I_a,2.5647058
FC1A,FB2I_b,1.617647
FC1A,FB2J_a,0.5882353
FC1A,FB2J_b,0.7352941
FC1A,FB2J_c,1.2352941
FC1A,FB2K,2.4313726
FC1A,FB2L,0.8382353
FC1A,FB2M_a,0.4117647
FC1A,FB2M_b,0.5588235
FC1A,FB3C,0.04524887
FC1A,FB3D,0.05882353
FC1A,FB3E,0.029411765
FC1A,FB4C,0.05882353
FC1A,FB4D_a,0.32352942
FC1A,FB4D_c,0.32352942
FC1A,FB4L,0.1764706
FC1A,FB4N,0.11764706
FC1A,FB4P_a,0.014705882
FC1A,FB4Y,0.014705882
FC1A,FB4Z_c,0.014705882
FC1A,FB5A,0.04411765
FC1A,FB5AB,0.5294118
FC1A,FB5D,0.019607844
FC1A,FB5P,0.073529415
FC1A,FB5U,0.014705882
FC1A,FB5V_a,0.029411765
FC1A,FB5W_a,0.019607844
FC1A,FB6U,0.029411765
FC1A,FB6X,0.029411765
FC1A,FB7E,0.009803922
FC1A,FC,1.2745098
FC1A,FC1A,0.52249134
FC1A,FC1B,0.78342247
FC1A,FC1C_a,1.8480393
FC1A,FC1C_b,1.7647059
FC1A,FC1D,1.5270588
FC1A,FC1E,1.7807486
FC1A,FC1F,0.6901961
FC1A,FC2A,0.062091503
FC1A,FC2B,0.021786492
FC1A,FC2C,0.03379224
FC1A,FC3_a,0.6089965
FC1A,FC3_b,0.40882352
FC1A,FC3_c,1.3294117
FC1A,FR1,0.13071896
FC1A,FR2,0.5620915
FC1A,FS1A_a,0.036764707
FC1A,FS1A_b,0.036199097
FC1A,FS1A_c,0.114379086
FC1A,FS1B_a,0.29864255
FC1A,FS1B_b,0.27941176
FC1A,FS2,0.012605042
FC1A,FS3_a,0.019607844
FC1A,FS3_b,0.008403362
FC1A,FS3_c,0.012605042
FC1A,FS3_d,0.009487666
FC1A,FS4A,0.0051599587
FC1A,FS4B,0.054766733
FC1A,FS4C,0.2079832
FC1A,OA-VPM3,2.7058823
FC1A,PAM09,0.11764706
FC1A,PEG,0.003267974
FC1A,PEN_b(PEN2),0.0026737968
FC1A,PFGs,0.006535948
FC1A,PFL1,2.8235295
FC1A,PFL2,0.073529415
FC1A,PFL3,0.041666668
FC1A,PFNa,0.046653144
FC1A,PFNd,0.010294118
FC1A,PFNv,0.023529412
FC1A,PFR_b,0.014705882
FC1A,PPL103,0.05882353
FC1A,hDeltaA,0.15686275
FC1A,hDeltaB,0.0061919503
FC1A,hDeltaC,0.7352941
FC1A,hDeltaG,0.036764707
FC1A,hDeltaH,0.080882356
FC1A,hDeltaI,0.16262975
FC1A,hDeltaJ,0.0626186
FC1A,hDeltaK,0.0018975332
FC1A,hDeltaL,0.021390375
FC1A,hDeltaM,0.080882356
FC1A,vDeltaE,0.003267974
FC1A,vDeltaF,0.045751635
FC1A,vDeltaG,0.14052288
FC1A,vDeltaH,0.13071896
FC1A,vDeltaI_a,0.07266436
FC1A,vDeltaI_b,0.01764706
FC1A,vDeltaK,0.0012515645
FC1A,vDeltaM,0.0010695187
FC1B,ATL018,0.22727273
FC1B,EL,0.0025252525
FC1B,EPG,0.0009881423
FC1B,ExR4,0.045454547
FC1B,ExR5,0.27272728
FC1B,ExR6,0.022727273
FC1B,FB1A,0.03409091
FC1B,FB1B,0.07954545
FC1B,FB1D,0.009090909
FC1B,FB1E_a,0.18181819
FC1B,FB1F,0.11363637
FC1B,FB1G,0.3409091
FC1B,FB1H,0.52272725
FC1B,FB2A,8.295455
FC1B,FB2B_a,19.272728
FC1B,FB2B_b,2.5113637
FC1B,FB2C,0.9818182
FC1B,FB2D,5.128788
FC1B,FB2E,0.8068182
FC1B,FB2F_a,2.5530303
FC1B,FB2F_b,1.7272727
FC1B,FB2F_c,0.125
FC1B,FB2F_d,1.2613636
FC1B,FB2G_a,0.72727275
FC1B,FB2G_b,0.5
FC1B,FB2H_a,1.2954545
FC1B,FB2H_b,3.2954545
FC1B,FB2I_a,1.7681818
FC1B,FB2I_b,0.90909094
FC1B,FB2J_a,0.4318182
FC1B,FB2J_b,0.47727272
FC1B,FB2J_c,0.77272725
FC1B,FB2K,1.2474748
FC1B,FB2L,0.29545453
FC1B,FB2M_a,0.53409094
FC1B,FB2M_b,0.38636363
FC1B,FB3C,0.13286713
FC1B,FB3E,0.11363637
FC1B,FB4A_a,0.007575758
FC1B,FB4B,0.045454547
FC1B,FB4C,0.06818182
FC1B,FB4D_a,0.06818182
FC1B,FB4D_b,0.25
FC1B,FB4D_c,0.09090909
FC1B,FB4E_c,0.022727273
FC1B,FB4F_c,0.007575758
FC1B,FB4K,0.011363637
FC1B,FB4L,0.20454545
FC1B,FB4N,0.045454547
FC1B,FB4O,0.007575758
FC1B,FB4X,0.022727273
FC1B,FB4Y,0.022727273
FC1B,FB4Z_a,0.0056818184
FC1B,FB5A,0.25
FC1B,FB5AB,0.11363637
FC1B,FB5H,0.06818182
FC1B,FB5T,0.022727273
FC1B,FB5U,0.045454547
FC1B,FB5V_a,0.007575758
FC1B,FB5W_a,0.007575758
FC1B,FB6U,0.011363637
FC1B,FC,0.8484849
FC1B,FC1A,0.684492
FC1B,FC1B,0.32231405
FC1B,FC1C_a,1.2651515
FC1B,FC1C_b,1.4197861
FC1B,FC1D,0.89272726
FC1B,FC1E,1.0495868
FC1B,FC1F,0.56060606
FC1B,FC2A,0.060606062
FC1B,FC2B,0.062289562
FC1B,FC2C,0.017408123
FC1B,FC3_a,1.2165775
FC1B,FC3_b,0.8
FC1B,FC3_c,1.7212121
FC1B,FR1,0.47727272
FC1B,FR2,0.14141414
FC1B,FS1A_a,0.025568182
FC1B,FS1A_b,0.027972028
FC1B,FS1A_c,0.08585858
FC1B,FS1B_a,0.4020979
FC1B,FS1B_b,0.41761363
FC1B,FS2,0.06168831
FC1B,FS3_a,0.024242423
FC1B,FS3_b,0.042207792
FC1B,FS3_c,0.0097402595
FC1B,FS3_d,0.024926687
FC1B,FS4A,0.020733653
FC1B,FS4B,0.015673982
FC1B,FS4C,0.103896104
FC1B,OA-VPM3,1.9318181
FC1B,PEG,0.007575758
FC1B,PEN_a(PEN1),0.0022727272
FC1B,PFGs,0.015151516
FC1B,PFL1,0.5551948
FC1B,PFL2,0.022727273
FC1B,PFL3,0.017045455
FC1B,PFNa,0.057210032
FC1B,PFNd,0.018181818
FC1B,PFNp_b,0.0010026738
FC1B,PFNv,0.013636364
FC1B,PFR_a,0.04383117
FC1B,PFR_b,0.12215909
FC1B,SIP136m,0.045454547
FC1B,hDeltaA,0.022727273
FC1B,hDeltaB,0.014354067
FC1B,hDeltaC,1.5113636
FC1B,hDeltaG,0.03409091
FC1B,hDeltaH,0.20454545
FC1B,hDeltaI,0.10695187
FC1B,hDeltaJ,0.18475074
FC1B,hDeltaK,0.0014662757
FC1B,hDeltaL,0.012396694
FC1B,hDeltaM,0.10795455
FC1B,vDeltaB,0.004398827
FC1B,vDeltaC,0.005050505
FC1B,vDeltaD,0.028138528
FC1B,vDeltaE,0.060606062
FC1B,vDeltaF,0.1388889
FC1B,vDeltaG,0.22474748
FC1B,vDeltaH,0.2979798
FC1B,vDeltaI_a,0.12032086
FC1B,vDeltaI_b,0.0045454544
FC1B,vDeltaL,0.0012285012
FC1B,vDeltaM,0.0008264463
FC1C_a,AN27X013,0.055555556
FC1C_a,CRE100,0.083333336
FC1C_a,DPM,0.16666667
FC1C_a,EPG,0.0054347827
FC1C_a,ER1_b,0.19871795
FC1C_a,ExR5,0.041666668
FC1C_a,ExR6,0.041666668
FC1C_a,FB1A,0.33333334
FC1C_a,FB1G,0.625
FC1C_a,FB1H,0.25
FC1C_a,FB2A,0.20833333
FC1C_a,FB2B_a,0.083333336
FC1C_a,FB2B_b,2.75
FC1C_a,FB2C,0.2
FC1C_a,FB2D,7.0972223
FC1C_a,FB2E,0.083333336
FC1C_a,FB2F_a,0.041666668
FC1C_a,FB2F_b,0.055555556
FC1C_a,FB2F_c,0.020833334
FC1C_a,FB2F_d,0.041666668
FC1C_a,FB2G_b,0.11111111
FC1C_a,FB2H_a,0.125
FC1C_a,FB2H_b,0.041666668
FC1C_a,FB2I_a,0.041666668
FC1C_a,FB2I_b,0.20833333
FC1C_a,FB2J_a,0.33333334
FC1C_a,FB2J_b,0.33333334
FC1C_a,FB2J_c,0.041666668
FC1C_a,FB2K,0.42592594
FC1C_a,FB2L,0.9583333
FC1C_a,FB2M_a,0.041666668
FC1C_a,FB2M_b,0.125
FC1C_a,FB3A,0.020833334
FC1C_a,FB3C,1.448718
FC1C_a,FB3D,1.3333334
FC1C_a,FB3E,1.5833334
FC1C_a,FB4A_a,0.013888889
FC1C_a,FB4A_b,0.041666668
FC1C_a,FB4C,1.5416666
FC1C_a,FB4D_c,0.041666668
FC1C_a,FB4E_c,0.41666666
FC1C_a,FB4F_a,0.020833334
FC1C_a,FB4L,0.041666668
FC1C_a,FB4M,0.083333336
FC1C_a,FB4N,0.125
FC1C_a,FB4O,0.013888889
FC1C_a,FB4P_a,0.7291667
FC1C_a,FB4Q_b,0.083333336
FC1C_a,FB4Q_c,0.055555556
FC1C_a,FB4Z_a,0.010416667
FC1C_a,FB5A,0.16666667
FC1C_a,FB5D,0.6111111
FC1C_a,FB5E,0.25
FC1C_a,FB5F,0.041666668
FC1C_a,FB5G_a,0.20833333
FC1C_a,FB5G_c,0.75
FC1C_a,FB5H,0.041666668
FC1C_a,FB5J,0.29166666
FC1C_a,FB5M,0.083333336
FC1C_a,FB5O,0.083333336
FC1C_a,FB5Q,0.104166664
FC1C_a,FB5U,0.020833334
FC1C_a,FB5V_a,0.013888889
FC1C_a,FB5V_b,0.041666668
FC1C_a,FB5V_c,0.05
FC1C_a,FB5X,0.013888889
FC1C_a,FB5Z,0.041666668
FC1C_a,FB6P,0.16666667
FC1C_a,FB6U,0.041666668
FC1C_a,FB7E,0.083333336
FC1C_a,FC,0.5
FC1C_a,FC1A,0.1127451
FC1C_a,FC1B,0.056818184
FC1C_a,FC1C_a,0.6944444
FC1C_a,FC1C_b,0.6372549
FC1C_a,FC1D,0.24666667
FC1C_a,FC1E,0.45833334
FC1C_a,FC1F,0.08888889
FC1C_a,FC2A,0.041666668
FC1C_a,FC2B,0.018518519
FC1C_a,FC2C,0.026595745
FC1C_a,FC3_a,0.073529415
FC1C_a,FC3_b,0.029166667
FC1C_a,FC3_c,0.07777778
FC1C_a,FR1,0.023148147
FC1C_a,FR2,0.24074075
FC1C_a,FS1A_a,0.03125
FC1C_a,FS1A_b,0.057692308
FC1C_a,FS1A_c,0.125
FC1C_a,FS1B_a,0.06410257
FC1C_a,FS1B_b,0.041666668
FC1C_a,FS2,0.001984127
FC1C_a,FS3_a,0.0055555557
FC1C_a,FS3_b,0.035714287
FC1C_a,FS3_c,0.017857144
FC1C_a,FS3_d,0.021505376
FC1C_a,FS4A,0.04239766
FC1C_a,FS4B,0.11781609
FC1C_a,FS4C,0.09821428
FC1C_a,OA-VPM3,0.41666666
FC1C_a,PAM09,0.041666668
FC1C_a,PEG,0.0046296297
FC1C_a,PFGs,0.018518519
FC1C_a,PFL1,1.6666666
FC1C_a,PFL2,0.0069444445
FC1C_a,PFL3,0.010416667
FC1C_a,PFNa,0.010057472
FC1C_a,PFNd,0.014583333
FC1C_a,PFNv,0.008333334
FC1C_a,PFR_a,0.008928572
FC1C_a,PFR_b,0.140625
FC1C_a,SIP087,1.25
FC1C_a,SMP185,0.083333336
FC1C_a,hDeltaA,0.055555556
FC1C_a,hDeltaB,0.021929825
FC1C_a,hDeltaC,0.004166667
FC1C_a,hDeltaG,0.020833334
FC1C_a,hDeltaH,0.20833333
FC1C_a,hDeltaI,0.019607844
FC1C_a,hDeltaJ,0.01344086
FC1C_a,hDeltaL,0.007575758
FC1C_a,hDeltaM,0.020833334
FC1C_a,vDeltaD,0.003968254
FC1C_a,vDeltaE,0.0046296297
FC1C_a,vDeltaF,0.0046296297
FC1C_a,vDeltaG,0.009259259
FC1C_a,vDeltaH,0.018518519
FC1C_a,vDeltaK,0.0017730496
FC1C_b,CRE005,0.019607844
FC1C_b,CRE100,0.1764706
FC1C_b,EPG,0.0038363172
FC1C_b,ER1_b,0.19909503
FC1C_b,ExR5,0.11764706
FC1C_b,ExR6,0.05882353
FC1C_b,FB1A,0.29411766
FC1C_b,FB1B,0.05882353
FC1C_b,FB1E_a,0.05882353
FC1C_b,FB1E_b,0.029411765
FC1C_b,FB1G,1.8235294
FC1C_b,FB1H,0.4117647
FC1C_b,FB2A,0.30882353
FC1C_b,FB2B_a,0.13235295
FC1C_b,FB2B_b,4.220588
FC1C_b,FB2C,0.3882353
FC1C_b,FB2D,10.343137
FC1C_b,FB2E,0.073529415
FC1C_b,FB2F_a,0.10784314
FC1C_b,FB2F_b,0.13725491
FC1C_b,FB2F_c,0.05882353
FC1C_b,FB2F_d,0.23529412
FC1C_b,FB2G_a,0.05882353
FC1C_b,FB2G_b,0.09803922
FC1C_b,FB2H_a,0.1764706
FC1C_b,FB2H_b,0.14705883
FC1C_b,FB2I_a,0.105882354
FC1C_b,FB2I_b,0.23529412
FC1C_b,FB2J_a,0.32352942
FC1C_b,FB2J_b,0.3529412
FC1C_b,FB2J_c,0.32352942
FC1C_b,FB2K,0.54901963
FC1C_b,FB2L,0.9705882
FC1C_b,FB2M_a,0.05882353
FC1C_b,FB2M_b,0.11764706
FC1C_b,FB3C,1.8642534
FC1C_b,FB3D,1.1764706
FC1C_b,FB3E,2.0588236
FC1C_b,FB4B,0.05882353
FC1C_b,FB4C,1.5882353
FC1C_b,FB4D_a,0.029411765
FC1C_b,FB4D_b,0.05882353
FC1C_b,FB4E_a,0.023529412
FC1C_b,FB4E_c,0.44117647
FC1C_b,FB4F_c,0.019607844
FC1C_b,FB4L,0.029411765
FC1C_b,FB4M,0.029411765
FC1C_b,FB4P_a,0.38235295
FC1C_b,FB4Q_b,0.029411765
FC1C_b,FB4Q_c,0.039215688
FC1C_b,FB4R,0.009803922
FC1C_b,FB5A,0.16176471
FC1C_b,FB5D,0.1764706
FC1C_b,FB5G_a,0.4117647
FC1C_b,FB5G_c,1.0
FC1C_b,FB5J,0.38235295
FC1C_b,FB5O,0.05882353
FC1C_b,FB5P,0.05882353
FC1C_b,FB5Q,0.10294118
FC1C_b,FB5V_a,0.019607844
FC1C_b,FB5V_c,0.05882353
FC1C_b,FB5Z,0.23529412
FC1C_b,FB6P,0.6764706
FC1C_b,FB6U,0.014705882
FC1C_b,FB7E,0.029411765
FC1C_b,FB8G,0.019607844
FC1C_b,FC,0.84313726
FC1C_b,FC1A,0.14878893
FC1C_b,FC1B,0.06417112
FC1C_b,FC1C_a,0.75490195
FC1C_b,FC1C_b,0.5951557
FC1C_b,FC1D,0.3670588
FC1C_b,FC1E,0.5187166
FC1C_b,FC1F,0.08235294
FC1C_b,FC2A,0.03267974
FC1C_b,FC2B,0.015250545
FC1C_b,FC2C,0.028785983
FC1C_b,FC3_a,0.048442908
FC1C_b,FC3_b,0.052941177
FC1C_b,FC3_c,0.05882353
FC1C_b,FR1,0.022875817
FC1C_b,FR2,0.375817
FC1C_b,FS1A_a,0.022058824
FC1C_b,FS1A_b,0.054298643
FC1C_b,FS1A_c,0.104575165
FC1C_b,FS1B_a,0.036199097
FC1C_b,FS1B_b,0.011029412
FC1C_b,FS2,0.004201681
FC1C_b,FS3,0.029411765
FC1C_b,FS3_b,0.033613447
FC1C_b,FS3_d,0.0227704
FC1C_b,FS4A,0.061919503
FC1C_b,FS4B,0.14401622
FC1C_b,FS4C,0.15966387
FC1C_b,OA-VPM3,0.2647059
FC1C_b,PAM09,0.0882353
FC1C_b,PEG,0.003267974
FC1C_b,PFGs,0.026143791
FC1C_b,PFL1,2.3277311
FC1C_b,PFL2,0.014705882
FC1C_b,PFNa,0.012170386
FC1C_b,PFNd,0.004411765
FC1C_b,PFNp_b,0.00043252597
FC1C_b,PFNv,0.0029411765
FC1C_b,PFR_a,0.006302521
FC1C_b,PFR_b,0.0992647
FC1C_b,SIP087,0.1764706
FC1C_b,hDeltaB,0.012383901
FC1C_b,hDeltaC,0.04411765
FC1C_b,hDeltaF,0.007352941
FC1C_b,hDeltaG,0.05882353
FC1C_b,hDeltaH,0.04411765
FC1C_b,hDeltaI,0.034602076
FC1C_b,hDeltaJ,0.017077798
FC1C_b,hDeltaK,0.0018975332
FC1C_b,hDeltaL,0.021390375
FC1C_b,vDeltaC,0.0021786492
FC1C_b,vDeltaE,0.003267974
FC1C_b,vDeltaF,0.009803922
FC1C_b,vDeltaG,0.006535948
FC1C_b,vDeltaH,0.006535948
FC1C_b,vDeltaI_a,0.0069204154
FC1C_b,vDeltaI_b,0.0029411765
FC1C_b,vDeltaK,0.0012515645
FC1D,CRE005,0.28
FC1D,CRE100,0.24
FC1D,DPM,0.04
FC1D,EL,0.0022222223
FC1D,EPG,0.0026086958
FC1D,EPGt,0.01
FC1D,ER1_b,0.003076923
FC1D,ExR3,0.02
FC1D,ExR5,0.65
FC1D,ExR6,0.02
FC1D,FB1A,0.3
FC1D,FB1B,0.48
FC1D,FB1C,0.01
FC1D,FB1E_a,0.12
FC1D,FB1E_b,0.04
FC1D,FB1F,0.28
FC1D,FB1G,1.24
FC1D,FB1H,0.38
FC1D,FB1I,0.02
FC1D,FB2A,1.18
FC1D,FB2B_a,5.51
FC1D,FB2B_b,7.43
FC1D,FB2C,2.728
FC1D,FB2D,13.46
FC1D,FB2E,0.58
FC1D,FB2F_a,0.9533333
FC1D,FB2F_b,0.26666668
FC1D,FB2F_c,0.13
FC1D,FB2F_d,0.36
FC1D,FB2G_a,0.22
FC1D,FB2G_b,0.68666667
FC1D,FB2H_a,1.58
FC1D,FB2H_b,1.28
FC1D,FB2I_a,1.096
FC1D,FB2I_b,1.2
FC1D,FB2J_a,0.56
FC1D,FB2J_b,0.58
FC1D,FB2J_c,0.94
FC1D,FB2K,2.231111
FC1D,FB2L,2.27
FC1D,FB2M_a,0.43
FC1D,FB2M_b,0.82
FC1D,FB3C,0.2676923
FC1D,FB3D,0.24
FC1D,FB3E,0.56
FC1D,FB4A_a,0.013333334
FC1D,FB4B,0.02
FC1D,FB4C,0.66
FC1D,FB4D_a,0.04
FC1D,FB4D_b,0.08
FC1D,FB4D_c,0.28
FC1D,FB4E_a,0.016
FC1D,FB4F_c,0.02
FC1D,FB4L,0.13
FC1D,FB4N,0.04
FC1D,FB4O,0.013333334
FC1D,FB4P_a,0.01
FC1D,FB4X,0.04
FC1D,FB4Y,0.01
FC1D,FB4Z_a,0.01
FC1D,FB4Z_b,0.013333334
FC1D,FB4Z_c,0.01
FC1D,FB5A,0.18
FC1D,FB5AB,0.02
FC1D,FB5G_a,0.06
FC1D,FB5G_b,0.08
FC1D,FB5G_c,0.08
FC1D,FB5H,0.04
FC1D,FB5J,0.12
FC1D,FB5L,0.02
FC1D,FB5N,0.01
FC1D,FB5P,0.2
FC1D,FB5V_a,0.013333334
FC1D,FB5V_c,0.016
FC1D,FB5W_a,0.006666667
FC1D,FB5Z,0.09
FC1D,FB6P,0.14
FC1D,FB7E,0.026666667
FC1D,FC,1.16
FC1D,FC1A,0.52
FC1D,FC1B,0.28181818
FC1D,FC1C_a,1.17
FC1D,FC1C_b,1.5717647
FC1D,FC1D,0.488
FC1D,FC1E,0.9654545
FC1D,FC1F,0.28533334
FC1D,FC2A,0.037777778
FC1D,FC2B,0.02962963
FC1D,FC2C,0.08170213
FC1D,FC3_a,0.08235294
FC1D,FC3_b,0.104
FC1D,FC3_c,0.19733334
FC1D,FR1,0.04
FC1D,FR2,1.0111111
FC1D,FS1A_a,0.0175
FC1D,FS1A_b,0.055384614
FC1D,FS1A_c,0.13555555
FC1D,FS1B_a,0.12923077
FC1D,FS1B_b,0.0575
FC1D,FS2,0.0038095238
FC1D,FS3,0.16
FC1D,FS3_b,0.011428571
FC1D,FS3_c,0.0028571428
FC1D,FS3_d,0.037419356
FC1D,FS4A,0.022456141
FC1D,FS4B,0.118620686
FC1D,FS4C,0.16714285
FC1D,OA-VPM3,0.62
FC1D,PAM09,0.02
FC1D,PEG,0.0044444446
FC1D,PFGs,0.006666667
FC1D,PFL1,3.8542857
FC1D,PFL2,0.03
FC1D,PFL3,0.031666666
FC1D,PFNa,0.028965518
FC1D,PFNd,0.011
FC1D,PFNm_b,0.0015384615
FC1D,PFNv,0.006
FC1D,PFR_a,0.004285714
FC1D,PFR_b,0.03
FC1D,SA3,0.005
FC1D,SAF,0.005
FC1D,hDeltaA,0.07
FC1D,hDeltaB,0.004210526
FC1D,hDeltaC,0.09
FC1D,hDeltaD,0.005
FC1D,hDeltaF,0.005
FC1D,hDeltaG,0.01
FC1D,hDeltaH,0.08
FC1D,hDeltaI,0.08470588
FC1D,hDeltaJ,0.03483871
FC1D,hDeltaL,0.010909091
FC1D,hDeltaM,0.07
FC1D,vDeltaA_a,0.00057142857
FC1D,vDeltaD,0.0019047619
FC1D,vDeltaE,0.013333334
FC1D,vDeltaF,0.02
FC1D,vDeltaG,0.04888889
FC1D,vDeltaH,0.075555556
FC1D,vDeltaI_a,0.025882352
FC1D,vDeltaI_b,0.004
FC1E,AN27X013,0.030303031
FC1E,CRE005,0.015151516
FC1E,CRE100,0.36363637
FC1E,EPG,0.0029644268
FC1E,ER1_b,0.08391608
FC1E,ExR5,0.3409091
FC1E,FB1A,0.4659091
FC1E,FB1B,0.18181819
FC1E,FB1C,0.10227273
FC1E,FB1E_a,0.13636364
FC1E,FB1F,0.09090909
FC1E,FB1G,3.409091
FC1E,FB1H,0.6136364
FC1E,FB1J,0.022727273
FC1E,FB2A,0.6136364
FC1E,FB2B_a,0.75
FC1E,FB2B_b,5.7045455
FC1E,FB2C,1.7
FC1E,FB2D,13.55303
FC1E,FB2E,0.36363637
FC1E,FB2F_a,0.33333334
FC1E,FB2F_b,0.18181819
FC1E,FB2F_c,0.125
FC1E,FB2F_d,0.3181818
FC1E,FB2G_a,0.11363637
FC1E,FB2G_b,0.33333334
FC1E,FB2H_a,0.6136364
FC1E,FB2H_b,0.4318182
FC1E,FB2I_a,0.4090909
FC1E,FB2I_b,0.47727272
FC1E,FB2J_a,0.5
FC1E,FB2J_b,0.59090906
FC1E,FB2J_c,0.6136364
FC1E,FB2K,1.5353535
FC1E,FB2L,2.3068182
FC1E,FB2M_a,0.1590909
FC1E,FB2M_b,0.3409091
FC1E,FB3A,0.011363637
FC1E,FB3C,0.9895105
FC1E,FB3D,0.59090906
FC1E,FB3E,0.9318182
FC1E,FB4A_a,0.015151516
FC1E,FB4C,1.0454545
FC1E,FB4D_a,0.022727273
FC1E,FB4E_b,0.011363637
FC1E,FB4E_c,0.09090909
FC1E,FB4F_a,0.011363637
FC1E,FB4F_c,0.015151516
FC1E,FB4J,0.022727273
FC1E,FB4K,0.011363637
FC1E,FB4L,0.045454547
FC1E,FB4M,0.011363637
FC1E,FB4N,0.18181819
FC1E,FB4P_a,0.09090909
FC1E,FB4Y,0.011363637
FC1E,FB4Z_b,0.015151516
FC1E,FB5A,0.2159091
FC1E,FB5D,0.07575758
FC1E,FB5F,0.022727273
FC1E,FB5G_a,0.2159091
FC1E,FB5G_c,1.0
FC1E,FB5H,0.022727273
FC1E,FB5J,0.29545453
FC1E,FB5P,0.18181819
FC1E,FB5V_c,0.027272727
FC1E,FB5Z,0.20454545
FC1E,FB6P,0.5681818
FC1E,FB6X,0.045454547
FC1E,FB7E,0.083333336
FC1E,FC,0.45454547
FC1E,FC1A,0.36898395
FC1E,FC1B,0.16322315
FC1E,FC1C_a,0.9015151
FC1E,FC1C_b,0.8128342
FC1E,FC1D,0.5690909
FC1E,FC1E,0.42768595
FC1E,FC1F,0.16969697
FC1E,FC2A,0.035353534
FC1E,FC2B,0.016835017
FC1E,FC2C,0.10541586
FC1E,FC3_a,0.06684492
FC1E,FC3_b,0.06590909
FC1E,FC3_c,0.08181818
FC1E,FR1,0.022727273
FC1E,FR2,0.8484849
FC1E,FS1A_a,0.045454547
FC1E,FS1A_b,0.04195804
FC1E,FS1A_c,0.09343434
FC1E,FS1B_a,0.08041958
FC1E,FS1B_b,0.042613637
FC1E,FS2,0.0043290043
FC1E,FS3,0.13636364
FC1E,FS3_b,0.051948052
FC1E,FS3_d,0.026392963
FC1E,FS4A,0.040669855
FC1E,FS4B,0.18495297
FC1E,FS4C,0.22402598
FC1E,OA-VPM3,0.29545453
FC1E,PAM09,0.022727273
FC1E,PFGs,0.0025252525
FC1E,PFL1,2.7564936
FC1E,PFL2,0.026515152
FC1E,PFL3,0.017045455
FC1E,PFNa,0.013322884
FC1E,PFNd,0.007954545
FC1E,PFNv,0.009090909
FC1E,PFR_a,0.0032467532
FC1E,PFR_b,0.048295453
FC1E,SMP185,0.045454547
FC1E,hDeltaA,0.03409091
FC1E,hDeltaB,0.009569378
FC1E,hDeltaC,0.03181818
FC1E,hDeltaG,0.045454547
FC1E,hDeltaH,0.08522727
FC1E,hDeltaI,0.034759358
FC1E,hDeltaJ,0.027859237
FC1E,hDeltaK,0.0014662757
FC1E,hDeltaM,0.022727273
FC1E,vDeltaC,0.0033670033
FC1E,vDeltaD,0.0043290043
FC1E,vDeltaE,0.005050505
FC1E,vDeltaF,0.022727273
FC1E,vDeltaG,0.012626262
FC1E,vDeltaH,0.01010101
FC1E,vDeltaI_a,0.0053475937
FC1E,vDeltaM,0.0008264463
FC1F,ATL018,0.06666667
FC1F,EPG,0.0057971017
FC1F,EPGt,0.016666668
FC1F,ExR4,0.033333335
FC1F,ExR5,0.2
FC1F,ExR6,0.033333335
FC1F,FB1A,0.05
FC1F,FB1B,0.05
FC1F,FB1D,0.026666667
FC1F,FB1E_a,0.52
FC1F,FB1E_b,0.033333335
FC1F,FB1F,0.13333334
FC1F,FB1G,0.6
FC1F,FB1H,0.6666667
FC1F,FB1J,0.1
FC1F,FB2A,4.7
FC1F,FB2B_a,15.6
FC1F,FB2B_b,2.7
FC1F,FB2C,1.32
FC1F,FB2D,4.8777776
FC1F,FB2E,0.68333334
FC1F,FB2F_a,2.2222223
FC1F,FB2F_b,3.088889
FC1F,FB2F_c,0.13333334
FC1F,FB2F_d,2.6
FC1F,FB2G_a,1.4333333
FC1F,FB2G_b,0.6
FC1F,FB2H_a,1.1666666
FC1F,FB2H_b,2.5333333
FC1F,FB2I_a,1.1733333
FC1F,FB2I_b,0.7
FC1F,FB2J_a,0.46666667
FC1F,FB2J_b,0.56666666
FC1F,FB2J_c,0.6333333
FC1F,FB2K,1.362963
FC1F,FB2L,0.35
FC1F,FB2M_a,0.6166667
FC1F,FB2M_b,0.33333334
FC1F,FB3C,0.25641027
FC1F,FB3E,0.2
FC1F,FB4C,0.1
FC1F,FB4D_a,0.2
FC1F,FB4D_b,0.3
FC1F,FB4D_c,0.033333335
FC1F,FB4L,0.13333334
FC1F,FB4M,0.033333335
FC1F,FB4N,0.06666667
FC1F,FB4Q_c,0.022222223
FC1F,FB4X,0.033333335
FC1F,FB4Y,0.033333335
FC1F,FB4Z_a,0.008333334
FC1F,FB4Z_b,0.022222223
FC1F,FB4Z_c,0.016666668
FC1F,FB5A,0.36666667
FC1F,FB5AB,0.06666667
FC1F,FB5G_a,0.016666668
FC1F,FB5H,0.06666667
FC1F,FB5M,0.033333335
FC1F,FB5R,0.05
FC1F,FB5S,0.0074074073
FC1F,FB5U,0.15
FC1F,FB5X,0.011111111
FC1F,FB5Y_b,0.033333335
FC1F,FB6M,0.016666668
FC1F,FB6U,0.033333335
FC1F,FC,0.5777778
FC1F,FC1A,0.58431375
FC1F,FC1B,0.44242424
FC1F,FC1C_a,1.3
FC1F,FC1C_b,1.4352942
FC1F,FC1D,0.62666667
FC1F,FC1E,0.9757576
FC1F,FC1F,0.23555556
FC1F,FC2A,0.05925926
FC1F,FC2B,0.02962963
FC1F,FC2C,0.019858155
FC1F,FC3_a,1.4313725
FC1F,FC3_b,0.91333336
FC1F,FC3_c,1.2355555
FC1F,FR1,0.6037037
FC1F,FR2,0.074074075
FC1F,FS1A_a,0.016666668
FC1F,FS1A_b,0.035897437
FC1F,FS1A_c,0.18518518
FC1F,FS1B_a,0.4871795
FC1F,FS1B_b,0.325
FC1F,FS2,0.08888889
FC1F,FS3,0.06666667
FC1F,FS3_a,0.026666667
FC1F,FS3_b,0.00952381
FC1F,FS3_c,0.028571429
FC1F,FS3_d,0.017204301
FC1F,FS4A,0.0058479533
FC1F,FS4B,0.009195402
FC1F,FS4C,0.102380954
FC1F,OA-VPM3,2.2333333
FC1F,PEG,0.0074074073
FC1F,PFGs,0.048148148
FC1F,PFL1,0.26666668
FC1F,PFL2,0.033333335
FC1F,PFL3,0.033333335
FC1F,PFNa,0.03908046
FC1F,PFNd,0.03
FC1F,PFNv,0.04
FC1F,PFR_a,0.054761905
FC1F,PFR_b,0.17916666
FC1F,hDeltaA,0.044444446
FC1F,hDeltaB,0.010526316
FC1F,hDeltaC,1.4033333
FC1F,hDeltaF,0.008333334
FC1F,hDeltaG,0.14166667
FC1F,hDeltaH,0.40833333
FC1F,hDeltaI,0.12941177
FC1F,hDeltaJ,0.3075269
FC1F,hDeltaK,0.0021505377
FC1F,hDeltaL,0.006060606
FC1F,hDeltaM,0.041666668
FC1F,vDeltaC,0.012345679
FC1F,vDeltaD,0.034920637
FC1F,vDeltaE,0.05185185
FC1F,vDeltaF,0.08148148
FC1F,vDeltaG,0.28148147
FC1F,vDeltaH,0.33333334
FC1F,vDeltaI_a,0.09803922
FC1F,vDeltaI_b,0.01
FC1F,vDeltaJ,0.012121212
FC1F,vDeltaK,0.0014184397
FC1F,vDeltaM,0.0012121212
FC2A,EL,0.0030864198
FC2A,EPG,0.004830918
FC2A,EPGt,0.013888889
FC2A,ER1_b,0.017094018
FC2A,ExR5,0.2361111
FC2A,FB1C,0.055555556
FC2A,FB1G,0.1388889
FC2A,FB1H,2.1388888
FC2A,FB2A,0.1388889
FC2A,FB2B_a,0.06944445
FC2A,FB2B_b,0.041666668
FC2A,FB2C,0.23333333
FC2A,FB2D,0.06481481
FC2A,FB2E,0.027777778
FC2A,FB2F_a,0.074074075
FC2A,FB2F_b,0.24074075
FC2A,FB2F_c,0.18055555
FC2A,FB2F_d,0.041666668
FC2A,FB2G_a,0.6944444
FC2A,FB2G_b,1.5
FC2A,FB2H_a,0.1388889
FC2A,FB2H_b,0.055555556
FC2A,FB2I_a,0.016666668
FC2A,FB2I_b,0.16666667
FC2A,FB2J_a,0.055555556
FC2A,FB2J_c,0.11111111
FC2A,FB2K,0.17901234
FC2A,FB2L,0.055555556
FC2A,FB2M_a,3.3055556
FC2A,FB2M_b,4.7777777
FC2A,FB3A,0.013888889
FC2A,FB3C,0.017094018
FC2A,FB4A_a,0.2777778
FC2A,FB4A_b,0.8333333
FC2A,FB4C,0.33333334
FC2A,FB4D_a,0.11111111
FC2A,FB4D_c,0.055555556
FC2A,FB4E_a,0.033333335
FC2A,FB4E_b,0.06944445
FC2A,FB4F_a,0.041666668
FC2A,FB4F_c,0.055555556
FC2A,FB4G,0.027777778
FC2A,FB4H,0.027777778
FC2A,FB4K,0.027777778
FC2A,FB4M,0.027777778
FC2A,FB4N,0.30555555
FC2A,FB4O,1.2777778
FC2A,FB4P_a,1.2222222
FC2A,FB4P_b,0.6111111
FC2A,FB4P_c,1.4166666
FC2A,FB4Q_a,0.75
FC2A,FB4Q_b,16.86111
FC2A,FB4Q_c,4.9444447
FC2A,FB4X,4.0
FC2A,FB4Y,0.875
FC2A,FB4Z_a,0.013888889
FC2A,FB4Z_b,0.074074075
FC2A,FB4Z_c,0.11111111
FC2A,FB5A,13.333333
FC2A,FB5AA,0.027777778
FC2A,FB5C,0.37037036
FC2A,FB5D,2.3333333
FC2A,FB5E,5.6944447
FC2A,FB5F,6.638889
FC2A,FB5G_a,0.013888889
FC2A,FB5G_b,0.027777778
FC2A,FB5G_c,0.055555556
FC2A,FB5H,0.41666666
FC2A,FB5J,0.7777778
FC2A,FB5L,0.027777778
FC2A,FB5M,0.5
FC2A,FB5N,2.9583333
FC2A,FB5O,3.0555556
FC2A,FB5P,0.027777778
FC2A,FB5Q,0.625
FC2A,FB5R,0.055555556
FC2A,FB5T,0.11111111
FC2A,FB5U,0.013888889
FC2A,FB5V_a,0.046296295
FC2A,FB5V_b,0.009259259
FC2A,FB5V_c,0.11111111
FC2A,FB5W_a,7.1944447
FC2A,FB5W_b,2.648148
FC2A,FB5X,17.62037
FC2A,FB5Z,0.013888889
FC2A,FB6H,0.027777778
FC2A,FB6P,0.027777778
FC2A,FB6U,0.013888889
FC2A,FB6V,0.027777778
FC2A,FB6W,0.30555555
FC2A,FB6X,0.5
FC2A,FB7E,0.5
FC2A,FC,0.14814815
FC2A,FC1A,0.01633987
FC2A,FC1B,0.007575758
FC2A,FC1C_a,0.027777778
FC2A,FC1C_b,0.04248366
FC2A,FC1D,0.037777778
FC2A,FC1E,0.045454547
FC2A,FC1F,0.011111111
FC2A,FC2A,1.5154321
FC2A,FC2B,0.2510288
FC2A,FC2C,0.031914894
FC2A,FC3_a,0.029411765
FC2A,FC3_b,0.036111113
FC2A,FC3_c,0.014814815
FC2A,FR1,0.046296295
FC2A,FR2,0.052469134
FC2A,FS1A_a,1.0069444
FC2A,FS1A_b,0.9273504
FC2A,FS1A_c,1.3055556
FC2A,FS1B_a,0.9273504
FC2A,FS1B_b,0.2777778
FC2A,FS2,0.08465608
FC2A,FS3_a,0.014814815
FC2A,FS3_b,0.003968254
FC2A,FS3_c,0.015873017
FC2A,FS3_d,0.017921148
FC2A,FS4A,0.0009746589
FC2A,FS4B,0.0019157088
FC2A,FS4C,0.015873017
FC2A,LAL040,0.3888889
FC2A,LAL200,0.055555556
FC2A,OA-VPM3,0.2777778
FC2A,PEG,0.0030864198
FC2A,PFGs,0.012345679
FC2A,PFL1,0.055555556
FC2A,PFL2,5.046296
FC2A,PFL3,5.814815
FC2A,PFNa,0.0028735632
FC2A,PFNd,0.008333334
FC2A,PFNm_b,0.0042735045
FC2A,PFNp_a,0.0052083335
FC2A,PFNp_b,0.0036764706
FC2A,PFNp_c,0.004166667
FC2A,PFNp_d,0.015873017
FC2A,PFNp_e,0.004830918
FC2A,PFR_a,0.05952381
FC2A,PFR_b,0.07986111
FC2A,PPL102,0.055555556
FC2A,hDeltaA,0.712963
FC2A,hDeltaB,0.014619883
FC2A,hDeltaC,0.075
FC2A,hDeltaG,0.0069444445
FC2A,hDeltaH,0.24305555
FC2A,hDeltaI,0.15686275
FC2A,hDeltaJ,0.21146953
FC2A,hDeltaK,0.028673835
FC2A,hDeltaL,0.005050505
FC2A,hDeltaM,3.1388888
FC2A,vDeltaD,0.0026455026
FC2A,vDeltaE,0.021604938
FC2A,vDeltaF,0.018518519
FC2A,vDeltaG,0.037037037
FC2A,vDeltaH,0.043209877
FC2A,vDeltaI_a,0.055555556
FC2A,vDeltaI_b,0.036111113
FC2A,vDeltaJ,0.030303031
FC2A,vDeltaK,0.014184397
FC2A,vDeltaL,0.0015015015
FC2A,vDeltaM,0.004040404
FC2B,AOTU042,0.44444445
FC2B,CRE005,0.024691358
FC2B,CRE011,0.074074075
FC2B,EL,0.002057613
FC2B,EPG,0.007246377
FC2B,ExR5,0.009259259
FC2B,FB1A,0.009259259
FC2B,FB1C,0.009259259
FC2B,FB1E_a,0.0074074073
FC2B,FB1G,0.037037037
FC2B,FB1H,1.7962962
FC2B,FB2A,0.18518518
FC2B,FB2B_a,0.018518519
FC2B,FB2B_b,0.009259259
FC2B,FB2C,0.17777778
FC2B,FB2D,0.024691358
FC2B,FB2F_a,0.012345679
FC2B,FB2F_b,0.17283951
FC2B,FB2F_c,0.074074075
FC2B,FB2G_a,0.44444445
FC2B,FB2G_b,1.0061729
FC2B,FB2H_b,0.018518519
FC2B,FB2I_b,0.11111111
FC2B,FB2J_a,0.037037037
FC2B,FB2J_b,0.018518519
FC2B,FB2J_c,0.018518519
FC2B,FB2K,0.0781893
FC2B,FB2L,0.12037037
FC2B,FB2M_a,1.3055556
FC2B,FB2M_b,3.2592592
FC2B,FB3C,0.022792023
FC2B,FB3D,0.14814815
FC2B,FB3E,0.055555556
FC2B,FB4A_a,0.13580246
FC2B,FB4A_b,1.2777778
FC2B,FB4C,1.3333334
FC2B,FB4D_a,0.037037037
FC2B,FB4D_b,0.074074075
FC2B,FB4E_a,0.022222223
FC2B,FB4F_a,0.009259259
FC2B,FB4F_b,0.018518519
FC2B,FB4F_c,0.049382716
FC2B,FB4J,0.037037037
FC2B,FB4K,0.018518519
FC2B,FB4M,0.027777778
FC2B,FB4N,0.6851852
FC2B,FB4O,0.25308642
FC2B,FB4P_a,0.12037037
FC2B,FB4P_b,0.049382716
FC2B,FB4P_c,0.11111111
FC2B,FB4Q_a,0.12962963
FC2B,FB4Q_b,1.425926
FC2B,FB4Q_c,0.7160494
FC2B,FB4R,0.0061728396
FC2B,FB4X,1.7777778
FC2B,FB4Y,1.4907408
FC2B,FB4Z_a,0.013888889
FC2B,FB5A,26.018518
FC2B,FB5AA,0.24074075
FC2B,FB5AB,0.6481481
FC2B,FB5B,0.33333334
FC2B,FB5C,1.2345679
FC2B,FB5D,1.0493827
FC2B,FB5E,0.6666667
FC2B,FB5F,5.5555553
FC2B,FB5G_a,0.7314815
FC2B,FB5G_b,0.2962963
FC2B,FB5G_c,1.2777778
FC2B,FB5H,0.9444444
FC2B,FB5I,0.24074075
FC2B,FB5J,2.351852
FC2B,FB5K,0.037037037
FC2B,FB5L,0.16666667
FC2B,FB5M,0.14814815
FC2B,FB5N,1.5185186
FC2B,FB5O,0.6666667
FC2B,FB5P,0.09259259
FC2B,FB5Q,4.6666665
FC2B,FB5R,0.083333336
FC2B,FB5S,0.11934157
FC2B,FB5T,0.018518519
FC2B,FB5U,0.12962963
FC2B,FB5V_b,0.012345679
FC2B,FB5V_c,0.12592593
FC2B,FB5W_a,0.9814815
FC2B,FB5W_b,0.54320985
FC2B,FB5X,1.0
FC2B,FB5Y_a,1.1851852
FC2B,FB5Y_b,0.5185185
FC2B,FB5Z,0.06481481
FC2B,FB6A_a,0.018518519
FC2B,FB6A_c,0.037037037
FC2B,FB6C_b,0.0061728396
FC2B,FB6D,0.018518519
FC2B,FB6F,0.018518519
FC2B,FB6K,0.083333336
FC2B,FB6L,0.024691358
FC2B,FB6M,0.009259259
FC2B,FB6N,0.055555556
FC2B,FB6O,0.018518519
FC2B,FB6P,0.4074074
FC2B,FB6R,0.046296295
FC2B,FB6S,0.0046296297
FC2B,FB6T,0.018518519
FC2B,FB6U,0.027777778
FC2B,FB6V,0.37037036
FC2B,FB6W,0.12962963
FC2B,FB6X,0.14814815
FC2B,FB7D_b,0.009259259
FC2B,FB7E,0.018518519
FC2B,FB8G,0.018518519
FC2B,FB8I,0.0061728396
FC2B,FC,0.30864197
FC2B,FC1B,0.016835017
FC2B,FC1C_a,0.021604938
FC2B,FC1C_b,0.006535948
FC2B,FC1D,0.025185185
FC2B,FC1E,0.013468013
FC2B,FC1F,0.022222223
FC2B,FC2A,0.28189301
FC2B,FC2B,0.34705076
FC2B,FC2C,0.17966904
FC2B,FC3_a,0.045751635
FC2B,FC3_b,0.033333335
FC2B,FC3_c,0.0345679
FC2B,FR1,0.049382716
FC2B,FR2,0.034979425
FC2B,FS1A_a,1.261574
FC2B,FS1A_b,0.8632479
FC2B,FS1A_c,0.9958848
FC2B,FS1B_a,0.93162394
FC2B,FS1B_b,0.4699074
FC2B,FS2,0.12081129
FC2B,FS3_a,0.037037037
FC2B,FS3_b,0.02116402
FC2B,FS3_c,0.034391534
FC2B,FS3_d,0.014336918
FC2B,FS4A,0.015594542
FC2B,FS4B,0.007662835
FC2B,FS4C,0.09126984
FC2B,LAL040,0.2962963
FC2B,LAL045,1.3333334
FC2B,LAL200,2.2962964
FC2B,OA-VPM3,0.37037036
FC2B,PAM09,0.09259259
FC2B,PFGs,0.020576132
FC2B,PFL1,0.018518519
FC2B,PFL2,3.7962964
FC2B,PFL3,3.824074
FC2B,PFNa,0.0006385696
FC2B,PFNd,0.0009259259
FC2B,PFNv,0.0018518518
FC2B,PFR_a,0.06349207
FC2B,PFR_b,0.055555556
FC2B,PPL102,0.22222222
FC2B,PPL108,0.5555556
FC2B,SMP018,0.037037037
FC2B,SMP185,0.074074075
FC2B,SMP471,0.22222222
FC2B,hDeltaA,0.074074075
FC2B,hDeltaB,0.01754386
FC2B,hDeltaC,0.2888889
FC2B,hDeltaF,0.018518519
FC2B,hDeltaG,0.375
FC2B,hDeltaH,0.5925926
FC2B,hDeltaI,0.041394334
FC2B,hDeltaJ,0.13978495
FC2B,hDeltaK,0.026284348
FC2B,hDeltaL,0.043771043
FC2B,hDeltaM,4.9675927
FC2B,vDeltaB,0.0011947431
FC2B,vDeltaC,0.004115226
FC2B,vDeltaD,0.005291005
FC2B,vDeltaE,0.022633744
FC2B,vDeltaF,0.11111111
FC2B,vDeltaG,0.12139918
FC2B,vDeltaH,0.10288066
FC2B,vDeltaI_a,0.043572985
FC2B,vDeltaI_b,0.042592593
FC2B,vDeltaJ,0.013468013
FC2B,vDeltaK,0.0031520883
FC2B,vDeltaL,0.003003003
FC2B,vDeltaM,0.00067340065
FC2C,AOTU042,1.893617
FC2C,CRE100,0.06382979
FC2C,EPG,0.006475486
FC2C,EPGt,0.005319149
FC2C,ExR1,0.010638298
FC2C,ExR3,0.20212767
FC2C,ExR5,0.05319149
FC2C,FB1A,0.031914894
FC2C,FB1B,0.05851064
FC2C,FB1C,0.11170213
FC2C,FB1D,0.004255319
FC2C,FB1E_a,0.029787235
FC2C,FB1E_b,0.031914894
FC2C,FB1F,0.21276596
FC2C,FB1G,1.2446809
FC2C,FB1H,0.68085104
FC2C,FB1I,0.021276595
FC2C,FB2A,0.14361702
FC2C,FB2B_a,0.05851064
FC2C,FB2B_b,0.047872342
FC2C,FB2C,0.17446809
FC2C,FB2D,0.06737588
FC2C,FB2E,0.010638298
FC2C,FB2F_a,0.031914894
FC2C,FB2F_b,0.06382979
FC2C,FB2F_c,0.031914894
FC2C,FB2F_d,0.095744684
FC2C,FB2G_a,0.10638298
FC2C,FB2G_b,0.4432624
FC2C,FB2H_a,0.04255319
FC2C,FB2H_b,0.021276595
FC2C,FB2I_a,0.027659575
FC2C,FB2I_b,0.10638298
FC2C,FB2J_b,0.010638298
FC2C,FB2J_c,0.031914894
FC2C,FB2K,0.18203309
FC2C,FB2L,0.20744681
FC2C,FB2M_a,0.06382979
FC2C,FB2M_b,0.29787233
FC2C,FB3C,0.1767594
FC2C,FB3E,0.4787234
FC2C,FB4A_b,0.14893617
FC2C,FB4B,0.010638298
FC2C,FB4C,4.0531917
FC2C,FB4D_a,0.010638298
FC2C,FB4D_b,0.021276595
FC2C,FB4D_c,0.010638298
FC2C,FB4E_a,0.004255319
FC2C,FB4E_b,0.005319149
FC2C,FB4F_a,0.010638298
FC2C,FB4F_c,0.021276595
FC2C,FB4I,0.010638298
FC2C,FB4L,0.005319149
FC2C,FB4M,0.031914894
FC2C,FB4N,0.12765957
FC2C,FB4O,0.0035460992
FC2C,FB4P_a,0.031914894
FC2C,FB4P_b,0.014184397
FC2C,FB4P_c,0.010638298
FC2C,FB4Q_a,0.010638298
FC2C,FB4Q_b,0.021276595
FC2C,FB4Q_c,0.0070921984
FC2C,FB4X,0.031914894
FC2C,FB4Y,0.43617022
FC2C,FB4Z_a,0.007978723
FC2C,FB4Z_b,0.014184397
FC2C,FB5A,15.367022
FC2C,FB5AA,0.67021275
FC2C,FB5AB,0.5106383
FC2C,FB5B,0.33687943
FC2C,FB5C,0.6453901
FC2C,FB5D,0.19148937
FC2C,FB5E,0.07446808
FC2C,FB5F,0.38297874
FC2C,FB5G_a,4.569149
FC2C,FB5G_b,0.67021275
FC2C,FB5G_c,5.680851
FC2C,FB5H,1.0425532
FC2C,FB5I,0.08510638
FC2C,FB5J,0.30851063
FC2C,FB5L,0.11702128
FC2C,FB5M,0.10638298
FC2C,FB5N,0.36702126
FC2C,FB5O,0.14893617
FC2C,FB5P,0.095744684
FC2C,FB5Q,3.0957446
FC2C,FB5R,0.026595745
FC2C,FB5S,0.040189125
FC2C,FB5T,0.04255319
FC2C,FB5U,0.026595745
FC2C,FB5V_a,0.031914894
FC2C,FB5V_b,0.021276595
FC2C,FB5V_c,0.49787235
FC2C,FB5W_a,0.024822695
FC2C,FB5X,0.088652484
FC2C,FB5Y_a,0.5
FC2C,FB5Y_b,0.42553192
FC2C,FB5Z,0.09042553
FC2C,FB6A_a,0.07446808
FC2C,FB6A_b,0.10638298
FC2C,FB6A_c,0.11702128
FC2C,FB6B,0.20212767
FC2C,FB6C_a,0.04255319
FC2C,FB6C_b,0.04609929
FC2C,FB6D,0.10638298
FC2C,FB6E,0.12765957
FC2C,FB6F,0.11702128
FC2C,FB6G,0.08510638
FC2C,FB6H,0.28723404
FC2C,FB6I,0.06382979
FC2C,FB6J,0.029787235
FC2C,FB6K,0.11170213
FC2C,FB6L,0.014184397
FC2C,FB6M,0.047872342
FC2C,FB6N,0.11702128
FC2C,FB6O,0.10638298
FC2C,FB6P,0.26595744
FC2C,FB6Q,0.095744684
FC2C,FB6R,0.61170214
FC2C,FB6S,0.015957447
FC2C,FB6T,0.03723404
FC2C,FB6U,0.30319148
FC2C,FB6V,0.79787236
FC2C,FB6W,0.07446808
FC2C,FB6X,0.031914894
FC2C,FB6Y,0.3617021
FC2C,FB6Z,0.05319149
FC2C,FB7A,0.039007094
FC2C,FB7B,0.04255319
FC2C,FB7C,0.38723403
FC2C,FB7D_a,0.04255319
FC2C,FB7D_b,0.026595745
FC2C,FB7E,0.039007094
FC2C,FB7G,0.09042553
FC2C,FB7H,0.031914894
FC2C,FB7I,0.114893615
FC2C,FB7J,0.13297872
FC2C,FB7L,0.056737587
FC2C,FB7M,0.04255319
FC2C,FB8D,0.021276595
FC2C,FB8F_b,0.0023640662
FC2C,FB8G,0.04964539
FC2C,FB8I,0.021276595
FC2C,FC,0.29787233
FC2C,FC1A,0.010012516
FC2C,FC1B,0.013539651
FC2C,FC1C_a,0.019503547
FC2C,FC1C_b,0.027534418
FC2C,FC1D,0.015319149
FC2C,FC1E,0.021276595
FC2C,FC1F,0.018439716
FC2C,FC2A,0.06382979
FC2C,FC2B,0.15839243
FC2C,FC2C,0.27478498
FC2C,FC3_a,0.032540675
FC2C,FC3_b,0.024468085
FC2C,FC3_c,0.025531914
FC2C,FR1,0.02718676
FC2C,FR2,0.021276595
FC2C,FS1A_a,0.48271278
FC2C,FS1A_b,0.88379705
FC2C,FS1A_c,0.80496454
FC2C,FS1B_a,0.48608837
FC2C,FS1B_b,0.59574467
FC2C,FS2,0.05775076
FC2C,FS3,0.11702128
FC2C,FS3_a,0.14751773
FC2C,FS3_b,0.16109422
FC2C,FS3_c,0.14589666
FC2C,FS3_d,0.09540151
FC2C,FS4A,0.026129153
FC2C,FS4B,0.03888481
FC2C,FS4C,0.2955927
FC2C,LAL040,0.06382979
FC2C,LAL045,0.25531915
FC2C,LAL200,2.1276596
FC2C,OA-VPM3,0.11702128
FC2C,PAM09,0.07446808
FC2C,PEG,0.0011820331
FC2C,PEN_b(PEN2),0.000967118
FC2C,PFGs,0.04609929
FC2C,PFL1,0.013677811
FC2C,PFL2,3.569149
FC2C,PFL3,2.393617
FC2C,PFNa,0.0040352163
FC2C,PFNd,0.0021276595
FC2C,PFNm_a,0.0070921984
FC2C,PFNm_b,0.0073649753
FC2C,PFNp_a,0.0013297872
FC2C,PFNp_b,0.0026595744
FC2C,PFNp_c,0.0037234044
FC2C,PFNp_d,0.0015197569
FC2C,PFNp_e,0.002775208
FC2C,PFNv,0.0074468087
FC2C,PFR_a,0.0060790274
FC2C,PFR_b,0.025265958
FC2C,PPL102,0.021276595
FC2C,PPL108,0.44680852
FC2C,SMP052,0.035460994
FC2C,SMP185,0.34042552
FC2C,hDeltaA,0.015957447
FC2C,hDeltaB,0.008958567
FC2C,hDeltaC,0.11595745
FC2C,hDeltaD,0.007978723
FC2C,hDeltaE,0.087765954
FC2C,hDeltaF,0.125
FC2C,hDeltaG,0.2925532
FC2C,hDeltaH,0.07446808
FC2C,hDeltaI,0.06257822
FC2C,hDeltaJ,0.017844887
FC2C,hDeltaK,0.017844887
FC2C,hDeltaL,0.1992263
FC2C,hDeltaM,1.768617
FC2C,vDeltaA_a,0.0015197569
FC2C,vDeltaA_b,0.0013726836
FC2C,vDeltaB,0.004118051
FC2C,vDeltaC,0.016548464
FC2C,vDeltaD,0.029381966
FC2C,vDeltaE,0.03427896
FC2C,vDeltaF,0.04491726
FC2C,vDeltaG,0.01891253
FC2C,vDeltaH,0.016548464
FC2C,vDeltaI_a,0.017521903
FC2C,vDeltaI_b,0.026595745
FC2C,vDeltaJ,0.021276595
FC2C,vDeltaK,0.0018107741
FC2C,vDeltaL,0.0023001726
FC2C,vDeltaM,0.0015473887
FC3_a,AN27X013,0.019607844
FC3_a,ATL018,0.11764706
FC3_a,Delta7,0.005602241
FC3_a,EL,0.022875817
FC3_a,EPG,0.0076726344
FC3_a,EPGt,0.014705882
FC3_a,ExR5,0.14705883
FC3_a,FB1A,0.11764706
FC3_a,FB1B,0.014705882
FC3_a,FB1C,0.04411765
FC3_a,FB1E_a,0.47058824
FC3_a,FB1F,0.029411765
FC3_a,FB1G,0.3529412
FC3_a,FB1H,1.4117647
FC3_a,FB2A,0.29411766
FC3_a,FB2B_a,0.19117647
FC3_a,FB2B_b,0.38235295
FC3_a,FB2C,0.21176471
FC3_a,FB2D,0.5392157
FC3_a,FB2E,0.23529412
FC3_a,FB2F_a,0.99019605
FC3_a,FB2F_b,1.137255
FC3_a,FB2F_c,0.64705884
FC3_a,FB2F_d,1.2352941
FC3_a,FB2G_a,0.9117647
FC3_a,FB2G_b,0.10784314
FC3_a,FB2H_a,0.20588236
FC3_a,FB2H_b,0.47058824
FC3_a,FB2I_a,0.11764706
FC3_a,FB2I_b,0.1764706
FC3_a,FB2J_a,1.2941177
FC3_a,FB2J_b,0.20588236
FC3_a,FB2J_c,1.3529412
FC3_a,FB2K,0.503268
FC3_a,FB2L,0.14705883
FC3_a,FB2M_a,0.9852941
FC3_a,FB2M_b,0.20588236
FC3_a,FB3A,0.9705882
FC3_a,FB3C,2.565611
FC3_a,FB3D,0.5294118
FC3_a,FB3E,1.5882353
FC3_a,FB4A_b,0.0882353
FC3_a,FB4B,0.3529412
FC3_a,FB4C,0.7058824
FC3_a,FB4D_a,0.5882353
FC3_a,FB4D_b,1.2941177
FC3_a,FB4D_c,0.29411766
FC3_a,FB4E_a,0.023529412
FC3_a,FB4E_b,0.014705882
FC3_a,FB4E_c,0.0882353
FC3_a,FB4F_a,0.014705882
FC3_a,FB4F_c,0.09803922
FC3_a,FB4G,0.029411765
FC3_a,FB4J,0.05882353
FC3_a,FB4K,0.073529415
FC3_a,FB4L,0.05882353
FC3_a,FB4M,0.13235295
FC3_a,FB4N,0.7058824
FC3_a,FB4O,0.09803922
FC3_a,FB4P_a,0.05882353
FC3_a,FB4P_b,0.019607844
FC3_a,FB4Q_a,0.05882353
FC3_a,FB4Q_c,0.05882353
FC3_a,FB4R,0.13725491
FC3_a,FB4X,0.05882353
FC3_a,FB4Y,0.5735294
FC3_a,FB4Z_a,0.42647058
FC3_a,FB4Z_b,0.21568628
FC3_a,FB4Z_c,0.32352942
FC3_a,FB5A,5.3382354
FC3_a,FB5AA,1.5
FC3_a,FB5AB,0.7647059
FC3_a,FB5B,0.078431375
FC3_a,FB5C,1.3921568
FC3_a,FB5D,0.3137255
FC3_a,FB5E,0.14705883
FC3_a,FB5G_a,0.014705882
FC3_a,FB5G_b,0.11764706
FC3_a,FB5G_c,0.029411765
FC3_a,FB5H,0.8235294
FC3_a,FB5I,0.23529412
FC3_a,FB5J,0.0882353
FC3_a,FB5K,2.5588236
FC3_a,FB5L,0.38235295
FC3_a,FB5M,0.47058824
FC3_a,FB5N,0.3382353
FC3_a,FB5O,1.0882353
FC3_a,FB5P,0.13235295
FC3_a,FB5Q,0.073529415
FC3_a,FB5R,1.4558823
FC3_a,FB5S,1.6405228
FC3_a,FB5T,0.0882353
FC3_a,FB5U,3.6764705
FC3_a,FB5V_a,0.029411765
FC3_a,FB5V_b,0.068627454
FC3_a,FB5V_c,0.011764706
FC3_a,FB5W_a,0.039215688
FC3_a,FB5X,0.019607844
FC3_a,FB5Y_a,0.14705883
FC3_a,FB5Y_b,0.14705883
FC3_a,FB5Z,0.14705883
FC3_a,FB6A_a,0.11764706
FC3_a,FB6A_b,0.1764706
FC3_a,FB6A_c,0.20588236
FC3_a,FB6B,0.029411765
FC3_a,FB6C_a,0.029411765
FC3_a,FB6C_b,0.068627454
FC3_a,FB6D,0.0882353
FC3_a,FB6E,0.05882353
FC3_a,FB6F,0.0882353
FC3_a,FB6H,0.0882353
FC3_a,FB6I,0.029411765
FC3_a,FB6J,0.15294118
FC3_a,FB6K,0.14705883
FC3_a,FB6L,0.078431375
FC3_a,FB6M,0.073529415
FC3_a,FB6N,0.44117647
FC3_a,FB6O,0.2647059
FC3_a,FB6P,0.1764706
FC3_a,FB6R,0.05882353
FC3_a,FB6S,0.09558824
FC3_a,FB6U,0.014705882
FC3_a,FB6V,0.7941176
FC3_a,FB6W,1.1470588
FC3_a,FB6X,0.029411765
FC3_a,FB6Z,0.029411765
FC3_a,FB7H,0.029411765
FC3_a,FB8G,0.009803922
FC3_a,FC,0.627451
FC3_a,FC1A,0.089965396
FC3_a,FC1B,0.157754
FC3_a,FC1C_a,0.51960784
FC3_a,FC1C_b,0.366782
FC3_a,FC1D,0.07294118
FC3_a,FC1E,0.112299465
FC3_a,FC1F,0.25490198
FC3_a,FC2A,0.23529412
FC3_a,FC2B,0.20479302
FC3_a,FC2C,0.03629537
FC3_a,FC3_a,0.1764706
FC3_a,FC3_b,0.42647058
FC3_a,FC3_c,0.24705882
FC3_a,FR1,1.4117647
FC3_a,FR2,0.01633987
FC3_a,FS1A_a,0.025735294
FC3_a,FS1A_b,0.036199097
FC3_a,FS1A_c,0.039215688
FC3_a,FS1B_a,0.14932127
FC3_a,FS1B_b,0.1764706
FC3_a,FS2,0.72829133
FC3_a,FS3_a,0.12941177
FC3_a,FS3_b,0.029411765
FC3_a,FS3_c,0.12184874
FC3_a,FS3_d,0.0113852
FC3_a,FS4A,0.0072239423
FC3_a,FS4B,0.006085193
FC3_a,FS4C,0.037815128
FC3_a,LPsP,0.029411765
FC3_a,OA-VPM3,2.5294118
FC3_a,PEG,0.006535948
FC3_a,PFGs,1.6405228
FC3_a,PFL1,0.037815128
FC3_a,PFL2,0.09313726
FC3_a,PFL3,0.078431375
FC3_a,PFNa,0.009127789
FC3_a,PFNd,0.020588236
FC3_a,PFNv,0.052941177
FC3_a,PFR_a,2.6491597
FC3_a,PFR_b,1.9669118
FC3_a,hDeltaA,0.12254902
FC3_a,hDeltaB,0.043343652
FC3_a,hDeltaC,0.60294116
FC3_a,hDeltaF,0.022058824
FC3_a,hDeltaG,2.9411764
FC3_a,hDeltaH,5.602941
FC3_a,hDeltaI,0.10726643
FC3_a,hDeltaJ,1.032258
FC3_a,hDeltaK,0.07020873
FC3_a,hDeltaL,0.21925133
FC3_a,hDeltaM,0.19117647
FC3_a,vDeltaB,0.0113852
FC3_a,vDeltaC,0.045751635
FC3_a,vDeltaD,0.35014006
FC3_a,vDeltaE,1.1993464
FC3_a,vDeltaF,2.4313726
FC3_a,vDeltaG,2.640523
FC3_a,vDeltaH,1.9084967
FC3_a,vDeltaI_a,1.2871972
FC3_a,vDeltaI_b,0.6382353
FC3_a,vDeltaJ,0.36363637
FC3_a,vDeltaK,0.030037547
FC3_a,vDeltaL,0.0031796503
FC3_a,vDeltaM,0.0021390375
FC3_b,ATL018,0.1
FC3_b,DNc02,0.025
FC3_b,Delta7,0.005952381
FC3_b,EL,0.022222223
FC3_b,EPG,0.0076086954
FC3_b,ExR1,0.025
FC3_b,ExR3,0.025
FC3_b,ExR5,0.1625
FC3_b,ExR6,0.025
FC3_b,FB1A,0.0125
FC3_b,FB1C,0.025
FC3_b,FB1E_a,0.18
FC3_b,FB1G,0.375
FC3_b,FB1H,1.425
FC3_b,FB2A,0.5375
FC3_b,FB2B_a,0.325
FC3_b,FB2B_b,0.4
FC3_b,FB2C,0.34
FC3_b,FB2D,0.51666665
FC3_b,FB2E,0.2875
FC3_b,FB2F_a,1.8083333
FC3_b,FB2F_b,2.5833333
FC3_b,FB2F_c,0.35
FC3_b,FB2F_d,1.675
FC3_b,FB2G_a,2.125
FC3_b,FB2G_b,0.09166667
FC3_b,FB2H_a,0.175
FC3_b,FB2H_b,0.425
FC3_b,FB2I_a,0.16
FC3_b,FB2I_b,0.15
FC3_b,FB2J_a,1.35
FC3_b,FB2J_b,0.425
FC3_b,FB2J_c,1.775
FC3_b,FB2K,0.6388889
FC3_b,FB2L,0.1875
FC3_b,FB2M_a,2.125
FC3_b,FB2M_b,0.45
FC3_b,FB3A,0.5875
FC3_b,FB3C,1.0384616
FC3_b,FB3D,0.5
FC3_b,FB3E,0.65
FC3_b,FB4A_a,0.025
FC3_b,FB4A_b,0.075
FC3_b,FB4B,0.2
FC3_b,FB4C,0.65
FC3_b,FB4D_a,0.25
FC3_b,FB4D_b,0.6
FC3_b,FB4D_c,0.2
FC3_b,FB4E_a,0.01
FC3_b,FB4E_b,0.0125
FC3_b,FB4E_c,0.025
FC3_b,FB4F_a,0.0125
FC3_b,FB4F_b,0.05
FC3_b,FB4F_c,0.058333334
FC3_b,FB4G,0.025
FC3_b,FB4H,0.05
FC3_b,FB4J,0.025
FC3_b,FB4K,0.025
FC3_b,FB4L,0.05
FC3_b,FB4M,0.1
FC3_b,FB4N,0.7
FC3_b,FB4O,0.06666667
FC3_b,FB4P_a,0.1125
FC3_b,FB4P_b,0.033333335
FC3_b,FB4P_c,0.125
FC3_b,FB4Q_b,0.025
FC3_b,FB4Q_c,0.033333335
FC3_b,FB4R,0.041666668
FC3_b,FB4X,0.25
FC3_b,FB4Y,0.6625
FC3_b,FB4Z_a,0.5
FC3_b,FB4Z_b,0.4
FC3_b,FB4Z_c,0.3125
FC3_b,FB5A,3.1625
FC3_b,FB5AA,0.475
FC3_b,FB5AB,0.775
FC3_b,FB5C,0.9166667
FC3_b,FB5D,0.55
FC3_b,FB5E,0.275
FC3_b,FB5F,0.025
FC3_b,FB5G_b,0.05
FC3_b,FB5G_c,0.05
FC3_b,FB5H,1.2
FC3_b,FB5I,0.15
FC3_b,FB5J,0.05
FC3_b,FB5K,2.3
FC3_b,FB5L,0.2
FC3_b,FB5M,0.55
FC3_b,FB5N,0.1875
FC3_b,FB5O,0.55
FC3_b,FB5P,0.1
FC3_b,FB5Q,0.0125
FC3_b,FB5R,1.675
FC3_b,FB5S,0.47777778
FC3_b,FB5T,0.075
FC3_b,FB5U,3.8
FC3_b,FB5V_a,0.016666668
FC3_b,FB5V_b,0.058333334
FC3_b,FB5V_c,0.03
FC3_b,FB5W_a,0.033333335
FC3_b,FB5W_b,0.05
FC3_b,FB5X,0.025
FC3_b,FB5Y_a,0.1
FC3_b,FB5Z,0.025
FC3_b,FB6A_a,0.05
FC3_b,FB6A_b,0.05
FC3_b,FB6C_b,0.016666668
FC3_b,FB6E,0.025
FC3_b,FB6F,0.025
FC3_b,FB6J,0.01
FC3_b,FB6K,0.025
FC3_b,FB6L,0.016666668
FC3_b,FB6M,0.0125
FC3_b,FB6N,0.25
FC3_b,FB6R,0.0375
FC3_b,FB6S,0.0375
FC3_b,FB6U,0.0125
FC3_b,FB6V,0.125
FC3_b,FB6W,0.5
FC3_b,FB6Z,0.025
FC3_b,FC,0.46666667
FC3_b,FC1A,0.12941177
FC3_b,FC1B,0.29545453
FC3_b,FC1C_a,0.53333336
FC3_b,FC1C_b,0.4735294
FC3_b,FC1D,0.112
FC3_b,FC1E,0.175
FC3_b,FC1F,0.31
FC3_b,FC2A,0.28611112
FC3_b,FC2B,0.12592593
FC3_b,FC2C,0.0148936175
FC3_b,FC3_a,0.39117646
FC3_b,FC3_b,0.4375
FC3_b,FC3_c,0.36666667
FC3_b,FR1,0.99444443
FC3_b,FR2,0.027777778
FC3_b,FS1A_a,0.00625
FC3_b,FS1A_b,0.023076924
FC3_b,FS1A_c,0.041666668
FC3_b,FS1B_a,0.1
FC3_b,FS1B_b,0.20625
FC3_b,FS2,0.52380955
FC3_b,FS3_a,0.023333333
FC3_b,FS3_b,0.025
FC3_b,FS3_c,0.039285716
FC3_b,FS3_d,0.017741935
FC3_b,FS4A,0.007017544
FC3_b,FS4B,0.01724138
FC3_b,FS4C,0.048214287
FC3_b,OA-VPM3,3.025
FC3_b,PEG,0.0055555557
FC3_b,PFGs,1.9305556
FC3_b,PFL1,0.057142857
FC3_b,PFL2,0.029166667
FC3_b,PFL3,0.060416665
FC3_b,PFNa,0.014655173
FC3_b,PFNd,0.015
FC3_b,PFNm_b,0.0038461538
FC3_b,PFNp_c,0.00125
FC3_b,PFNv,0.155
FC3_b,PFR_a,2.1625
FC3_b,PFR_b,1.696875
FC3_b,hDeltaA,0.14583333
FC3_b,hDeltaB,0.034210525
FC3_b,hDeltaC,0.6275
FC3_b,hDeltaF,0.00625
FC3_b,hDeltaG,0.7125
FC3_b,hDeltaH,4.65625
FC3_b,hDeltaI,0.24705882
FC3_b,hDeltaJ,0.92741936
FC3_b,hDeltaK,0.058064517
FC3_b,hDeltaL,0.018181818
FC3_b,hDeltaM,0.19375
FC3_b,vDeltaC,0.016666668
FC3_b,vDeltaD,0.11904762
FC3_b,vDeltaE,0.6611111
FC3_b,vDeltaF,1.6027777
FC3_b,vDeltaG,2.3666666
FC3_b,vDeltaH,2.3666666
FC3_b,vDeltaI_a,1.7441176
FC3_b,vDeltaI_b,0.7025
FC3_b,vDeltaJ,0.3590909
FC3_b,vDeltaK,0.05106383
FC3_b,vDeltaL,0.004054054
FC3_b,vDeltaM,0.0009090909
FC3_c,DNc02,0.033333335
FC3_c,EL,0.0037037036
FC3_c,EPG,0.0014492754
FC3_c,ExR3,0.13333334
FC3_c,ExR5,0.11666667
FC3_c,ExR6,0.16666667
FC3_c,FB1A,0.18333334
FC3_c,FB1C,0.016666668
FC3_c,FB1E_a,1.08
FC3_c,FB1F,0.13333334
FC3_c,FB1G,0.8333333
FC3_c,FB1H,1.5666667
FC3_c,FB1I,0.033333335
FC3_c,FB1J,0.1
FC3_c,FB2A,0.73333335
FC3_c,FB2B_a,1.4666667
FC3_c,FB2B_b,1.6666666
FC3_c,FB2C,0.22666667
FC3_c,FB2D,2.488889
FC3_c,FB2E,0.23333333
FC3_c,FB2F_a,0.95555556
FC3_c,FB2F_b,2.9555554
FC3_c,FB2F_c,0.8
FC3_c,FB2F_d,4.0666666
FC3_c,FB2G_a,0.76666665
FC3_c,FB2G_b,0.24444444
FC3_c,FB2H_a,0.1
FC3_c,FB2H_b,0.6333333
FC3_c,FB2I_a,0.27333334
FC3_c,FB2I_b,0.1
FC3_c,FB2J_a,0.46666667
FC3_c,FB2J_b,0.26666668
FC3_c,FB2J_c,0.8333333
FC3_c,FB2K,0.76296294
FC3_c,FB2L,0.48333332
FC3_c,FB2M_a,0.43333334
FC3_c,FB2M_b,0.36666667
FC3_c,FB3A,1.15
FC3_c,FB3C,2.425641
FC3_c,FB3D,0.53333336
FC3_c,FB3E,3.3666666
FC3_c,FB4A_a,0.011111111
FC3_c,FB4B,0.13333334
FC3_c,FB4C,1.9333333
FC3_c,FB4D_a,0.96666664
FC3_c,FB4D_b,1.7666667
FC3_c,FB4D_c,0.4
FC3_c,FB4E_b,0.016666668
FC3_c,FB4F_a,0.033333335
FC3_c,FB4F_c,0.044444446
FC3_c,FB4G,0.06666667
FC3_c,FB4J,0.13333334
FC3_c,FB4K,0.06666667
FC3_c,FB4L,0.05
FC3_c,FB4M,0.15
FC3_c,FB4N,0.4
FC3_c,FB4O,0.055555556
FC3_c,FB4P_a,0.016666668
FC3_c,FB4P_b,0.022222223
FC3_c,FB4P_c,0.06666667
FC3_c,FB4Q_b,0.06666667
FC3_c,FB4R,0.13333334
FC3_c,FB4X,0.2
FC3_c,FB4Y,0.11666667
FC3_c,FB4Z_a,0.14166667
FC3_c,FB4Z_b,0.044444446
FC3_c,FB4Z_c,0.06666667
FC3_c,FB5A,4.35
FC3_c,FB5AA,1.6
FC3_c,FB5AB,0.4
FC3_c,FB5B,0.033333335
FC3_c,FB5C,0.7111111
FC3_c,FB5D,0.11111111
FC3_c,FB5E,0.1
FC3_c,FB5G_a,0.016666668
FC3_c,FB5G_c,0.1
FC3_c,FB5H,0.3
FC3_c,FB5I,0.06666667
FC3_c,FB5J,0.16666667
FC3_c,FB5K,0.6333333
FC3_c,FB5L,0.13333334
FC3_c,FB5M,0.13333334
FC3_c,FB5N,0.18333334
FC3_c,FB5O,0.36666667
FC3_c,FB5P,0.033333335
FC3_c,FB5Q,0.033333335
FC3_c,FB5R,0.2
FC3_c,FB5S,0.77037036
FC3_c,FB5U,1.2666667
FC3_c,FB5V_a,0.011111111
FC3_c,FB5V_b,0.044444446
FC3_c,FB5W_a,0.022222223
FC3_c,FB5W_b,0.022222223
FC3_c,FB5X,0.044444446
FC3_c,FB5Y_a,0.06666667
FC3_c,FB5Y_b,0.13333334
FC3_c,FB5Z,0.16666667
FC3_c,FB6A_a,0.1
FC3_c,FB6A_b,0.36666667
FC3_c,FB6A_c,0.3
FC3_c,FB6C_a,0.1
FC3_c,FB6C_b,0.17777778
FC3_c,FB6D,0.13333334
FC3_c,FB6E,0.033333335
FC3_c,FB6F,0.16666667
FC3_c,FB6H,0.13333334
FC3_c,FB6I,0.1
FC3_c,FB6J,0.38666666
FC3_c,FB6K,0.23333333
FC3_c,FB6L,0.26666668
FC3_c,FB6M,0.18333334
FC3_c,FB6N,0.53333336
FC3_c,FB6O,0.26666668
FC3_c,FB6P,0.1
FC3_c,FB6Q,0.033333335
FC3_c,FB6R,0.13333334
FC3_c,FB6S,0.016666668
FC3_c,FB6U,0.083333336
FC3_c,FB6V,0.6333333
FC3_c,FB6W,0.46666667
FC3_c,FB6X,0.06666667
FC3_c,FB6Z,0.06666667
FC3_c,FB7D_a,0.033333335
FC3_c,FB7D_b,0.05
FC3_c,FB7I,0.013333334
FC3_c,FC,0.4888889
FC3_c,FC1A,0.24705882
FC3_c,FC1B,0.36666667
FC3_c,FC1C_a,0.71666664
FC3_c,FC1C_b,0.8666667
FC3_c,FC1D,0.29066667
FC3_c,FC1E,0.4181818
FC3_c,FC1F,0.4
FC3_c,FC2A,0.07777778
FC3_c,FC2B,0.09382716
FC3_c,FC2C,0.06382979
FC3_c,FC3_a,0.78431374
FC3_c,FC3_b,0.7133333
FC3_c,FC3_c,0.14222223
FC3_c,FR1,1.8962963
FC3_c,FR2,0.037037037
FC3_c,FS1A_a,0.041666668
FC3_c,FS1A_b,0.051282052
FC3_c,FS1A_c,0.08148148
FC3_c,FS1B_a,0.2871795
FC3_c,FS1B_b,0.36666667
FC3_c,FS2,0.56666666
FC3_c,FS3_a,0.04888889
FC3_c,FS3_b,0.052380953
FC3_c,FS3_c,0.08095238
FC3_c,FS3_d,0.045161292
FC3_c,FS4A,0.015204678
FC3_c,FS4B,0.020689655
FC3_c,FS4C,0.03809524
FC3_c,OA-VPM3,3.7333333
FC3_c,PEG,0.018518519
FC3_c,PFGs,0.85925925
FC3_c,PFL1,0.0952381
FC3_c,PFL2,0.06111111
FC3_c,PFL3,0.06388889
FC3_c,PFNa,0.033333335
FC3_c,PFNd,0.021666666
FC3_c,PFNm_b,0.0051282053
FC3_c,PFNv,0.05666667
FC3_c,PFR_a,1.6142857
FC3_c,PFR_b,0.975
FC3_c,hDeltaA,0.055555556
FC3_c,hDeltaB,0.05263158
FC3_c,hDeltaC,1.14
FC3_c,hDeltaE,0.008333334
FC3_c,hDeltaF,0.05
FC3_c,hDeltaG,3.0166667
FC3_c,hDeltaH,2.925
FC3_c,hDeltaI,0.0627451
FC3_c,hDeltaJ,1.0193548
FC3_c,hDeltaK,0.045161292
FC3_c,hDeltaL,0.38181818
FC3_c,hDeltaM,0.14166667
FC3_c,vDeltaA_b,0.0021505377
FC3_c,vDeltaB,0.0021505377
FC3_c,vDeltaC,0.15308642
FC3_c,vDeltaD,0.4952381
FC3_c,vDeltaE,1.2851852
FC3_c,vDeltaF,1.1518519
FC3_c,vDeltaG,0.82222223
FC3_c,vDeltaH,0.45925927
FC3_c,vDeltaI_a,0.11764706
FC3_c,vDeltaI_b,0.06666667
FC3_c,vDeltaJ,0.030303031
FC3_c,vDeltaK,0.008510638
FC3_c,vDeltaM,0.0024242424
FR1,EPG,0.007246377
FR1,ExR7,0.013888889
FR1,FB2D,0.037037037
FR1,FB4A_a,0.009259259
FR1,FB4B,6.111111
FR1,FB4C,17.416666
FR1,FB4D_a,0.16666667
FR1,FB4D_b,0.027777778
FR1,FB4E_b,0.013888889
FR1,FB4J,0.027777778
FR1,FB4L,0.027777778
FR1,FB4O,0.49074075
FR1,FB4P_a,0.041666668
FR1,FB4R,0.027777778
FR1,FB4Y,0.5972222
FR1,FB5A,0.013888889
FR1,FB5AA,0.11111111
FR1,FB5AB,0.055555556
FR1,FB5C,0.018518519
FR1,FB5D,0.074074075
FR1,FB5E,0.11111111
FR1,FB5H,7.1944447
FR1,FB5I,0.083333336
FR1,FB5J,0.027777778
FR1,FB5O,0.5
FR1,FB5P,0.027777778
FR1,FB5T,0.027777778
FR1,FB5V_a,0.009259259
FR1,FB5W_a,0.009259259
FR1,FB5W_b,0.16666667
FR1,FB5Z,0.013888889
FR1,FB6H,2.4444444
FR1,FB6O,0.1388889
FR1,FB6P,0.083333336
FR1,FB6R,0.013888889
FR1,FB6U,0.041666668
FR1,FB6V,0.19444445
FR1,FB6W,0.7777778
FR1,FB6X,0.1388889
FR1,FB7E,0.046296295
FR1,FB7I,0.011111111
FR1,FC1B,0.0025252525
FR1,FC1F,0.0037037036
FR1,FC2A,0.009259259
FR1,FC2B,0.024691358
FR1,FC2C,0.0070921984
FR1,FC3_b,0.0027777778
FR1,FR1,26.833334
FR1,FR2,0.3425926
FR1,FS4A,0.0029239766
FR1,OA-VPM3,0.11111111
FR1,PFGs,0.0030864198
FR1,PFL1,0.003968254
FR1,PFR_a,0.001984127
FR1,PFR_b,0.18055555
FR1,PPL102,6.7222223
FR1,PPL103,0.5
FR1,hDeltaB,0.0058479533
FR1,hDeltaH,0.020833334
FR1,hDeltaI,0.003267974
FR1,hDeltaJ,0.0035842294
FR1,hDeltaK,0.0017921147
FR1,hDeltaL,0.005050505
FR1,vDeltaF,0.0030864198
FR1,vDeltaH,0.0061728396
FR1,vDeltaK,0.0011820331
FR2,EPG,0.002415459
FR2,ER1_b,0.012820513
FR2,FB1G,0.3611111
FR2,FB1H,0.027777778
FR2,FB2B_b,0.013888889
FR2,FB2D,0.5833333
FR2,FB2G_b,0.009259259
FR2,FB2K,0.012345679
FR2,FB2M_a,0.013888889
FR2,FB3C,0.034188036
FR2,FB4A_a,0.018518519
FR2,FB4A_b,0.5
FR2,FB4B,0.027777778
FR2,FB4C,0.22222222
FR2,FB4D_a,0.083333336
FR2,FB4E_c,0.027777778
FR2,FB4Z_a,0.0069444445
FR2,FB5AA,0.083333336
FR2,FB5AB,5.4722223
FR2,FB5D,0.018518519
FR2,FB5E,1.0
FR2,FB5J,0.25
FR2,FB5N,0.20833333
FR2,FB5O,3.25
FR2,FB5Q,0.027777778
FR2,FB5S,0.0061728396
FR2,FB5W_a,1.074074
FR2,FB5W_b,1.8518518
FR2,FB5Z,0.027777778
FR2,FB6P,0.2777778
FR2,FB6U,0.8611111
FR2,FB6V,0.1388889
FR2,FB6W,3.0555556
FR2,FB6X,0.055555556
FR2,FC1A,0.006535948
FR2,FC1C_a,0.0046296297
FR2,FC1C_b,0.003267974
FR2,FC1D,0.0022222223
FR2,FC1E,0.005050505
FR2,FC2A,0.012345679
FR2,FC2B,0.004115226
FR2,FC3_b,0.0027777778
FR2,FR1,0.027777778
FR2,FR2,0.2345679
FR2,FS1B_a,0.0042735045
FR2,FS1B_b,0.0034722222
FR2,FS3_b,0.003968254
FR2,FS3_d,0.0035842294
FR2,OA-VPM3,0.083333336
FR2,PFL1,0.003968254
FR2,PFL2,0.0046296297
FR2,PFL3,0.0046296297
FR2,PFNp_b,0.00040849674
FR2,PFR_a,0.001984127
FR2,PFR_b,0.013888889
FR2,PPL103,1.5
FR2,SIP087,0.11111111
FR2,hDeltaA,0.0046296297
FR2,hDeltaB,0.0029239766
FR2,hDeltaI,0.003267974
FR2,hDeltaJ,0.0035842294
FR2,vDeltaK,0.0011820331
FR2,vDeltaL,0.0015015015
FS1A_a,EPG,0.0027173914
FS1A_a,FB1G,0.625
FS1A_a,FB2A,0.015625
FS1A_a,FB2B_a,0.015625
FS1A_a,FB2B_b,0.0625
FS1A_a,FB2C,0.0375
FS1A_a,FB2G_b,0.041666668
FS1A_a,FB2K,0.013888889
FS1A_a,FB2L,0.0625
FS1A_a,FB2M_a,0.015625
FS1A_a,FB3C,0.009615385
FS1A_a,FB4A_b,0.03125
FS1A_a,FB4E_b,0.015625
FS1A_a,FB4G,0.0625
FS1A_a,FB4H,0.125
FS1A_a,FB4N,0.0625
FS1A_a,FB4P_c,0.03125
FS1A_a,FB4Q_a,0.03125
FS1A_a,FB4Q_b,0.15625
FS1A_a,FB4Y,0.015625
FS1A_a,FB4Z_b,0.041666668
FS1A_a,FB5A,0.921875
FS1A_a,FB5AB,0.03125
FS1A_a,FB5E,0.15625
FS1A_a,FB5F,0.875
FS1A_a,FB5G_a,0.09375
FS1A_a,FB5G_c,0.84375
FS1A_a,FB5J,0.0625
FS1A_a,FB5N,0.09375
FS1A_a,FB5O,0.09375
FS1A_a,FB5P,0.140625
FS1A_a,FB5Q,2.171875
FS1A_a,FB5T,0.0625
FS1A_a,FB5V_b,0.020833334
FS1A_a,FB5V_c,0.0625
FS1A_a,FB5W_a,0.010416667
FS1A_a,FB5X,0.38541666
FS1A_a,FB5Y_a,0.03125
FS1A_a,FB5Z,0.140625
FS1A_a,FB6W,0.28125
FS1A_a,FB6X,0.0625
FS1A_a,FB7E,0.052083332
FS1A_a,FB8E,0.0125
FS1A_a,FB9B_a,0.015625
FS1A_a,FC,0.104166664
FS1A_a,FC1A,0.0036764706
FS1A_a,FC1C_a,0.015625
FS1A_a,FC1C_b,0.011029412
FS1A_a,FC2A,0.0069444445
FS1A_a,FC2B,0.053240743
FS1A_a,FC2C,0.050531916
FS1A_a,FC3_b,0.00625
FS1A_a,FC3_c,0.004166667
FS1A_a,FS1A_a,0.875
FS1A_a,FS1A_b,0.59615386
FS1A_a,FS1A_c,0.22916667
FS1A_a,FS1B_a,0.024038462
FS1A_a,FS1B_b,0.01171875
FS1A_a,FS3_d,0.004032258
FS1A_a,FS4C,0.002232143
FS1A_a,LAL200,0.0625
FS1A_a,PFGs,0.0034722222
FS1A_a,PFL1,0.004464286
FS1A_a,PFL3,0.0026041667
FS1A_a,PFR_a,0.002232143
FS1A_a,PFR_b,0.00390625
FS1A_a,PPL108,1.25
FS1A_a,SMP185,5.0625
FS1A_a,SMP471,0.6875
FS1A_a,SMP597,0.1875
FS1A_a,hDeltaA,0.036458332
FS1A_a,hDeltaB,0.0032894737
FS1A_a,hDeltaC,0.009375
FS1A_a,hDeltaJ,0.004032258
FS1A_a,hDeltaM,0.015625
FS1A_a,vDeltaG,0.0034722222
FS1A_a,vDeltaI_b,0.021875
FS1A_a,vDeltaJ,0.028409092
FS1A_a,vDeltaK,0.026595745
FS1A_b,AstA1,0.07692308
FS1A_b,FB1C,0.03846154
FS1A_b,FB1G,0.30769232
FS1A_b,FB1H,0.03846154
FS1A_b,FB2B_b,0.03846154
FS1A_b,FB2C,0.12307692
FS1A_b,FB2D,0.012820513
FS1A_b,FB2K,0.008547009
FS1A_b,FB2L,0.09615385
FS1A_b,FB2M_a,0.01923077
FS1A_b,FB3C,0.04733728
FS1A_b,FB4C,0.07692308
FS1A_b,FB4E_b,0.03846154
FS1A_b,FB4F_c,0.012820513
FS1A_b,FB4N,0.03846154
FS1A_b,FB4P_a,0.01923077
FS1A_b,FB4Q_a,0.03846154
FS1A_b,FB4Q_b,0.1923077
FS1A_b,FB4Q_c,0.025641026
FS1A_b,FB4R,0.012820513
FS1A_b,FB5A,0.30769232
FS1A_b,FB5AA,0.07692308
FS1A_b,FB5D,0.025641026
FS1A_b,FB5E,0.1923077
FS1A_b,FB5F,1.1923077
FS1A_b,FB5G_a,0.115384616
FS1A_b,FB5G_c,1.2307693
FS1A_b,FB5J,0.23076923
FS1A_b,FB5N,0.25
FS1A_b,FB5O,0.30769232
FS1A_b,FB5P,0.07692308
FS1A_b,FB5Q,2.6538463
FS1A_b,FB5T,0.115384616
FS1A_b,FB5W_a,0.051282052
FS1A_b,FB5X,0.32051283
FS1A_b,FB5Z,0.1923077
FS1A_b,FB6H,0.07692308
FS1A_b,FB6N,0.03846154
FS1A_b,FB6P,0.115384616
FS1A_b,FB6R,0.01923077
FS1A_b,FB6W,0.07692308
FS1A_b,FB6X,0.1923077
FS1A_b,FB7E,0.102564104
FS1A_b,FB8E,0.015384615
FS1A_b,FB8I,0.012820513
FS1A_b,FC,0.102564104
FS1A_b,FC1A,0.004524887
FS1A_b,FC1C_a,0.06410257
FS1A_b,FC1C_b,0.018099548
FS1A_b,FC1E,0.024475524
FS1A_b,FC2A,0.06410257
FS1A_b,FC2B,0.022792023
FS1A_b,FC2C,0.07855974
FS1A_b,FC3_a,0.004524887
FS1A_b,FR1,0.008547009
FS1A_b,FR2,0.0042735045
FS1A_b,FS1A_a,0.8317308
FS1A_b,FS1A_b,0.7278106
FS1A_b,FS1A_c,0.61538464
FS1A_b,FS1B_a,0.10650887
FS1A_b,FS1B_b,0.028846154
FS1A_b,FS2,0.016483517
FS1A_b,FS3_a,0.0051282053
FS1A_b,FS3_b,0.027472528
FS1A_b,FS3_c,0.010989011
FS1A_b,FS3_d,0.0024813896
FS1A_b,FS4A,0.0013495276
FS1A_b,FS4B,0.03448276
FS1A_b,FS4C,0.013736264
FS1A_b,LAL200,0.15384616
FS1A_b,PFL2,0.012820513
FS1A_b,PFL3,0.012820513
FS1A_b,PFR_b,0.0048076925
FS1A_b,PPL103,0.07692308
FS1A_b,PPL108,0.07692308
FS1A_b,SMP185,2.2307692
FS1A_b,SMP446,0.23076923
FS1A_b,SMP471,0.23076923
FS1A_b,VES092,0.03846154
FS1A_b,hDeltaA,0.025641026
FS1A_b,hDeltaH,0.01923077
FS1A_b,hDeltaI,0.009049774
FS1A_b,hDeltaL,0.006993007
FS1A_b,hDeltaM,0.028846154
FS1A_b,vDeltaB,0.009925558
FS1A_b,vDeltaC,0.0056980057
FS1A_b,vDeltaD,0.010989011
FS1A_b,vDeltaE,0.021367522
FS1A_b,vDeltaK,0.008183306
FS1A_c,CRE005,0.018518519
FS1A_c,CRE012,0.027777778
FS1A_c,ExR5,0.013888889
FS1A_c,FB1G,0.25
FS1A_c,FB1H,0.5555556
FS1A_c,FB2A,0.041666668
FS1A_c,FB2B_b,0.027777778
FS1A_c,FB2C,0.3
FS1A_c,FB2F_c,0.013888889
FS1A_c,FB2G_b,0.009259259
FS1A_c,FB2K,0.012345679
FS1A_c,FB2L,0.25
FS1A_c,FB3C,0.017094018
FS1A_c,FB3E,0.1388889
FS1A_c,FB4A_a,0.009259259
FS1A_c,FB4C,0.19444445
FS1A_c,FB4D_a,0.027777778
FS1A_c,FB4D_c,0.027777778
FS1A_c,FB4E_b,0.013888889
FS1A_c,FB4F_a,0.013888889
FS1A_c,FB4G,0.11111111
FS1A_c,FB4P_a,0.06944445
FS1A_c,FB4Q_b,0.083333336
FS1A_c,FB4R,0.009259259
FS1A_c,FB4Y,0.013888889
FS1A_c,FB4Z_a,0.0069444445
FS1A_c,FB5A,0.125
FS1A_c,FB5F,0.33333334
FS1A_c,FB5G_a,0.027777778
FS1A_c,FB5G_b,0.027777778
FS1A_c,FB5G_c,0.5
FS1A_c,FB5J,0.083333336
FS1A_c,FB5K,0.027777778
FS1A_c,FB5N,0.013888889
FS1A_c,FB5O,0.055555556
FS1A_c,FB5P,0.1388889
FS1A_c,FB5Q,1.2916666
FS1A_c,FB5T,0.1388889
FS1A_c,FB5V_a,0.009259259
FS1A_c,FB5V_b,0.009259259
FS1A_c,FB5X,0.12962963
FS1A_c,FB5Y_a,0.027777778
FS1A_c,FB5Y_b,0.055555556
FS1A_c,FB5Z,0.16666667
FS1A_c,FB6G,0.027777778
FS1A_c,FB6H,0.027777778
FS1A_c,FB6P,0.11111111
FS1A_c,FB6W,0.055555556
FS1A_c,FB6X,0.083333336
FS1A_c,FB7E,0.083333336
FS1A_c,FC,0.22222222
FS1A_c,FC1A,0.013071896
FS1A_c,FC1B,0.0025252525
FS1A_c,FC1C_a,0.009259259
FS1A_c,FC1C_b,0.019607844
FS1A_c,FC1D,0.008888889
FS1A_c,FC2B,0.014403292
FS1A_c,FC2C,0.023640662
FS1A_c,FR2,0.0030864198
FS1A_c,FS1A_a,0.3125
FS1A_c,FS1A_b,0.5726496
FS1A_c,FS1A_c,0.5123457
FS1A_c,FS1B_a,0.25641027
FS1A_c,FS1B_b,0.013888889
FS1A_c,FS2,0.0026455026
FS1A_c,FS3_a,0.014814815
FS1A_c,FS3_b,0.007936508
FS1A_c,FS3_c,0.007936508
FS1A_c,FS4A,0.0019493178
FS1A_c,FS4B,0.0038314175
FS1A_c,IB020,1.2777778
FS1A_c,LAL200,0.11111111
FS1A_c,PFL3,0.0023148148
FS1A_c,PFR_a,0.003968254
FS1A_c,PPL103,0.16666667
FS1A_c,SIP087,1.0
FS1A_c,SMP185,1.2777778
FS1A_c,SMP471,1.0555556
FS1A_c,hDeltaA,0.09259259
FS1A_c,hDeltaI,0.006535948
FS1A_c,hDeltaJ,0.0035842294
FS1A_c,hDeltaK,0.0017921147
FS1A_c,vDeltaJ,0.01010101
FS1A_c,vDeltaK,0.0011820331
FS1A_c,vDeltaM,0.002020202
FS1B_a,CL007,0.46153846
FS1B_a,CRE005,0.025641026
FS1B_a,EPG,0.0016722408
FS1B_a,ExR3,0.23076923
FS1B_a,FB1A,0.25
FS1B_a,FB1B,0.01923077
FS1B_a,FB1G,0.5769231
FS1B_a,FB1H,0.9230769
FS1B_a,FB2A,0.01923077
FS1B_a,FB2B_b,0.01923077
FS1B_a,FB2C,0.50769234
FS1B_a,FB2D,0.06410257
FS1B_a,FB2F_b,0.25641027
FS1B_a,FB2F_c,0.01923077
FS1B_a,FB2G_a,0.03846154
FS1B_a,FB2G_b,0.14102565
FS1B_a,FB2H_a,0.07692308
FS1B_a,FB2H_b,0.03846154
FS1B_a,FB2I_a,0.0076923077
FS1B_a,FB2J_a,0.07692308
FS1B_a,FB2K,0.025641026
FS1B_a,FB2L,1.5576923
FS1B_a,FB2M_a,0.09615385
FS1B_a,FB2M_b,0.15384616
FS1B_a,FB3C,0.07692308
FS1B_a,FB3E,0.6923077
FS1B_a,FB4A_a,0.07692308
FS1B_a,FB4A_b,0.115384616
FS1B_a,FB4C,0.115384616
FS1B_a,FB4F_a,0.115384616
FS1B_a,FB4F_c,0.102564104
FS1B_a,FB4M,0.03846154
FS1B_a,FB4N,0.03846154
FS1B_a,FB4O,0.025641026
FS1B_a,FB4Q_a,0.03846154
FS1B_a,FB4Q_b,0.03846154
FS1B_a,FB4X,0.15384616
FS1B_a,FB4Y,0.03846154
FS1B_a,FB5AA,0.03846154
FS1B_a,FB5AB,0.03846154
FS1B_a,FB5C,0.025641026
FS1B_a,FB5F,0.07692308
FS1B_a,FB5G_c,0.23076923
FS1B_a,FB5K,0.03846154
FS1B_a,FB5O,0.07692308
FS1B_a,FB5P,0.057692308
FS1B_a,FB5Q,0.28846154
FS1B_a,FB5T,0.115384616
FS1B_a,FB5X,0.025641026
FS1B_a,FB6M,0.01923077
FS1B_a,FB6O,0.03846154
FS1B_a,FB6P,0.03846154
FS1B_a,FB6V,0.03846154
FS1B_a,FB6Y,0.115384616
FS1B_a,FB7C,0.10769231
FS1B_a,FB7E,0.03846154
FS1B_a,FB7L,0.012820513
FS1B_a,FC,0.051282052
FS1B_a,FC1B,0.0034965035
FS1B_a,FC1C_b,0.004524887
FS1B_a,FC1D,0.009230769
FS1B_a,FC1E,0.013986014
FS1B_a,FC2A,0.11111111
FS1B_a,FC2B,0.05698006
FS1B_a,FC2C,0.011456628
FS1B_a,FC3_a,0.018099548
FS1B_a,FC3_b,0.0076923077
FS1B_a,FC3_c,0.0051282053
FS1B_a,FR1,0.0042735045
FS1B_a,FS1A_a,0.072115384
FS1B_a,FS1A_b,0.088757396
FS1B_a,FS1A_c,0.30341882
FS1B_a,FS1B_a,0.32544377
FS1B_a,FS1B_b,0.043269232
FS1B_a,FS2,0.056776557
FS1B_a,FS3_a,0.0051282053
FS1B_a,FS3_b,0.010989011
FS1B_a,FS3_c,0.0054945056
FS1B_a,FS3_d,0.017369727
FS1B_a,FS4B,0.0053050397
FS1B_a,FS4C,0.010989011
FS1B_a,IB020,4.4615383
FS1B_a,OA-VPM3,0.03846154
FS1B_a,PFL1,0.0054945056
FS1B_a,PFL2,0.032051284
FS1B_a,PFL3,0.025641026
FS1B_a,PFR_b,0.009615385
FS1B_a,PPL103,0.07692308
FS1B_a,SIP064,0.07692308
FS1B_a,SIP087,6.230769
FS1B_a,SMP185,1.3076923
FS1B_a,hDeltaB,0.004048583
FS1B_a,hDeltaC,0.011538462
FS1B_a,hDeltaG,0.07692308
FS1B_a,hDeltaH,0.07692308
FS1B_a,hDeltaJ,0.007444169
FS1B_a,hDeltaK,0.0024813896
FS1B_a,hDeltaM,0.009615385
FS1B_a,vDeltaE,0.047008548
FS1B_a,vDeltaF,0.051282052
FS1B_a,vDeltaG,0.02991453
FS1B_a,vDeltaH,0.008547009
FS1B_a,vDeltaI_b,0.0038461538
FS1B_b,CB1541,0.9375
FS1B_b,CL007,8.9375
FS1B_b,ExR3,0.1875
FS1B_b,FB1A,0.859375
FS1B_b,FB1B,0.34375
FS1B_b,FB1F,1.125
FS1B_b,FB1G,1.75
FS1B_b,FB2C,0.025
FS1B_b,FB2F_d,0.015625
FS1B_b,FB2G_b,0.010416667
FS1B_b,FB2I_a,0.03125
FS1B_b,FB2K,0.013888889
FS1B_b,FB2L,0.265625
FS1B_b,FB3C,0.01923077
FS1B_b,FB3E,1.375
FS1B_b,FB4D_b,0.03125
FS1B_b,FB4X,0.03125
FS1B_b,FB5AB,0.03125
FS1B_b,FB5B,0.010416667
FS1B_b,FB5I,0.03125
FS1B_b,FB6K,0.03125
FS1B_b,FB6M,0.03125
FS1B_b,FB6O,0.03125
FS1B_b,FB7C,0.6625
FS1B_b,FB7H,0.03125
FS1B_b,FB7M,0.6875
FS1B_b,FB8I,0.010416667
FS1B_b,FB9C,0.0078125
FS1B_b,FC,0.020833334
FS1B_b,FC1F,0.008333334
FS1B_b,FC2A,0.0034722222
FS1B_b,FC2C,0.0026595744
FS1B_b,FC3_a,0.0036764706
FS1B_b,FR2,0.0034722222
FS1B_b,FS1A_a,0.00390625
FS1B_b,FS1A_b,0.009615385
FS1B_b,FS1A_c,0.041666668
FS1B_b,FS1B_a,0.17788461
FS1B_b,FS1B_b,0.5390625
FS1B_b,FS2,0.07440476
FS1B_b,FS3_a,0.008333334
FS1B_b,FS3_b,0.026785715
FS1B_b,FS3_c,0.013392857
FS1B_b,FS3_d,0.01814516
FS1B_b,FS4A,0.005482456
FS1B_b,FS4B,0.010775862
FS1B_b,FS4C,0.12053572
FS1B_b,IB020,2.0
FS1B_b,PLP124,0.0625
FS1B_b,SIP087,0.3125
FS1B_b,SMP185,0.0625
FS1B_b,hDeltaH,0.0078125
FS1B_b,hDeltaL,0.0056818184
FS1B_b,vDeltaF,0.0034722222
FS2,DNc02,0.035714287
FS2,EPG,0.00051759835
FS2,EPGt,0.005952381
FS2,ER1_b,0.0036630037
FS2,ExR1,0.017857144
FS2,ExR3,0.20238096
FS2,FB1A,0.10714286
FS2,FB1B,0.005952381
FS2,FB1C,0.029761905
FS2,FB1E_a,0.028571429
FS2,FB1G,0.071428575
FS2,FB1H,0.20238096
FS2,FB1I,0.023809524
FS2,FB1J,0.011904762
FS2,FB2A,0.05952381
FS2,FB2C,0.004761905
FS2,FB2D,0.003968254
FS2,FB2F_b,0.031746034
FS2,FB2F_d,0.10714286
FS2,FB2G_b,0.011904762
FS2,FB2L,0.041666668
FS2,FB3A,0.5535714
FS2,FB3C,0.08058608
FS2,FB3E,0.21428572
FS2,FB4A_a,0.007936508
FS2,FB4B,0.7619048
FS2,FB4C,0.53571427
FS2,FB4D_a,0.4047619
FS2,FB4D_b,0.61904764
FS2,FB4D_c,0.011904762
FS2,FB4J,0.011904762
FS2,FB4L,0.029761905
FS2,FB4M,0.029761905
FS2,FB4N,0.05952381
FS2,FB4Q_a,0.011904762
FS2,FB4Q_c,0.007936508
FS2,FB4X,0.011904762
FS2,FB4Y,0.023809524
FS2,FB4Z_b,0.015873017
FS2,FB5A,0.27380952
FS2,FB5AA,0.13095239
FS2,FB5AB,0.45238096
FS2,FB5B,0.04761905
FS2,FB5C,0.07936508
FS2,FB5D,0.015873017
FS2,FB5E,0.035714287
FS2,FB5G_a,0.041666668
FS2,FB5G_c,0.011904762
FS2,FB5H,0.05952381
FS2,FB5I,0.035714287
FS2,FB5J,0.023809524
FS2,FB5K,0.023809524
FS2,FB5L,0.011904762
FS2,FB5N,0.005952381
FS2,FB5P,0.005952381
FS2,FB5R,0.011904762
FS2,FB5S,0.6137566
FS2,FB5U,0.035714287
FS2,FB5X,0.003968254
FS2,FB5Y_a,0.0952381
FS2,FB5Y_b,0.15476191
FS2,FB5Z,0.071428575
FS2,FB6A_a,0.05952381
FS2,FB6A_b,0.17857143
FS2,FB6A_c,0.083333336
FS2,FB6B,0.13095239
FS2,FB6C_a,0.11904762
FS2,FB6C_b,0.06349207
FS2,FB6D,0.083333336
FS2,FB6E,0.071428575
FS2,FB6F,0.17857143
FS2,FB6G,0.11904762
FS2,FB6H,0.11904762
FS2,FB6I,0.04761905
FS2,FB6J,1.5476191
FS2,FB6K,0.125
FS2,FB6L,0.11904762
FS2,FB6M,0.005952381
FS2,FB6N,0.0952381
FS2,FB6O,0.04761905
FS2,FB6P,0.23809524
FS2,FB6Q,0.04761905
FS2,FB6R,0.04761905
FS2,FB6S,0.07440476
FS2,FB6T,0.005952381
FS2,FB6U,0.19642857
FS2,FB6V,0.23809524
FS2,FB6W,0.14285715
FS2,FB6X,0.20238096
FS2,FB6Y,0.17857143
FS2,FB6Z,0.083333336
FS2,FB7A,0.043650795
FS2,FB7C,0.052380953
FS2,FB7D_a,1.9226191
FS2,FB7D_b,1.5833334
FS2,FB7E,0.12698413
FS2,FB7F,0.005952381
FS2,FB7G,0.11904762
FS2,FB7H,0.071428575
FS2,FB7I,0.17619048
FS2,FB7J,1.6904762
FS2,FB7K,0.005952381
FS2,FB7L,0.055555556
FS2,FB8B,0.05952381
FS2,FB8E,0.004761905
FS2,FB8F_a,0.006802721
FS2,FB8G,0.01984127
FS2,FB8H,0.015873017
FS2,FB8I,0.04761905
FS2,FC,0.007936508
FS2,FC1B,0.008658009
FS2,FC1C_a,0.003968254
FS2,FC1C_b,0.0014005603
FS2,FC1D,0.0028571428
FS2,FC1E,0.0043290043
FS2,FC1F,0.0063492064
FS2,FC2A,0.0026455026
FS2,FC2B,0.019400353
FS2,FC2C,0.022289768
FS2,FC3_a,0.037815128
FS2,FC3_b,0.028571429
FS2,FC3_c,0.028571429
FS2,FR1,0.013227513
FS2,FR2,0.003968254
FS2,FS1A_a,0.020833334
FS2,FS1A_b,0.04029304
FS2,FS1A_c,0.01058201
FS2,FS1B_a,0.031135531
FS2,FS1B_b,0.020833334
FS2,FS2,0.42687073
FS2,FS3,0.011904762
FS2,FS3_a,0.22380953
FS2,FS3_b,0.0952381
FS2,FS3_c,0.16496599
FS2,FS3_d,0.048387095
FS2,FS4A,0.0116959065
FS2,FS4B,0.009852217
FS2,FS4C,0.011904762
FS2,OA-VPM3,0.1904762
FS2,PAM09,0.011904762
FS2,PFGs,0.034391534
FS2,PFL2,0.01984127
FS2,PFL3,0.007936508
FS2,PFNd,0.004166667
FS2,PFNm_b,0.0009157509
FS2,PFNv,0.0023809525
FS2,PFR_a,0.028911564
FS2,PFR_b,0.017857144
FS2,SIP064,0.04761905
FS2,VES092,0.011904762
FS2,hDeltaA,0.003968254
FS2,hDeltaB,0.09398496
FS2,hDeltaC,0.016666668
FS2,hDeltaD,0.008928572
FS2,hDeltaE,0.21130952
FS2,hDeltaF,0.17559524
FS2,hDeltaG,0.95535713
FS2,hDeltaH,0.071428575
FS2,hDeltaI,0.004201681
FS2,hDeltaJ,0.024577573
FS2,hDeltaK,0.0061443932
FS2,hDeltaL,0.54545456
FS2,hDeltaM,0.020833334
FS2,vDeltaB,0.004608295
FS2,vDeltaC,0.037037037
FS2,vDeltaD,0.044217687
FS2,vDeltaE,0.052910052
FS2,vDeltaF,0.026455026
FS2,vDeltaG,0.005291005
FS2,vDeltaI_b,0.0023809525
FS2,vDeltaJ,0.0021645022
FS2,vDeltaL,0.00064350065
FS2,vDeltaM,0.00043290044
FS3,EPG,0.02173913
FS3,FB1A,0.125
FS3,FB1B,0.5
FS3,FB1F,0.75
FS3,FB1I,0.25
FS3,FB1J,0.5
FS3,FB2C,0.1
FS3,FB2D,0.33333334
FS3,FB3C,0.03846154
FS3,FB3E,0.5
FS3,FB4C,0.25
FS3,FB4F_c,0.083333336
FS3,FB5AA,0.5
FS3,FB5C,0.5
FS3,FB5G_a,2.375
FS3,FB5G_b,1.75
FS3,FB5G_c,2.0
FS3,FB5H,0.75
FS3,FB5Q,0.375
FS3,FB6F,0.25
FS3,FB6H,0.25
FS3,FB6K,0.125
FS3,FB6T,0.75
FS3,FB6U,0.375
FS3,FB6Y,0.25
FS3,FB6Z,0.25
FS3,FB7B,0.25
FS3,FB7C,0.7
FS3,FB7D_a,0.25
FS3,FB7D_b,0.125
FS3,FB7E,0.083333336
FS3,FB7G,0.125
FS3,FB7I,0.1
FS3,FB7J,0.375
FS3,FB7K,0.125
FS3,FB7L,0.083333336
FS3,FB7M,0.25
FS3,FB8F_a,0.071428575
FS3,FB8F_b,0.22222222
FS3,FB8G,0.083333336
FS3,FB8H,0.083333336
FS3,FB8I,0.083333336
FS3,FC2B,0.037037037
FS3,FC2C,0.07446808
FS3,FR2,0.027777778
FS3,FS1A_a,0.03125
FS3,FS1A_b,0.07692308
FS3,FS1A_c,0.055555556
FS3,FS1B_a,0.03846154
FS3,FS2,0.071428575
FS3,FS3_a,0.13333334
FS3,FS3_b,0.035714287
FS3,FS3_c,0.14285715
FS3,FS3_d,0.11290322
FS3,FS4A,0.04385965
FS3,FS4C,0.035714287
FS3,OA-VPM3,0.25
FS3,PFL1,0.035714287
FS3,PFL2,0.7916667
FS3,PFL3,0.20833333
FS3,PFNa,0.00862069
FS3,PFNm_a,0.023809524
FS3,PFNp_b,0.0036764706
FS3,PFR_b,0.03125
FS3,SA2_b,0.125
FS3,SA3,0.125
FS3,SAF,0.0625
FS3,hDeltaD,0.125
FS3,hDeltaE,0.4375
FS3,hDeltaF,0.0625
FS3,hDeltaI,0.029411765
FS3,hDeltaL,0.09090909
FS3,hDeltaM,0.125
FS3,vDeltaC,0.018518519
FS3,vDeltaG,0.055555556
FS3,vDeltaL,0.013513514
FS3_a,AstA1,0.13333334
FS3_a,EL,0.0037037036
FS3_a,ExR1,0.016666668
FS3_a,ExR3,0.06666667
FS3_a,FB1A,0.11666667
FS3_a,FB1C,0.31666666
FS3_a,FB1E_a,0.013333334
FS3_a,FB1G,0.36666667
FS3_a,FB1J,0.033333335
FS3_a,FB2D,0.011111111
FS3_a,FB2E,0.016666668
FS3_a,FB2G_b,0.011111111
FS3_a,FB2L,0.016666668
FS3_a,FB3C,0.10769231
FS3_a,FB3E,0.2
FS3_a,FB4C,0.46666667
FS3_a,FB4D_b,0.06666667
FS3_a,FB5AA,0.033333335
FS3_a,FB5B,0.011111111
FS3_a,FB5G_a,0.96666664
FS3_a,FB5G_b,0.16666667
FS3_a,FB5G_c,0.6333333
FS3_a,FB5Q,0.13333334
FS3_a,FB5Y_b,0.033333335
FS3_a,FB6A_b,0.033333335
FS3_a,FB6B,0.06666667
FS3_a,FB6C_a,0.06666667
FS3_a,FB6C_b,0.033333335
FS3_a,FB6D,0.033333335
FS3_a,FB6E,0.033333335
FS3_a,FB6F,0.13333334
FS3_a,FB6G,0.1
FS3_a,FB6H,0.26666668
FS3_a,FB6I,0.1
FS3_a,FB6J,0.24
FS3_a,FB6K,0.75
FS3_a,FB6O,0.06666667
FS3_a,FB6T,0.033333335
FS3_a,FB6U,0.16666667
FS3_a,FB6V,0.033333335
FS3_a,FB6Y,0.23333333
FS3_a,FB7A,0.011111111
FS3_a,FB7B,0.033333335
FS3_a,FB7C,0.18666667
FS3_a,FB7D_a,0.9166667
FS3_a,FB7D_b,0.56666666
FS3_a,FB7E,0.11111111
FS3_a,FB7F,0.05
FS3_a,FB7G,0.26666668
FS3_a,FB7H,0.033333335
FS3_a,FB7I,0.42666668
FS3_a,FB7J,1.9
FS3_a,FB7L,0.13333334
FS3_a,FB7M,0.1
FS3_a,FB8B,0.05
FS3_a,FB8C,0.033333335
FS3_a,FB8F_a,0.01904762
FS3_a,FB8I,0.033333335
FS3_a,FC,0.022222223
FS3_a,FC1A,0.003921569
FS3_a,FC1B,0.012121212
FS3_a,FC1C_a,0.0055555557
FS3_a,FC1C_b,0.003921569
FS3_a,FC1D,0.0053333333
FS3_a,FC2B,0.0074074073
FS3_a,FC2C,0.018439716
FS3_a,FC3_a,0.011764706
FS3_a,FR2,0.0037037036
FS3_a,FS1A_a,0.004166667
FS3_a,FS1A_b,0.06153846
FS3_a,FS1A_c,0.018518519
FS3_a,FS1B_a,0.0051282053
FS3_a,FS1B_b,0.004166667
FS3_a,FS2,0.12698413
FS3_a,FS3_a,0.29777777
FS3_a,FS3_b,0.15238096
FS3_a,FS3_c,0.3
FS3_a,FS3_d,0.021505376
FS3_a,FS4A,0.003508772
FS3_a,FS4B,0.0068965517
FS3_a,FS4C,0.014285714
FS3_a,PAM09,0.033333335
FS3_a,PFGs,0.02962963
FS3_a,PFL2,0.0055555557
FS3_a,PFL3,0.0055555557
FS3_a,PFNa,0.0022988506
FS3_a,PFNm_a,0.0031746032
FS3_a,PFNm_b,0.0076923077
FS3_a,PFNp_b,0.0004901961
FS3_a,PFNv,0.006666667
FS3_a,hDeltaB,0.003508772
FS3_a,hDeltaC,0.0033333334
FS3_a,hDeltaD,0.025
FS3_a,hDeltaE,0.9916667
FS3_a,hDeltaF,0.575
FS3_a,hDeltaG,0.008333334
FS3_a,hDeltaJ,0.0021505377
FS3_a,hDeltaK,0.0021505377
FS3_a,hDeltaL,0.630303
FS3_a,vDeltaA_b,0.0043010754
FS3_a,vDeltaB,0.0043010754
FS3_a,vDeltaC,0.04691358
FS3_a,vDeltaD,0.034920637
FS3_b,AstA1,0.21428572
FS3_b,DNpe053,0.14285715
FS3_b,FB1A,0.10714286
FS3_b,FB1C,0.14285715
FS3_b,FB1G,0.035714287
FS3_b,FB1H,0.035714287
FS3_b,FB1I,0.035714287
FS3_b,FB2C,0.014285714
FS3_b,FB2G_b,0.023809524
FS3_b,FB2L,0.071428575
FS3_b,FB3C,0.03846154
FS3_b,FB3E,0.53571427
FS3_b,FB4C,0.21428572
FS3_b,FB4J,0.035714287
FS3_b,FB5A,0.08928572
FS3_b,FB5AA,0.14285715
FS3_b,FB5B,0.023809524
FS3_b,FB5C,0.071428575
FS3_b,FB5G_a,1.625
FS3_b,FB5G_b,0.89285713
FS3_b,FB5G_c,0.71428573
FS3_b,FB5J,0.035714287
FS3_b,FB5N,0.017857144
FS3_b,FB5Q,0.035714287
FS3_b,FB5R,0.017857144
FS3_b,FB5S,0.007936508
FS3_b,FB5W_a,0.023809524
FS3_b,FB5Y_a,0.035714287
FS3_b,FB5Y_b,0.035714287
FS3_b,FB6A_b,0.035714287
FS3_b,FB6B,0.10714286
FS3_b,FB6H,0.17857143
FS3_b,FB6J,0.014285714
FS3_b,FB6K,0.21428572
FS3_b,FB6M,0.017857144
FS3_b,FB6O,0.035714287
FS3_b,FB6Q,0.071428575
FS3_b,FB6R,0.017857144
FS3_b,FB6S,0.017857144
FS3_b,FB6U,0.39285713
FS3_b,FB6V,0.42857143
FS3_b,FB6Y,0.035714287
FS3_b,FB7C,0.18571429
FS3_b,FB7D_a,0.08928572
FS3_b,FB7D_b,0.017857144
FS3_b,FB7E,0.071428575
FS3_b,FB7G,0.42857143
FS3_b,FB7H,0.035714287
FS3_b,FB7I,0.62857145
FS3_b,FB7J,0.21428572
FS3_b,FB7L,0.011904762
FS3_b,FB8C,0.017857144
FS3_b,FB8F_b,0.055555556
FS3_b,FB8I,0.083333336
FS3_b,FC1D,0.0028571428
FS3_b,FC2A,0.003968254
FS3_b,FC2B,0.005291005
FS3_b,FC2C,0.0075987843
FS3_b,FC3_a,0.004201681
FS3_b,FC3_b,0.0035714286
FS3_b,FS1A_a,0.004464286
FS3_b,FS1A_b,0.043956045
FS3_b,FS1A_c,0.031746034
FS3_b,FS1B_a,0.021978023
FS3_b,FS1B_b,0.008928572
FS3_b,FS2,0.04761905
FS3_b,FS3_a,0.15714286
FS3_b,FS3_b,0.37244898
FS3_b,FS3_c,0.10714286
FS3_b,FS3_d,0.06451613
FS3_b,FS4A,0.0037593986
FS3_b,OA-VPM3,0.25
FS3_b,PAM09,0.035714287
FS3_b,PFGs,0.015873017
FS3_b,PFL2,0.035714287
FS3_b,PFL3,0.014880952
FS3_b,hDeltaC,0.014285714
FS3_b,hDeltaD,0.008928572
FS3_b,hDeltaE,0.09821428
FS3_b,hDeltaF,0.035714287
FS3_b,hDeltaG,0.0625
FS3_b,hDeltaJ,0.004608295
FS3_b,hDeltaK,0.0023041475
FS3_b,hDeltaL,0.064935066
FS3_b,hDeltaM,0.008928572
FS3_b,vDeltaC,0.005291005
FS3_b,vDeltaE,0.003968254
FS3_b,vDeltaG,0.003968254
FS3_b,vDeltaI_b,0.0035714286
FS3_b,vDeltaL,0.0019305019
FS3_c,DNc02,0.035714287
FS3_c,FB1A,0.035714287
FS3_c,FB1C,0.19642857
FS3_c,FB1F,0.035714287
FS3_c,FB1G,0.17857143
FS3_c,FB1H,0.10714286
FS3_c,FB2C,0.014285714
FS3_c,FB2D,0.011904762
FS3_c,FB2G_b,0.011904762
FS3_c,FB3C,0.0989011
FS3_c,FB3E,0.32142857
FS3_c,FB4C,0.071428575
FS3_c,FB4L,0.017857144
FS3_c,FB4Y,0.017857144
FS3_c,FB5AA,0.035714287
FS3_c,FB5G_a,0.66071427
FS3_c,FB5G_b,0.10714286
FS3_c,FB5G_c,0.14285715
FS3_c,FB5N,0.017857144
FS3_c,FB5Q,0.017857144
FS3_c,FB5S,0.007936508
FS3_c,FB5Y_b,0.071428575
FS3_c,FB5Z,0.017857144
FS3_c,FB6A_a,0.035714287
FS3_c,FB6A_c,0.035714287
FS3_c,FB6B,0.035714287
FS3_c,FB6C_a,0.071428575
FS3_c,FB6C_b,0.035714287
FS3_c,FB6E,0.071428575
FS3_c,FB6F,0.071428575
FS3_c,FB6H,0.2857143
FS3_c,FB6I,0.17857143
FS3_c,FB6J,0.24285714
FS3_c,FB6K,0.5
FS3_c,FB6L,0.0952381
FS3_c,FB6O,0.10714286
FS3_c,FB6Q,0.035714287
FS3_c,FB6T,0.017857144
FS3_c,FB6U,0.125
FS3_c,FB6V,0.17857143
FS3_c,FB6X,0.035714287
FS3_c,FB6Y,0.10714286
FS3_c,FB7A,0.035714287
FS3_c,FB7B,0.071428575
FS3_c,FB7C,0.17142858
FS3_c,FB7D_a,0.5714286
FS3_c,FB7D_b,0.4642857
FS3_c,FB7E,0.10714286
FS3_c,FB7G,0.19642857
FS3_c,FB7H,0.25
FS3_c,FB7I,0.3857143
FS3_c,FB7J,1.625
FS3_c,FB7L,0.083333336
FS3_c,FB8B,0.035714287
FS3_c,FB8C,0.035714287
FS3_c,FB8F_a,0.010204081
FS3_c,FB8F_b,0.007936508
FS3_c,FB8G,0.035714287
FS3_c,FB8I,0.023809524
FS3_c,FC,0.023809524
FS3_c,FC1C_b,0.004201681
FS3_c,FC1E,0.0032467532
FS3_c,FC2B,0.005291005
FS3_c,FC2C,0.016717326
FS3_c,FS1A_a,0.004464286
FS3_c,FS1A_b,0.03846154
FS3_c,FS1A_c,0.003968254
FS3_c,FS1B_a,0.032967035
FS3_c,FS1B_b,0.004464286
FS3_c,FS2,0.0952381
FS3_c,FS3_a,0.20952381
FS3_c,FS3_b,0.11734694
FS3_c,FS3_c,0.20918368
FS3_c,FS3_d,0.020737328
FS3_c,FS4A,0.00877193
FS3_c,FS4B,0.0049261083
FS3_c,FS4C,0.015306123
FS3_c,PFGs,0.027777778
FS3_c,PFL2,0.023809524
FS3_c,PFL3,0.0029761905
FS3_c,PFNm_b,0.0027472528
FS3_c,PFNp_b,0.0005252101
FS3_c,SIP064,0.071428575
FS3_c,hDeltaB,0.0037593986
FS3_c,hDeltaC,0.014285714
FS3_c,hDeltaD,0.008928572
FS3_c,hDeltaE,0.73214287
FS3_c,hDeltaF,0.42857143
FS3_c,hDeltaG,0.0625
FS3_c,hDeltaJ,0.004608295
FS3_c,hDeltaK,0.0023041475
FS3_c,hDeltaL,0.3961039
FS3_c,vDeltaB,0.004608295
FS3_c,vDeltaC,0.034391534
FS3_c,vDeltaD,0.017006803
FS3_c,vDeltaF,0.007936508
FS3_c,vDeltaI_b,0.0035714286
FS3_d,DNc02,0.016129032
FS3_d,DNpe053,0.032258064
FS3_d,ExR3,0.016129032
FS3_d,ExR5,0.008064516
FS3_d,FB1A,0.024193548
FS3_d,FB1B,0.05645161
FS3_d,FB1F,0.24193548
FS3_d,FB1G,0.016129032
FS3_d,FB1I,0.032258064
FS3_d,FB1J,0.06451613
FS3_d,FB2F_c,0.008064516
FS3_d,FB2G_b,0.005376344
FS3_d,FB2L,0.016129032
FS3_d,FB3C,0.05459057
FS3_d,FB3E,0.37096775
FS3_d,FB4C,0.06451613
FS3_d,FB5A,0.008064516
FS3_d,FB5AA,0.032258064
FS3_d,FB5B,0.005376344
FS3_d,FB5C,0.010752688
FS3_d,FB5G_a,0.3467742
FS3_d,FB5G_b,0.08064516
FS3_d,FB5G_c,0.048387095
FS3_d,FB5Q,0.008064516
FS3_d,FB5Y_a,0.016129032
FS3_d,FB5Y_b,0.06451613
FS3_d,FB6B,0.016129032
FS3_d,FB6F,0.06451613
FS3_d,FB6H,0.11290322
FS3_d,FB6K,0.008064516
FS3_d,FB6M,0.008064516
FS3_d,FB6O,0.048387095
FS3_d,FB6Q,0.016129032
FS3_d,FB6R,0.008064516
FS3_d,FB6T,0.008064516
FS3_d,FB6U,0.19354838
FS3_d,FB6Y,0.016129032
FS3_d,FB7B,0.016129032
FS3_d,FB7C,0.2
FS3_d,FB7D_a,0.008064516
FS3_d,FB7D_b,0.008064516
FS3_d,FB7E,0.048387095
FS3_d,FB7F,0.008064516
FS3_d,FB7G,0.2983871
FS3_d,FB7I,0.16774194
FS3_d,FB7J,0.032258064
FS3_d,FB7K,0.008064516
FS3_d,FB7L,0.032258064
FS3_d,FB7M,0.22580644
FS3_d,FB8C,0.008064516
FS3_d,FB8F_a,0.00921659
FS3_d,FB8F_b,0.068100356
FS3_d,FB8G,0.10215054
FS3_d,FB8H,0.010752688
FS3_d,FB8I,0.032258064
FS3_d,FB9C,0.004032258
FS3_d,FC1B,0.0014662757
FS3_d,FC1C_b,0.0018975332
FS3_d,FC2A,0.0017921147
FS3_d,FC2B,0.0011947431
FS3_d,FC2C,0.003431709
FS3_d,FC3_a,0.0018975332
FS3_d,FC3_b,0.0016129032
FS3_d,FS1A_b,0.009925558
FS3_d,FS1A_c,0.010752688
FS3_d,FS1B_a,0.009925558
FS3_d,FS1B_b,0.02016129
FS3_d,FS2,0.026113672
FS3_d,FS3_a,0.012903226
FS3_d,FS3_b,0.11751152
FS3_d,FS3_c,0.013824885
FS3_d,FS3_d,0.13735692
FS3_d,FS4A,0.009620827
FS3_d,FS4B,0.002224694
FS3_d,FS4C,0.005760369
FS3_d,OA-VPM3,0.048387095
FS3_d,PAM09,0.048387095
FS3_d,PFGs,0.005376344
FS3_d,PFL2,0.002688172
FS3_d,PFL3,0.002688172
FS3_d,PFR_a,0.0011520737
FS3_d,SAF,0.004032258
FS3_d,SMP018,0.032258064
FS3_d,hDeltaD,0.048387095
FS3_d,hDeltaE,0.05645161
FS3_d,hDeltaF,0.008064516
FS3_d,hDeltaG,0.008064516
FS3_d,hDeltaL,0.0058651026
FS3_d,vDeltaA_b,0.0010405828
FS3_d,vDeltaB,0.003121748
FS3_d,vDeltaD,0.0030721966
FS3_d,vDeltaE,0.0017921147
FS4A,AVLP314,0.01754386
FS4A,EPG,0.00076277653
FS4A,ExR1,0.81578946
FS4A,ExR3,0.00877193
FS4A,ExR6,0.00877193
FS4A,FB1A,0.03508772
FS4A,FB1B,0.9736842
FS4A,FB1D,0.014035088
FS4A,FB1F,0.4122807
FS4A,FB1G,0.114035085
FS4A,FB1I,0.00877193
FS4A,FB1J,0.04385965
FS4A,FB2B_b,0.013157895
FS4A,FB2D,0.0029239766
FS4A,FB2I_a,0.003508772
FS4A,FB3C,0.008097166
FS4A,FB3E,0.05263158
FS4A,FB4L,0.00877193
FS4A,FB5G_a,0.00877193
FS4A,FB5G_b,0.00877193
FS4A,FB5N,0.004385965
FS4A,FB5Q,0.013157895
FS4A,FB5R,0.004385965
FS4A,FB5S,0.0019493178
FS4A,FB6H,0.01754386
FS4A,FB6S,0.004385965
FS4A,FB6T,0.00877193
FS4A,FB7A,0.00877193
FS4A,FB7B,0.4649123
FS4A,FB7C,0.10526316
FS4A,FB7E,0.0058479533
FS4A,FB7I,0.003508772
FS4A,FB7J,0.07017544
FS4A,FB7L,0.032163743
FS4A,FB7M,0.1491228
FS4A,FB8A,0.14035088
FS4A,FB8B,0.13157895
FS4A,FB8C,0.01754386
FS4A,FB8D,0.24561404
FS4A,FB8E,0.094736844
FS4A,FB8F_a,0.010025063
FS4A,FB8F_b,0.18128654
FS4A,FB8G,0.25146198
FS4A,FB8H,0.28362572
FS4A,FB8I,0.049707603
FS4A,FB9A,0.040935673
FS4A,FB9B_d,0.021929825
FS4A,FB9C,0.14692983
FS4A,FC1A,0.0010319918
FS4A,FC1B,0.0015948963
FS4A,FC2B,0.0019493178
FS4A,FC2C,0.002986189
FS4A,FC3_b,0.000877193
FS4A,FS1A_b,0.0013495276
FS4A,FS1B_b,0.0010964912
FS4A,FS2,0.007518797
FS4A,FS3,0.00877193
FS4A,FS3_a,0.009356725
FS4A,FS3_b,0.0037593986
FS4A,FS3_c,0.0012531328
FS4A,FS3_d,0.012450481
FS4A,FS4A,0.21729763
FS4A,FS4B,0.1306715
FS4A,FS4C,0.025689224
FS4A,PEN_b(PEN2),0.00079744816
FS4A,PFGs,0.0009746589
FS4A,PFL1,0.0012531328
FS4A,PFL2,0.004385965
FS4A,PFL3,0.0029239766
FS4A,PFNa,0.00030248033
FS4A,PFNd,0.0004385965
FS4A,PFNp_b,0.00012899897
FS4A,PFNp_d,0.014411028
FS4A,SA1_a,0.64327484
FS4A,SA1_b,0.34035087
FS4A,SA1_c,0.4385965
FS4A,SA2_a,0.57309943
FS4A,SA2_b,0.4649123
FS4A,SA2_c,0.39473686
FS4A,SA3,0.14254385
FS4A,SAF,0.013157895
FS4A,hDeltaB,0.00092336105
FS4A,hDeltaC,0.000877193
FS4A,hDeltaD,0.12280702
FS4A,hDeltaE,0.114035085
FS4A,hDeltaF,0.0065789474
FS4A,hDeltaG,0.004385965
FS4A,hDeltaH,0.0021929825
FS4A,hDeltaI,0.0010319918
FS4A,hDeltaL,0.01754386
FS4A,hDeltaM,0.0021929825
FS4A,vDeltaA_a,0.021804512
FS4A,vDeltaA_b,0.015280136
FS4A,vDeltaB,0.0016977929
FS4A,vDeltaJ,0.0015948963
FS4A,vDeltaM,0.00031897926
FS4B,EPG,0.0007496252
FS4B,EPGt,0.00862069
FS4B,ExR1,0.18103448
FS4B,ExR4,0.01724138
FS4B,FB1A,0.01724138
FS4B,FB1B,0.20689656
FS4B,FB1C,0.00862069
FS4B,FB1D,0.04137931
FS4B,FB1E_b,0.01724138
FS4B,FB1F,0.05172414
FS4B,FB1G,0.9137931
FS4B,FB1I,0.01724138
FS4B,FB1J,0.01724138
FS4B,FB2A,0.01724138
FS4B,FB2F_c,0.00862069
FS4B,FB2I_a,0.010344828
FS4B,FB3E,0.01724138
FS4B,FB4L,0.01724138
FS4B,FB6F,0.03448276
FS4B,FB6M,0.00862069
FS4B,FB6S,0.004310345
FS4B,FB7A,0.011494253
FS4B,FB7B,0.31034482
FS4B,FB7C,0.048275862
FS4B,FB7K,0.03448276
FS4B,FB7M,0.41379312
FS4B,FB8A,0.01724138
FS4B,FB8B,0.06896552
FS4B,FB8D,0.5
FS4B,FB8F_b,0.011494253
FS4B,FB8G,0.0057471264
FS4B,FB8H,0.011494253
FS4B,FB9A,0.09770115
FS4B,FB9B_c,0.00862069
FS4B,FB9B_d,0.00862069
FS4B,FB9B_e,0.01724138
FS4B,FB9C,0.1724138
FS4B,FC1D,0.0013793104
FS4B,FS1A_a,0.004310345
FS4B,FS1A_b,0.0026525198
FS4B,FS1A_c,0.0019157088
FS4B,FS1B_b,0.004310345
FS4B,FS4A,0.07017544
FS4B,FS4B,0.21640904
FS4B,FS4C,0.17118226
FS4B,PFNd,0.00086206896
FS4B,PFNm_b,0.0013262599
FS4B,PFNp_a,0.0010775862
FS4B,SA1_a,0.5862069
FS4B,SA1_b,0.013793103
FS4B,SA1_c,0.10344828
FS4B,SA2_a,0.20689656
FS4B,SA2_c,0.5862069
FS4B,SA3,0.06465517
FS4B,SAF,0.04310345
FS4B,hDeltaD,0.038793102
FS4B,vDeltaA_a,0.01773399
FS4B,vDeltaA_b,0.0055617355
FS4C,AstA1,0.071428575
FS4C,CL007,0.42857143
FS4C,DPM,0.035714287
FS4C,EL,0.001984127
FS4C,ExR3,0.017857144
FS4C,FB1A,0.15178572
FS4C,FB1B,0.53571427
FS4C,FB1D,0.028571429
FS4C,FB1E_b,0.08928572
FS4C,FB1F,1.25
FS4C,FB1G,0.875
FS4C,FB2E,0.017857144
FS4C,FB2I_a,0.014285714
FS4C,FB3E,0.3392857
FS4C,FB6A_a,0.035714287
FS4C,FB6D,0.071428575
FS4C,FB6F,0.017857144
FS4C,FB6K,0.017857144
FS4C,FB6T,0.071428575
FS4C,FB7B,0.2857143
FS4C,FB7C,0.47857141
FS4C,FB7K,0.008928572
FS4C,FB7L,0.011904762
FS4C,FB7M,1.5357143
FS4C,FB8A,0.23214285
FS4C,FB8D,1.0178572
FS4C,FB8F_b,0.01984127
FS4C,FB8G,0.017857144
FS4C,FB8H,0.017857144
FS4C,FB9A,0.04761905
FS4C,FB9B_a,0.017857144
FS4C,FB9B_d,0.008928572
FS4C,FB9B_e,0.026785715
FS4C,FB9C,0.04464286
FS4C,FC1C_a,0.0029761905
FS4C,FC1E,0.0016233766
FS4C,FC2C,0.0007598784
FS4C,FC3_b,0.0017857143
FS4C,FS1A_c,0.003968254
FS4C,FS1B_a,0.013736264
FS4C,FS1B_b,0.12053572
FS4C,FS2,0.0017006802
FS4C,FS3,0.017857144
FS4C,FS3_b,0.0025510204
FS4C,FS3_d,0.0011520737
FS4C,FS4A,0.021929825
FS4C,FS4B,0.16009852
FS4C,FS4C,0.2997449
FS4C,OA-VPM3,0.017857144
FS4C,PFGs,0.001984127
FS4C,PFL1,0.0025510204
FS4C,SA1_a,0.11904762
FS4C,SA1_c,0.035714287
FS4C,SA2_a,0.11904762
FS4C,SA2_c,0.08928572
FS4C,SA3,0.004464286
FS4C,SAF,0.026785715
FS4C,SMP185,0.071428575
FS4C,vDeltaA_a,0.0015306122
FS4C,vDeltaA_b,0.005760369
FS4C,vDeltaL,0.00096525095
GLNO,AN27X013,0.6666667
GLNO,DNc02,0.125
GLNO,EPG,0.010869565
GLNO,ER4m,0.022727273
GLNO,ER6,0.125
GLNO,ExR1,0.0625
GLNO,ExR2,0.125
GLNO,ExR4,0.25
GLNO,ExR6,0.125
GLNO,ExR8,27.1875
GLNO,FB1C,7.125
GLNO,FB1H,2.625
GLNO,FB2A,0.25
GLNO,FB3A,0.125
GLNO,FB4B,0.5
GLNO,FB4C,0.125
GLNO,FB4F_b,0.125
GLNO,FB4M,1.3125
GLNO,FB4Y,13.625
GLNO,GLNO,25.0
GLNO,LAL073,0.125
GLNO,LCNOpm,0.75
GLNO,LNO1,0.0625
GLNO,LNO2,1.375
GLNO,LNOa,0.5
GLNO,PEG,0.027777778
GLNO,PEN_a(PEN1),122.575
GLNO,PEN_b(PEN2),74.60227
GLNO,PFNa,0.03448276
GLNO,PFNd,0.0375
GNG011,AN08B027,-1.0
GNG011,AVLP462,-1.0
GNG011,AVLP476,-1.0
GNG011,AVLP477,-1.0
GNG011,AVLP710m,-6.0
GNG011,AVLP714m,-2.0
GNG011,CB0244,-2.0
GNG011,CL199,-0.5
GNG011,CL208,-1.6666666
GNG011,CL248,-74.0
GNG011,CL310,-38.0
GNG011,CL311,-2.0
GNG011,CRE100,-1.0
GNG011,DNa01,-11.0
GNG011,DNg101,-10.0
GNG011,DNp101,-1.0
GNG011,DNp36,-4.0
GNG011,DNp46,-3.0
GNG011,DNp52,-7.0
GNG011,DNp64,-3.0
GNG011,DNp67,-4.0
GNG011,DNpe050,-1.0
GNG011,GNG667,-6.5
GNG011,ICL012m,-6.0
GNG011,LAL045,-1.0
GNG011,OA-AL2i1,-0.5
GNG011,OA-ASM2,-1.0
GNG011,PVLP203m,-0.5
GNG011,SAD075,-0.25
GNG011,SIP091,-12.0
GNG011,SIP133m,-2.0
GNG011,SIP136m,-0.5
GNG011,SMP543,-2.0
GNG011,SMP593,-2.0
GNG011,VES020,-0.33333334
GNG011,VES022,-4.0
GNG011,VES024_a,-4.0
GNG011,VES053,-143.0
GNG011,VES087,-1.0
GNG011,VES092,-1.0
GNG011,VES096,-1.0
GNG011,VES097,-4.0
GNG011,VES204m,-8.0
GNG011,pIP10,-1.0
GNG304,AN00A006,-1.5
GNG304,ANXXX380,-0.5
GNG304,AVLP476,-14.5
GNG304,AVLP477,-0.5
GNG304,AVLP709m,-0.25
GNG304,AVLP710m,-0.5
GNG304,AVLP715m,-0.5
GNG304,AVLP716m,-0.5
GNG304,AstA1,-0.5
GNG304,CB1062,-0.125
GNG304,CB3394,-4.5
GNG304,CL199,-1.75
GNG304,CL208,-0.16666667
GNG304,CL248,-9.0
GNG304,CL311,-0.5
GNG304,CL335,-4.0
GNG304,CL344_a,-3.75
GNG304,CRE004,-14.0
GNG304,CRE006,-4.0
GNG304,CRE012,-0.5
GNG304,CRE044,-1.0
GNG304,CRE100,-51.0
GNG304,DNa01,-0.5
GNG304,DNc01,-0.25
GNG304,DNd05,-53.5
GNG304,DNde002,-12.0
GNG304,DNp23,-1.5
GNG304,DNp52,-4.5
GNG304,DNp60,-1.5
GNG304,DNp62,-0.75
GNG304,DNp67,-34.5
GNG304,DNpe053,-2.0
GNG304,ExR2,-0.25
GNG304,FB4K,-0.625
GNG304,FB4R,-0.25
GNG304,FB4Y,-0.125
GNG304,FB5V_a,-0.16666667
GNG304,GNG011,-1.0
GNG304,GNG304,-11.0
GNG304,GNG525,-25.0
GNG304,GNG587,-1.0
GNG304,GNG667,-2.25
GNG304,LAL007,-2.0
GNG304,LAL045,-1.0
GNG304,LAL101,-1.0
GNG304,LAL102,-1.5
GNG304,LAL119,-2.5
GNG304,LAL154,-2.0
GNG304,LAL159,-1.5
GNG304,MBON02,-8.0
GNG304,MBON25-like,-0.5
GNG304,MBON26,-1.5
GNG304,MBON34,-0.5
GNG304,MBON35,-0.75
GNG304,OA-AL2i1,-0.25
GNG304,OA-VPM3,-0.25
GNG304,OA-VUMa8,-4.5
GNG304,PPL102,-0.5
GNG304,PPM1201,-18.0
GNG304,SAD075,-0.875
GNG304,SCL001m,-0.16666667
GNG304,SIP091,-1.0
GNG304,SIP133m,-0.5
GNG304,SIP136m,-0.25
GNG304,SMP052,-9.166667
GNG304,SMP471,-1.5
GNG304,SMP492,-29.0
GNG304,SMP543,-82.0
GNG304,SMP713m,-22.75
GNG304,SMP714m,-19.25
GNG304,SMP715m,-13.5
GNG304,VES020,-0.33333334
GNG304,VES053,-20.5
GNG304,VES087,-1.0
GNG304,VES092,-3.25
GNG304,VES095,-1.5
GNG304,VES096,-0.5
GNG304,VES109,-4.0
GNG304,aSP22,-2.5
GNG304,pIP10,-0.5
GNG305,AN05B103,-3.5
GNG305,AVLP036,-2.0
GNG305,AVLP562,-1.0
GNG305,AVLP714m,-1.0
GNG305,AVLP716m,-1.0
GNG305,AVLP734m,-0.2
GNG305,CL062_b2,-1.0
GNG305,CL111,-1.0
GNG305,CL122_a,-2.0
GNG305,CL199,-1.0
GNG305,CL208,-1.0
GNG305,CL248,-55.0
GNG305,CL344_a,-0.5
GNG305,CL366,-1.0
GNG305,CRE021,-130.0
GNG305,DNp101,-267.0
GNG305,DNp23,-362.0
GNG305,DNp46,-1.0
GNG305,DNp62,-1.0
GNG305,DNpe050,-64.0
GNG305,GNG525,-52.0
GNG305,GNG667,-1.0
GNG305,LT66,-0.5
GNG305,OA-VUMa8,-4.0
GNG305,SIP118m,-1.0
GNG305,SIP133m,-8.5
GNG305,SMP593,-1.0
GNG305,VES092,-0.5
GNG305,pIP10,-13.0
GNG525,AN00A006,1.0
GNG525,AN08B027,1.0
GNG525,AVLP036,9.0
GNG525,AVLP095,18.0
GNG525,AVLP096,20.0
GNG525,AVLP121,1.0
GNG525,AVLP192_b,19.0
GNG525,AVLP193,20.0
GNG525,AVLP700m,1.0
GNG525,AVLP709m,5.5
GNG525,AVLP710m,2.0
GNG525,AVLP714m,1.0
GNG525,AVLP715m,3.0
GNG525,CL062_a2,8.0
GNG525,CL062_b3,0.5
GNG525,CL248,5.0
GNG525,CL310,61.0
GNG525,CL335,69.0
GNG525,CL344_a,0.5
GNG525,DNp23,2.0
GNG525,DNp36,1.0
GNG525,DNp62,0.5
GNG525,DNp67,23.0
GNG525,DNpe050,5.5
GNG525,GNG011,3.0
GNG525,GNG304,1.0
GNG525,GNG305,17.0
GNG525,ICL002m,26.0
GNG525,ICL010m,6.0
GNG525,LAL162,10.0
GNG525,PVLP203m,17.0
GNG525,SCL001m,1.6666666
GNG525,VES020,0.33333334
GNG525,VES053,2.0
GNG525,VES095,0.5
GNG525,VES203m,1.0
GNG587,AVLP477,1.5
GNG587,AVLP751m,1.0
GNG587,CB1287,0.5
GNG587,CL122_a,2.0
GNG587,CL199,2.0
GNG587,CL310,3.0
GNG587,CL366,2.0
GNG587,CRE004,3.0
GNG587,CRE005,0.6666667
GNG587,CRE011,12.0
GNG587,CRE012,25.0
GNG587,CRE021,20.0
GNG587,CRE030_b,25.0
GNG587,CRE044,1.0
GNG587,CRE100,4.0
GNG587,DNa01,3.0
GNG587,DNae001,2.0
GNG587,DNc01,0.5
GNG587,DNp52,4.0
GNG587,DNp62,0.5
GNG587,ExR6,0.5
GNG587,FB4E_b,0.5
GNG587,FB4F_a,1.0
GNG587,FB4I,1.0
GNG587,FB4K,0.75
GNG587,FB4M,0.25
GNG587,FB4P_b,1.3333334
GNG587,FB4R,1.5
GNG587,FB5V_c,2.0
GNG587,GNG011,1.0
GNG587,GNG304,0.5
GNG587,GNG667,1.5
GNG587,LAL045,3.0
GNG587,LAL073,0.5
GNG587,LAL102,1.0
GNG587,LAL135,2.0
GNG587,LAL154,3.0
GNG587,LAL155,40.0
GNG587,LAL162,2.0
GNG587,MBON20,1.5
GNG587,MBON25-like,0.5
GNG587,MBON35,2.0
GNG587,OA-VUMa8,1.0
GNG587,PPL102,6.0
GNG587,PPL108,6.0
GNG587,PVLP200m_b,1.0
GNG587,SIP064,1.0
GNG587,SIP136m,0.5
GNG587,SMP446,13.0
GNG587,SMP543,1.0
GNG587,SMP586,1.0
GNG587,SMP593,1.0
GNG587,VES092,1.0
GNG587,VES095,4.0
GNG587,VES097,9.0
GNG587,VES101,12.0
GNG667,AN00A006,0.75
GNG667,AN05B103,0.25
GNG667,AOTU046,2.375
GNG667,AOTU100m,10.5
GNG667,ATL032,2.0
GNG667,AVLP069_b,2.0
GNG667,AVLP095,0.5
GNG667,AVLP096,0.5
GNG667,AVLP178,1.5
GNG667,AVLP192_b,3.75
GNG667,AVLP193,6.5
GNG667,AVLP210,20.5
GNG667,AVLP462,2.5
GNG667,AVLP520,0.5
GNG667,AVLP709m,2.0
GNG667,AVLP710m,1.5
GNG667,AVLP714m,10.5
GNG667,AVLP715m,1.5
GNG667,AVLP730m,5.0
GNG667,AVLP731m,0.5
GNG667,AVLP733m,0.5
GNG667,AVLP751m,0.5
GNG667,CB0244,2.0
GNG667,CB1017,0.5
GNG667,CB3439,0.5
GNG667,CB3666,4.0
GNG667,CL062_a1,6.75
GNG667,CL062_a2,7.5
GNG667,CL062_b1,0.5
GNG667,CL062_b2,0.5
GNG667,CL062_b3,1.25
GNG667,CL109,26.0
GNG667,CL111,20.5
GNG667,CL199,0.75
GNG667,CL208,2.0
GNG667,CL248,1.0
GNG667,CL251,5.5
GNG667,CL311,58.0
GNG667,CL326,16.5
GNG667,CL335,0.5
GNG667,CL344_a,1.25
GNG667,CL366,1.0
GNG667,CRE004,0.5
GNG667,CRE005,5.8333335
GNG667,CRE006,0.25
GNG667,CRE012,1.25
GNG667,CRE021,0.75
GNG667,CRE030_b,2.5
GNG667,CRE044,2.0
GNG667,CRE100,2.0
GNG667,DNa01,1.0
GNG667,DNc01,3.0
GNG667,DNc02,0.25
GNG667,DNd05,0.5
GNG667,DNde002,1.5
GNG667,DNp101,45.5
GNG667,DNp23,1.5
GNG667,DNp52,1.0
GNG667,DNp62,1.5
GNG667,DNpe025,1.0
GNG667,DNpe027,33.0
GNG667,DNpe043,0.5
GNG667,DNpe050,0.75
GNG667,ExR2,1.375
GNG667,FB4B,0.5
GNG667,FB4F_a,3.5
GNG667,FB4F_b,2.75
GNG667,FB4F_c,1.0833334
GNG667,FB4G,2.5
GNG667,FB4I,3.5
GNG667,FB4R,0.8333333
GNG667,FB4X,0.25
GNG667,FB5V_a,1.5833334
GNG667,FB5V_b,0.5
GNG667,FB5V_c,0.5
GNG667,FB6M,0.25
GNG667,GNG011,0.5
GNG667,GNG304,0.25
GNG667,GNG667,0.25
GNG667,IB023,0.5
GNG667,IB032,1.5
GNG667,ICL002m,5.5
GNG667,ICL003m,9.0
GNG667,ICL010m,0.5
GNG667,ICL013m_b,12.0
GNG667,IbSpsP,0.032258064
GNG667,LAL007,9.0
GNG667,LAL008,0.5
GNG667,LAL029_b,0.5
GNG667,LAL040,5.5
GNG667,LAL042,0.5
GNG667,LAL045,3.0
GNG667,LAL101,1.0
GNG667,LAL102,16.5
GNG667,LAL119,10.5
GNG667,LAL154,4.0
GNG667,LAL155,13.0
GNG667,LAL162,0.5
GNG667,LAL200,1.0
GNG667,LAL205,0.5
GNG667,LAL208,1.5
GNG667,LNO2,0.25
GNG667,MBON20,1.25
GNG667,OA-AL2i1,1.25
GNG667,OA-ASM2,1.0
GNG667,OA-VPM3,1.25
GNG667,OA-VPM4,5.5
GNG667,OA-VUMa8,62.5
GNG667,PPL102,0.5
GNG667,PPL108,0.5
GNG667,PPM1201,59.0
GNG667,PVLP138,7.0
GNG667,PVLP203m,1.875
GNG667,SCL001m,3.1666667
GNG667,SIP104m,0.75
GNG667,SIP118m,0.8333333
GNG667,SIP119m,0.071428575
GNG667,SIP136m,1.75
GNG667,SIP146m,0.16666667
GNG667,SMP052,1.1666666
GNG667,SMP092,2.0
GNG667,SMP471,4.0
GNG667,SMP492,15.0
GNG667,SMP493,19.5
GNG667,SMP543,1.0
GNG667,SMP586,12.5
GNG667,SMP593,0.5
GNG667,SMP709m,6.5
GNG667,SMP713m,3.5
GNG667,SMP714m,0.75
GNG667,VES020,0.33333334
GNG667,VES053,0.5
GNG667,VES087,4.0
GNG667,VES092,4.75
GNG667,VES095,0.25
GNG667,VES096,1.0
GNG667,VES097,0.5
GNG667,VES101,0.5
GNG667,VES109,2.0
GNG667,VES202m,7.0
GNG667,VES203m,9.0
GNG667,VES204m,8.5
GNG667,aSP10A_a,0.5
GNG667,aSP10B,5.0
GNG667,aSP22,5.0
GNG667,pIP10,0.5
IB005,ATL028,-1.0
IB005,AVLP562,-5.0
IB005,CL308,-1.0
IB005,CRE011,-2.0
IB005,CRE012,-1.5
IB005,CRE100,-7.0
IB005,ExR6,-10.0
IB005,FB2I_b,-0.5
IB005,FB4B,-2.0
IB005,FB4E_a,-1.0
IB005,FB4F_a,-10.25
IB005,FB4F_b,-0.5
IB005,FB4I,-3.0
IB005,FB4L,-0.5
IB005,FB4M,-17.75
IB005,FB5A,-0.25
IB005,FB5T,-0.5
IB005,FB5V_a,-11.666667
IB005,FB5V_c,-14.0
IB005,LAL008,-1.0
IB005,LAL040,-1.0
IB005,LAL045,-1.0
IB005,LAL102,-1.0
IB005,LAL119,-15.0
IB005,LAL155,-1.0
IB005,LAL159,-1.0
IB005,LAL200,-1.0
IB005,MBON20,-0.5
IB005,MBON35,-99.5
IB005,PFR_a,-0.035714287
IB005,PPL108,-19.0
IB005,SMP109,-10.0
IB005,SMP185,-1.0
IB005,SMP471,-1.0
IB005,SMP597,-2.0
IB005,SMP713m,-0.5
IB005,VES092,-1.0
IB020,AOTU019,21.0
IB020,ATL011,4.0
IB020,ATL035,4.0
IB020,DNde002,7.0
IB020,DNpe027,1.0
IB020,FB1G,0.5
IB020,IB110,7.0
IB020,MBON35,2.0
IB020,PFL3,0.083333336
IB020,PPM1204,1.0
IB020,SMP016_b,1.0
IB020,SMP185,2.0
IB023,DNa01,79.0
IB023,DNa14,1.0
IB023,FB4I,0.5
IB023,LAL045,1.0
IB023,LAL073,14.5
IB023,LAL119,21.0
IB023,LNO2,0.5
IB023,LPsP,0.5
IB023,PVLP138,1.0
IB023,SMP543,2.0
IB023,VES087,1.0
IB023,VES092,1.0
IB032,DNde002,-4.0
IB032,GNG304,-1.0
IB032,LAL045,-3.0
IB032,PEN_b(PEN2),-0.045454547
IB032,SMP185,-1.0
IB032,VES087,-32.0
IB049,ATL035,5.0
IB049,ATL036,6.0
IB049,CRE012,1.0
IB049,DNpe027,30.0
IB049,ExR6,8.0
IB049,FB1H,1.0
IB049,FB2K,0.11111111
IB049,FB4F_c,0.16666667
IB049,FB5A,1.75
IB049,FB5V_a,0.16666667
IB049,IB005,5.0
IB049,IB110,1.0
IB049,IbSpsP,0.09677419
IB049,LAL159,2.0
IB049,LAL200,2.0
IB049,LNO1,0.25
IB049,MBON35,1.0
IB049,PFL3,0.083333336
IB049,PPL108,3.0
IB049,PPM1204,1.0
IB049,SMP597,4.0
IB110,ATL032,-3.0
IB110,ATL035,-1.0
IB110,ATL042,-1.0
IB110,DNpe027,-108.0
IB110,ExR3,-2.5
IB110,IB005,-4.0
IB110,IB032,-2.0
IB110,IbSpsP,-0.06451613
IB110,LAL200,-196.0
IB110,PLP124,-0.5
IB110,PLP262,-1.0
IB110,SMP597,-2.0
IB110,WED076,-2.0
IB115,AVLP193,2.0
IB115,AVLP306,0.5
IB115,AstA1,5.0
IB115,CB3439,1.5
IB115,CL109,6.0
IB115,CL111,3.0
IB115,CL199,7.0
IB115,CL208,1.0
IB115,CL308,2.0
IB115,DNa14,47.0
IB115,DNc01,0.5
IB115,DNd05,1.0
IB115,DNpe043,35.0
IB115,DNpe053,2.0
IB115,FB8B,0.25
IB115,GNG667,1.0
IB115,IB005,1.0
IB115,IB023,2.0
IB115,OA-VUMa8,2.0
IB115,PAL01,1.0
IB115,SMP492,6.0
IB115,SMP493,1.0
IB115,SMP593,6.0
IB115,SMP709m,1.0
IB115,SMP713m,3.5
ICL002m,AN08B027,1.0
ICL002m,AN08B032,3.0
ICL002m,AOTU100m,1.0
ICL002m,AVLP210,2.0
ICL002m,AVLP700m,3.0
ICL002m,AVLP709m,1.5
ICL002m,AVLP710m,6.0
ICL002m,AVLP716m,1.0
ICL002m,AVLP727m,0.5
ICL002m,AVLP730m,1.0
ICL002m,AVLP734m,0.4
ICL002m,CB1017,1.0
ICL002m,CL062_a1,0.5
ICL002m,CL062_b3,0.5
ICL002m,CL122_a,1.0
ICL002m,CL208,0.6666667
ICL002m,CL248,4.0
ICL002m,CL311,2.0
ICL002m,CL335,3.0
ICL002m,CL344_a,2.0
ICL002m,CRE021,1.5
ICL002m,DNae001,7.0
ICL002m,DNp46,5.0
ICL002m,DNp60,4.0
ICL002m,DNp62,2.0
ICL002m,DNp64,43.0
ICL002m,DNp67,39.0
ICL002m,DNpe025,4.0
ICL002m,DNpe050,2.0
ICL002m,GNG011,3.0
ICL002m,GNG667,26.0
ICL002m,ICL003m,1.0
ICL002m,ICL008m,8.5
ICL002m,LAL029_b,2.0
ICL002m,LAL073,1.5
ICL002m,OA-AL2i1,1.0
ICL002m,PVLP016,23.0
ICL002m,PVLP138,1.0
ICL002m,PVLP203m,3.75
ICL002m,SAD075,0.5
ICL002m,SCL001m,0.33333334
ICL002m,SIP104m,0.25
ICL002m,SIP119m,0.2857143
ICL002m,SIP124m,0.33333334
ICL002m,SIP133m,2.5
ICL002m,SMP109,5.0
ICL002m,SMP543,1.0
ICL002m,SMP714m,1.5
ICL002m,SMP723m,1.0
ICL002m,VES022,1.0
ICL002m,VES053,18.0
ICL002m,VES087,3.0
ICL002m,VES096,1.0
ICL002m,VES109,2.0
ICL002m,aIPg1,1.0
ICL002m,aSP10A_a,1.0
ICL002m,pIP10,2.0
ICL003m,AN00A006,-1.0
ICL003m,AVLP210,-4.0
ICL003m,AVLP710m,-5.0
ICL003m,AVLP730m,-1.0
ICL003m,AVLP734m,-0.2
ICL003m,AVLP737m,-6.0
ICL003m,CB0244,-3.0
ICL003m,CL208,-1.0
ICL003m,CL248,-0.5
ICL003m,CL310,-3.0
ICL003m,CL311,-10.0
ICL003m,CL344_a,-2.5
ICL003m,CRE021,-4.0
ICL003m,DNa01,-8.0
ICL003m,DNg101,-1.0
ICL003m,DNp36,-7.0
ICL003m,DNp60,-2.0
ICL003m,DNp67,-3.0
ICL003m,DNpe025,-1.0
ICL003m,DNpe050,-1.0
ICL003m,DNpe053,-1.0
ICL003m,PVLP016,-3.0
ICL003m,PVLP203m,-0.25
ICL003m,SCL001m,-0.33333334
ICL003m,SIP118m,-0.33333334
ICL003m,SIP133m,-11.0
ICL003m,SIP136m,-1.5
ICL003m,SIP141m,-12.0
ICL003m,SIP143m,-5.0
ICL003m,VES203m,-1.0
ICL003m,aSP10A_b,-0.5
ICL003m,aSP22,-30.0
ICL003m,pIP10,-2.0
ICL008m,AOTU100m,-0.5
ICL008m,AVLP709m,-0.25
ICL008m,AVLP710m,-0.5
ICL008m,AVLP715m,-4.5
ICL008m,AVLP716m,-1.0
ICL008m,AVLP728m,-0.16666667
ICL008m,AVLP730m,-0.5
ICL008m,AVLP734m,-0.7
ICL008m,AVLP738m,-0.5
ICL008m,CB3302,-0.16666667
ICL008m,CL062_b1,-0.5
ICL008m,CL062_b3,-0.25
ICL008m,CL208,-0.8333333
ICL008m,CL248,-4.0
ICL008m,CL311,-1.5
ICL008m,CRE021,-1.5
ICL008m,CRE065,-0.5
ICL008m,DNae001,-0.5
ICL008m,DNp36,-4.5
ICL008m,DNp60,-6.5
ICL008m,DNp67,-0.5
ICL008m,DNpe050,-0.25
ICL008m,GNG011,-0.5
ICL008m,ICL003m,-1.0
ICL008m,ICL013m_b,-0.5
ICL008m,LAL029_b,-1.0
ICL008m,PVLP016,-1.0
ICL008m,PVLP138,-0.5
ICL008m,PVLP203m,-0.625
ICL008m,SCL001m,-0.16666667
ICL008m,SIP091,-2.5
ICL008m,SIP104m,-0.75
ICL008m,SIP110m_a,-2.5
ICL008m,SIP118m,-1.0
ICL008m,SIP119m,-1.6428572
ICL008m,SIP124m,-0.6666667
ICL008m,SIP133m,-1.0
ICL008m,SIP136m,-10.5
ICL008m,SIP141m,-0.5
ICL008m,SIP143m,-1.0
ICL008m,SIP145m,-1.75
ICL008m,SIP146m,-3.3333333
ICL008m,VES022,-1.5
ICL008m,VES203m,-0.5
ICL008m,VES204m,-5.5
ICL008m,aIPg1,-1.5
ICL008m,aSP10A_a,-1.5
ICL008m,aSP10A_b,-0.5
ICL008m,aSP10B,-1.0
ICL008m,aSP22,-8.5
ICL008m,pC1_14a,-6.5
ICL008m,pC1_7a,-0.25
ICL008m,pIP10,-83.5
ICL010m,ATL018,2.0
ICL010m,AVLP193,1.0
ICL010m,AVLP477,1.0
ICL010m,AVLP709m,1.0
ICL010m,AVLP710m,1.0
ICL010m,AVLP716m,2.0
ICL010m,CB1287,0.5
ICL010m,CL335,1.0
ICL010m,CRE006,0.5
ICL010m,DNg101,1.0
ICL010m,FB1H,0.5
ICL010m,FB4A_a,1.0
ICL010m,FB4E_a,0.4
ICL010m,FB4E_b,1.25
ICL010m,FB4G,11.0
ICL010m,FB4H,1.5
ICL010m,FB4K,0.25
ICL010m,FB5D,0.33333334
ICL010m,FB5W_a,1.0
ICL010m,FB5W_b,0.33333334
ICL010m,LAL007,1.0
ICL010m,MBON35,9.0
ICL010m,SIP118m,0.6666667
ICL010m,SIP136m,1.0
ICL010m,SMP108,7.0
ICL010m,SMP109,18.0
ICL010m,SMP446,3.0
ICL010m,VES092,1.0
ICL012m,AVLP192_b,1.5
ICL012m,AVLP477,0.5
ICL012m,AVLP700m,1.0
ICL012m,AVLP709m,1.5
ICL012m,AVLP710m,15.0
ICL012m,AVLP714m,1.0
ICL012m,AVLP716m,1.0
ICL012m,AVLP733m,1.0
ICL012m,AVLP734m,1.0
ICL012m,AVLP760m,2.5
ICL012m,CL062_a2,0.5
ICL012m,CL122_a,5.5
ICL012m,CL310,4.0
ICL012m,CL311,1.0
ICL012m,CRE021,6.0
ICL012m,DNa01,4.0
ICL012m,DNae001,4.0
ICL012m,DNp64,10.0
ICL012m,DNp67,1.0
ICL012m,DNpe025,14.0
ICL012m,DNpe050,8.5
ICL012m,GNG305,1.0
ICL012m,ICL002m,1.0
ICL012m,ICL008m,1.5
ICL012m,LAL029_b,9.0
ICL012m,OA-VUMa8,1.0
ICL012m,PVLP016,66.0
ICL012m,PVLP200m_b,1.0
ICL012m,PVLP203m,1.5
ICL012m,SCL001m,4.0
ICL012m,SIP110m_a,1.0
ICL012m,SIP119m,0.2857143
ICL012m,SIP124m,0.33333334
ICL012m,SIP133m,1.5
ICL012m,SIP136m,0.5
ICL012m,SIP141m,1.0
ICL012m,SMP109,4.0
ICL012m,SMP593,3.0
ICL012m,VES022,3.0
ICL012m,VES053,4.0
ICL012m,VES097,1.0
ICL012m,VES203m,1.0
ICL012m,pIP10,1.0
ICL013m_b,AN08B020,-1.0
ICL013m_b,AOTU019,-1.0
ICL013m_b,AOTU100m,-2.0
ICL013m_b,AVLP210,-3.0
ICL013m_b,AVLP710m,-5.0
ICL013m_b,AVLP746m,-2.0
ICL013m_b,CL208,-4.0
ICL013m_b,CL248,-2.5
ICL013m_b,CL310,-3.0
ICL013m_b,CL311,-20.0
ICL013m_b,CL335,-2.0
ICL013m_b,CL344_a,-4.0
ICL013m_b,CRE021,-23.5
ICL013m_b,DNa01,-9.0
ICL013m_b,DNae001,-9.0
ICL013m_b,DNde002,-1.0
ICL013m_b,DNp36,-34.0
ICL013m_b,DNp64,-1.0
ICL013m_b,DNpe025,-7.0
ICL013m_b,DNpe043,-1.0
ICL013m_b,ICL002m,-1.0
ICL013m_b,ICL003m,-2.0
ICL013m_b,PVLP016,-31.0
ICL013m_b,SIP091,-3.0
ICL013m_b,SIP104m,-0.5
ICL013m_b,SIP118m,-0.33333334
ICL013m_b,SIP119m,-0.14285715
ICL013m_b,SIP122m,-1.0
ICL013m_b,SIP124m,-0.33333334
ICL013m_b,SIP133m,-8.0
ICL013m_b,SIP136m,-11.5
ICL013m_b,SIP141m,-4.0
ICL013m_b,SIP143m,-6.0
ICL013m_b,VES202m,-1.0
ICL013m_b,aIPg1,-1.0
ICL013m_b,aSP22,-67.0
ICL013m_b,pC1_14a,-2.0
IPC,CRE004,0.5
IPC,DNpe053,0.5
IPC,ExR1,0.125
IPC,FB7J,0.125
IPC,FB8A,0.5
IPC,FB8B,0.125
IPC,FB8H,0.083333336
IPC,hDeltaD,0.25
IPC,hDeltaE,0.375
IPC,vDeltaA_b,0.032258064
IbSpsP,AN09A005,0.21505377
IbSpsP,AN27X013,0.37634408
IbSpsP,ATL011,0.032258064
IbSpsP,Delta7,0.51843315
IbSpsP,EPG,0.031556804
IbSpsP,EPGt,0.2580645
IbSpsP,IbSpsP,0.029136317
IbSpsP,LPsP,0.24193548
IbSpsP,OA-AL2i1,1.6129032
IbSpsP,OA-ASM2,0.032258064
IbSpsP,P6-8P9,0.46774194
IbSpsP,PEG,0.04659498
IbSpsP,PEN_a(PEN1),1.632258
IbSpsP,PEN_b(PEN2),2.382698
IbSpsP,PFGs,0.017921148
IbSpsP,PFL1,0.32258064
IbSpsP,PFL2,0.05107527
IbSpsP,PFL3,0.076612905
IbSpsP,PFNa,1.7246941
IbSpsP,PFNd,1.7862903
IbSpsP,PFNm_a,1.2918587
IbSpsP,PFNm_b,1.5645162
IbSpsP,PFNp_a,0.6592742
IbSpsP,PFNp_b,0.4546964
IbSpsP,PFNp_c,1.0782259
IbSpsP,PFNp_d,0.48847926
IbSpsP,PFNp_e,0.75035065
IbSpsP,PFNv,1.5451612
IbSpsP,PFR_a,0.004608295
IbSpsP,PFR_b,0.006048387
IbSpsP,SpsP,0.048387095
IbSpsP,hDeltaI,0.0037950664
KCab-c,DPM,4.818182
KCab-c,KCab-c,0.1983471
KCab-c,KCab-m,0.22727273
KCab-c,KCab-s,0.05050505
KCab-c,MBON02,3.8181818
KCab-c,OA-VPM3,0.13636364
KCab-c,PAM04,0.43636364
KCab-c,PAM09,0.045454547
KCab-m,DPM,2.75
KCab-m,ER2_c,0.025
KCab-m,KCab-c,0.29545453
KCab-m,MBON02,4.375
KCab-m,PAM03,0.5
KCab-m,PAM04,0.7
KCab-s,DPM,6.888889
KCab-s,KCab-c,0.04040404
KCab-s,KCab-s,0.43209878
KCab-s,MBON02,7.5
KCab-s,PAM03,0.5555556
KCab-s,PAM04,0.8
KCab-s,PAM09,0.3888889
LAL007,ATL036,1.0
LAL007,AVLP705m,3.0
LAL007,AstA1,3.0
LAL007,CB0244,1.0
LAL007,CB1062,0.25
LAL007,CL199,2.0
LAL007,CRE005,5.3333335
LAL007,CRE006,10.0
LAL007,CRE012,19.0
LAL007,CRE044,21.0
LAL007,CRE100,9.0
LAL007,DNp52,3.0
LAL007,DNpe053,3.0
LAL007,FB1C,9.75
LAL007,FB1H,0.5
LAL007,FB4F_a,0.25
LAL007,FB4M,0.75
LAL007,FB4N,42.5
LAL007,FB4P_a,2.0
LAL007,FB4Y,0.75
LAL007,FB5D,2.3333333
LAL007,FB5V_a,0.16666667
LAL007,GNG667,0.5
LAL007,IB005,1.0
LAL007,IB049,6.0
LAL007,LAL013,1.0
LAL007,LAL040,2.0
LAL007,LAL045,3.0
LAL007,LAL119,3.0
LAL007,LAL155,2.0
LAL007,LAL159,32.0
LAL007,LAL162,20.0
LAL007,LAL171,10.0
LAL007,MBON26,66.0
LAL007,MBON34,1.0
LAL007,MBON35,1.0
LAL007,OA-VUMa8,29.0
LAL007,PPL108,1.0
LAL007,SMP052,4.3333335
LAL007,SMP377,4.0
LAL007,SMP492,12.0
LAL007,SMP493,8.0
LAL007,SMP543,1.0
LAL007,SMP593,3.0
LAL007,SMP713m,2.5
LAL007,VES092,0.5
LAL008,AN08B027,-0.5
LAL008,AOTU019,-1.0
LAL008,AOTU042,-4.5
LAL008,AVLP477,-0.25
LAL008,AVLP562,-3.75
LAL008,CRE005,-2.5
LAL008,CRE006,-0.5
LAL008,CRE011,-32.0
LAL008,CRE012,-22.25
LAL008,CRE044,-8.0
LAL008,DNa01,-0.5
LAL008,DNpe027,-0.5
LAL008,ExR2,-0.125
LAL008,ExR3,-0.25
LAL008,ExR4,-1.0
LAL008,ExR6,-9.5
LAL008,FB3A,-18.125
LAL008,FB4F_a,-0.125
LAL008,FB4G,-1.25
LAL008,FB4I,-1.25
LAL008,FB4L,-0.125
LAL008,FB4M,-0.25
LAL008,FB4P_a,-0.25
LAL008,FB5A,-0.375
LAL008,FB5V_a,-0.25
LAL008,FB5V_b,-0.33333334
LAL008,FB5V_c,-0.1
LAL008,FB5X,-0.083333336
LAL008,GNG304,-0.25
LAL008,GNG667,-14.25
LAL008,LAL008,-0.5
LAL008,LAL013,-0.5
LAL008,LAL040,-1.0
LAL008,LAL042,-1.0
LAL008,LAL045,-2.5
LAL008,LAL073,-1.25
LAL008,LAL102,-0.5
LAL008,LAL119,-3.5
LAL008,LAL135,-0.5
LAL008,LAL155,-14.5
LAL008,LAL162,-0.5
LAL008,LAL205,-8.0
LAL008,LCNOp,-1.0
LAL008,LNO1,-0.375
LAL008,LNO2,-1.25
LAL008,MBON20,-0.25
LAL008,MBON35,-16.0
LAL008,OA-VUMa8,-1.0
LAL008,PVLP200m_b,-3.5
LAL008,SMP109,-0.5
LAL008,SMP471,-15.5
LAL008,VES092,-2.0
LAL013,AOTU019,2.0
LAL013,CL208,0.33333334
LAL013,CL311,1.0
LAL013,DNae001,155.0
LAL013,EL,0.055555556
LAL013,EPG,0.02173913
LAL013,ER1_b,0.15384616
LAL013,ER1_c,0.25
LAL013,ER3a_b,0.33333334
LAL013,ER6,2.75
LAL013,ExR2,0.75
LAL013,ExR6,0.5
LAL013,ExR7,1.5
LAL013,FB1B,0.25
LAL013,FB1C,1.5
LAL013,FB1G,11.0
LAL013,FB1H,1.5
LAL013,FB2B_a,1.25
LAL013,FB2G_b,0.16666667
LAL013,FB3C,0.07692308
LAL013,FB3E,0.5
LAL013,FB4E_a,0.2
LAL013,FB4L,0.25
LAL013,FB4P_a,0.5
LAL013,FB4Y,6.75
LAL013,FB5A,8.5
LAL013,FB5M,0.5
LAL013,FB8I,0.16666667
LAL013,LAL029_b,1.0
LAL013,LAL045,12.0
LAL013,LAL073,2.0
LAL013,LAL119,1.0
LAL013,LAL155,2.0
LAL013,LAL200,1.0
LAL013,LCNOp,1.0
LAL013,LCNOpm,0.5
LAL013,LNO1,0.25
LAL013,LNO2,19.5
LAL013,OA-VUMa8,1.0
LAL013,PFR_a,0.035714287
LAL013,SMP052,1.6666666
LAL013,SMP543,1.0
LAL013,VES092,16.5
LAL029_b,AN07B004,2.0
LAL029_b,AOTU019,1.0
LAL029_b,AVLP710m,1.0
LAL029_b,AVLP716m,1.0
LAL029_b,CB0244,2.0
LAL029_b,CL248,1.5
LAL029_b,CL311,1.0
LAL029_b,CL344_a,0.5
LAL029_b,DNae001,29.0
LAL029_b,DNde002,8.0
LAL029_b,DNpe025,1.0
LAL029_b,GNG011,1.0
LAL029_b,IB023,1.0
LAL029_b,ICL003m,1.0
LAL029_b,ICL012m,1.0
LAL029_b,LAL013,1.0
LAL029_b,LAL073,26.5
LAL029_b,LAL119,19.0
LAL029_b,LAL135,2.0
LAL029_b,LAL154,7.0
LAL029_b,LCNOpm,3.5
LAL029_b,LNO2,10.5
LAL029_b,PVLP138,1.0
LAL029_b,SCL001m,0.33333334
LAL029_b,SIP091,1.0
LAL029_b,SIP124m,0.33333334
LAL029_b,SMP109,3.0
LAL029_b,SMP543,2.0
LAL029_b,VES087,3.0
LAL029_b,VES092,2.0
LAL029_b,VES202m,1.0
LAL040,AOTU042,-4.0
LAL040,ATL028,-1.0
LAL040,ATL036,-1.0
LAL040,AVLP462,-1.0
LAL040,CB1287,-1.0
LAL040,CRE004,-1.0
LAL040,CRE005,-0.6666667
LAL040,CRE012,-2.0
LAL040,CRE044,-1.0
LAL040,CRE081,-1.0
LAL040,CRE100,-1.0
LAL040,DNa01,-5.0
LAL040,DNae001,-109.0
LAL040,DNpe027,-1.0
LAL040,FB2K,-0.11111111
LAL040,FB4E_b,-0.25
LAL040,FB4E_c,-0.5
LAL040,FB4F_a,-3.0
LAL040,FB4F_c,-0.5
LAL040,FB4G,-1.0
LAL040,FB4M,-0.5
LAL040,FB4O,-0.33333334
LAL040,FB4Q_a,-0.5
LAL040,FB4Q_c,-0.33333334
LAL040,FB4Y,-0.5
LAL040,FB5A,-3.5
LAL040,FB5D,-0.6666667
LAL040,FB5H,-0.5
LAL040,FB5N,-0.75
LAL040,FB5P,-0.25
LAL040,FB5T,-0.5
LAL040,FB5V_a,-3.8333333
LAL040,FB5V_b,-0.5
LAL040,FB5V_c,-2.4
LAL040,FB5Z,-0.25
LAL040,GNG667,-0.5
LAL040,LAL007,-2.0
LAL040,LAL073,-5.0
LAL040,LAL119,-67.0
LAL040,LAL135,-4.0
LAL040,LAL154,-2.0
LAL040,LAL159,-26.0
LAL040,LAL162,-3.0
LAL040,LAL200,-16.0
LAL040,LCNOp,-4.5
LAL040,LNO2,-66.5
LAL040,LNOa,-0.5
LAL040,MBON26,-4.0
LAL040,MBON35,-0.5
LAL040,PPL108,-1.0
LAL040,PPM1201,-1.0
LAL040,PVLP138,-1.0
LAL040,SMP122,-4.0
LAL040,SMP471,-1.0
LAL040,SMP543,-5.0
LAL040,SMP709m,-1.0
LAL040,SMP713m,-1.0
LAL040,SMP714m,-1.5
LAL040,VES053,-2.0
LAL042,ATL028,-1.0
LAL042,AVLP562,-2.5
LAL042,CL308,-1.0
LAL042,CRE005,-6.3333335
LAL042,CRE011,-18.0
LAL042,CRE012,-26.0
LAL042,CRE044,-1.0
LAL042,DNpe027,-1.0
LAL042,ExR2,-0.25
LAL042,ExR4,-5.5
LAL042,ExR6,-12.0
LAL042,FB2K,-0.22222222
LAL042,FB3A,-17.0
LAL042,FB4B,-0.5
LAL042,FB4F_b,-1.5
LAL042,FB4G,-1.0
LAL042,FB4H,-0.5
LAL042,FB4P_b,-0.33333334
LAL042,FB5A,-0.5
LAL042,FB5V_a,-0.5
LAL042,FB5V_c,-0.4
LAL042,GNG667,-8.0
LAL042,LAL007,-2.0
LAL042,LAL008,-1.0
LAL042,LAL013,-2.0
LAL042,LAL045,-2.0
LAL042,LAL073,-0.5
LAL042,LAL101,-1.0
LAL042,LAL102,-2.0
LAL042,LAL155,-3.0
LAL042,LAL162,-1.0
LAL042,LAL171,-1.0
LAL042,LCNOp,-0.5
LAL042,LCNOpm,-0.5
LAL042,LNOa,-0.5
LAL042,LPsP,-1.5
LAL042,MBON34,-0.5
LAL042,MBON35,-12.5
LAL042,PVLP200m_b,-3.0
LAL042,SMP109,-1.0
LAL042,SMP471,-16.0
LAL042,SMP713m,-1.0
LAL042,VES087,-2.0
LAL045,AVLP562,-1.5
LAL045,CL344_a,-0.5
LAL045,CRE004,-8.0
LAL045,CRE012,-0.5
LAL045,CRE081,-4.0
LAL045,CRE100,-28.0
LAL045,DNpe053,-1.0
LAL045,ExR6,-1.0
LAL045,FB1C,-0.25
LAL045,FB4F_a,-3.5
LAL045,FB4F_b,-9.0
LAL045,FB4I,-14.5
LAL045,FB4K,-2.5
LAL045,FB4N,-2.0
LAL045,FB4P_b,-0.6666667
LAL045,FB4P_c,-0.5
LAL045,FB4Y,-0.75
LAL045,FB5A,-0.25
LAL045,FB5E,-0.5
LAL045,FB5Q,-0.25
LAL045,FB5T,-2.0
LAL045,FB5V_a,-1.5
LAL045,FB5V_c,-1.2
LAL045,GNG587,-1.0
LAL045,GNG667,-0.5
LAL045,LAL007,-9.0
LAL045,LAL040,-1.0
LAL045,LAL073,-1.5
LAL045,LAL119,-45.0
LAL045,LAL154,-7.0
LAL045,LAL159,-53.0
LAL045,LAL162,-22.0
LAL045,LAL200,-18.0
LAL045,LCNOpm,-0.5
LAL045,MBON26,-21.0
LAL045,MBON35,-4.0
LAL045,PFL3,-0.083333336
LAL045,PPL103,-1.0
LAL045,PPL108,-1.0
LAL045,PVLP203m,-0.25
LAL045,SIP091,-6.0
LAL045,SIP136m,-0.5
LAL045,SMP185,-1.0
LAL045,SMP446,-2.0
LAL045,SMP471,-9.0
LAL045,SMP492,-22.0
LAL045,SMP543,-1.0
LAL045,SMP593,-1.0
LAL045,SMP713m,-21.5
LAL045,SMP714m,-3.5
LAL045,SMP715m,-1.0
LAL045,VES020,-3.6666667
LAL045,VES053,-4.0
LAL045,VES092,-0.5
LAL045,aIPg1,-1.0
LAL073,AOTU019,-1.5
LAL073,AOTU042,-62.0
LAL073,ATL028,-2.5
LAL073,CB0244,-5.5
LAL073,CRE005,-0.16666667
LAL073,CRE012,-0.25
LAL073,CRE021,-0.25
LAL073,DNa01,-0.5
LAL073,DNae001,-0.5
LAL073,DNde002,-2.5
LAL073,DNpe027,-0.5
LAL073,EL,-0.2777778
LAL073,ER5,-0.6904762
LAL073,ExR1,-1.375
LAL073,ExR3,-0.25
LAL073,ExR4,-27.0
LAL073,ExR6,-21.75
LAL073,FB2K,-3.6666667
LAL073,FB3A,-0.125
LAL073,FB4B,-0.25
LAL073,FB4I,-0.25
LAL073,FB5A,-0.25
LAL073,FB5D,-0.8333333
LAL073,FB5Q,-0.125
LAL073,FB6X,-0.25
LAL073,FB7E,-0.083333336
LAL073,GNG667,-8.5
LAL073,IB023,-1.5
LAL073,LAL007,-0.5
LAL073,LAL008,-0.25
LAL073,LAL013,-0.5
LAL073,LAL029_b,-0.5
LAL073,LAL040,-52.5
LAL073,LAL045,-98.5
LAL073,LAL101,-38.5
LAL073,LAL102,-95.5
LAL073,LAL119,-0.5
LAL073,LAL135,-7.5
LAL073,LAL159,-46.0
LAL073,LAL171,-0.5
LAL073,LAL205,-1.5
LAL073,LNO2,-0.5
LAL073,MBON26,-1.0
LAL073,OA-VUMa8,-1.0
LAL073,PEG,-0.055555556
LAL073,PFL2,-0.083333336
LAL073,PFL3,-0.041666668
LAL073,PPM1201,-0.5
LAL073,PVLP200m_b,-0.5
LAL073,SMP543,-0.5
LAL073,VES087,-0.5
LAL101,AOTU042,-1.0
LAL101,AVLP562,-2.0
LAL101,CB3394,-5.0
LAL101,CRE004,-3.0
LAL101,CRE005,-0.6666667
LAL101,CRE011,-4.0
LAL101,CRE012,-3.0
LAL101,CRE081,-1.0
LAL101,CRE100,-71.0
LAL101,DNp52,-4.0
LAL101,ExR6,-10.5
LAL101,FB3A,-2.0
LAL101,FB3D,-1.0
LAL101,FB4F_a,-1.0
LAL101,FB4F_b,-12.5
LAL101,FB4G,-0.5
LAL101,FB4I,-22.5
LAL101,FB4M,-1.0
LAL101,FB4P_c,-0.5
LAL101,FB4Y,-0.25
LAL101,FB5A,-0.25
LAL101,FB5T,-2.5
LAL101,FB5V_a,-26.833334
LAL101,FB5V_b,-2.6666667
LAL101,FB5V_c,-8.8
LAL101,IB005,-21.0
LAL101,LAL008,-1.5
LAL101,LAL042,-1.0
LAL101,LAL102,-1.0
LAL101,LAL119,-35.0
LAL101,LAL159,-66.0
LAL101,LAL200,-1.0
LAL101,LAL205,-5.0
LAL101,MBON20,-1.5
LAL101,MBON35,-122.0
LAL101,PFL3,-0.083333336
LAL101,PFR_b,-0.4375
LAL101,PPL103,-1.0
LAL101,PPL108,-1.0
LAL101,SMP471,-1.0
LAL101,SMP713m,-0.5
LAL102,AOTU042,-1.0
LAL102,AVLP477,-3.5
LAL102,AVLP562,-3.0
LAL102,AVLP751m,-1.0
LAL102,CRE011,-26.0
LAL102,CRE012,-3.0
LAL102,CRE021,-2.0
LAL102,CRE044,-5.0
LAL102,CRE100,-16.0
LAL102,DNp36,-3.0
LAL102,DNp52,-30.0
LAL102,DNpe027,-2.0
LAL102,ExR6,-0.5
LAL102,FB4E_a,-0.2
LAL102,FB5V_a,-2.5
LAL102,FB5V_c,-3.2
LAL102,GNG667,-1.5
LAL102,IB005,-5.0
LAL102,LAL008,-0.5
LAL102,LAL040,-5.0
LAL102,LAL042,-2.0
LAL102,LAL073,-11.0
LAL102,LAL101,-3.0
LAL102,LAL119,-2.0
LAL102,LAL200,-25.0
LAL102,LAL205,-2.0
LAL102,MBON20,-0.5
LAL102,MBON35,-13.5
LAL102,PPL108,-2.0
LAL102,SIP136m,-1.5
LAL102,SMP052,-0.33333334
LAL102,SMP092,-6.0
LAL102,SMP108,-1.0
LAL102,SMP109,-19.0
LAL102,SMP543,-105.0
LAL102,VES053,-12.0
LAL102,VES092,-1.5
LAL102,VES096,-1.0
LAL119,ATL035,1.0
LAL119,AVLP714m,2.0
LAL119,CB0244,8.0
LAL119,CB1287,0.5
LAL119,CL199,0.5
LAL119,CL308,1.0
LAL119,CRE005,10.0
LAL119,CRE011,2.0
LAL119,CRE012,26.0
LAL119,CRE021,1.0
LAL119,CRE044,34.0
LAL119,CRE100,16.0
LAL119,DNae001,2.0
LAL119,DNc01,0.5
LAL119,DNp52,27.0
LAL119,DNp62,0.5
LAL119,ExR4,0.5
LAL119,ExR6,0.5
LAL119,ExR8,0.5
LAL119,FB2K,0.22222222
LAL119,FB4E_c,0.5
LAL119,FB4G,1.5
LAL119,FB4I,2.0
LAL119,FB4P_a,0.25
LAL119,FB4P_b,0.33333334
LAL119,FB4Y,0.25
LAL119,FB5A,1.5
LAL119,FB5V_a,0.5
LAL119,FB5V_c,4.4
LAL119,GNG011,1.0
LAL119,GNG304,1.5
LAL119,GNG587,1.0
LAL119,GNG667,1.5
LAL119,IB005,1.0
LAL119,ICL002m,3.0
LAL119,LAL007,128.0
LAL119,LAL008,1.0
LAL119,LAL029_b,3.0
LAL119,LAL040,8.0
LAL119,LAL045,3.0
LAL119,LAL073,2.5
LAL119,LAL101,7.0
LAL119,LAL102,2.0
LAL119,LAL135,242.0
LAL119,LAL154,48.0
LAL119,LAL155,3.0
LAL119,LAL159,8.0
LAL119,LAL162,1.0
LAL119,LAL171,13.0
LAL119,LAL192,3.0
LAL119,LAL200,3.0
LAL119,LAL208,3.0
LAL119,LNO1,0.5
LAL119,LPsP,3.0
LAL119,MBON35,1.0
LAL119,OA-VUMa8,37.0
LAL119,SMP052,1.0
LAL119,SMP543,5.0
LAL119,VES087,1.0
LAL119,VES092,0.5
LAL135,CB0244,124.0
LAL135,CRE012,3.0
LAL135,CRE044,1.0
LAL135,CRE100,4.0
LAL135,DNae001,1.0
LAL135,DNde002,18.0
LAL135,FB4I,0.5
LAL135,FB4P_a,1.25
LAL135,FB5A,0.25
LAL135,FB5V_a,0.8333333
LAL135,FB5V_c,1.4
LAL135,GLNO,0.25
LAL135,LAL008,2.0
LAL135,LAL045,53.0
LAL135,LAL073,0.5
LAL135,LAL101,2.0
LAL135,LAL154,4.0
LAL135,LAL155,5.0
LAL135,LAL171,3.0
LAL135,LAL200,2.0
LAL135,LAL208,2.0
LAL135,LCNOpm,1.0
LAL135,LNO1,0.25
LAL135,LNO2,5.0
LAL135,MBON35,0.5
LAL135,OA-VUMa8,2.0
LAL135,SAD075,0.75
LAL135,SMP471,5.0
LAL135,SMP543,2.0
LAL135,VES020,0.6666667
LAL135,VES087,1.0
LAL135,VES092,4.0
LAL154,AVLP477,0.5
LAL154,AstA1,85.0
LAL154,CB1062,8.0
LAL154,CB1287,1.5
LAL154,CL199,0.5
LAL154,CL208,0.33333334
LAL154,CL326,14.0
LAL154,CRE004,20.0
LAL154,CRE012,2.5
LAL154,CRE021,2.5
LAL154,DNp62,1.5
LAL154,DNpe053,31.0
LAL154,FB4A_a,0.8333333
LAL154,FB4C,1.0
LAL154,FB4F_c,1.1666666
LAL154,FB4G,0.5
LAL154,FB4I,0.5
LAL154,FB4P_b,1.3333334
LAL154,FB4P_c,4.0
LAL154,FB4Q_b,4.5
LAL154,FB4R,1.0
LAL154,FB4Y,0.25
LAL154,FB5D,0.33333334
LAL154,FB5F,1.0
LAL154,FB5H,33.5
LAL154,FB5K,0.5
LAL154,FB5N,0.5
LAL154,FB5V_b,0.8333333
LAL154,FB5X,10.833333
LAL154,FB6N,0.5
LAL154,LAL101,1.0
LAL154,LAL159,29.0
LAL154,PAL01,2.0
LAL154,PPL102,97.0
LAL154,PPL103,80.0
LAL154,PPL108,108.0
LAL154,SMP108,2.0
LAL154,SMP471,56.0
LAL154,SMP709m,3.0
LAL155,CB0244,1.0
LAL155,CL248,0.5
LAL155,CRE005,1.0
LAL155,CRE011,6.0
LAL155,CRE012,8.5
LAL155,CRE021,0.5
LAL155,CRE100,3.0
LAL155,DNae001,1.0
LAL155,ExR6,3.0
LAL155,FB1C,0.5
LAL155,FB1H,1.5
LAL155,FB4B,0.5
LAL155,FB4C,1.5
LAL155,FB4D_c,0.5
LAL155,FB4E_b,0.25
LAL155,FB4F_c,0.16666667
LAL155,FB4P_b,1.0
LAL155,FB4Q_c,1.3333334
LAL155,FB4R,1.1666666
LAL155,FB4Y,1.0
LAL155,FB5H,0.5
LAL155,FB5V_a,1.8333334
LAL155,FB5V_b,1.5
LAL155,FB5V_c,0.6
LAL155,IB005,2.0
LAL155,LAL007,2.0
LAL155,LAL008,2.5
LAL155,LAL013,1.0
LAL155,LAL040,7.0
LAL155,LAL045,4.0
LAL155,LAL073,1.0
LAL155,LAL135,1.0
LAL155,LAL159,1.0
LAL155,LCNOpm,0.5
LAL155,LNO1,0.25
LAL155,MBON35,73.0
LAL155,OA-VUMa8,2.0
LAL155,PPL102,2.0
LAL155,PVLP138,1.0
LAL155,SMP109,1.0
LAL155,SMP471,5.0
LAL155,SMP493,1.0
LAL155,SMP709m,1.0
LAL155,VES092,24.5
LAL159,AOTU019,2.0
LAL159,ATL028,4.0
LAL159,ATL036,5.0
LAL159,CB0244,1.0
LAL159,CB1287,1.0
LAL159,CL199,2.5
LAL159,CRE004,3.0
LAL159,CRE005,2.3333333
LAL159,CRE012,108.0
LAL159,CRE030_b,1.0
LAL159,CRE100,4.0
LAL159,DNae001,1.0
LAL159,DNp52,13.0
LAL159,ExR6,1.0
LAL159,FB4F_a,2.0
LAL159,FB4F_b,10.5
LAL159,FB4F_c,0.33333334
LAL159,FB4G,14.5
LAL159,FB4H,1.0
LAL159,FB4I,12.0
LAL159,FB4K,0.25
LAL159,FB4O,0.16666667
LAL159,FB4P_b,1.3333334
LAL159,FB4R,0.16666667
LAL159,FB4Y,0.75
LAL159,FB5A,0.5
LAL159,FB5E,0.5
LAL159,FB5K,0.5
LAL159,FB5V_a,0.16666667
LAL159,FB5V_b,0.16666667
LAL159,FB5V_c,0.2
LAL159,FB5W_a,0.8333333
LAL159,GNG587,1.0
LAL159,GNG667,2.5
LAL159,IB049,23.0
LAL159,LAL008,1.0
LAL159,LAL040,1.0
LAL159,LAL045,2.0
LAL159,LAL073,2.5
LAL159,LAL101,1.0
LAL159,LAL102,2.0
LAL159,LAL119,80.0
LAL159,LAL135,82.0
LAL159,LAL154,1.0
LAL159,LAL155,91.0
LAL159,LAL162,106.0
LAL159,LAL171,100.0
LAL159,LAL208,14.0
LAL159,LCNOp,2.0
LAL159,LCNOpm,3.5
LAL159,LNO1,0.25
LAL159,LNO2,1.0
LAL159,MBON26,6.0
LAL159,OA-VUMa8,18.0
LAL159,PFL2,0.083333336
LAL159,PPL103,4.0
LAL159,PPL108,1.0
LAL159,PVLP138,2.0
LAL159,SMP122,2.0
LAL159,SMP377,1.0
LAL159,SMP471,7.0
LAL159,VES087,2.0
LAL159,VES092,0.5
LAL162,AOTU042,1.0
LAL162,CRE012,4.0
LAL162,FB2K,0.44444445
LAL162,LAL008,1.0
LAL162,LAL042,5.0
LAL162,LAL073,16.0
LAL162,LAL101,2.0
LAL162,LAL102,1.0
LAL162,LAL159,2.0
LAL162,LNO1,1.5
LAL162,LNO2,1.0
LAL162,SAD075,0.25
LAL162,VES087,3.0
LAL171,CRE005,0.6666667
LAL171,CRE011,4.0
LAL171,FB4B,2.5
LAL171,LAL073,80.0
LAL171,LAL159,1.0
LAL171,LCNOpm,6.0
LAL171,MBON26,17.0
LAL171,MBON35,31.5
LAL171,SIP087,2.0
LAL171,SMP543,1.0
LAL171,VES087,1.0
LAL192,AOTU019,5.0
LAL192,AVLP562,8.5
LAL192,AVLP705m,1.0
LAL192,CB1062,0.25
LAL192,CB1287,3.5
LAL192,CB3394,1.0
LAL192,CRE004,2.0
LAL192,CRE005,1.0
LAL192,CRE011,7.0
LAL192,CRE021,0.5
LAL192,CRE030_b,3.0
LAL192,CRE100,2.0
LAL192,DNae001,2.0
LAL192,DNp67,1.0
LAL192,ExR6,1.0
LAL192,FB4E_b,0.25
LAL192,FB4F_c,0.16666667
LAL192,FB4G,3.0
LAL192,FB4I,0.5
LAL192,FB4M,15.5
LAL192,FB4P_a,5.75
LAL192,FB4Y,3.25
LAL192,FB5D,6.3333335
LAL192,FB5E,1.0
LAL192,FB5T,4.0
LAL192,FB5V_a,16.5
LAL192,FB5V_b,13.833333
LAL192,FB5V_c,7.4
LAL192,GNG587,3.0
LAL192,IB005,6.0
LAL192,ICL010m,2.0
LAL192,LAL007,1.0
LAL192,LAL040,2.0
LAL192,LAL045,6.0
LAL192,LAL101,67.0
LAL192,LAL102,1.0
LAL192,LAL119,2.0
LAL192,LAL200,4.0
LAL192,LAL205,8.0
LAL192,LCNOpm,1.0
LAL192,LNO1,1.75
LAL192,MBON20,43.0
LAL192,MBON25-like,0.25
LAL192,MBON34,4.5
LAL192,MBON35,14.5
LAL192,PPL102,15.0
LAL192,PPL108,28.0
LAL192,SMP052,1.0
LAL192,SMP471,12.0
LAL192,SMP543,11.0
LAL192,SMP713m,1.0
LAL192,VES092,0.5
LAL200,ATL032,48.0
LAL200,ATL036,1.0
LAL200,CL007,25.0
LAL200,CRE004,2.0
LAL200,CRE011,1.0
LAL200,CRE012,0.5
LAL200,CRE100,1.0
LAL200,DNpe027,115.0
LAL200,ExR3,15.5
LAL200,ExR6,0.5
LAL200,FB2D,0.16666667
LAL200,FB2G_b,0.16666667
LAL200,FB2I_a,0.5
LAL200,FB4Y,0.5
LAL200,FB5A,0.25
LAL200,FB5P,0.25
LAL200,FB5V_a,0.16666667
LAL200,FB6H,0.5
LAL200,IB005,16.0
LAL200,IB020,1.0
LAL200,IB032,2.0
LAL200,IB110,210.0
LAL200,IbSpsP,0.032258064
LAL200,LAL008,0.5
LAL200,LAL042,2.0
LAL200,PFL3,0.041666668
LAL200,PLP124,1.5
LAL200,SMP543,2.0
LAL200,SMP597,1.0
LAL200,VES020,1.0
LAL200,VES092,0.5
LAL200,WED076,2.0
LAL200,WED210,1.0
LAL205,AOTU042,-1.0
LAL205,CRE005,-1.3333334
LAL205,CRE012,-4.0
LAL205,ExR2,-2.25
LAL205,ExR4,-1.5
LAL205,ExR6,-3.5
LAL205,FB2A,-0.5
LAL205,FB2G_b,-1.1666666
LAL205,FB3A,-0.25
LAL205,FB3D,-1.0
LAL205,FB4E_a,-3.0
LAL205,FB4E_b,-0.5
LAL205,FB4E_c,-4.5
LAL205,FB4F_a,-0.5
LAL205,FB4L,-21.25
LAL205,FB4M,-1.25
LAL205,FB4Y,-0.5
LAL205,FB5A,-0.25
LAL205,FB5V_a,-1.0
LAL205,FB5V_b,-1.0
LAL205,FB5V_c,-0.4
LAL205,FC1A,-0.05882353
LAL205,FC1F,-0.06666667
LAL205,FC3_b,-0.2
LAL205,LAL008,-72.5
LAL205,LAL040,-184.0
LAL205,LAL042,-3.0
LAL205,LAL073,-3.0
LAL205,LAL101,-255.0
LAL205,LAL102,-236.0
LAL205,LAL159,-9.0
LAL205,LAL162,-2.0
LAL205,LPsP,-12.0
LAL205,MBON26,-3.0
LAL205,OA-VPM3,-2.0
LAL205,PPM1201,-8.0
LAL208,AstA1,-6.0
LAL208,CB0244,-3.0
LAL208,CRE012,-0.5
LAL208,CRE100,-14.0
LAL208,DNde002,-6.0
LAL208,DNp52,-1.0
LAL208,DNp62,-0.5
LAL208,ExR6,-0.5
LAL208,FB4C,-0.5
LAL208,LAL135,-8.0
LAL208,LAL154,-6.0
LAL208,LAL159,-5.0
LAL208,LNO1,-0.25
LAL208,MBON26,-29.0
LAL208,PFR_b,-0.25
LAL208,SAD075,-0.75
LAL208,SIP087,-6.0
LAL208,SMP471,-1.0
LAL208,SMP586,-30.0
LAL208,SMP714m,-0.5
LAL208,VES087,-1.0
LAL208,VES092,-41.0
LAL208,aIPg1,-1.0
LCNOp,AN27X013,-0.16666667
LCNOp,AOTU019,-0.5
LCNOp,AVLP705m,-0.5
LCNOp,CRE004,-2.5
LCNOp,CRE005,-0.16666667
LCNOp,DNc02,-0.25
LCNOp,ExR6,-0.5
LCNOp,FB1C,-1.625
LCNOp,FB1H,-1.75
LCNOp,FB2D,-0.083333336
LCNOp,FB4E_a,-0.1
LCNOp,FB4H,-0.5
LCNOp,FB4Y,-0.125
LCNOp,FB5A,-0.25
LCNOp,FB5V_b,-0.083333336
LCNOp,LAL159,-1.0
LCNOp,LCNOpm,-12.0
LCNOp,MBON20,-0.25
LCNOp,OA-VPM3,-7.5
LCNOp,OA-VUMa8,-0.5
LCNOp,PEN_a(PEN1),-0.05
LCNOp,PFL3,-0.020833334
LCNOp,PFNm_a,-0.26190478
LCNOp,PFNm_b,-0.61538464
LCNOp,PFNp_a,-24.335938
LCNOp,PFNp_b,-4.4227943
LCNOp,PFNp_c,-1.675
LCNOp,PFNp_d,-15.071428
LCNOp,PFNp_e,-23.717392
LCNOp,PVLP138,-0.5
LCNOp,SAD047,-0.5
LCNOp,SAF,-0.0625
LCNOp,vDeltaA_a,-0.007142857
LCNOp,vDeltaM,-0.28181818
LCNOpm,CL248,-0.75
LCNOpm,DNae001,-0.5
LCNOpm,ExR6,-0.5
LCNOpm,FB1C,-2.75
LCNOpm,FB1H,-0.25
LCNOpm,FB2A,-0.125
LCNOpm,FB2D,-0.083333336
LCNOpm,FB4G,-0.25
LCNOpm,FB4M,-0.125
LCNOpm,FB6M,-0.125
LCNOpm,GLNO,-0.25
LCNOpm,LAL073,-0.25
LCNOpm,LCNOp,-0.5
LCNOpm,LNO1,-0.375
LCNOpm,LNO2,-0.25
LCNOpm,LNOa,-0.25
LCNOpm,PFNa,-0.02586207
LCNOpm,PFNm_a,-48.95238
LCNOpm,PFNm_b,-39.615383
LCNOpm,PFNp_a,-4.7265625
LCNOpm,PFNp_b,-20.283089
LCNOpm,PFNp_c,-45.475
LCNOpm,PFNp_d,-3.3035715
LCNOpm,PFNp_e,-16.73913
LCNOpm,PFNv,-0.025
LCNOpm,PVLP138,-0.5
LCNOpm,SMP543,-0.5
LCNOpm,vDeltaM,-0.009090909
LHPV6f1,ATL012,0.33333334
LHPV6f1,ATL018,2.6666667
LHPV6f1,ATL028,9.333333
LHPV6f1,ATL032,16.333334
LHPV6f1,ATL035,1.0
LHPV6f1,ATL036,0.33333334
LHPV6f1,ATL042,1.3333334
LHPV6f1,CL007,0.6666667
LHPV6f1,CL248,1.1666666
LHPV6f1,FB2E,0.083333336
LHPV6f1,FB2I_a,1.3333334
LHPV6f1,FB2I_b,0.33333334
LHPV6f1,IB005,3.0
LHPV6f1,LHPV6f1,0.11111111
LHPV6f1,OA-VPM3,0.16666667
LHPV6f1,PLP124,0.16666667
LHPV6f1,SMP016_b,0.33333334
LHPV6f1,SMP185,1.6666666
LNO1,ER4d,0.009615385
LNO1,ExR2,0.1875
LNO1,ExR4,0.125
LNO1,ExR8,1.5
LNO1,FB1C,6.8125
LNO1,FB1H,26.75
LNO1,FB2A,16.3125
LNO1,FB2D,0.7083333
LNO1,FB2K,0.027777778
LNO1,FB3A,25.8125
LNO1,FB4B,62.125
LNO1,FB4C,139.0
LNO1,FB4E_a,0.05
LNO1,FB4F_b,0.375
LNO1,FB4M,3.5
LNO1,FB4Y,0.3125
LNO1,FS3_c,0.25
LNO1,GLNO,4.5
LNO1,LAL171,0.25
LNO1,LAL192,0.5
LNO1,LCNOpm,0.75
LNO1,LNO1,56.375
LNO1,LNO2,218.75
LNO1,LNOa,1.875
LNO1,MBON35,0.125
LNO1,OA-VPM3,4.625
LNO1,PEN_b(PEN2),0.011363637
LNO1,PFNa,0.10344828
LNO1,PFNd,18.6375
LNO1,PFNm_b,0.009615385
LNO1,PFNv,49.8625
LNO1,aSP22,0.25
LNO2,DNa01,-0.5
LNO2,DNae001,-0.5
LNO2,ExR7,-0.125
LNO2,FB1H,-39.0
LNO2,FB2A,-1.125
LNO2,FB2D,-0.16666667
LNO2,FB3A,-11.75
LNO2,FB4B,-79.0
LNO2,FB4C,-68.5
LNO2,FB4F_b,-0.25
LNO2,FB4M,-11.625
LNO2,FB5A,-0.125
LNO2,GLNO,-0.75
LNO2,LAL013,-0.5
LNO2,LAL040,-0.5
LNO2,LAL135,-0.5
LNO2,LAL155,-0.5
LNO2,LAL159,-1.0
LNO2,LAL205,-0.5
LNO2,LCNOp,-0.5
LNO2,LCNOpm,-0.75
LNO2,LNO1,-195.5
LNO2,LNOa,-1.25
LNO2,OA-VPM3,-6.75
LNO2,PEN_a(PEN1),-0.025
LNO2,PEN_b(PEN2),-0.11363637
LNO2,PFL1,-0.071428575
LNO2,PFNd,-120.125
LNO2,PFNv,-0.475
LNOa,ExR8,-0.125
LNOa,FB2A,-4.125
LNOa,FB2D,-2.6666667
LNOa,FB3A,-0.125
LNOa,FB4Y,-0.125
LNOa,GLNO,-0.75
LNOa,LCNOpm,-1.25
LNOa,LNO1,-0.375
LNOa,PFNa,-74.98276
LNOa,PFNd,-0.05
LNOa,PFNm_b,-0.65384614
LNOa,PFNp_b,-0.04779412
LPsP,AN09A005,2.3333333
LPsP,AN27X013,1.6666666
LPsP,DNc02,0.25
LPsP,Delta7,6.25
LPsP,EL,0.41666666
LPsP,EPG,42.065216
LPsP,EPGt,42.75
LPsP,ExR1,0.25
LPsP,ExR2,0.25
LPsP,ExR6,0.5
LPsP,ExR7,0.125
LPsP,FB4Y,0.25
LPsP,FB4Z_b,0.16666667
LPsP,GLNO,0.375
LPsP,IbSpsP,0.33870968
LPsP,LNO2,2.0
LPsP,LNOa,0.25
LPsP,LPsP,1.75
LPsP,OA-AL2i1,35.5
LPsP,P6-8P9,2.375
LPsP,PEG,80.388885
LPsP,PEN_a(PEN1),64.575
LPsP,PEN_b(PEN2),3.2272727
LPsP,PFGs,1.2222222
LPsP,PFL1,5.5
LPsP,PFL2,18.333334
LPsP,PFL3,8.229167
LPsP,PFNa,1.1293104
LPsP,PFNd,3.925
LPsP,PFNm_a,0.1904762
LPsP,PFNm_b,0.17307693
LPsP,PFNp_a,3.203125
LPsP,PFNp_b,1.8860294
LPsP,PFNp_c,1.0875
LPsP,PFNp_d,0.26785713
LPsP,PFNp_e,3.5652175
LPsP,PFNv,8.6
LPsP,PFR_a,1.0892857
LPsP,PFR_b,10.34375
LPsP,SMP492,0.5
LPsP,SMP493,0.5
LPsP,SpsP,0.375
LPsP,hDeltaA,0.083333336
LPsP,hDeltaI,0.11764706
LPsP,hDeltaL,0.045454547
LT66,AN09A005,21.833334
LT66,AVLP115,0.5
LT66,AVLP476,0.5
LT66,CB1017,0.5
LT66,CL366,0.5
LT66,DNc02,0.25
LT66,DNpe037,10.5
LT66,LT66,65.0
LT66,OA-AL2i1,13.25
LT66,PVLP093,37.0
LT66,aSP10A_b,0.5
MBON02,AVLP751m,-3.0
MBON02,CL062_b3,-0.25
MBON02,DNp52,-0.5
MBON02,DPM,-0.5
MBON02,ER3d_a,-0.071428575
MBON02,FB5AA,-0.25
MBON02,FB5AB,-0.25
MBON02,FB6U,-0.125
MBON02,FB6V,-0.25
MBON02,FB8F_a,-0.071428575
MBON02,KCab-c,-0.045454547
MBON02,KCab-m,-0.125
MBON02,KCab-s,-0.055555556
MBON02,MBON02,-1.5
MBON02,OA-VPM3,-1.5
MBON02,PAM04,-0.1
MBON02,SIP087,-0.5
MBON02,SMP108,-2.0
MBON02,SMP709m,-0.5
MBON20,ATL028,-0.5
MBON20,ATL042,-0.5
MBON20,AVLP036,-1.5
MBON20,AVLP069_b,-1.0
MBON20,AVLP176_b,-0.5
MBON20,AVLP193,-1.0
MBON20,AVLP397,-4.5
MBON20,AVLP488,-1.5
MBON20,AVLP562,-1.25
MBON20,AVLP727m,-0.25
MBON20,AVLP734m,-0.2
MBON20,AVLP738m,-0.5
MBON20,AVLP751m,-1.5
MBON20,CB1017,-1.5
MBON20,CB1062,-0.25
MBON20,CB1189,-1.5
MBON20,CB1287,-0.25
MBON20,CB1301,-0.5
MBON20,CB3439,-0.25
MBON20,CL062_a1,-3.0
MBON20,CL062_a2,-2.25
MBON20,CL062_b1,-1.0
MBON20,CL199,-0.25
MBON20,CL251,-0.5
MBON20,CL311,-2.0
MBON20,CRE005,-0.6666667
MBON20,CRE012,-2.0
MBON20,DNpe043,-1.5
MBON20,DPM,-1.0
MBON20,FB1H,-0.25
MBON20,FB4E_b,-0.125
MBON20,FB4G,-1.75
MBON20,FB4H,-0.5
MBON20,FB4L,-0.125
MBON20,FB4M,-0.25
MBON20,FB4O,-0.083333336
MBON20,FB4R,-0.083333336
MBON20,FB4Y,-1.125
MBON20,FB5D,-0.33333334
MBON20,FB5F,-0.25
MBON20,FB5N,-0.125
MBON20,FB5V_a,-0.16666667
MBON20,GNG667,-20.0
MBON20,IB005,-0.5
MBON20,LAL013,-2.5
MBON20,LAL040,-0.5
MBON20,LAL101,-1.5
MBON20,LAL135,-0.5
MBON20,LCNOp,-1.0
MBON20,MBON25,-1.75
MBON20,MBON25-like,-0.125
MBON20,MBON34,-0.25
MBON20,MBON35,-2.0
MBON20,OA-ASM2,-0.5
MBON20,OA-VPM3,-0.75
MBON20,OA-VPM4,-1.0
MBON20,OA-VUMa8,-10.0
MBON20,PPL102,-3.0
MBON20,PPL103,-2.0
MBON20,PPL108,-0.5
MBON20,PPM1201,-71.0
MBON20,SIP104m,-0.125
MBON20,SIP136m,-0.5
MBON20,SLP215,-21.5
MBON20,SMP028,-0.5
MBON20,SMP109,-0.5
MBON20,SMP122,-1.0
MBON20,SMP377,-0.5
MBON20,SMP471,-0.5
MBON20,SMP493,-0.5
MBON20,SMP543,-1.5
MBON20,SMP586,-0.5
MBON20,pC1x_b,-1.0
MBON25,AVLP477,-0.5
MBON25,AstA1,-24.5
MBON25,CB1062,-1.875
MBON25,CB1287,-0.75
MBON25,CL208,-0.16666667
MBON25,CRE004,-2.5
MBON25,CRE006,-0.25
MBON25,CRE012,-0.25
MBON25,DNp52,-5.5
MBON25,FB1C,-0.125
MBON25,FB1H,-3.5
MBON25,FB4B,-1.25
MBON25,FB4F_b,-0.25
MBON25,FB4G,-8.5
MBON25,FB4H,-2.5
MBON25,FB4Y,-1.625
MBON25,FB5K,-0.25
MBON25,MBON20,-56.5
MBON25,MBON25,-0.5
MBON25,MBON25-like,-1.375
MBON25,MBON34,-1.5
MBON25,MBON35,-3.5
MBON25,OA-VPM4,-0.5
MBON25,PPL102,-1.0
MBON25,PPL103,-4.0
MBON25,PPL108,-27.0
MBON25,SMP377,-0.5
MBON25,SMP493,-0.5
MBON25,SMP714m,-0.25
MBON25,SMP715m,-2.75
MBON25-like,AVLP477,-0.125
MBON25-like,AVLP562,-0.125
MBON25-like,AstA1,-13.0
MBON25-like,CB1062,-1.625
MBON25-like,CB1287,-0.875
MBON25-like,CB3394,-0.25
MBON25-like,CL208,-0.5
MBON25-like,CL326,-0.25
MBON25-like,CRE004,-2.5
MBON25-like,CRE005,-0.083333336
MBON25-like,CRE006,-0.375
MBON25-like,CRE012,-2.375
MBON25-like,CRE021,-0.125
MBON25-like,CRE030_b,-0.25
MBON25-like,DNc01,-0.125
MBON25-like,DNp52,-4.5
MBON25-like,DNp62,-0.125
MBON25-like,DNpe053,-0.25
MBON25-like,DPM,-0.5
MBON25-like,FB1C,-0.3125
MBON25-like,FB1H,-1.75
MBON25-like,FB4B,-1.375
MBON25-like,FB4F_a,-0.125
MBON25-like,FB4F_b,-4.5
MBON25-like,FB4G,-10.75
MBON25-like,FB4H,-25.875
MBON25-like,FB4I,-0.75
MBON25-like,FB4J,-0.5
MBON25-like,FB4K,-0.125
MBON25-like,FB4M,-0.5
MBON25-like,FB4O,-0.083333336
MBON25-like,FB4R,-0.083333336
MBON25-like,FB4Y,-1.5625
MBON25-like,FB5N,-0.1875
MBON25-like,FB5V_a,-0.25
MBON25-like,FB5V_b,-0.33333334
MBON25-like,FB5W_a,-0.083333336
MBON25-like,GNG587,-0.25
MBON25-like,LAL155,-0.25
MBON25-like,MBON20,-25.25
MBON25-like,MBON25,-1.375
MBON25-like,MBON25-like,-0.75
MBON25-like,MBON34,-1.25
MBON25-like,MBON35,-2.75
MBON25-like,PAL01,-0.25
MBON25-like,PPL102,-1.0
MBON25-like,PPL103,-7.5
MBON25-like,PPL108,-18.75
MBON25-like,SMP052,-0.083333336
MBON25-like,SMP109,-1.0
MBON25-like,SMP122,-0.5
MBON25-like,SMP377,-1.25
MBON25-like,SMP446,-0.25
MBON25-like,SMP593,-0.25
MBON25-like,SMP709m,-0.25
MBON25-like,SMP713m,-0.125
MBON25-like,SMP714m,-0.125
MBON25-like,SMP715m,-1.0
MBON26,ATL028,5.0
MBON26,ATL036,5.0
MBON26,AVLP477,0.5
MBON26,CRE005,0.33333334
MBON26,CRE012,18.5
MBON26,DPM,1.0
MBON26,ER1_a,0.09090909
MBON26,ER1_c,0.25
MBON26,ExR5,0.25
MBON26,FB1C,1.0
MBON26,FB1H,1.5
MBON26,FB2B_a,0.25
MBON26,FB4B,0.5
MBON26,FB4F_b,1.0
MBON26,FB4F_c,0.33333334
MBON26,FB4G,4.5
MBON26,FB4M,1.0
MBON26,FB4N,16.5
MBON26,FB4O,0.33333334
MBON26,FB4X,1.5
MBON26,FB5I,2.0
MBON26,FB5K,1.0
MBON26,FB5L,1.0
MBON26,FB5N,0.25
MBON26,FB5W_a,0.33333334
MBON26,FB5X,0.16666667
MBON26,IB023,1.0
MBON26,IB049,23.0
MBON26,LAL042,1.0
MBON26,LAL073,21.0
MBON26,LAL119,1.0
MBON26,LAL135,125.0
MBON26,LAL155,53.0
MBON26,LAL159,8.0
MBON26,LAL162,2.0
MBON26,LAL171,265.0
MBON26,LAL208,29.0
MBON26,LCNOpm,1.0
MBON26,LNO2,1.0
MBON26,MBON02,0.5
MBON26,PAM03,7.0
MBON26,PPL103,5.0
MBON26,PPL108,1.0
MBON26,SIP087,3.0
MBON26,SMP108,1.0
MBON26,SMP471,1.0
MBON26,SMP714m,0.5
MBON34,AVLP477,-0.5
MBON34,AVLP562,-0.5
MBON34,CB1062,-0.25
MBON34,CB1287,-0.75
MBON34,CRE004,-28.5
MBON34,CRE005,-0.33333334
MBON34,CRE011,-2.5
MBON34,CRE012,-5.25
MBON34,CRE021,-1.25
MBON34,CRE044,-0.5
MBON34,CRE081,-1.0
MBON34,CRE100,-1.5
MBON34,DNp52,-12.0
MBON34,ExR6,-0.5
MBON34,FB1H,-3.5
MBON34,FB4E_a,-0.1
MBON34,FB4F_a,-3.0
MBON34,FB4F_b,-10.25
MBON34,FB4F_c,-0.083333336
MBON34,FB4G,-21.0
MBON34,FB4H,-33.75
MBON34,FB4I,-8.25
MBON34,FB4J,-1.5
MBON34,FB4K,-0.625
MBON34,FB4M,-0.375
MBON34,FB4P_b,-0.16666667
MBON34,FB4R,-0.33333334
MBON34,FB4X,-0.25
MBON34,FB4Y,-1.375
MBON34,FB5A,-0.125
MBON34,FB5V_a,-1.5833334
MBON34,FB5V_b,-0.16666667
MBON34,FB5V_c,-0.2
MBON34,FB5X,-0.16666667
MBON34,FB6N,-0.5
MBON34,IB049,-1.5
MBON34,LAL119,-1.0
MBON34,LAL159,-11.5
MBON34,LAL162,-0.5
MBON34,LAL192,-0.5
MBON34,LCNOp,-0.25
MBON34,MBON20,-6.0
MBON34,MBON25,-0.25
MBON34,MBON25-like,-0.375
MBON34,MBON34,-0.5
MBON34,MBON35,-0.5
MBON34,OA-VUMa8,-0.5
MBON34,PPL102,-1.0
MBON34,PPL103,-0.5
MBON34,PPL108,-12.5
MBON34,SMP109,-0.5
MBON34,SMP122,-2.0
MBON34,SMP543,-1.0
MBON34,SMP709m,-1.0
MBON34,SMP714m,-0.5
MBON34,SMP715m,-0.75
MBON34,VES109,-1.0
MBON35,AN08B027,0.5
MBON35,AOTU042,0.5
MBON35,AOTU100m,3.5
MBON35,ATL028,8.0
MBON35,ATL035,0.5
MBON35,AVLP562,0.75
MBON35,CB0244,9.0
MBON35,CB1062,0.5
MBON35,CL251,1.5
MBON35,CL344_a,3.0
MBON35,CRE004,2.0
MBON35,CRE005,1.6666666
MBON35,CRE006,1.75
MBON35,CRE011,270.0
MBON35,CRE012,7.0
MBON35,CRE044,0.5
MBON35,CRE081,2.0
MBON35,CRE100,4.5
MBON35,DNde002,0.5
MBON35,DNp52,9.0
MBON35,DNp62,4.0
MBON35,DNpe027,1.0
MBON35,DNpe053,1.0
MBON35,ExR1,1.0
MBON35,FB1C,0.625
MBON35,FB1G,0.5
MBON35,FB4B,0.5
MBON35,FB4E_a,0.3
MBON35,FB4E_b,0.125
MBON35,FB4F_a,0.25
MBON35,FB4F_b,0.5
MBON35,FB4F_c,0.41666666
MBON35,FB4G,0.25
MBON35,FB4I,0.5
MBON35,FB4K,0.125
MBON35,FB4L,1.875
MBON35,FB4M,11.75
MBON35,FB4Y,5.75
MBON35,FB5A,1.25
MBON35,FB5M,1.5
MBON35,FB5N,1.75
MBON35,FB5V_a,8.083333
MBON35,FB5V_b,0.9166667
MBON35,FB5V_c,4.0
MBON35,FB5W_a,0.16666667
MBON35,FB5X,0.083333336
MBON35,FB6Y,0.25
MBON35,GNG304,0.25
MBON35,IB005,75.5
MBON35,IB049,0.5
MBON35,LAL007,0.5
MBON35,LAL008,113.0
MBON35,LAL040,21.0
MBON35,LAL042,116.0
MBON35,LAL045,75.0
MBON35,LAL073,0.25
MBON35,LAL101,64.5
MBON35,LAL102,4.0
MBON35,LAL119,4.0
MBON35,LAL135,1.0
MBON35,LAL154,1.0
MBON35,LAL155,0.5
MBON35,LAL159,0.5
MBON35,LAL192,1.0
MBON35,LAL200,3.5
MBON35,LAL205,4.0
MBON35,LAL208,4.0
MBON35,LCNOp,0.5
MBON35,LCNOpm,0.25
MBON35,LNO2,11.75
MBON35,MBON20,2.25
MBON35,MBON25-like,0.125
MBON35,MBON26,0.5
MBON35,OA-VPM3,0.25
MBON35,OA-VPM4,0.5
MBON35,OA-VUMa8,2.0
MBON35,PAL01,1.0
MBON35,PPL102,0.5
MBON35,PPL103,1.0
MBON35,PPL108,19.5
MBON35,SIP087,0.5
MBON35,SIP110m_a,0.5
MBON35,SIP133m,0.5
MBON35,SMP028,4.5
MBON35,SMP052,0.8333333
MBON35,SMP108,3.0
MBON35,SMP109,1.0
MBON35,SMP471,9.5
MBON35,SMP493,21.5
MBON35,SMP543,1.5
MBON35,SMP586,4.5
MBON35,SMP597,1.5
MBON35,SMP713m,0.5
MBON35,SMP714m,1.25
MBON35,VES053,0.5
MBON35,VES087,1.0
MBON35,VES092,3.0
MBON35,pC1x_b,0.5
OA-AL2i1,AN07B004,0.5
OA-AL2i1,AN09A005,0.6666667
OA-AL2i1,AN27X013,0.33333334
OA-AL2i1,DNc01,0.5
OA-AL2i1,DNc02,1.25
OA-AL2i1,DNp101,0.5
OA-AL2i1,DNpe050,0.25
OA-AL2i1,Delta7,4.702381
OA-AL2i1,EL,0.1388889
OA-AL2i1,EPG,2.7391305
OA-AL2i1,EPGt,3.625
OA-AL2i1,ICL013m_b,0.5
OA-AL2i1,IbSpsP,0.11290322
OA-AL2i1,LPsP,34.75
OA-AL2i1,LT66,3.25
OA-AL2i1,OA-AL2i1,0.25
OA-AL2i1,P6-8P9,2.0
OA-AL2i1,PEG,0.9444444
OA-AL2i1,PEN_a(PEN1),1.25
OA-AL2i1,PEN_b(PEN2),0.72727275
OA-AL2i1,PFGs,0.3888889
OA-AL2i1,PFL1,0.25
OA-AL2i1,PFL2,0.29166666
OA-AL2i1,PFL3,0.22916667
OA-AL2i1,PFNa,0.1724138
OA-AL2i1,PFNd,0.6
OA-AL2i1,PFNm_a,0.071428575
OA-AL2i1,PFNm_b,0.03846154
OA-AL2i1,PFNp_a,0.03125
OA-AL2i1,PFNp_b,0.022058824
OA-AL2i1,PFNp_c,0.1125
OA-AL2i1,PFNp_d,0.017857144
OA-AL2i1,PFNp_e,0.04347826
OA-AL2i1,PFNv,0.175
OA-AL2i1,PFR_a,0.05357143
OA-AL2i1,PFR_b,0.09375
OA-AL2i1,SIP136m,0.5
OA-AL2i1,SMP593,0.5
OA-AL2i1,SpsP,0.375
OA-ASM2,AN00A006,1.0
OA-ASM2,AN05B103,1.5
OA-ASM2,AN08B020,3.0
OA-ASM2,AVLP025,1.0
OA-ASM2,AVLP036,2.0
OA-ASM2,AVLP190,1.0
OA-ASM2,AVLP192_b,0.5
OA-ASM2,AVLP210,3.0
OA-ASM2,AVLP314,3.0
OA-ASM2,AVLP397,4.0
OA-ASM2,AVLP476,5.0
OA-ASM2,AVLP477,1.0
OA-ASM2,AVLP488,3.0
OA-ASM2,AVLP562,0.5
OA-ASM2,AVLP714m,1.0
OA-ASM2,AVLP715m,3.0
OA-ASM2,AVLP730m,1.0
OA-ASM2,AVLP746m,2.0
OA-ASM2,AstA1,4.0
OA-ASM2,CB0244,1.0
OA-ASM2,CB1672,1.0
OA-ASM2,CB2286,1.0
OA-ASM2,CB3019,2.0
OA-ASM2,CB3302,1.3333334
OA-ASM2,CB3439,1.0
OA-ASM2,CL062_a2,0.5
OA-ASM2,CL109,1.0
OA-ASM2,CL111,2.0
OA-ASM2,CL199,0.5
OA-ASM2,CL208,0.33333334
OA-ASM2,CL248,1.0
OA-ASM2,CL310,1.0
OA-ASM2,CL326,1.0
OA-ASM2,CL344_a,0.5
OA-ASM2,CL366,7.0
OA-ASM2,CRE100,1.0
OA-ASM2,DNa14,2.0
OA-ASM2,DNc02,0.5
OA-ASM2,DNd05,7.0
OA-ASM2,DNde002,6.0
OA-ASM2,DNp62,0.5
OA-ASM2,DNp64,2.0
OA-ASM2,DNp67,1.0
OA-ASM2,DNpe025,1.0
OA-ASM2,DNpe043,6.0
OA-ASM2,GNG304,1.5
OA-ASM2,GNG667,2.5
OA-ASM2,IB023,1.0
OA-ASM2,ICL008m,0.5
OA-ASM2,IbSpsP,0.7741935
OA-ASM2,LAL045,1.0
OA-ASM2,LAL135,1.0
OA-ASM2,LAL154,1.0
OA-ASM2,MBON20,2.5
OA-ASM2,OA-VUMa8,11.0
OA-ASM2,PPM1201,1.0
OA-ASM2,SAD075,0.5
OA-ASM2,SIP118m,0.6666667
OA-ASM2,SIP119m,0.85714287
OA-ASM2,SIP133m,1.0
OA-ASM2,SIP136m,2.0
OA-ASM2,SIP145m,0.5
OA-ASM2,SIP146m,0.33333334
OA-ASM2,SLP215,2.0
OA-ASM2,SMP492,2.0
OA-ASM2,SMP543,1.0
OA-ASM2,SMP593,1.0
OA-ASM2,VES020,0.6666667
OA-ASM2,VES053,3.0
OA-ASM2,VES087,1.0
OA-ASM2,VES092,2.0
OA-ASM2,VES097,1.0
OA-ASM2,VES101,1.0
OA-ASM2,VES109,1.0
OA-ASM2,VES204m,1.0
OA-ASM2,pIP10,1.0
OA-VPM3,AN05B103,0.75
OA-VPM3,AN07B004,1.5
OA-VPM3,AOTU046,0.25
OA-VPM3,ATL011,2.5
OA-VPM3,ATL012,0.5
OA-VPM3,ATL018,4.0
OA-VPM3,ATL021,1.0
OA-VPM3,ATL028,7.0
OA-VPM3,ATL035,1.0
OA-VPM3,AVLP069_b,0.5
OA-VPM3,AVLP210,0.5
OA-VPM3,AVLP314,3.0
OA-VPM3,AVLP751m,3.0
OA-VPM3,AstA1,0.5
OA-VPM3,CB1062,0.25
OA-VPM3,CB1287,0.25
OA-VPM3,CB1672,0.5
OA-VPM3,CL062_b2,0.5
OA-VPM3,CL062_b3,0.25
OA-VPM3,CL111,0.5
OA-VPM3,CL311,0.5
OA-VPM3,CL326,1.0
OA-VPM3,CL366,0.5
OA-VPM3,CRE005,0.5
OA-VPM3,CRE011,3.5
OA-VPM3,CRE012,0.5
OA-VPM3,CRE021,0.75
OA-VPM3,CRE081,1.0
OA-VPM3,CRE100,2.5
OA-VPM3,DNp62,2.5
OA-VPM3,DNp64,0.5
OA-VPM3,DNpe037,0.5
OA-VPM3,DNpe053,1.0
OA-VPM3,DPM,3.5
OA-VPM3,EL,0.2777778
OA-VPM3,EPG,0.5217391
OA-VPM3,EPGt,1.25
OA-VPM3,ER1_b,0.03846154
OA-VPM3,ER3a_c,0.125
OA-VPM3,ER6,0.125
OA-VPM3,ExR1,0.75
OA-VPM3,ExR3,9.75
OA-VPM3,ExR4,0.25
OA-VPM3,ExR5,8.0
OA-VPM3,ExR6,1.5
OA-VPM3,ExR7,1.25
OA-VPM3,FB1A,0.125
OA-VPM3,FB1C,2.625
OA-VPM3,FB1E_a,0.3
OA-VPM3,FB1E_b,0.25
OA-VPM3,FB1F,0.25
OA-VPM3,FB1G,4.0
OA-VPM3,FB1H,32.0
OA-VPM3,FB2A,26.5
OA-VPM3,FB2B_a,3.5
OA-VPM3,FB2B_b,5.625
OA-VPM3,FB2C,3.6
OA-VPM3,FB2D,7.75
OA-VPM3,FB2E,0.5
OA-VPM3,FB2F_a,1.3333334
OA-VPM3,FB2F_b,1.3333334
OA-VPM3,FB2F_c,0.5
OA-VPM3,FB2F_d,1.0
OA-VPM3,FB2G_a,2.25
OA-VPM3,FB2G_b,2.25
OA-VPM3,FB2H_a,2.25
OA-VPM3,FB2H_b,1.75
OA-VPM3,FB2I_a,2.1
OA-VPM3,FB2I_b,1.0
OA-VPM3,FB2J_a,2.25
OA-VPM3,FB2J_b,0.25
OA-VPM3,FB2J_c,1.5
OA-VPM3,FB2K,0.7222222
OA-VPM3,FB2L,2.875
OA-VPM3,FB2M_a,1.5
OA-VPM3,FB2M_b,2.25
OA-VPM3,FB3A,14.625
OA-VPM3,FB3C,0.5769231
OA-VPM3,FB3D,1.0
OA-VPM3,FB3E,1.5
OA-VPM3,FB4A_a,2.4166667
OA-VPM3,FB4A_b,2.0
OA-VPM3,FB4B,4.75
OA-VPM3,FB4C,10.0
OA-VPM3,FB4D_a,3.25
OA-VPM3,FB4D_b,2.0
OA-VPM3,FB4D_c,2.75
OA-VPM3,FB4E_a,0.8
OA-VPM3,FB4E_b,1.375
OA-VPM3,FB4E_c,0.25
OA-VPM3,FB4F_a,3.125
OA-VPM3,FB4F_b,2.75
OA-VPM3,FB4F_c,3.9166667
OA-VPM3,FB4G,4.25
OA-VPM3,FB4H,1.0
OA-VPM3,FB4I,1.5
OA-VPM3,FB4J,1.5
OA-VPM3,FB4K,4.125
OA-VPM3,FB4L,18.375
OA-VPM3,FB4M,11.125
OA-VPM3,FB4N,3.75
OA-VPM3,FB4O,4.0
OA-VPM3,FB4P_a,13.75
OA-VPM3,FB4P_b,0.8333333
OA-VPM3,FB4P_c,2.25
OA-VPM3,FB4Q_a,3.5
OA-VPM3,FB4Q_b,1.0
OA-VPM3,FB4Q_c,1.3333334
OA-VPM3,FB4R,3.0833333
OA-VPM3,FB4X,3.0
OA-VPM3,FB4Y,18.625
OA-VPM3,FB4Z_a,1.0
OA-VPM3,FB4Z_b,1.1666666
OA-VPM3,FB4Z_c,0.875
OA-VPM3,FB5A,4.125
OA-VPM3,FB5AA,20.5
OA-VPM3,FB5AB,12.25
OA-VPM3,FB5B,2.0833333
OA-VPM3,FB5C,27.166666
OA-VPM3,FB5D,20.833334
OA-VPM3,FB5E,12.5
OA-VPM3,FB5F,0.5
OA-VPM3,FB5G_a,0.75
OA-VPM3,FB5G_b,1.25
OA-VPM3,FB5G_c,0.75
OA-VPM3,FB5H,5.25
OA-VPM3,FB5I,5.25
OA-VPM3,FB5J,3.25
OA-VPM3,FB5K,5.0
OA-VPM3,FB5L,2.25
OA-VPM3,FB5M,7.0
OA-VPM3,FB5N,4.375
OA-VPM3,FB5O,6.5
OA-VPM3,FB5P,2.75
OA-VPM3,FB5Q,1.875
OA-VPM3,FB5R,1.125
OA-VPM3,FB5S,1.7777778
OA-VPM3,FB5T,1.0
OA-VPM3,FB5U,3.5
OA-VPM3,FB5V_a,0.75
OA-VPM3,FB5V_b,2.5
OA-VPM3,FB5V_c,0.2
OA-VPM3,FB5W_a,0.8333333
OA-VPM3,FB5W_b,0.33333334
OA-VPM3,FB5X,0.8333333
OA-VPM3,FB5Y_a,8.25
OA-VPM3,FB5Y_b,3.75
OA-VPM3,FB5Z,1.625
OA-VPM3,FB6A_a,6.25
OA-VPM3,FB6A_b,6.75
OA-VPM3,FB6A_c,14.0
OA-VPM3,FB6B,1.75
OA-VPM3,FB6C_a,3.25
OA-VPM3,FB6C_b,5.9166665
OA-VPM3,FB6D,12.5
OA-VPM3,FB6E,2.5
OA-VPM3,FB6F,1.0
OA-VPM3,FB6G,1.25
OA-VPM3,FB6H,2.25
OA-VPM3,FB6I,3.5
OA-VPM3,FB6J,0.5
OA-VPM3,FB6K,2.0
OA-VPM3,FB6L,2.1666667
OA-VPM3,FB6M,1.75
OA-VPM3,FB6N,1.25
OA-VPM3,FB6O,1.5
OA-VPM3,FB6P,3.75
OA-VPM3,FB6Q,0.75
OA-VPM3,FB6R,1.25
OA-VPM3,FB6S,1.3125
OA-VPM3,FB6T,0.75
OA-VPM3,FB6U,5.25
OA-VPM3,FB6V,10.5
OA-VPM3,FB6W,4.25
OA-VPM3,FB6X,2.5
OA-VPM3,FB6Y,0.5
OA-VPM3,FB6Z,0.25
OA-VPM3,FB7C,0.4
OA-VPM3,FB7D_a,0.25
OA-VPM3,FB7D_b,0.125
OA-VPM3,FB7E,1.3333334
OA-VPM3,FB7F,0.75
OA-VPM3,FB7G,0.875
OA-VPM3,FB7I,1.2
OA-VPM3,FB7L,0.41666666
OA-VPM3,FB8F_a,0.78571427
OA-VPM3,FB8F_b,0.22222222
OA-VPM3,FB8I,0.33333334
OA-VPM3,FB9B_b,0.125
OA-VPM3,FC,0.33333334
OA-VPM3,FC1A,1.2352941
OA-VPM3,FC1B,1.5681819
OA-VPM3,FC1C_a,0.7916667
OA-VPM3,FC1C_b,0.4117647
OA-VPM3,FC1D,0.34
OA-VPM3,FC1E,0.45454547
OA-VPM3,FC1F,1.7
OA-VPM3,FC2A,1.1944444
OA-VPM3,FC2B,2.1851852
OA-VPM3,FC2C,0.4893617
OA-VPM3,FC3_a,3.5882354
OA-VPM3,FC3_b,3.15
OA-VPM3,FC3_c,3.7666667
OA-VPM3,FR1,1.75
OA-VPM3,FR2,0.41666666
OA-VPM3,FS1A_a,0.84375
OA-VPM3,FS1A_b,1.5
OA-VPM3,FS1A_c,1.1388888
OA-VPM3,FS1B_a,1.1153846
OA-VPM3,FS1B_b,0.5625
OA-VPM3,FS2,0.89285713
OA-VPM3,FS3,0.25
OA-VPM3,FS3_a,0.3
OA-VPM3,FS3_b,0.96428573
OA-VPM3,FS3_c,0.4642857
OA-VPM3,FS3_d,0.32258064
OA-VPM3,FS4A,0.0877193
OA-VPM3,FS4B,0.10344828
OA-VPM3,FS4C,0.21428572
OA-VPM3,GLNO,0.25
OA-VPM3,GNG667,1.0
OA-VPM3,IB005,1.0
OA-VPM3,IB020,1.0
OA-VPM3,IB049,0.5
OA-VPM3,KCab-c,0.09090909
OA-VPM3,KCab-m,0.25
OA-VPM3,LAL013,0.5
OA-VPM3,LAL040,0.5
OA-VPM3,LAL155,1.0
OA-VPM3,LAL192,1.0
OA-VPM3,LAL205,0.5
OA-VPM3,LCNOp,15.25
OA-VPM3,LCNOpm,15.75
OA-VPM3,LHPV6f1,0.6666667
OA-VPM3,LNO1,2.875
OA-VPM3,LNO2,13.75
OA-VPM3,LNOa,0.5
OA-VPM3,LPsP,0.5
OA-VPM3,MBON02,2.25
OA-VPM3,MBON20,2.25
OA-VPM3,MBON25,0.25
OA-VPM3,MBON25-like,0.25
OA-VPM3,MBON26,3.5
OA-VPM3,MBON35,2.25
OA-VPM3,OA-AL2i1,1.0
OA-VPM3,OA-VPM3,1.75
OA-VPM3,OA-VPM4,7.5
OA-VPM3,OA-VUMa8,4.5
OA-VPM3,PAL01,0.5
OA-VPM3,PAM03,2.0
OA-VPM3,PAM04,0.6
OA-VPM3,PAM09,1.25
OA-VPM3,PEN_a(PEN1),0.275
OA-VPM3,PEN_b(PEN2),0.06818182
OA-VPM3,PFGs,9.5
OA-VPM3,PFL1,1.2857143
OA-VPM3,PFL2,5.8333335
OA-VPM3,PFL3,2.6041667
OA-VPM3,PFNa,0.112068966
OA-VPM3,PFNd,2.825
OA-VPM3,PFNm_a,0.14285715
OA-VPM3,PFNm_b,0.17307693
OA-VPM3,PFNp_a,0.3828125
OA-VPM3,PFNp_b,0.14705883
OA-VPM3,PFNp_c,0.2875
OA-VPM3,PFNp_d,0.16071428
OA-VPM3,PFNp_e,0.5217391
OA-VPM3,PFNv,8.025
OA-VPM3,PFR_a,7.625
OA-VPM3,PFR_b,2.0
OA-VPM3,PPL102,2.0
OA-VPM3,PVLP016,1.0
OA-VPM3,SA3,0.0625
OA-VPM3,SIP064,4.5
OA-VPM3,SIP087,5.5
OA-VPM3,SIP118m,0.16666667
OA-VPM3,SMP108,8.0
OA-VPM3,SMP109,0.5
OA-VPM3,SMP543,0.5
OA-VPM3,SMP586,0.5
OA-VPM3,SMP593,1.0
OA-VPM3,SMP597,4.5
OA-VPM3,SMP714m,0.25
OA-VPM3,SMP715m,0.25
OA-VPM3,VES022,0.5
OA-VPM3,VES092,1.0
OA-VPM3,VES109,0.5
OA-VPM3,WED210,1.0
OA-VPM3,hDeltaA,5.1666665
OA-VPM3,hDeltaB,17.0
OA-VPM3,hDeltaC,8.825
OA-VPM3,hDeltaF,0.875
OA-VPM3,hDeltaG,7.0625
OA-VPM3,hDeltaH,22.5625
OA-VPM3,hDeltaI,2.1176472
OA-VPM3,hDeltaJ,6.080645
OA-VPM3,hDeltaK,2.3548386
OA-VPM3,hDeltaL,1.8181819
OA-VPM3,hDeltaM,15.9375
OA-VPM3,pC1x_b,0.5
OA-VPM3,vDeltaB,0.11290322
OA-VPM3,vDeltaC,0.11111111
OA-VPM3,vDeltaD,0.7619048
OA-VPM3,vDeltaE,1.8611112
OA-VPM3,vDeltaF,2.9722223
OA-VPM3,vDeltaG,2.7222223
OA-VPM3,vDeltaH,3.5555556
OA-VPM3,vDeltaI_a,2.0294118
OA-VPM3,vDeltaI_b,3.05
OA-VPM3,vDeltaJ,2.5
OA-VPM3,vDeltaK,0.5319149
OA-VPM3,vDeltaL,0.2972973
OA-VPM3,vDeltaM,0.23636363
OA-VPM4,AN05B103,2.5
OA-VPM4,AVLP069_b,2.0
OA-VPM4,AVLP110_a,10.0
OA-VPM4,AVLP115,17.0
OA-VPM4,AVLP161,1.0
OA-VPM4,AVLP176_b,2.0
OA-VPM4,AVLP190,1.0
OA-VPM4,AVLP192_b,0.5
OA-VPM4,AVLP193,3.0
OA-VPM4,AVLP210,1.0
OA-VPM4,AVLP256,6.0
OA-VPM4,AVLP306,2.0
OA-VPM4,AVLP314,2.0
OA-VPM4,AVLP397,4.0
OA-VPM4,AVLP444,1.0
OA-VPM4,AVLP477,0.5
OA-VPM4,AVLP488,2.0
OA-VPM4,AVLP520,8.0
OA-VPM4,AVLP562,4.0
OA-VPM4,AVLP705m,1.0
OA-VPM4,AVLP709m,0.5
OA-VPM4,AVLP715m,1.0
OA-VPM4,AVLP727m,1.0
OA-VPM4,AVLP746m,2.0
OA-VPM4,AVLP751m,2.0
OA-VPM4,AstA1,16.0
OA-VPM4,CB1017,3.0
OA-VPM4,CB1062,5.75
OA-VPM4,CB1189,9.0
OA-VPM4,CB1287,2.0
OA-VPM4,CB1301,2.0
OA-VPM4,CB1672,3.0
OA-VPM4,CB2286,1.0
OA-VPM4,CB2672,5.0
OA-VPM4,CB3302,0.33333334
OA-VPM4,CB3433,1.0
OA-VPM4,CB3439,1.5
OA-VPM4,CB3666,3.0
OA-VPM4,CL062_a1,1.0
OA-VPM4,CL062_b1,1.0
OA-VPM4,CL109,10.0
OA-VPM4,CL111,1.0
OA-VPM4,CL199,3.0
OA-VPM4,CL208,0.33333334
OA-VPM4,CL248,0.5
OA-VPM4,CL251,1.0
OA-VPM4,CL326,7.0
OA-VPM4,CL336,1.0
OA-VPM4,CL344_a,0.5
OA-VPM4,CL366,1.0
OA-VPM4,CRE004,1.0
OA-VPM4,CRE012,1.5
OA-VPM4,CRE021,2.5
OA-VPM4,CRE030_b,1.0
OA-VPM4,CRE100,8.0
OA-VPM4,DNa14,1.0
OA-VPM4,DNc02,1.0
OA-VPM4,DNp62,2.5
OA-VPM4,DNp64,2.0
OA-VPM4,DNpe043,3.0
OA-VPM4,DNpe053,5.0
OA-VPM4,DPM,8.0
OA-VPM4,EA27X006,2.0
OA-VPM4,FB1C,0.5
OA-VPM4,FB1G,0.5
OA-VPM4,FB4B,1.0
OA-VPM4,FB4C,0.5
OA-VPM4,FB4F_a,0.5
OA-VPM4,FB4P_a,0.25
OA-VPM4,FB4R,0.8333333
OA-VPM4,FB4Y,1.0
OA-VPM4,FB5C,0.6666667
OA-VPM4,FB5D,1.0
OA-VPM4,FB5N,0.25
OA-VPM4,GNG667,3.5
OA-VPM4,LAL119,1.0
OA-VPM4,LAL155,1.0
OA-VPM4,LAL159,4.0
OA-VPM4,LAL208,2.0
OA-VPM4,LT66,0.5
OA-VPM4,MBON20,3.5
OA-VPM4,MBON25,7.0
OA-VPM4,MBON25-like,1.25
OA-VPM4,MBON26,2.0
OA-VPM4,MBON34,1.0
OA-VPM4,MBON35,0.5
OA-VPM4,OA-VPM3,4.5
OA-VPM4,OA-VUMa8,3.0
OA-VPM4,PAL01,1.0
OA-VPM4,PAM09,1.0
OA-VPM4,PPL103,1.0
OA-VPM4,PPL108,1.0
OA-VPM4,PPM1201,1.0
OA-VPM4,SCL001m,0.6666667
OA-VPM4,SIP104m,0.75
OA-VPM4,SIP133m,1.0
OA-VPM4,SIP136m,1.0
OA-VPM4,SMP028,1.0
OA-VPM4,SMP092,1.0
OA-VPM4,SMP122,1.0
OA-VPM4,SMP471,4.0
OA-VPM4,SMP493,2.0
OA-VPM4,SMP586,4.0
OA-VPM4,SMP593,6.0
OA-VPM4,SMP709m,1.0
OA-VPM4,SMP714m,0.5
OA-VPM4,SMP715m,2.5
OA-VPM4,VES095,1.0
OA-VPM4,VES096,3.0
OA-VPM4,VES109,1.0
OA-VUMa8,AN00A006,4.5
OA-VUMa8,AN05B103,2.5
OA-VUMa8,AN08B020,2.0
OA-VUMa8,AN08B027,4.0
OA-VUMa8,AN08B032,11.0
OA-VUMa8,ANXXX380,1.0
OA-VUMa8,AOTU100m,3.0
OA-VUMa8,ATL036,2.0
OA-VUMa8,ATL042,1.0
OA-VUMa8,AVLP025,3.0
OA-VUMa8,AVLP036,3.0
OA-VUMa8,AVLP069_b,2.0
OA-VUMa8,AVLP095,8.0
OA-VUMa8,AVLP096,4.0
OA-VUMa8,AVLP121,1.0
OA-VUMa8,AVLP161,3.0
OA-VUMa8,AVLP178,1.0
OA-VUMa8,AVLP190,3.0
OA-VUMa8,AVLP192_b,7.5
OA-VUMa8,AVLP193,6.0
OA-VUMa8,AVLP210,5.0
OA-VUMa8,AVLP256,2.0
OA-VUMa8,AVLP314,2.0
OA-VUMa8,AVLP397,7.0
OA-VUMa8,AVLP444,4.0
OA-VUMa8,AVLP462,84.0
OA-VUMa8,AVLP476,26.0
OA-VUMa8,AVLP477,13.0
OA-VUMa8,AVLP488,6.0
OA-VUMa8,AVLP520,10.0
OA-VUMa8,AVLP562,10.5
OA-VUMa8,AVLP700m,5.0
OA-VUMa8,AVLP704m,7.0
OA-VUMa8,AVLP705m,5.0
OA-VUMa8,AVLP709m,2.0
OA-VUMa8,AVLP710m,55.0
OA-VUMa8,AVLP714m,32.0
OA-VUMa8,AVLP715m,13.0
OA-VUMa8,AVLP716m,20.0
OA-VUMa8,AVLP727m,2.5
OA-VUMa8,AVLP728m,1.6666666
OA-VUMa8,AVLP729m,3.0
OA-VUMa8,AVLP730m,22.0
OA-VUMa8,AVLP731m,2.0
OA-VUMa8,AVLP733m,6.0
OA-VUMa8,AVLP734m,15.0
OA-VUMa8,AVLP737m,3.0
OA-VUMa8,AVLP738m,3.0
OA-VUMa8,AVLP746m,24.0
OA-VUMa8,AVLP751m,18.0
OA-VUMa8,AVLP760m,22.5
OA-VUMa8,CB0244,1.0
OA-VUMa8,CB1017,3.0
OA-VUMa8,CB1062,1.25
OA-VUMa8,CB1189,4.0
OA-VUMa8,CB1287,3.5
OA-VUMa8,CB1301,6.0
OA-VUMa8,CB2286,2.0
OA-VUMa8,CB2672,1.0
OA-VUMa8,CB3019,4.0
OA-VUMa8,CB3302,11.0
OA-VUMa8,CB3394,3.0
OA-VUMa8,CB3439,6.5
OA-VUMa8,CB3666,3.0
OA-VUMa8,CB3683,2.0
OA-VUMa8,CL062_a1,6.5
OA-VUMa8,CL062_a2,7.5
OA-VUMa8,CL062_b1,6.5
OA-VUMa8,CL062_b2,4.0
OA-VUMa8,CL062_b3,4.0
OA-VUMa8,CL109,22.0
OA-VUMa8,CL111,13.0
OA-VUMa8,CL122_a,5.5
OA-VUMa8,CL199,22.5
OA-VUMa8,CL208,3.0
OA-VUMa8,CL248,144.5
OA-VUMa8,CL251,5.0
OA-VUMa8,CL310,7.0
OA-VUMa8,CL311,12.0
OA-VUMa8,CL326,18.0
OA-VUMa8,CL335,8.0
OA-VUMa8,CL336,3.0
OA-VUMa8,CL344_a,5.0
OA-VUMa8,CL366,4.0
OA-VUMa8,CRE004,26.0
OA-VUMa8,CRE005,2.3333333
OA-VUMa8,CRE006,7.0
OA-VUMa8,CRE011,6.0
OA-VUMa8,CRE012,27.5
OA-VUMa8,CRE021,8.0
OA-VUMa8,CRE030_b,2.0
OA-VUMa8,CRE044,5.0
OA-VUMa8,CRE065,1.0
OA-VUMa8,CRE100,16.0
OA-VUMa8,DNa01,15.0
OA-VUMa8,DNa14,6.0
OA-VUMa8,DNae001,7.0
OA-VUMa8,DNd05,2.0
OA-VUMa8,DNde002,6.0
OA-VUMa8,DNg101,3.0
OA-VUMa8,DNp101,24.0
OA-VUMa8,DNp23,4.0
OA-VUMa8,DNp36,4.0
OA-VUMa8,DNp46,14.0
OA-VUMa8,DNp52,2.0
OA-VUMa8,DNp60,2.0
OA-VUMa8,DNp62,1.5
OA-VUMa8,DNp64,5.0
OA-VUMa8,DNp67,5.0
OA-VUMa8,DNpe025,4.0
OA-VUMa8,DNpe027,2.0
OA-VUMa8,DNpe043,14.0
OA-VUMa8,DNpe050,11.0
OA-VUMa8,DNpe053,4.0
OA-VUMa8,ExR1,0.25
OA-VUMa8,ExR2,3.5
OA-VUMa8,ExR3,2.0
OA-VUMa8,ExR4,3.5
OA-VUMa8,ExR6,5.5
OA-VUMa8,ExR7,0.5
OA-VUMa8,FB1C,0.75
OA-VUMa8,FB3A,0.25
OA-VUMa8,FB4B,5.0
OA-VUMa8,FB4E_a,0.4
OA-VUMa8,FB4E_b,0.25
OA-VUMa8,FB4F_a,0.5
OA-VUMa8,FB4F_b,4.5
OA-VUMa8,FB4F_c,0.8333333
OA-VUMa8,FB4G,3.5
OA-VUMa8,FB4H,3.0
OA-VUMa8,FB4I,3.0
OA-VUMa8,FB4L,0.5
OA-VUMa8,FB4M,1.5
OA-VUMa8,FB4O,0.16666667
OA-VUMa8,FB4P_b,0.33333334
OA-VUMa8,FB4R,0.5
OA-VUMa8,FB4Y,1.25
OA-VUMa8,FB4Z_a,0.25
OA-VUMa8,FB5A,1.0
OA-VUMa8,FB5T,0.5
OA-VUMa8,FB5V_a,4.0
OA-VUMa8,FB5V_b,4.1666665
OA-VUMa8,FB5V_c,3.8
OA-VUMa8,GLNO,1.25
OA-VUMa8,GNG011,1.0
OA-VUMa8,GNG304,18.5
OA-VUMa8,GNG305,1.0
OA-VUMa8,GNG525,1.0
OA-VUMa8,GNG587,7.0
OA-VUMa8,GNG667,179.5
OA-VUMa8,IB005,7.0
OA-VUMa8,IB023,2.0
OA-VUMa8,IB032,1.0
OA-VUMa8,IB049,1.0
OA-VUMa8,IB115,3.0
OA-VUMa8,ICL002m,8.0
OA-VUMa8,ICL003m,5.0
OA-VUMa8,ICL008m,4.0
OA-VUMa8,ICL010m,1.0
OA-VUMa8,ICL012m,11.0
OA-VUMa8,ICL013m_b,2.0
OA-VUMa8,IbSpsP,0.09677419
OA-VUMa8,LAL007,4.0
OA-VUMa8,LAL008,2.5
OA-VUMa8,LAL013,1.0
OA-VUMa8,LAL029_b,7.0
OA-VUMa8,LAL042,2.0
OA-VUMa8,LAL045,13.0
OA-VUMa8,LAL073,0.5
OA-VUMa8,LAL101,6.0
OA-VUMa8,LAL102,2.0
OA-VUMa8,LAL119,8.0
OA-VUMa8,LAL135,9.0
OA-VUMa8,LAL154,1.0
OA-VUMa8,LAL155,4.0
OA-VUMa8,LAL159,16.0
OA-VUMa8,LAL162,4.0
OA-VUMa8,LAL171,1.0
OA-VUMa8,LAL192,1.0
OA-VUMa8,LAL200,2.0
OA-VUMa8,LAL205,2.0
OA-VUMa8,LCNOp,1.5
OA-VUMa8,LNO1,0.75
OA-VUMa8,LNO2,1.0
OA-VUMa8,LNOa,0.5
OA-VUMa8,LPsP,1.5
OA-VUMa8,MBON20,7.5
OA-VUMa8,MBON25-like,0.25
OA-VUMa8,MBON26,2.0
OA-VUMa8,MBON34,0.5
OA-VUMa8,MBON35,3.0
OA-VUMa8,OA-AL2i1,0.5
OA-VUMa8,OA-ASM2,12.0
OA-VUMa8,OA-VPM3,1.0
OA-VUMa8,PLP124,0.5
OA-VUMa8,PPL102,2.0
OA-VUMa8,PPL103,1.0
OA-VUMa8,PPL108,9.0
OA-VUMa8,PPM1201,11.0
OA-VUMa8,PVLP016,11.0
OA-VUMa8,PVLP093,4.0
OA-VUMa8,PVLP130,1.0
OA-VUMa8,PVLP138,14.0
OA-VUMa8,PVLP200m_b,5.0
OA-VUMa8,PVLP203m,4.5
OA-VUMa8,SAD075,4.25
OA-VUMa8,SCL001m,1.0
OA-VUMa8,SIP064,2.0
OA-VUMa8,SIP091,7.0
OA-VUMa8,SIP104m,3.0
OA-VUMa8,SIP110m_a,1.0
OA-VUMa8,SIP118m,1.3333334
OA-VUMa8,SIP119m,1.1428572
OA-VUMa8,SIP122m,2.0
OA-VUMa8,SIP124m,6.0
OA-VUMa8,SIP133m,17.5
OA-VUMa8,SIP136m,28.5
OA-VUMa8,SIP143m,2.0
OA-VUMa8,SIP145m,2.0
OA-VUMa8,SIP146m,4.0
OA-VUMa8,SLP215,2.0
OA-VUMa8,SMP028,2.0
OA-VUMa8,SMP052,20.0
OA-VUMa8,SMP092,3.0
OA-VUMa8,SMP108,2.0
OA-VUMa8,SMP109,1.0
OA-VUMa8,SMP471,30.0
OA-VUMa8,SMP492,27.0
OA-VUMa8,SMP493,5.0
OA-VUMa8,SMP543,56.0
OA-VUMa8,SMP586,1.0
OA-VUMa8,SMP593,23.0
OA-VUMa8,SMP597,2.0
OA-VUMa8,SMP709m,11.0
OA-VUMa8,SMP713m,5.5
OA-VUMa8,SMP714m,5.0
OA-VUMa8,SMP715m,2.5
OA-VUMa8,SMP723m,1.0
OA-VUMa8,VES020,12.0
OA-VUMa8,VES022,88.0
OA-VUMa8,VES053,51.0
OA-VUMa8,VES087,14.0
OA-VUMa8,VES092,116.0
OA-VUMa8,VES095,4.0
OA-VUMa8,VES096,1.0
OA-VUMa8,VES097,3.0
OA-VUMa8,VES109,9.0
OA-VUMa8,VES203m,6.0
OA-VUMa8,VES204m,2.0
OA-VUMa8,WED076,6.0
OA-VUMa8,aIPg1,17.0
OA-VUMa8,aSP10A_a,7.0
OA-VUMa8,aSP10A_b,5.0
OA-VUMa8,aSP10B,6.0
OA-VUMa8,aSP22,2.0
OA-VUMa8,pC1_13b,2.0
OA-VUMa8,pC1_2b,4.0
OA-VUMa8,pC1_6a,5.0
OA-VUMa8,pC1_7a,3.5
OA-VUMa8,pC1x_b,4.0
OA-VUMa8,pIP10,4.0
P6-8P9,Delta7,-2.0
P6-8P9,EPG,-0.016304348
P6-8P9,EPGt,-25.875
P6-8P9,IbSpsP,-2.435484
P6-8P9,LPsP,-34.25
P6-8P9,OA-AL2i1,-0.125
P6-8P9,P6-8P9,-9.125
P6-8P9,PEG,-0.9861111
P6-8P9,PEN_a(PEN1),-0.025
P6-8P9,PEN_b(PEN2),-0.26136363
P6-8P9,PFGs,-0.30555555
P6-8P9,PFL3,-0.020833334
P6-8P9,PFNa,-1.9137931
P6-8P9,PFNd,-0.21875
P6-8P9,PFNm_a,-0.8333333
P6-8P9,PFNm_b,-1.9230769
P6-8P9,PFNp_a,-0.08203125
P6-8P9,PFNp_b,-0.24632353
P6-8P9,PFNp_c,-0.59375
P6-8P9,PFNp_d,-0.008928572
P6-8P9,PFNp_e,-0.48913044
P6-8P9,PFNv,-1.45
P6-8P9,SIP136m,-0.25
P6-8P9,SpsP,-1.3125
PAL01,AVLP477,0.5
PAL01,AstA1,12.0
PAL01,CL208,1.0
PAL01,CL248,0.5
PAL01,CRE004,1.0
PAL01,CRE044,1.0
PAL01,DNc02,1.0
PAL01,DNp46,4.0
PAL01,DNpe053,10.0
PAL01,FB3C,0.07692308
PAL01,FB4C,1.0
PAL01,FB5D,0.6666667
PAL01,FB6V,0.5
PAL01,FB7C,0.2
PAL01,FB8C,0.75
PAL01,MBON35,0.5
PAL01,OA-AL2i1,0.5
PAL01,OA-VPM3,0.5
PAL01,OA-VPM4,5.0
PAL01,SIP133m,0.5
PAL01,SMP028,2.0
PAL01,SMP052,0.33333334
PAL01,SMP092,2.0
PAL01,SMP108,3.0
PAL01,SMP285,9.0
PAL01,SMP446,1.0
PAL01,SMP593,2.0
PAL01,pC1x_b,5.0
PAL01,pIP10,1.0
PAM03,KCab-c,0.09090909
PAM03,KCab-m,0.5
PAM03,KCab-s,0.5555556
PAM03,MBON02,3.5
PAM03,PAM04,0.2
PAM04,DPM,2.0
PAM04,FB4K,0.05
PAM04,GNG304,0.1
PAM04,KCab-c,0.14545454
PAM04,KCab-m,0.25
PAM04,KCab-s,0.44444445
PAM04,MBON02,19.5
PAM04,PAM03,1.2
PAM04,PAM04,0.8
PAM04,PAM09,0.1
PAM04,SIP119m,0.028571429
PAM09,DPM,5.0
PAM09,EL,0.027777778
PAM09,EPG,0.054347824
PAM09,EPGt,0.125
PAM09,ExR1,0.25
PAM09,FB1J,0.25
PAM09,FB3C,0.03846154
PAM09,FB4F_b,0.25
PAM09,FB4L,0.125
PAM09,FB5H,0.5
PAM09,FB7E,0.083333336
PAM09,FB7G,0.25
PAM09,FB7I,0.1
PAM09,FB7L,0.083333336
PAM09,FB8A,0.25
PAM09,FB8B,0.375
PAM09,FB8D,0.25
PAM09,FB8F_a,0.071428575
PAM09,FB8H,0.25
PAM09,FB9A,0.083333336
PAM09,FB9B_b,0.25
PAM09,FB9C,0.3125
PAM09,FC1A,0.029411765
PAM09,FC1C_a,0.16666667
PAM09,FC1C_b,0.1764706
PAM09,FC1D,0.08
PAM09,FC2B,0.037037037
PAM09,FC2C,0.095744684
PAM09,FR1,0.027777778
PAM09,FR2,0.027777778
PAM09,FS1A_c,0.055555556
PAM09,FS1B_a,0.07692308
PAM09,FS1B_b,0.0625
PAM09,FS2,0.035714287
PAM09,FS3_b,0.071428575
PAM09,FS3_c,0.10714286
PAM09,FS3_d,0.08064516
PAM09,FS4A,0.06140351
PAM09,FS4B,0.03448276
PAM09,FS4C,0.035714287
PAM09,MBON02,1.0
PAM09,PAM04,0.1
PAM09,PAM09,0.75
PAM09,PFGs,0.7222222
PAM09,PFL2,0.041666668
PAM09,PFR_a,0.05357143
PAM09,PFR_b,0.09375
PAM09,hDeltaB,0.02631579
PAM09,hDeltaC,0.325
PAM09,hDeltaD,1.125
PAM09,hDeltaE,0.3125
PAM09,hDeltaI,0.029411765
PAM09,hDeltaJ,0.16129032
PAM09,hDeltaK,0.22580644
PAM09,hDeltaL,0.045454547
PAM09,hDeltaM,0.75
PAM09,vDeltaD,0.04761905
PEG,AOTU046,0.041666668
PEG,DNc01,0.027777778
PEG,Delta7,0.007936508
PEG,EL,1.7561729
PEG,EPG,1.2004831
PEG,EPGt,0.6111111
PEG,ER1_a,0.065656565
PEG,ER1_b,0.06410257
PEG,ER1_c,0.027777778
PEG,ER2_a,0.023148147
PEG,ER2_b,0.013888889
PEG,ER2_c,0.008333334
PEG,ER3a_a,0.0037037036
PEG,ER3a_b,0.055555556
PEG,ER3a_c,0.16666667
PEG,ER3a_d,0.011111111
PEG,ER3d_a,0.04761905
PEG,ER3d_b,0.0055555557
PEG,ER3d_c,0.0061728396
PEG,ER3d_e,0.031746034
PEG,ER3m,0.021604938
PEG,ER3p_a,0.12301587
PEG,ER3p_b,0.18055555
PEG,ER3w_b,0.018518519
PEG,ER3w_c,0.027777778
PEG,ER4d,0.0064102565
PEG,ER4m,0.36868685
PEG,ER5,0.007936508
PEG,ER6,61.541668
PEG,ExR1,3.2222223
PEG,ExR2,3.2777777
PEG,ExR4,177.13889
PEG,ExR5,0.8194444
PEG,ExR6,21.444445
PEG,ExR7,3.0
PEG,ExR8,2.2361112
PEG,FB1C,0.097222224
PEG,FB3C,0.021367522
PEG,FB4D_b,0.027777778
PEG,FB4X,0.027777778
PEG,FB4Y,1.1111112
PEG,FB4Z_a,0.048611112
PEG,FB4Z_b,0.018518519
PEG,FB4Z_c,0.097222224
PEG,FB5P,0.013888889
PEG,FB5T,0.055555556
PEG,FB5V_a,0.018518519
PEG,FB5V_b,0.037037037
PEG,FB5V_c,0.022222223
PEG,FB5Z,0.013888889
PEG,FB6X,0.027777778
PEG,FB7E,0.009259259
PEG,FB7L,0.009259259
PEG,FB8E,0.011111111
PEG,FB8I,0.009259259
PEG,FC2B,0.002057613
PEG,FC2C,0.0011820331
PEG,FC3_b,0.0027777778
PEG,FR1,0.0061728396
PEG,FR2,0.0030864198
PEG,FS3_b,0.003968254
PEG,FS3_c,0.003968254
PEG,GLNO,1.8055556
PEG,LAL013,0.055555556
PEG,LNO2,0.027777778
PEG,LPsP,0.25
PEG,OA-VPM3,0.027777778
PEG,P6-8P9,0.013888889
PEG,PEG,1.675926
PEG,PEN_a(PEN1),0.51666665
PEG,PEN_b(PEN2),5.651515
PEG,PFGs,0.018518519
PEG,PFL1,0.011904762
PEG,PFL3,0.025462963
PEG,PFNa,0.0019157088
PEG,PFNd,0.0013888889
PEG,PFNp_a,0.00086805556
PEG,PFNv,0.0027777778
PEG,PFR_a,0.04563492
PEG,PFR_b,0.010416667
PEG,SAD047,0.055555556
PEG,SpsP,0.013888889
PEG,hDeltaA,0.018518519
PEG,hDeltaB,0.0029239766
PEG,hDeltaD,0.0069444445
PEG,hDeltaH,0.013888889
PEG,hDeltaK,0.16666667
PEG,hDeltaL,0.005050505
PEG,hDeltaM,0.0069444445
PEG,vDeltaI_b,0.0027777778
PEG,vDeltaK,0.0011820331
PEG,vDeltaL,0.0045045046
PEN_a(PEN1),AN09A005,0.083333336
PEN_a(PEN1),AN27X013,0.3
PEN_a(PEN1),DNc01,0.025
PEN_a(PEN1),DNc02,0.075
PEN_a(PEN1),Delta7,0.017857144
PEN_a(PEN1),EL,13.330556
PEN_a(PEN1),EPG,15.65
PEN_a(PEN1),EPGt,1.025
PEN_a(PEN1),ER1_a,5.259091
PEN_a(PEN1),ER1_b,5.3423076
PEN_a(PEN1),ER1_c,4.0625
PEN_a(PEN1),ER2_a,0.041666668
PEN_a(PEN1),ER2_b,0.125
PEN_a(PEN1),ER2_c,0.0775
PEN_a(PEN1),ER2_d,0.04
PEN_a(PEN1),ER3a_c,0.1625
PEN_a(PEN1),ER3d_c,0.011111111
PEN_a(PEN1),ER3m,0.0055555557
PEN_a(PEN1),ER3p_a,0.035714287
PEN_a(PEN1),ER3p_b,0.0625
PEN_a(PEN1),ER3w_a,0.10714286
PEN_a(PEN1),ER3w_b,0.036111113
PEN_a(PEN1),ER3w_c,0.05
PEN_a(PEN1),ER4d,0.21346153
PEN_a(PEN1),ER4m,3.1818182
PEN_a(PEN1),ER6,0.175
PEN_a(PEN1),ExR1,0.325
PEN_a(PEN1),ExR2,24.9375
PEN_a(PEN1),ExR4,15.875
PEN_a(PEN1),ExR5,2.85
PEN_a(PEN1),ExR6,31.15
PEN_a(PEN1),ExR7,3.3625
PEN_a(PEN1),ExR8,1.75
PEN_a(PEN1),FB1C,4.3
PEN_a(PEN1),FB1E_a,0.01
PEN_a(PEN1),FB1H,0.8
PEN_a(PEN1),FB2A,0.0125
PEN_a(PEN1),FB2D,0.008333334
PEN_a(PEN1),FB2H_a,0.025
PEN_a(PEN1),FB2I_a,0.005
PEN_a(PEN1),FB2K,0.0055555557
PEN_a(PEN1),FB3A,0.0625
PEN_a(PEN1),FB4B,0.1
PEN_a(PEN1),FB4C,0.025
PEN_a(PEN1),FB4H,0.025
PEN_a(PEN1),FB4M,1.1625
PEN_a(PEN1),FB4Y,21.4625
PEN_a(PEN1),FB5J,0.025
PEN_a(PEN1),FC2C,0.0010638298
PEN_a(PEN1),FC3_b,0.0025
PEN_a(PEN1),FR2,0.0027777778
PEN_a(PEN1),GLNO,29.9625
PEN_a(PEN1),IbSpsP,0.011290323
PEN_a(PEN1),LNO1,0.0125
PEN_a(PEN1),LNO2,0.175
PEN_a(PEN1),LNOa,0.025
PEN_a(PEN1),OA-VPM3,0.05
PEN_a(PEN1),PEG,0.40833333
PEN_a(PEN1),PEN_a(PEN1),13.615
PEN_a(PEN1),PEN_b(PEN2),7.225
PEN_a(PEN1),PFGs,0.013888889
PEN_a(PEN1),PFL2,0.004166667
PEN_a(PEN1),PFL3,0.0020833334
PEN_a(PEN1),PFNa,0.022413794
PEN_a(PEN1),PFNd,0.0275
PEN_a(PEN1),PFNm_a,0.004761905
PEN_a(PEN1),PFNm_b,0.0076923077
PEN_a(PEN1),PFNp_a,0.01015625
PEN_a(PEN1),PFNp_b,0.0033088236
PEN_a(PEN1),PFNp_c,0.00875
PEN_a(PEN1),PFNp_d,0.0017857143
PEN_a(PEN1),PFNp_e,0.006521739
PEN_a(PEN1),PFNv,0.0125
PEN_a(PEN1),SA3,0.00625
PEN_a(PEN1),hDeltaC,0.0025
PEN_a(PEN1),hDeltaD,0.00625
PEN_a(PEN1),hDeltaJ,0.0048387097
PEN_a(PEN1),hDeltaK,0.2
PEN_a(PEN1),vDeltaA_b,0.0016129032
PEN_a(PEN1),vDeltaB,0.0016129032
PEN_a(PEN1),vDeltaE,0.0027777778
PEN_a(PEN1),vDeltaH,0.0055555557
PEN_a(PEN1),vDeltaM,0.0018181818
PEN_b(PEN2),AN27X013,0.060606062
PEN_b(PEN2),DNc01,0.022727273
PEN_b(PEN2),DNc02,0.06818182
PEN_b(PEN2),Delta7,0.015151516
PEN_b(PEN2),EL,8.497475
PEN_b(PEN2),EPG,9.556324
PEN_b(PEN2),EPGt,1.1363636
PEN_b(PEN2),ER1_a,0.024793388
PEN_b(PEN2),ER1_b,0.22027972
PEN_b(PEN2),ER1_c,0.10227273
PEN_b(PEN2),ER2_a,4.0227275
PEN_b(PEN2),ER2_b,2.159091
PEN_b(PEN2),ER2_c,3.5886364
PEN_b(PEN2),ER2_d,2.418182
PEN_b(PEN2),ER3w_a,1.0519481
PEN_b(PEN2),ER3w_c,0.16666667
PEN_b(PEN2),ER4d,0.75874126
PEN_b(PEN2),ER4m,7.838843
PEN_b(PEN2),ER6,1.2045455
PEN_b(PEN2),ExR1,0.625
PEN_b(PEN2),ExR2,3.6818182
PEN_b(PEN2),ExR4,10.363636
PEN_b(PEN2),ExR5,1.0
PEN_b(PEN2),ExR6,5.7954545
PEN_b(PEN2),ExR7,7.693182
PEN_b(PEN2),ExR8,14.829545
PEN_b(PEN2),FB1A,0.011363637
PEN_b(PEN2),FB1B,0.1590909
PEN_b(PEN2),FB1C,3.2045455
PEN_b(PEN2),FB1E_a,0.027272727
PEN_b(PEN2),FB1F,0.09090909
PEN_b(PEN2),FB1G,0.022727273
PEN_b(PEN2),FB1H,0.045454547
PEN_b(PEN2),FB1I,0.06818182
PEN_b(PEN2),FB1J,0.045454547
PEN_b(PEN2),FB2A,0.14772727
PEN_b(PEN2),FB2B_a,0.03409091
PEN_b(PEN2),FB2B_b,0.011363637
PEN_b(PEN2),FB2D,0.015151516
PEN_b(PEN2),FB2F_a,0.053030305
PEN_b(PEN2),FB2F_b,0.030303031
PEN_b(PEN2),FB2F_d,0.045454547
PEN_b(PEN2),FB2H_a,0.022727273
PEN_b(PEN2),FB2H_b,0.11363637
PEN_b(PEN2),FB2I_a,0.04090909
PEN_b(PEN2),FB2I_b,0.045454547
PEN_b(PEN2),FB2K,0.05050505
PEN_b(PEN2),FB2M_a,0.045454547
PEN_b(PEN2),FB3A,0.1590909
PEN_b(PEN2),FB3C,0.006993007
PEN_b(PEN2),FB3E,0.09090909
PEN_b(PEN2),FB4A_a,0.007575758
PEN_b(PEN2),FB4A_b,0.022727273
PEN_b(PEN2),FB4B,0.11363637
PEN_b(PEN2),FB4D_a,0.045454547
PEN_b(PEN2),FB4D_b,0.09090909
PEN_b(PEN2),FB4D_c,0.25
PEN_b(PEN2),FB4E_a,0.009090909
PEN_b(PEN2),FB4E_c,0.045454547
PEN_b(PEN2),FB4F_b,0.22727273
PEN_b(PEN2),FB4F_c,0.022727273
PEN_b(PEN2),FB4G,0.22727273
PEN_b(PEN2),FB4H,0.022727273
PEN_b(PEN2),FB4J,0.13636364
PEN_b(PEN2),FB4K,0.06818182
PEN_b(PEN2),FB4M,0.85227275
PEN_b(PEN2),FB4R,0.007575758
PEN_b(PEN2),FB4Y,6.0227275
PEN_b(PEN2),FB5M,0.045454547
PEN_b(PEN2),FB5N,0.10227273
PEN_b(PEN2),FB5V_b,0.030303031
PEN_b(PEN2),FB5W_a,0.022727273
PEN_b(PEN2),FB5W_b,0.015151516
PEN_b(PEN2),FB6O,0.045454547
PEN_b(PEN2),FB6P,0.06818182
PEN_b(PEN2),FB7H,0.22727273
PEN_b(PEN2),FC1A,0.0026737968
PEN_b(PEN2),FC1C_b,0.02406417
PEN_b(PEN2),FC1D,0.0054545454
PEN_b(PEN2),FC1E,0.010330578
PEN_b(PEN2),FC2A,0.0025252525
PEN_b(PEN2),FC2C,0.000967118
PEN_b(PEN2),FC3_a,0.09090909
PEN_b(PEN2),FC3_b,0.08409091
PEN_b(PEN2),FS1A_a,0.0028409092
PEN_b(PEN2),FS4A,0.0039872406
PEN_b(PEN2),GLNO,12.488636
PEN_b(PEN2),IbSpsP,0.004398827
PEN_b(PEN2),LNO2,0.18181819
PEN_b(PEN2),OA-VPM3,0.022727273
PEN_b(PEN2),PEG,0.7878788
PEN_b(PEN2),PEN_a(PEN1),6.9704547
PEN_b(PEN2),PEN_b(PEN2),12.859504
PEN_b(PEN2),PFGs,0.11111111
PEN_b(PEN2),PFL1,0.019480519
PEN_b(PEN2),PFL2,0.003787879
PEN_b(PEN2),PFL3,0.022727273
PEN_b(PEN2),PFNa,0.004702194
PEN_b(PEN2),PFNd,0.014772727
PEN_b(PEN2),PFNm_a,0.0021645022
PEN_b(PEN2),PFNm_b,0.0034965035
PEN_b(PEN2),PFNp_a,0.0021306819
PEN_b(PEN2),PFNp_b,0.0020053475
PEN_b(PEN2),PFNp_d,0.0064935065
PEN_b(PEN2),PFNp_e,0.0039525693
PEN_b(PEN2),PFNv,0.047727272
PEN_b(PEN2),PFR_a,0.31655845
PEN_b(PEN2),PFR_b,0.3380682
PEN_b(PEN2),SA1_a,0.5151515
PEN_b(PEN2),SA1_b,0.036363635
PEN_b(PEN2),SA1_c,0.18181819
PEN_b(PEN2),SA2_a,0.59090906
PEN_b(PEN2),SA2_b,0.011363637
PEN_b(PEN2),SA2_c,0.45454547
PEN_b(PEN2),SA3,0.13636364
PEN_b(PEN2),SAD047,0.045454547
PEN_b(PEN2),SAF,0.028409092
PEN_b(PEN2),hDeltaB,0.004784689
PEN_b(PEN2),hDeltaC,0.006818182
PEN_b(PEN2),hDeltaG,0.0056818184
PEN_b(PEN2),hDeltaI,0.0053475937
PEN_b(PEN2),hDeltaJ,0.0029325513
PEN_b(PEN2),hDeltaK,2.143695
PEN_b(PEN2),vDeltaA_a,0.026623376
PEN_b(PEN2),vDeltaA_b,0.0029325513
PEN_b(PEN2),vDeltaB,0.004398827
PEN_b(PEN2),vDeltaC,0.0016835016
PEN_b(PEN2),vDeltaD,0.010822511
PEN_b(PEN2),vDeltaE,0.005050505
PEN_b(PEN2),vDeltaF,0.015151516
PEN_b(PEN2),vDeltaG,0.015151516
PEN_b(PEN2),vDeltaH,0.030303031
PEN_b(PEN2),vDeltaI_b,0.043181818
PEN_b(PEN2),vDeltaJ,0.020661157
PEN_b(PEN2),vDeltaK,0.036750484
PEN_b(PEN2),vDeltaL,0.065110564
PEN_b(PEN2),vDeltaM,0.0033057851
PFGs,AN27X013,0.074074075
PFGs,Delta7,0.19312169
PFGs,EL,0.033950616
PFGs,EPG,0.038647342
PFGs,EPGt,0.027777778
PFGs,ER3a_a,0.04074074
PFGs,ER3a_b,0.018518519
PFGs,ER3a_d,0.022222223
PFGs,ER3d_b,0.0027777778
PFGs,ER6,0.027777778
PFGs,ExR1,0.11111111
PFGs,ExR3,27.833334
PFGs,FB1H,0.1388889
PFGs,FB1I,0.11111111
PFGs,FB2D,0.009259259
PFGs,FB2F_b,0.018518519
PFGs,FB2F_c,0.013888889
PFGs,FB2F_d,0.013888889
PFGs,FB2G_b,0.009259259
PFGs,FB3A,0.027777778
PFGs,FB3C,0.15811966
PFGs,FB3D,0.11111111
PFGs,FB3E,0.1388889
PFGs,FB4A_a,0.027777778
PFGs,FB4B,0.055555556
PFGs,FB4C,0.055555556
PFGs,FB4D_a,0.027777778
PFGs,FB4D_b,0.083333336
PFGs,FB4E_a,0.044444446
PFGs,FB4E_b,0.013888889
PFGs,FB4F_c,0.083333336
PFGs,FB4G,0.027777778
PFGs,FB4K,0.013888889
PFGs,FB4L,0.19444445
PFGs,FB4M,0.15277778
PFGs,FB4N,0.083333336
PFGs,FB4O,0.10185185
PFGs,FB4P_a,0.013888889
PFGs,FB4R,1.9537038
PFGs,FB4X,0.027777778
PFGs,FB4Y,0.027777778
PFGs,FB4Z_a,0.0069444445
PFGs,FB4Z_c,0.013888889
PFGs,FB5A,0.013888889
PFGs,FB5AA,0.083333336
PFGs,FB5AB,0.1388889
PFGs,FB5B,0.10185185
PFGs,FB5D,0.037037037
PFGs,FB5G_a,0.041666668
PFGs,FB5G_b,0.055555556
PFGs,FB5G_c,0.027777778
PFGs,FB5I,0.6111111
PFGs,FB5J,0.11111111
PFGs,FB5K,0.083333336
PFGs,FB5L,0.055555556
PFGs,FB5M,0.027777778
PFGs,FB5R,0.027777778
PFGs,FB5S,0.024691358
PFGs,FB5T,0.027777778
PFGs,FB5U,0.027777778
PFGs,FB5Y_a,0.16666667
PFGs,FB5Y_b,0.3611111
PFGs,FB5Z,0.013888889
PFGs,FB6A_a,39.61111
PFGs,FB6A_b,18.61111
PFGs,FB6A_c,52.88889
PFGs,FB6B,0.30555555
PFGs,FB6C_a,0.44444445
PFGs,FB6C_b,1.462963
PFGs,FB6D,23.75
PFGs,FB6E,0.4722222
PFGs,FB6F,0.19444445
PFGs,FB6G,0.055555556
PFGs,FB6H,0.44444445
PFGs,FB6I,1.3333334
PFGs,FB6J,0.033333335
PFGs,FB6K,0.30555555
PFGs,FB6L,0.037037037
PFGs,FB6M,0.7083333
PFGs,FB6N,0.083333336
PFGs,FB6O,0.1388889
PFGs,FB6P,0.055555556
PFGs,FB6Q,0.055555556
PFGs,FB6R,0.2361111
PFGs,FB6S,0.013888889
PFGs,FB6T,0.027777778
PFGs,FB6U,0.20833333
PFGs,FB6V,0.055555556
PFGs,FB6W,0.083333336
PFGs,FB6X,0.1388889
PFGs,FB6Y,0.083333336
PFGs,FB6Z,0.027777778
PFGs,FB7A,0.19444445
PFGs,FB7B,0.083333336
PFGs,FB7C,0.022222223
PFGs,FB7D_a,0.013888889
PFGs,FB7E,0.018518519
PFGs,FB7G,0.041666668
PFGs,FB7H,0.055555556
PFGs,FB7I,0.12222222
PFGs,FB7J,0.027777778
PFGs,FB7L,0.12037037
PFGs,FB8C,0.013888889
PFGs,FB8G,0.018518519
PFGs,FC1A,0.003267974
PFGs,FC1B,0.005050505
PFGs,FC1C_a,0.018518519
PFGs,FC1C_b,0.009803922
PFGs,FC1D,0.0022222223
PFGs,FC1F,0.0037037036
PFGs,FC2A,0.009259259
PFGs,FC2B,0.0061728396
PFGs,FC2C,0.03309693
PFGs,FC3_a,0.11764706
PFGs,FC3_b,0.14722222
PFGs,FC3_c,0.096296296
PFGs,FR1,0.009259259
PFGs,FS1A_a,0.0034722222
PFGs,FS1A_b,0.0042735045
PFGs,FS1B_b,0.0034722222
PFGs,FS2,0.026455026
PFGs,FS3_a,0.022222223
PFGs,FS3_b,0.023809524
PFGs,FS3_c,0.035714287
PFGs,FS3_d,0.008960574
PFGs,FS4A,0.0048732944
PFGs,FS4B,0.0057471264
PFGs,FS4C,0.003968254
PFGs,IbSpsP,0.02329749
PFGs,LPsP,0.11111111
PFGs,OA-AL2i1,0.083333336
PFGs,OA-VPM3,1.2222222
PFGs,P6-8P9,0.027777778
PFGs,PAM09,0.027777778
PFGs,PEG,0.021604938
PFGs,PEN_a(PEN1),0.027777778
PFGs,PEN_b(PEN2),0.017676767
PFGs,PFGs,0.33024693
PFGs,PFL1,0.003968254
PFGs,PFL2,0.041666668
PFGs,PFL3,0.018518519
PFGs,PFNa,0.0028735632
PFGs,PFNd,0.03888889
PFGs,PFNm_b,0.008547009
PFGs,PFNp_a,0.00086805556
PFGs,PFNp_b,0.0012254902
PFGs,PFNp_c,0.0027777778
PFGs,PFNv,0.022222223
PFGs,PFR_a,0.03968254
PFGs,PFR_b,0.090277776
PFGs,SpsP,0.06944445
PFGs,hDeltaA,0.0046296297
PFGs,hDeltaB,0.25730994
PFGs,hDeltaC,0.4138889
PFGs,hDeltaD,0.013888889
PFGs,hDeltaE,0.14583333
PFGs,hDeltaF,0.375
PFGs,hDeltaG,0.097222224
PFGs,hDeltaH,0.090277776
PFGs,hDeltaI,0.03267974
PFGs,hDeltaJ,0.051971328
PFGs,hDeltaK,8.584229
PFGs,hDeltaL,0.1969697
PFGs,hDeltaM,0.020833334
PFGs,vDeltaB,0.007168459
PFGs,vDeltaC,0.030864198
PFGs,vDeltaD,0.03968254
PFGs,vDeltaE,0.043209877
PFGs,vDeltaF,0.037037037
PFGs,vDeltaG,0.0061728396
PFGs,vDeltaL,0.006006006
PFGs,vDeltaM,0.003030303
PFL1,AOTU019,0.21428572
PFL1,AOTU042,0.071428575
PFL1,ATL028,0.071428575
PFL1,DNp101,0.071428575
PFL1,DNpe053,0.071428575
PFL1,Delta7,0.010204081
PFL1,EL,0.007936508
PFL1,EPG,0.031055901
PFL1,ER1_a,0.19480519
PFL1,ER1_b,0.34065935
PFL1,ER1_c,0.30357143
PFL1,ER3a_b,0.04761905
PFL1,ER3a_c,0.035714287
PFL1,ER4m,0.012987013
PFL1,ER6,0.14285715
PFL1,ExR1,0.2857143
PFL1,ExR2,0.017857144
PFL1,ExR3,0.21428572
PFL1,ExR4,0.25
PFL1,ExR5,0.125
PFL1,ExR6,0.25
PFL1,ExR7,0.071428575
PFL1,FB1A,0.035714287
PFL1,FB1B,0.017857144
PFL1,FB1C,2.1607144
PFL1,FB1E_b,0.035714287
PFL1,FB1F,0.035714287
PFL1,FB1G,6.892857
PFL1,FB1H,0.071428575
PFL1,FB2A,2.1785715
PFL1,FB2B_a,3.0357144
PFL1,FB2B_b,15.892858
PFL1,FB2C,0.028571429
PFL1,FB2D,0.3809524
PFL1,FB2E,0.017857144
PFL1,FB2F_a,0.011904762
PFL1,FB2F_b,0.023809524
PFL1,FB2G_b,0.20238096
PFL1,FB2H_b,0.071428575
PFL1,FB2I_a,0.028571429
PFL1,FB2K,0.023809524
PFL1,FB3A,0.035714287
PFL1,FB3C,0.14835165
PFL1,FB3E,0.14285715
PFL1,FB4A_b,0.035714287
PFL1,FB4B,0.10714286
PFL1,FB4C,0.035714287
PFL1,FB4L,0.16071428
PFL1,FB4P_a,0.017857144
PFL1,FB4R,0.011904762
PFL1,FB4Y,0.35714287
PFL1,FB4Z_b,0.023809524
PFL1,FB5A,0.08928572
PFL1,FB5AA,0.035714287
PFL1,FB5K,0.035714287
PFL1,FB5N,0.05357143
PFL1,FB5R,0.017857144
PFL1,FB5V_b,0.011904762
PFL1,FB5Y_a,0.035714287
PFL1,FB5Y_b,0.035714287
PFL1,FB6A_a,0.035714287
PFL1,FB6C_b,0.04761905
PFL1,FB6I,0.071428575
PFL1,FB6M,0.017857144
PFL1,FB6O,0.035714287
PFL1,FC,0.023809524
PFL1,FC1A,0.016806724
PFL1,FC1B,0.0032467532
PFL1,FC1C_a,0.005952381
PFL1,FC1C_b,0.008403362
PFL1,FC1D,0.0057142857
PFL1,FC1E,0.012987013
PFL1,FC1F,0.01904762
PFL1,FC2A,0.023809524
PFL1,FC2C,0.0045592706
PFL1,FC3_a,0.012605042
PFL1,FC3_b,0.010714286
PFL1,FC3_c,0.004761905
PFL1,FR1,0.007936508
PFL1,FR2,0.01984127
PFL1,FS1A_a,0.004464286
PFL1,FS1B_b,0.004464286
PFL1,GLNO,0.017857144
PFL1,IbSpsP,0.0023041475
PFL1,LAL013,0.071428575
PFL1,LAL073,0.21428572
PFL1,LCNOpm,0.035714287
PFL1,LNO2,0.10714286
PFL1,LNOa,0.035714287
PFL1,LPsP,0.035714287
PFL1,PEG,0.023809524
PFL1,PEN_a(PEN1),0.0035714286
PFL1,PFGs,0.003968254
PFL1,PFL1,2.4540815
PFL1,PFL2,0.017857144
PFL1,PFL3,0.21130952
PFL1,PFNa,0.0061576352
PFL1,PFNd,0.0035714286
PFL1,PFNp_b,0.0005252101
PFL1,PFNp_c,0.005357143
PFL1,PFNv,0.021428572
PFL1,PFR_a,0.0127551025
PFL1,PFR_b,0.017857144
PFL1,PPL103,0.071428575
PFL1,SAD047,0.071428575
PFL1,SIP064,0.071428575
PFL1,SIP087,0.35714287
PFL1,hDeltaA,0.011904762
PFL1,hDeltaB,0.015037594
PFL1,hDeltaC,0.021428572
PFL1,hDeltaD,0.008928572
PFL1,hDeltaF,0.017857144
PFL1,hDeltaH,0.008928572
PFL1,hDeltaI,0.016806724
PFL1,hDeltaJ,0.004608295
PFL1,hDeltaK,0.004608295
PFL1,hDeltaL,0.0064935065
PFL1,hDeltaM,0.026785715
PFL1,vDeltaC,0.0026455026
PFL1,vDeltaE,0.003968254
PFL1,vDeltaF,0.003968254
PFL1,vDeltaG,0.003968254
PFL1,vDeltaI_b,0.007142857
PFL2,AOTU019,0.083333336
PFL2,AOTU042,1.25
PFL2,ATL028,0.16666667
PFL2,CL308,0.083333336
PFL2,CRE005,0.055555556
PFL2,CRE100,6.8333335
PFL2,DNc01,0.041666668
PFL2,Delta7,0.005952381
PFL2,EPG,0.0054347827
PFL2,ER4m,0.015151516
PFL2,ExR4,0.041666668
PFL2,ExR6,0.25
PFL2,FB1G,0.041666668
PFL2,FB2K,0.055555556
PFL2,FB3C,0.012820513
PFL2,FB3D,0.25
PFL2,FB3E,0.041666668
PFL2,FB4E_a,0.016666668
PFL2,FB4K,0.020833334
PFL2,FB4P_b,0.027777778
PFL2,FB4Y,0.020833334
PFL2,FB5A,12.791667
PFL2,FB5C,0.027777778
PFL2,FB5D,0.027777778
PFL2,FB5E,0.041666668
PFL2,FB5H,0.041666668
PFL2,FB5J,0.041666668
PFL2,FB5L,0.041666668
PFL2,FB5O,0.083333336
PFL2,FB5V_a,0.013888889
PFL2,FB5W_a,0.013888889
PFL2,FB5X,0.013888889
PFL2,FB6A_b,0.125
PFL2,FB6D,0.041666668
PFL2,FB6E,0.041666668
PFL2,FB6K,0.020833334
PFL2,FB6V,0.041666668
PFL2,FB6Z,0.041666668
PFL2,FB7L,0.013888889
PFL2,FB8H,0.013888889
PFL2,FC1A,0.004901961
PFL2,FC2A,0.013888889
PFL2,FC2C,0.0017730496
PFL2,FC3_b,0.004166667
PFL2,FR1,0.009259259
PFL2,FS3_a,0.0055555557
PFL2,FS3_b,0.005952381
PFL2,LAL013,0.16666667
PFL2,LAL045,0.083333336
PFL2,LAL073,49.583332
PFL2,LAL119,1.25
PFL2,LAL159,6.5
PFL2,LAL200,0.41666666
PFL2,LCNOp,0.083333336
PFL2,OA-VPM3,0.041666668
PFL2,PFL1,0.029761905
PFL2,PFL2,4.2083335
PFL2,PFL3,0.125
PFL2,PFNp_a,0.0052083335
PFL2,PFR_b,0.0052083335
PFL2,PPM1204,0.33333334
PFL2,PVLP138,0.25
PFL2,SA2_b,0.020833334
PFL2,SIP087,0.083333336
PFL2,SMP016_b,0.5833333
PFL2,SMP543,1.25
PFL2,VES092,1.0
PFL2,hDeltaA,0.027777778
PFL2,hDeltaC,0.004166667
PFL2,hDeltaD,0.010416667
PFL2,hDeltaF,0.010416667
PFL2,hDeltaG,0.010416667
PFL2,hDeltaH,0.114583336
PFL2,hDeltaJ,0.008064516
PFL2,hDeltaM,0.0625
PFL2,vDeltaA_b,0.002688172
PFL2,vDeltaF,0.0046296297
PFL2,vDeltaG,0.009259259
PFL2,vDeltaK,0.005319149
PFL3,AOTU019,42.333332
PFL3,AOTU042,21.208334
PFL3,ATL028,5.125
PFL3,CB0244,0.041666668
PFL3,CL308,0.041666668
PFL3,CRE011,1.25
PFL3,CRE100,0.041666668
PFL3,DNpe027,0.041666668
PFL3,Delta7,0.0009920635
PFL3,EL,0.0046296297
PFL3,EPG,0.018115941
PFL3,ER3d_c,0.0046296297
PFL3,ER3d_d,0.003787879
PFL3,ER3p_a,0.011904762
PFL3,ExR4,0.041666668
PFL3,ExR5,0.041666668
PFL3,ExR6,0.104166664
PFL3,FB1H,0.020833334
PFL3,FB2B_a,0.010416667
PFL3,FB2D,0.041666668
PFL3,FB2G_b,0.0069444445
PFL3,FB2H_b,0.020833334
PFL3,FB2K,0.7037037
PFL3,FB2M_a,0.020833334
PFL3,FB2M_b,0.0625
PFL3,FB3C,0.0032051282
PFL3,FB4A_a,0.0069444445
PFL3,FB4A_b,0.020833334
PFL3,FB4B,0.041666668
PFL3,FB4E_a,0.008333334
PFL3,FB4E_c,0.041666668
PFL3,FB4F_a,0.03125
PFL3,FB4F_c,0.020833334
PFL3,FB4H,0.041666668
PFL3,FB4K,0.020833334
PFL3,FB4O,0.0069444445
PFL3,FB4P_a,0.052083332
PFL3,FB4P_b,0.041666668
PFL3,FB4Q_a,0.041666668
PFL3,FB4Q_b,0.020833334
PFL3,FB4R,0.027777778
PFL3,FB4X,0.020833334
PFL3,FB4Y,0.072916664
PFL3,FB4Z_a,0.046875
PFL3,FB4Z_b,0.041666668
PFL3,FB4Z_c,0.072916664
PFL3,FB5A,8.395833
PFL3,FB5D,0.055555556
PFL3,FB5G_c,0.020833334
PFL3,FB5H,0.020833334
PFL3,FB5K,0.041666668
PFL3,FB5L,0.020833334
PFL3,FB5M,0.020833334
PFL3,FB5N,0.020833334
PFL3,FB5O,0.020833334
PFL3,FB5R,0.020833334
PFL3,FB5T,0.020833334
PFL3,FB5V_c,0.05
PFL3,FB5X,0.013888889
PFL3,FB5Z,0.010416667
PFL3,FB6A_c,0.020833334
PFL3,FB6C_b,0.027777778
PFL3,FB6R,0.010416667
PFL3,FB8G,0.0069444445
PFL3,FC,0.013888889
PFL3,FC1A,0.0024509805
PFL3,FC2A,0.037037037
PFL3,FC2B,0.0061728396
PFL3,FC2C,0.0070921984
PFL3,FC3_a,0.004901961
PFL3,FC3_c,0.0027777778
PFL3,FR2,0.0023148148
PFL3,FS1A_a,0.0052083335
PFL3,FS1A_b,0.0032051282
PFL3,FS1A_c,0.0046296297
PFL3,FS2,0.001984127
PFL3,FS3_b,0.0029761905
PFL3,FS4B,0.0014367816
PFL3,IB020,3.2083333
PFL3,IB049,1.625
PFL3,LAL040,22.916666
PFL3,LAL045,5.5833335
PFL3,LAL073,1.1875
PFL3,LAL101,10.833333
PFL3,LAL102,0.29166666
PFL3,LAL159,1.5416666
PFL3,LAL200,8.208333
PFL3,LCNOp,11.6875
PFL3,MBON20,0.041666668
PFL3,OA-VPM3,0.041666668
PFL3,PEG,0.013888889
PFL3,PFGs,0.009259259
PFL3,PFL1,0.0922619
PFL3,PFL2,0.125
PFL3,PFL3,1.4809028
PFL3,PFNp_b,0.00030637256
PFL3,PFNp_c,0.0010416667
PFL3,PFR_a,0.014880952
PFL3,PFR_b,0.010416667
PFL3,PPM1204,0.083333336
PFL3,SMP052,0.013888889
PFL3,hDeltaA,0.16319445
PFL3,hDeltaB,0.0065789474
PFL3,hDeltaG,0.026041666
PFL3,hDeltaH,0.020833334
PFL3,hDeltaI,0.031862747
PFL3,hDeltaJ,0.005376344
PFL3,hDeltaK,0.001344086
PFL3,hDeltaM,0.015625
PFL3,vDeltaE,0.0046296297
PFL3,vDeltaF,0.0023148148
PFL3,vDeltaG,0.009259259
PFL3,vDeltaH,0.0046296297
PFL3,vDeltaI_a,0.007352941
PFL3,vDeltaI_b,0.00625
PFL3,vDeltaJ,0.030303031
PFL3,vDeltaK,0.008865248
PFL3,vDeltaL,0.0045045046
PFL3,vDeltaM,0.00075757573
PFNa,AN27X013,0.022988506
PFNa,Delta7,0.0028735632
PFNa,ExR5,0.038793102
PFNa,ExR6,0.01724138
PFNa,ExR8,0.004310345
PFNa,FB1A,0.05172414
PFNa,FB1B,0.00862069
PFNa,FB1C,0.04310345
PFNa,FB1E_a,0.089655176
PFNa,FB1E_b,0.02586207
PFNa,FB1F,0.05172414
PFNa,FB1G,0.14655173
PFNa,FB1H,0.0862069
PFNa,FB2A,3.3706896
PFNa,FB2B_a,0.1336207
PFNa,FB2B_b,0.7844828
PFNa,FB2C,0.024137931
PFNa,FB2D,3.7528737
PFNa,FB2E,1.612069
PFNa,FB2F_a,0.18103448
PFNa,FB2F_b,0.31609195
PFNa,FB2F_c,0.16810344
PFNa,FB2F_d,0.24568966
PFNa,FB2G_a,0.5
PFNa,FB2G_b,0.057471264
PFNa,FB2H_a,0.5258621
PFNa,FB2H_b,0.4827586
PFNa,FB2I_a,0.8931034
PFNa,FB2I_b,1.112069
PFNa,FB2J_a,0.45689654
PFNa,FB2J_b,0.9741379
PFNa,FB2J_c,0.05172414
PFNa,FB2K,0.028735632
PFNa,FB2L,0.038793102
PFNa,FB2M_a,0.14655173
PFNa,FB2M_b,0.060344826
PFNa,FB3C,0.01591512
PFNa,FB3E,0.00862069
PFNa,FB4B,0.03448276
PFNa,FB4C,0.02586207
PFNa,FB4L,0.056034483
PFNa,FB4M,0.021551725
PFNa,FB4N,0.03448276
PFNa,FB5A,0.004310345
PFNa,FC,0.1724138
PFNa,FC1A,2.9553752
PFNa,FC1B,3.2531347
PFNa,FC1C_a,0.03735632
PFNa,FC1C_b,0.05070994
PFNa,FC1D,1.4186207
PFNa,FC1E,0.61912227
PFNa,FC1F,2.9931035
PFNa,FC2A,0.009578544
PFNa,FC2B,0.0051085567
PFNa,FC2C,0.011738812
PFNa,FC3_a,0.56085193
PFNa,FC3_b,0.7836207
PFNa,FC3_c,1.3459771
PFNa,FR1,0.16954023
PFNa,FR2,0.013409962
PFNa,FS1A_b,0.00795756
PFNa,FS1A_c,0.004789272
PFNa,FS1B_a,0.00397878
PFNa,FS1B_b,0.011853448
PFNa,FS2,0.0012315271
PFNa,FS3_a,0.009195402
PFNa,FS3_b,0.0073891627
PFNa,FS3_c,0.0024630541
PFNa,FS3_d,0.0050055617
PFNa,FS4A,0.0015124017
PFNa,FS4B,0.013674198
PFNa,FS4C,0.049876846
PFNa,IbSpsP,0.0005561735
PFNa,LNO1,0.077586204
PFNa,LNOa,22.775862
PFNa,LPsP,0.00862069
PFNa,OA-VPM3,0.05172414
PFNa,PEG,0.0009578544
PFNa,PEN_a(PEN1),0.0017241379
PFNa,PEN_b(PEN2),0.0015673981
PFNa,PFGs,0.0009578544
PFNa,PFL1,0.50615764
PFNa,PFL2,0.010057472
PFNa,PFL3,0.00933908
PFNa,PFNa,4.329964
PFNa,PFNd,0.015517241
PFNa,PFNm_a,0.0065681445
PFNa,PFNm_b,0.0198939
PFNa,PFNp_a,0.0008081897
PFNa,PFNp_b,0.0022819473
PFNa,PFNp_c,0.0038793103
PFNa,PFNp_d,0.0018472907
PFNa,PFNv,0.09137931
PFNa,PFR_a,0.00061576354
PFNa,PFR_b,0.0021551724
PFNa,hDeltaA,0.0014367816
PFNa,hDeltaB,0.005444646
PFNa,hDeltaC,1.1232759
PFNa,hDeltaD,0.015086207
PFNa,hDeltaE,0.015086207
PFNa,hDeltaF,0.056034483
PFNa,hDeltaG,0.049568966
PFNa,hDeltaH,0.019396551
PFNa,hDeltaI,0.026369167
PFNa,hDeltaJ,0.76084536
PFNa,hDeltaK,0.0027808677
PFNa,hDeltaL,0.11128527
PFNa,hDeltaM,0.04525862
PFNa,vDeltaB,0.0016685206
PFNa,vDeltaC,0.003192848
PFNa,vDeltaD,0.0057471264
PFNa,vDeltaE,0.02394636
PFNa,vDeltaF,0.01532567
PFNa,vDeltaG,0.04597701
PFNa,vDeltaH,0.028735632
PFNa,vDeltaI_a,0.024340771
PFNa,vDeltaI_b,0.002586207
PFNa,vDeltaL,0.00093196647
PFNa,vDeltaM,0.00031347963
PFNd,Delta7,0.005952381
PFNd,EL,0.004166667
PFNd,EPG,0.009782609
PFNd,ExR5,0.09375
PFNd,ExR8,0.00625
PFNd,FB1B,0.00625
PFNd,FB1H,3.425
PFNd,FB2A,0.0375
PFNd,FB2C,0.005
PFNd,FB2D,0.008333334
PFNd,FB2H_b,0.0125
PFNd,FB2K,0.0055555557
PFNd,FB2L,0.00625
PFNd,FB3A,25.125
PFNd,FB3C,0.092307694
PFNd,FB3D,0.125
PFNd,FB3E,0.1875
PFNd,FB4A_a,0.0625
PFNd,FB4A_b,0.075
PFNd,FB4B,6.1375
PFNd,FB4C,16.325
PFNd,FB4D_a,2.15
PFNd,FB4D_b,0.75
PFNd,FB4D_c,4.4875
PFNd,FB4E_a,0.005
PFNd,FB4E_c,0.025
PFNd,FB4F_a,0.01875
PFNd,FB4F_b,0.85
PFNd,FB4F_c,0.11666667
PFNd,FB4G,0.45
PFNd,FB4I,0.025
PFNd,FB4J,3.925
PFNd,FB4K,0.2125
PFNd,FB4L,3.5625
PFNd,FB4M,4.38125
PFNd,FB4N,13.2375
PFNd,FB4O,0.004166667
PFNd,FB4P_a,0.00625
PFNd,FB4P_b,0.025
PFNd,FB4Q_a,0.0125
PFNd,FB4Q_c,0.008333334
PFNd,FB4R,0.016666668
PFNd,FB4X,0.025
PFNd,FB4Y,0.01875
PFNd,FB5A,0.3625
PFNd,FB5M,0.0125
PFNd,FC1A,0.007352941
PFNd,FC1B,0.006818182
PFNd,FC1C_a,0.004166667
PFNd,FC1C_b,0.004411765
PFNd,FC1D,0.007
PFNd,FC1E,0.0056818184
PFNd,FC1F,0.01
PFNd,FC2A,0.0069444445
PFNd,FC2B,0.008333334
PFNd,FC2C,0.01968085
PFNd,FC3_a,0.020588236
PFNd,FC3_b,0.0225
PFNd,FC3_c,0.025
PFNd,FR1,0.03888889
PFNd,FR2,0.016666668
PFNd,FS1A_a,0.0078125
PFNd,FS1A_b,0.0038461538
PFNd,FS1A_c,0.0027777778
PFNd,FS1B_a,0.0038461538
PFNd,FS1B_b,0.009375
PFNd,FS2,0.0702381
PFNd,FS3_a,0.026666667
PFNd,FS3_b,0.014285714
PFNd,FS3_c,0.048214287
PFNd,FS3_d,0.010483871
PFNd,FS4A,0.0021929825
PFNd,FS4C,0.005357143
PFNd,GLNO,0.0125
PFNd,IbSpsP,0.0016129032
PFNd,LNO1,2.675
PFNd,LNO2,44.275
PFNd,LNOa,0.0625
PFNd,LPsP,0.3
PFNd,OA-VPM3,1.625
PFNd,P6-8P9,0.03125
PFNd,PEG,0.0055555557
PFNd,PEN_a(PEN1),0.0225
PFNd,PEN_b(PEN2),0.017045455
PFNd,PFGs,0.058333334
PFNd,PFL1,0.0125
PFNd,PFL2,0.008333334
PFNd,PFL3,0.009375
PFNd,PFNa,0.0060344827
PFNd,PFNd,5.068125
PFNd,PFNm_b,0.0028846154
PFNd,PFNp_a,0.001171875
PFNd,PFNp_b,0.00018382353
PFNd,PFNp_c,0.005
PFNd,PFNp_d,0.00089285715
PFNd,PFNp_e,0.010869565
PFNd,PFNv,0.04125
PFNd,PFR_a,3.0625
PFNd,PFR_b,0.1296875
PFNd,SA3,0.05
PFNd,hDeltaA,3.30625
PFNd,hDeltaB,26.532894
PFNd,hDeltaC,0.02875
PFNd,hDeltaD,0.009375
PFNd,hDeltaF,0.009375
PFNd,hDeltaG,0.515625
PFNd,hDeltaH,0.603125
PFNd,hDeltaI,0.06911765
PFNd,hDeltaJ,0.8104839
PFNd,hDeltaK,0.043548387
PFNd,hDeltaL,0.009090909
PFNd,hDeltaM,0.021875
PFNd,vDeltaA_a,0.0032142857
PFNd,vDeltaA_b,0.0016129032
PFNd,vDeltaD,0.0023809525
PFNd,vDeltaE,0.0013888889
PFNd,vDeltaF,0.0013888889
PFNd,vDeltaG,0.0013888889
PFNd,vDeltaI_a,0.010294118
PFNd,vDeltaI_b,0.07625
PFNd,vDeltaJ,0.009090909
PFNd,vDeltaK,0.007978723
PFNd,vDeltaL,0.13243243
PFNd,vDeltaM,0.044090908
PFNm_a,CL248,0.023809524
PFNm_a,Delta7,0.0034013605
PFNm_a,FB1A,0.15476191
PFNm_a,FB1B,0.4047619
PFNm_a,FB1C,3.1309524
PFNm_a,FB1D,0.01904762
PFNm_a,FB1E_a,0.00952381
PFNm_a,FB1F,1.0
PFNm_a,FB1G,0.071428575
PFNm_a,FB1H,1.1904762
PFNm_a,FB1I,0.023809524
PFNm_a,FB1J,0.023809524
PFNm_a,FB2B_b,0.071428575
PFNm_a,FB2D,0.03968254
PFNm_a,FB2F_b,0.015873017
PFNm_a,FB2F_c,0.05952381
PFNm_a,FB2F_d,0.011904762
PFNm_a,FB2G_b,0.015873017
PFNm_a,FB2H_b,0.023809524
PFNm_a,FB2I_b,0.023809524
PFNm_a,FB2K,0.005291005
PFNm_a,FB4Y,0.035714287
PFNm_a,FC,0.07936508
PFNm_a,FC1A,0.0028011205
PFNm_a,FC1B,0.0021645022
PFNm_a,FC1D,0.0038095238
PFNm_a,FC2A,0.1957672
PFNm_a,FC2B,0.52380955
PFNm_a,FC2C,0.75886524
PFNm_a,FC3_a,0.0028011205
PFNm_a,FC3_b,0.0023809525
PFNm_a,FR1,0.01058201
PFNm_a,FS1A_a,0.017857144
PFNm_a,FS1A_b,0.01831502
PFNm_a,FS1A_c,0.0026455026
PFNm_a,FS1B_b,0.011904762
PFNm_a,FS2,0.011337869
PFNm_a,FS3,0.2857143
PFNm_a,FS3_a,0.23809524
PFNm_a,FS3_b,0.19727892
PFNm_a,FS3_c,0.24489796
PFNm_a,FS3_d,0.033794165
PFNm_a,FS4A,0.0016708438
PFNm_a,FS4B,0.0771757
PFNm_a,FS4C,0.108843535
PFNm_a,IbSpsP,0.0015360983
PFNm_a,LCNOpm,9.452381
PFNm_a,OA-VPM3,0.04761905
PFNm_a,PEN_a(PEN1),0.011904762
PFNm_a,PEN_b(PEN2),0.012987013
PFNm_a,PFL1,0.010204081
PFNm_a,PFL2,0.01984127
PFNm_a,PFL3,0.017857144
PFNm_a,PFNa,0.027914613
PFNm_a,PFNd,0.00952381
PFNm_a,PFNm_a,3.1814058
PFNm_a,PFNm_b,3.010989
PFNm_a,PFNp_a,0.039434522
PFNm_a,PFNp_b,0.51785713
PFNm_a,PFNp_c,0.99285716
PFNm_a,PFNp_d,0.07312925
PFNm_a,PFNp_e,0.111801244
PFNm_a,PFNv,0.021428572
PFNm_a,hDeltaC,0.7595238
PFNm_a,hDeltaD,0.011904762
PFNm_a,hDeltaE,0.041666668
PFNm_a,hDeltaF,1.0
PFNm_a,hDeltaI,0.0028011205
PFNm_a,hDeltaJ,0.33179724
PFNm_a,hDeltaL,0.025974026
PFNm_a,vDeltaA_a,0.0013605442
PFNm_a,vDeltaA_b,0.093701996
PFNm_a,vDeltaB,0.30721965
PFNm_a,vDeltaC,0.77425045
PFNm_a,vDeltaD,0.70294785
PFNm_a,vDeltaE,0.42857143
PFNm_a,vDeltaF,0.3068783
PFNm_a,vDeltaG,0.2010582
PFNm_a,vDeltaH,0.18518518
PFNm_a,vDeltaI_a,0.4369748
PFNm_a,vDeltaI_b,0.23095238
PFNm_a,vDeltaJ,0.13419913
PFNm_a,vDeltaK,0.017223911
PFNm_a,vDeltaL,0.012870013
PFNm_a,vDeltaM,0.0034632036
PFNm_b,AVLP714m,0.03846154
PFNm_b,CL248,0.09615385
PFNm_b,DNc02,0.01923077
PFNm_b,Delta7,0.004578755
PFNm_b,FB1A,0.59615386
PFNm_b,FB1B,1.1153846
PFNm_b,FB1C,4.0384617
PFNm_b,FB1D,0.046153847
PFNm_b,FB1E_a,0.15384616
PFNm_b,FB1E_b,0.13461539
PFNm_b,FB1F,3.5961537
PFNm_b,FB1G,0.17307693
PFNm_b,FB1H,0.28846154
PFNm_b,FB1I,0.88461536
PFNm_b,FB1J,0.23076923
PFNm_b,FB2B_b,0.048076924
PFNm_b,FB2D,0.08974359
PFNm_b,FB2F_c,0.07692308
PFNm_b,FB2H_b,0.01923077
PFNm_b,FB2I_b,0.01923077
PFNm_b,FB2J_b,0.057692308
PFNm_b,FB2L,0.009615385
PFNm_b,FB4Y,0.028846154
PFNm_b,FC1B,0.0034965035
PFNm_b,FC2A,0.027777778
PFNm_b,FC2B,0.11965812
PFNm_b,FC2C,0.6661211
PFNm_b,FS1A_a,0.0024038462
PFNm_b,FS1A_b,0.00295858
PFNm_b,FS2,0.0073260074
PFNm_b,FS3,0.46153846
PFNm_b,FS3_a,0.18461539
PFNm_b,FS3_b,0.17582418
PFNm_b,FS3_c,0.21703297
PFNm_b,FS3_d,0.14640199
PFNm_b,FS4A,0.016194332
PFNm_b,FS4B,0.0729443
PFNm_b,FS4C,0.046703298
PFNm_b,IbSpsP,0.006203474
PFNm_b,LCNOp,0.07692308
PFNm_b,LCNOpm,13.942307
PFNm_b,LNOa,0.03846154
PFNm_b,LPsP,0.01923077
PFNm_b,OA-VPM3,0.01923077
PFNm_b,P6-8P9,0.01923077
PFNm_b,PEG,0.0021367522
PFNm_b,PEN_a(PEN1),0.009615385
PFNm_b,PEN_b(PEN2),0.0034965035
PFNm_b,PFL2,0.0032051282
PFNm_b,PFL3,0.0064102565
PFNm_b,PFNa,0.054376658
PFNm_b,PFNd,0.011538462
PFNm_b,PFNm_a,2.4175825
PFNm_b,PFNm_b,3.3002958
PFNm_b,PFNp_a,0.02704327
PFNm_b,PFNp_b,0.4015837
PFNm_b,PFNp_c,0.4471154
PFNm_b,PFNp_d,0.09615385
PFNm_b,PFNp_e,0.051839463
PFNm_b,PFNv,0.013461539
PFNm_b,hDeltaC,0.25192308
PFNm_b,hDeltaD,0.14423077
PFNm_b,hDeltaE,0.10576923
PFNm_b,hDeltaF,1.0432693
PFNm_b,hDeltaJ,0.03598015
PFNm_b,hDeltaK,0.0012406948
PFNm_b,hDeltaL,0.045454547
PFNm_b,vDeltaA_a,0.0038461538
PFNm_b,vDeltaA_b,0.43300247
PFNm_b,vDeltaB,1.1290323
PFNm_b,vDeltaC,1.4230769
PFNm_b,vDeltaD,0.7087912
PFNm_b,vDeltaE,0.20512821
PFNm_b,vDeltaF,0.10042735
PFNm_b,vDeltaG,0.012820513
PFNm_b,vDeltaH,0.02991453
PFNm_b,vDeltaI_a,0.1040724
PFNm_b,vDeltaI_b,0.03269231
PFNm_b,vDeltaJ,0.0034965035
PFNm_b,vDeltaK,0.005728314
PFNm_b,vDeltaL,0.001039501
PFNm_b,vDeltaM,0.0013986015
PFNp_a,AN27X013,0.0052083335
PFNp_a,DNc02,0.0078125
PFNp_a,Delta7,0.004464286
PFNp_a,EPG,0.0023777173
PFNp_a,EPGt,0.01953125
PFNp_a,FB1C,0.59765625
PFNp_a,FB1H,2.3671875
PFNp_a,FB2I_b,0.0078125
PFNp_a,FB4Y,0.43359375
PFNp_a,FC,0.010416667
PFNp_a,FC1A,0.021139706
PFNp_a,FC2A,0.25694445
PFNp_a,FC2B,0.015625
PFNp_a,FC2C,0.0033244682
PFNp_a,FR1,0.004340278
PFNp_a,FS1A_a,0.001953125
PFNp_a,FS3_c,0.0033482143
PFNp_a,FS3_d,0.00050403224
PFNp_a,FS4A,0.0005482456
PFNp_a,FS4B,0.0005387931
PFNp_a,IbSpsP,0.0010080645
PFNp_a,LCNOp,9.578125
PFNp_a,LCNOpm,3.5859375
PFNp_a,LPsP,0.0078125
PFNp_a,OA-VPM3,0.0859375
PFNp_a,P6-8P9,0.015625
PFNp_a,PEG,0.0026041667
PFNp_a,PEN_a(PEN1),0.01484375
PFNp_a,PEN_b(PEN2),0.0014204546
PFNp_a,PFL1,0.0011160715
PFNp_a,PFL2,1.4075521
PFNp_a,PFL3,1.2669271
PFNp_a,PFNa,0.010506465
PFNp_a,PFNd,0.0140625
PFNp_a,PFNm_a,0.13467261
PFNp_a,PFNm_b,0.036658652
PFNp_a,PFNp_a,0.48095703
PFNp_a,PFNp_b,0.10294118
PFNp_a,PFNp_c,0.5835937
PFNp_a,PFNp_d,0.23995535
PFNp_a,PFNp_e,0.77038044
PFNp_a,PFNv,0.00703125
PFNp_a,hDeltaI,0.41911766
PFNp_a,hDeltaJ,0.0025201612
PFNp_a,vDeltaA_a,0.0140625
PFNp_a,vDeltaA_b,0.012096774
PFNp_a,vDeltaB,0.0146169355
PFNp_a,vDeltaC,0.0052083335
PFNp_a,vDeltaD,0.008184524
PFNp_a,vDeltaE,0.0026041667
PFNp_a,vDeltaF,0.008680556
PFNp_a,vDeltaG,0.0069444445
PFNp_a,vDeltaH,0.024305556
PFNp_a,vDeltaI_a,0.04227941
PFNp_a,vDeltaI_b,0.06171875
PFNp_a,vDeltaJ,0.23579545
PFNp_a,vDeltaK,0.41655585
PFNp_a,vDeltaL,0.5253378
PFNp_a,vDeltaM,0.29375
PFNp_b,AN27X013,0.019607844
PFNp_b,AVLP738m,0.007352941
PFNp_b,CL248,0.007352941
PFNp_b,DNc02,0.007352941
PFNp_b,Delta7,0.0012254902
PFNp_b,FB1A,0.0018382353
PFNp_b,FB1B,0.014705882
PFNp_b,FB1C,3.1231618
PFNp_b,FB1E_b,0.0036764706
PFNp_b,FB1F,0.040441178
PFNp_b,FB1G,0.022058824
PFNp_b,FB1H,0.625
PFNp_b,FB1I,0.0036764706
PFNp_b,FB2B_b,0.0036764706
PFNp_b,FB2D,0.008578432
PFNp_b,FB2F_a,0.0012254902
PFNp_b,FB2F_c,0.007352941
PFNp_b,FB2F_d,0.0036764706
PFNp_b,FB2G_b,0.0036764706
PFNp_b,FB2H_b,0.0036764706
PFNp_b,FB2I_a,0.00073529413
PFNp_b,FB2I_b,0.018382354
PFNp_b,FB2K,0.0008169935
PFNp_b,FB2L,0.0018382353
PFNp_b,FB4Y,0.15073529
PFNp_b,FC,0.031862747
PFNp_b,FC1A,0.0043252595
PFNp_b,FC2A,0.65155226
PFNp_b,FC2B,0.2282135
PFNp_b,FC2C,0.05991865
PFNp_b,FC3_a,0.00043252597
PFNp_b,FC3_b,0.0014705883
PFNp_b,FS1A_a,0.0018382353
PFNp_b,FS1A_b,0.0011312218
PFNp_b,FS1B_a,0.0005656109
PFNp_b,FS3_a,0.004901961
PFNp_b,FS3_b,0.004201681
PFNp_b,FS3_c,0.008928572
PFNp_b,FS3_d,0.0021347248
PFNp_b,FS4A,0.0011609907
PFNp_b,FS4B,0.0017748479
PFNp_b,FS4C,0.0013130252
PFNp_b,IbSpsP,0.00023719165
PFNp_b,LCNOp,1.3970588
PFNp_b,LCNOpm,10.367647
PFNp_b,LPsP,0.0036764706
PFNp_b,OA-VPM3,0.04779412
PFNp_b,PEG,0.00040849674
PFNp_b,PEN_a(PEN1),0.0014705883
PFNp_b,PEN_b(PEN2),0.0013368984
PFNp_b,PFL1,0.013130252
PFNp_b,PFL2,0.16911764
PFNp_b,PFL3,0.22855392
PFNp_b,PFNa,0.011409736
PFNp_b,PFNd,0.0018382353
PFNp_b,PFNm_a,0.48634455
PFNp_b,PFNm_b,0.3337104
PFNp_b,PFNp_a,0.12913603
PFNp_b,PFNp_b,0.21453287
PFNp_b,PFNp_c,0.4077206
PFNp_b,PFNp_d,0.083771005
PFNp_b,PFNp_e,0.23273657
PFNp_b,PFNv,0.008455883
PFNp_b,SA3,0.00091911765
PFNp_b,hDeltaC,0.0125
PFNp_b,hDeltaE,0.00091911765
PFNp_b,hDeltaF,0.018382354
PFNp_b,hDeltaH,0.0045955884
PFNp_b,hDeltaI,0.007785467
PFNp_b,hDeltaJ,0.013282732
PFNp_b,hDeltaK,0.00023719165
PFNp_b,hDeltaL,0.0020053475
PFNp_b,vDeltaA_a,0.0019957984
PFNp_b,vDeltaA_b,0.010910816
PFNp_b,vDeltaB,0.045777988
PFNp_b,vDeltaC,0.12663399
PFNp_b,vDeltaD,0.10084034
PFNp_b,vDeltaE,0.123774506
PFNp_b,vDeltaF,0.14624183
PFNp_b,vDeltaG,0.31944445
PFNp_b,vDeltaH,0.50571895
PFNp_b,vDeltaI_a,0.5510381
PFNp_b,vDeltaI_b,0.32757354
PFNp_b,vDeltaJ,0.098262034
PFNp_b,vDeltaK,0.06163955
PFNp_b,vDeltaL,0.04908585
PFNp_b,vDeltaM,0.018315507
PFNp_c,DNc01,0.0125
PFNp_c,Delta7,0.0011904762
PFNp_c,FB1B,0.0375
PFNp_c,FB1C,1.925
PFNp_c,FB1D,0.005
PFNp_c,FB1F,0.0125
PFNp_c,FB1G,0.025
PFNp_c,FB1H,5.65
PFNp_c,FB2B_b,0.1375
PFNp_c,FB2D,0.029166667
PFNp_c,FB2F_b,0.06666667
PFNp_c,FB2F_c,0.0375
PFNp_c,FB2G_b,0.0375
PFNp_c,FB2H_a,0.0125
PFNp_c,FB2I_b,0.1
PFNp_c,FB2K,0.008333334
PFNp_c,FB2L,0.00625
PFNp_c,FB4Y,0.13125
PFNp_c,FC,0.19166666
PFNp_c,FC1A,0.019117648
PFNp_c,FC2A,0.63472223
PFNp_c,FC2B,0.51944447
PFNp_c,FC2C,0.26755318
PFNp_c,FC3_a,0.022058824
PFNp_c,FC3_b,0.01
PFNp_c,FC3_c,0.0016666667
PFNp_c,FR1,0.07638889
PFNp_c,FR2,0.0013888889
PFNp_c,FS1A_a,0.1890625
PFNp_c,FS1A_b,0.07884616
PFNp_c,FS1B_b,0.0375
PFNp_c,FS2,0.005357143
PFNp_c,FS3,0.025
PFNp_c,FS3_a,0.19666667
PFNp_c,FS3_b,0.07678571
PFNp_c,FS3_c,0.25714287
PFNp_c,FS3_d,0.008870968
PFNp_c,FS4A,0.0013157895
PFNp_c,FS4B,0.012931035
PFNp_c,FS4C,0.05
PFNp_c,IbSpsP,0.0008064516
PFNp_c,LCNOp,0.125
PFNp_c,LCNOpm,7.3875
PFNp_c,PEN_a(PEN1),0.0025
PFNp_c,PEN_b(PEN2),0.0022727272
PFNp_c,PFL1,0.008928572
PFNp_c,PFL2,0.033333335
PFNp_c,PFL3,0.14375
PFNp_c,PFNa,0.009051724
PFNp_c,PFNd,0.0025
PFNp_c,PFNm_a,2.0761905
PFNp_c,PFNm_b,0.8730769
PFNp_c,PFNp_a,0.28085938
PFNp_c,PFNp_b,0.5233456
PFNp_c,PFNp_c,1.76375
PFNp_c,PFNp_d,0.26964286
PFNp_c,PFNp_e,0.5728261
PFNp_c,PFNv,0.00875
PFNp_c,SA2_a,0.016666668
PFNp_c,hDeltaB,0.0013157895
PFNp_c,hDeltaC,0.7125
PFNp_c,hDeltaE,0.01875
PFNp_c,hDeltaF,0.209375
PFNp_c,hDeltaH,0.003125
PFNp_c,hDeltaI,0.019117648
PFNp_c,hDeltaJ,1.375
PFNp_c,hDeltaL,0.006818182
PFNp_c,hDeltaM,0.003125
PFNp_c,vDeltaA_a,0.005357143
PFNp_c,vDeltaA_b,0.012096774
PFNp_c,vDeltaB,0.03387097
PFNp_c,vDeltaC,0.13796297
PFNp_c,vDeltaD,0.4595238
PFNp_c,vDeltaE,0.69027776
PFNp_c,vDeltaF,0.48194444
PFNp_c,vDeltaG,0.425
PFNp_c,vDeltaH,0.3861111
PFNp_c,vDeltaI_a,0.38088235
PFNp_c,vDeltaI_b,0.34375
PFNp_c,vDeltaJ,0.3272727
PFNp_c,vDeltaK,0.18297872
PFNp_c,vDeltaL,0.16216215
PFNp_c,vDeltaM,0.09227273
PFNp_d,AN27X013,0.023809524
PFNp_d,DNc02,0.071428575
PFNp_d,EPG,0.00077639753
PFNp_d,FB1A,0.008928572
PFNp_d,FB1B,0.026785715
PFNp_d,FB1C,0.91071427
PFNp_d,FB1G,0.017857144
PFNp_d,FB1H,0.35714287
PFNp_d,FB1I,0.017857144
PFNp_d,FB1J,0.14285715
PFNp_d,FB2B_b,0.026785715
PFNp_d,FB4F_c,0.011904762
PFNp_d,FB4G,0.05357143
PFNp_d,FB4H,0.035714287
PFNp_d,FB4J,0.05357143
PFNp_d,FB4K,0.017857144
PFNp_d,FB4M,0.008928572
PFNp_d,FB4O,0.005952381
PFNp_d,FB4Y,0.1875
PFNp_d,FB4Z_b,0.023809524
PFNp_d,FB5D,0.011904762
PFNp_d,FC,0.17857143
PFNp_d,FC1A,0.004201681
PFNp_d,FC2A,0.4920635
PFNp_d,FC2B,0.16402116
PFNp_d,FC2C,0.031155014
PFNp_d,FR1,0.005952381
PFNp_d,FS1A_a,0.004464286
PFNp_d,FS1A_b,0.0054945056
PFNp_d,FS1A_c,0.001984127
PFNp_d,FS3_a,0.0023809525
PFNp_d,FS3_c,0.010204081
PFNp_d,FS3_d,0.0023041475
PFNp_d,FS4A,0.0056390977
PFNp_d,FS4B,0.0036945813
PFNp_d,FS4C,0.0012755102
PFNp_d,LCNOp,0.73214287
PFNp_d,LCNOpm,0.4642857
PFNp_d,PEN_a(PEN1),0.0017857143
PFNp_d,PEN_b(PEN2),0.0032467532
PFNp_d,PFL1,0.0051020407
PFNp_d,PFL2,0.61011904
PFNp_d,PFL3,0.8214286
PFNp_d,PFNa,0.0061576352
PFNp_d,PFNd,0.0026785715
PFNp_d,PFNm_a,0.034013607
PFNp_d,PFNm_b,0.03846154
PFNp_d,PFNp_a,0.092633925
PFNp_d,PFNp_b,0.053834032
PFNp_d,PFNp_c,0.060714286
PFNp_d,PFNp_d,0.10204082
PFNp_d,PFNp_e,0.088509314
PFNp_d,PFNv,0.007142857
PFNp_d,PFR_b,0.002232143
PFNp_d,SA1_a,0.011904762
PFNp_d,SA2_c,0.05357143
PFNp_d,SA3,0.008928572
PFNp_d,hDeltaA,0.014880952
PFNp_d,hDeltaB,0.011278195
PFNp_d,hDeltaC,0.0017857143
PFNp_d,hDeltaG,0.004464286
PFNp_d,hDeltaH,0.004464286
PFNp_d,hDeltaI,0.197479
PFNp_d,hDeltaJ,0.0023041475
PFNp_d,hDeltaK,0.0011520737
PFNp_d,hDeltaL,0.0064935065
PFNp_d,vDeltaA_a,0.021938775
PFNp_d,vDeltaA_b,0.1486175
PFNp_d,vDeltaB,0.2016129
PFNp_d,vDeltaC,0.07804233
PFNp_d,vDeltaD,0.06122449
PFNp_d,vDeltaE,0.037698414
PFNp_d,vDeltaF,0.03373016
PFNp_d,vDeltaG,0.035714287
PFNp_d,vDeltaH,0.071428575
PFNp_d,vDeltaI_a,0.15336135
PFNp_d,vDeltaI_b,0.24464285
PFNp_d,vDeltaJ,0.18831168
PFNp_d,vDeltaK,0.11398176
PFNp_d,vDeltaL,0.05888031
PFNp_d,vDeltaM,0.033116885
PFNp_e,Delta7,0.0062111802
PFNp_e,EPG,0.0009451796
PFNp_e,FB1C,0.95652175
PFNp_e,FB1H,6.2173915
PFNp_e,FB2I_b,0.02173913
PFNp_e,FB4Y,0.4021739
PFNp_e,FC1A,0.025575448
PFNp_e,FC2A,0.28985506
PFNp_e,FC2B,0.028985508
PFNp_e,FC2C,0.019426458
PFNp_e,FC3_a,0.0051150895
PFNp_e,FC3_b,0.002173913
PFNp_e,FR1,0.014492754
PFNp_e,FS1A_a,0.019021738
PFNp_e,FS1A_b,0.006688963
PFNp_e,FS3_a,0.0028985508
PFNp_e,FS3_c,0.04037267
PFNp_e,IbSpsP,0.004207574
PFNp_e,LCNOp,1.9130435
PFNp_e,LCNOpm,7.130435
PFNp_e,OA-VPM3,0.04347826
PFNp_e,P6-8P9,0.04347826
PFNp_e,PEN_a(PEN1),0.019565217
PFNp_e,PEN_b(PEN2),0.0039525693
PFNp_e,PFL1,0.0031055901
PFNp_e,PFL2,0.5797101
PFNp_e,PFL3,0.817029
PFNp_e,PFNa,0.012743629
PFNp_e,PFNd,0.004347826
PFNp_e,PFNm_a,0.815735
PFNp_e,PFNm_b,0.18561873
PFNp_e,PFNp_a,0.6467391
PFNp_e,PFNp_b,0.29443735
PFNp_e,PFNp_c,1.7239131
PFNp_e,PFNp_d,0.75931674
PFNp_e,PFNp_e,0.9867675
PFNp_e,PFNv,0.006521739
PFNp_e,SA3,0.0054347827
PFNp_e,hDeltaC,0.015217391
PFNp_e,hDeltaI,0.4910486
PFNp_e,hDeltaJ,0.099579245
PFNp_e,vDeltaA_a,0.06832298
PFNp_e,vDeltaA_b,0.028050492
PFNp_e,vDeltaB,0.004207574
PFNp_e,vDeltaD,0.031055901
PFNp_e,vDeltaE,0.048309177
PFNp_e,vDeltaF,0.096618354
PFNp_e,vDeltaG,0.08454106
PFNp_e,vDeltaH,0.13043478
PFNp_e,vDeltaI_a,0.099744245
PFNp_e,vDeltaI_b,0.052173913
PFNp_e,vDeltaJ,0.24505928
PFNp_e,vDeltaK,0.4079556
PFNp_e,vDeltaL,0.57226795
PFNp_e,vDeltaM,0.55889326
PFNv,AN09A005,0.016666668
PFNv,AN27X013,0.016666668
PFNv,Delta7,0.5416667
PFNv,EL,0.0055555557
PFNv,EPG,0.011956521
PFNv,EPGt,0.1625
PFNv,FB1A,0.05
PFNv,FB1C,0.025
PFNv,FB1E_a,0.22
PFNv,FB1E_b,0.025
PFNv,FB1F,0.025
PFNv,FB1G,0.05
PFNv,FB1H,4.125
PFNv,FB2A,0.575
PFNv,FB2C,0.01
PFNv,FB2D,0.075
PFNv,FB2F_b,0.35
PFNv,FB2F_c,0.7
PFNv,FB2F_d,0.6625
PFNv,FB2G_a,0.075
PFNv,FB2G_b,0.016666668
PFNv,FB2K,0.1388889
PFNv,FB2L,0.075
PFNv,FB3A,0.4
PFNv,FB3C,1.2846154
PFNv,FB3D,0.5
PFNv,FB3E,1.45
PFNv,FB4B,15.575
PFNv,FB4C,7.175
PFNv,FB4D_a,0.025
PFNv,FB4D_b,0.15
PFNv,FB4D_c,0.025
PFNv,FB4F_a,0.0125
PFNv,FB4L,0.2
PFNv,FB4M,14.625
PFNv,FB4N,0.575
PFNv,FB6K,0.125
PFNv,FC,0.05
PFNv,FC1A,0.005882353
PFNv,FC1B,0.052272726
PFNv,FC1C_a,0.008333334
PFNv,FC1C_b,0.011764706
PFNv,FC1D,0.022
PFNv,FC1E,0.027272727
PFNv,FC1F,0.086666666
PFNv,FC2A,0.030555556
PFNv,FC2B,0.027777778
PFNv,FC2C,0.028723404
PFNv,FC3_a,0.15588236
PFNv,FC3_b,0.19
PFNv,FC3_c,0.11
PFNv,FR1,0.016666668
PFNv,FR2,0.011111111
PFNv,FS1A_a,0.3
PFNv,FS1A_b,0.046153847
PFNv,FS1A_c,0.011111111
PFNv,FS1B_a,0.01923077
PFNv,FS1B_b,0.01875
PFNv,FS2,0.027380953
PFNv,FS3_a,0.123333335
PFNv,FS3_b,0.028571429
PFNv,FS3_c,0.11785714
PFNv,FS3_d,0.008064516
PFNv,FS4A,0.004385965
PFNv,FS4B,0.0068965517
PFNv,FS4C,0.021428572
PFNv,GLNO,0.0375
PFNv,IbSpsP,0.03387097
PFNv,LNO1,34.55
PFNv,LNO2,1.575
PFNv,LNOa,0.1
PFNv,LPsP,0.325
PFNv,OA-VPM3,1.85
PFNv,P6-8P9,0.8875
PFNv,PEG,0.041666668
PFNv,PEN_a(PEN1),0.1075
PFNv,PEN_b(PEN2),0.07272727
PFNv,PFGs,0.108333334
PFNv,PFL1,0.021428572
PFNv,PFL2,0.033333335
PFNv,PFL3,0.010416667
PFNv,PFNa,0.64568967
PFNv,PFNd,0.3225
PFNv,PFNm_a,0.042857144
PFNv,PFNm_b,0.03846154
PFNv,PFNp_a,0.06484375
PFNv,PFNp_b,0.07757353
PFNv,PFNp_c,0.125
PFNv,PFNp_d,0.08035714
PFNv,PFNp_e,0.14565217
PFNv,PFNv,22.62
PFNv,PFR_a,0.18928571
PFNv,PFR_b,0.06875
PFNv,SpsP,0.025
PFNv,hDeltaB,11.431579
PFNv,hDeltaC,1.95
PFNv,hDeltaD,0.00625
PFNv,hDeltaE,0.00625
PFNv,hDeltaF,0.03125
PFNv,hDeltaG,0.09375
PFNv,hDeltaH,0.05
PFNv,hDeltaI,0.023529412
PFNv,hDeltaJ,0.62419355
PFNv,hDeltaK,0.014516129
PFNv,hDeltaL,0.24090908
PFNv,hDeltaM,0.44375
PFNv,vDeltaA_b,0.0016129032
PFNv,vDeltaB,0.0048387097
PFNv,vDeltaC,0.031481482
PFNv,vDeltaD,0.061904762
PFNv,vDeltaE,0.30277777
PFNv,vDeltaF,0.047222223
PFNv,vDeltaG,0.0055555557
PFNv,vDeltaH,0.0055555557
PFNv,vDeltaI_a,0.011764706
PFNv,vDeltaJ,0.0045454544
PFNv,vDeltaK,0.0021276595
PFNv,vDeltaL,0.004054054
PFNv,vDeltaM,0.0018181818
PFR_a,AN27X013,0.011904762
PFR_a,AOTU046,0.008928572
PFR_a,CRE004,0.21428572
PFR_a,CRE044,0.035714287
PFR_a,DNc01,0.017857144
PFR_a,Delta7,0.006802721
PFR_a,EL,0.18650794
PFR_a,EPG,0.07608695
PFR_a,EPGt,0.026785715
PFR_a,ER1_a,0.0032467532
PFR_a,ER1_b,0.0027472528
PFR_a,ER1_c,0.008928572
PFR_a,ER3a_b,0.017857144
PFR_a,ER3a_c,0.008928572
PFR_a,ER5,0.0034013605
PFR_a,ER6,0.08035714
PFR_a,ExR1,0.017857144
PFR_a,ExR2,0.008928572
PFR_a,ExR3,0.017857144
PFR_a,ExR4,0.14285715
PFR_a,ExR5,0.48214287
PFR_a,ExR6,0.16071428
PFR_a,ExR7,0.125
PFR_a,FB1A,0.008928572
PFR_a,FB1G,0.035714287
PFR_a,FB1H,3.0892856
PFR_a,FB2C,0.014285714
PFR_a,FB2D,0.023809524
PFR_a,FB2F_a,0.011904762
PFR_a,FB2F_b,0.04761905
PFR_a,FB2F_c,0.017857144
PFR_a,FB2G_a,0.017857144
PFR_a,FB2G_b,0.023809524
PFR_a,FB2I_a,0.007142857
PFR_a,FB2K,0.027777778
PFR_a,FB2L,0.026785715
PFR_a,FB3A,0.25
PFR_a,FB3C,0.11813187
PFR_a,FB3D,0.25
PFR_a,FB3E,0.10714286
PFR_a,FB4A_a,0.6785714
PFR_a,FB4A_b,1.2321428
PFR_a,FB4B,0.96428573
PFR_a,FB4C,1.25
PFR_a,FB4D_a,0.42857143
PFR_a,FB4D_b,0.35714287
PFR_a,FB4D_c,0.66071427
PFR_a,FB4E_a,0.2857143
PFR_a,FB4E_b,0.51785713
PFR_a,FB4E_c,0.42857143
PFR_a,FB4F_a,1.4375
PFR_a,FB4F_b,0.75
PFR_a,FB4F_c,1.4345238
PFR_a,FB4G,1.0892857
PFR_a,FB4H,0.4642857
PFR_a,FB4I,0.85714287
PFR_a,FB4J,0.875
PFR_a,FB4K,3.205357
PFR_a,FB4L,0.49107143
PFR_a,FB4M,3.0089285
PFR_a,FB4N,2.3035715
PFR_a,FB4O,5.672619
PFR_a,FB4P_a,2.4464285
PFR_a,FB4P_b,6.154762
PFR_a,FB4P_c,6.642857
PFR_a,FB4Q_a,5.785714
PFR_a,FB4Q_b,2.142857
PFR_a,FB4Q_c,3.4285715
PFR_a,FB4R,2.5059524
PFR_a,FB4X,10.928572
PFR_a,FB4Y,1.6964285
PFR_a,FB4Z_a,0.70089287
PFR_a,FB4Z_b,0.5119048
PFR_a,FB4Z_c,1.1428572
PFR_a,FB5A,0.4642857
PFR_a,FB5AA,0.83928573
PFR_a,FB5AB,0.64285713
PFR_a,FB5B,0.19642857
PFR_a,FB5C,1.9285715
PFR_a,FB5D,2.3095238
PFR_a,FB5E,2.0892856
PFR_a,FB5F,0.66071427
PFR_a,FB5G_a,0.09821428
PFR_a,FB5G_c,0.14285715
PFR_a,FB5H,0.75
PFR_a,FB5I,5.232143
PFR_a,FB5J,0.83928573
PFR_a,FB5K,0.5535714
PFR_a,FB5L,0.5
PFR_a,FB5M,0.73214287
PFR_a,FB5N,0.20535715
PFR_a,FB5O,0.71428573
PFR_a,FB5P,0.5089286
PFR_a,FB5Q,0.36607143
PFR_a,FB5R,0.45535713
PFR_a,FB5S,0.31349206
PFR_a,FB5T,0.30357143
PFR_a,FB5U,0.7589286
PFR_a,FB5V_a,0.375
PFR_a,FB5V_b,1.0773809
PFR_a,FB5V_c,0.24285714
PFR_a,FB5W_a,0.22619048
PFR_a,FB5W_b,0.04761905
PFR_a,FB5X,0.6130952
PFR_a,FB5Y_a,0.23214285
PFR_a,FB5Y_b,0.017857144
PFR_a,FB5Z,0.36607143
PFR_a,FB6A_c,0.08928572
PFR_a,FB6E,0.017857144
PFR_a,FB6F,0.017857144
PFR_a,FB6J,0.05
PFR_a,FB6K,0.16964285
PFR_a,FB6L,0.04761905
PFR_a,FB6M,0.008928572
PFR_a,FB6N,0.17857143
PFR_a,FB6O,0.035714287
PFR_a,FB6P,0.35714287
PFR_a,FB6R,0.071428575
PFR_a,FB6S,0.013392857
PFR_a,FB6V,0.17857143
PFR_a,FB6W,0.375
PFR_a,FB6X,0.125
PFR_a,FC,0.05952381
PFR_a,FC1A,0.008403362
PFR_a,FC1B,0.029220778
PFR_a,FC1C_a,0.035714287
PFR_a,FC1C_b,0.029411765
PFR_a,FC1D,0.022857143
PFR_a,FC1E,0.017857144
PFR_a,FC1F,0.021428572
PFR_a,FC2A,0.42063493
PFR_a,FC2B,0.4457672
PFR_a,FC2C,0.04331307
PFR_a,FC3_a,0.36344537
PFR_a,FC3_b,0.275
PFR_a,FC3_c,0.16428572
PFR_a,FR1,0.25396827
PFR_a,FR2,0.10515873
PFR_a,FS1A_a,0.16071428
PFR_a,FS1A_b,0.054945055
PFR_a,FS1A_c,0.1388889
PFR_a,FS1B_a,0.14285715
PFR_a,FS1B_b,0.06026786
PFR_a,FS2,0.14880952
PFR_a,FS3,0.017857144
PFR_a,FS3_a,0.014285714
PFR_a,FS3_b,0.0127551025
PFR_a,FS3_c,0.0127551025
PFR_a,FS3_d,0.011520738
PFR_a,FS4A,0.009398496
PFR_a,FS4B,0.0024630541
PFR_a,FS4C,0.0127551025
PFR_a,IbSpsP,0.005760369
PFR_a,LAL101,0.21428572
PFR_a,LAL208,0.035714287
PFR_a,MBON20,0.035714287
PFR_a,OA-VPM3,2.8035715
PFR_a,P6-8P9,0.008928572
PFR_a,PAM09,0.017857144
PFR_a,PEG,0.109126985
PFR_a,PEN_a(PEN1),0.0035714286
PFR_a,PEN_b(PEN2),0.0016233766
PFR_a,PFGs,0.3313492
PFR_a,PFL1,0.04336735
PFR_a,PFL2,0.28869048
PFR_a,PFL3,0.44047618
PFR_a,PFNa,0.00061576354
PFR_a,PFNd,0.17857143
PFR_a,PFNp_b,0.0005252101
PFR_a,PFNp_d,0.0051020407
PFR_a,PFNp_e,0.0015527951
PFR_a,PFNv,0.005357143
PFR_a,PFR_a,0.49362245
PFR_a,PFR_b,1.2924107
PFR_a,PPL108,0.071428575
PFR_a,SMP714m,0.017857144
PFR_a,SpsP,0.008928572
PFR_a,VES092,0.071428575
PFR_a,hDeltaA,7.9345236
PFR_a,hDeltaB,1.4342105
PFR_a,hDeltaC,0.3607143
PFR_a,hDeltaD,0.004464286
PFR_a,hDeltaF,0.008928572
PFR_a,hDeltaG,0.66964287
PFR_a,hDeltaH,2.763393
PFR_a,hDeltaI,0.8277311
PFR_a,hDeltaJ,0.8859447
PFR_a,hDeltaK,0.20391706
PFR_a,hDeltaL,0.051948052
PFR_a,hDeltaM,0.64285713
PFR_a,vDeltaA_a,0.00051020406
PFR_a,vDeltaD,0.0034013605
PFR_a,vDeltaE,0.065476194
PFR_a,vDeltaF,0.3234127
PFR_a,vDeltaG,0.23412699
PFR_a,vDeltaH,0.115079366
PFR_a,vDeltaI_a,0.084033616
PFR_a,vDeltaI_b,0.094642855
PFR_a,vDeltaJ,0.1590909
PFR_a,vDeltaK,0.14741641
PFR_a,vDeltaL,0.30405405
PFR_a,vDeltaM,0.19675325
PFR_b,AN09A005,0.041666668
PFR_b,ATL028,0.0625
PFR_b,ATL035,0.1875
PFR_b,CRE004,1.0625
PFR_b,CRE012,1.59375
PFR_b,CRE044,4.4375
PFR_b,Delta7,0.6160714
PFR_b,EL,0.0069444445
PFR_b,EPG,0.05027174
PFR_b,EPGt,0.03125
PFR_b,ExR4,0.15625
PFR_b,ExR5,0.0625
PFR_b,ExR6,0.53125
PFR_b,ExR7,0.015625
PFR_b,FB1G,0.0625
PFR_b,FB1H,0.25
PFR_b,FB2A,0.078125
PFR_b,FB2C,0.0375
PFR_b,FB2F_c,0.03125
PFR_b,FB2K,0.22916667
PFR_b,FB2L,0.015625
PFR_b,FB3A,0.28125
PFR_b,FB3C,1.2355769
PFR_b,FB3D,2.0625
PFR_b,FB3E,0.21875
PFR_b,FB4A_a,0.072916664
PFR_b,FB4A_b,0.1875
PFR_b,FB4B,18.15625
PFR_b,FB4C,0.8125
PFR_b,FB4D_a,0.4375
PFR_b,FB4D_b,0.59375
PFR_b,FB4D_c,0.09375
PFR_b,FB4E_a,0.675
PFR_b,FB4E_b,0.15625
PFR_b,FB4E_c,2.0625
PFR_b,FB4F_a,0.109375
PFR_b,FB4F_b,0.09375
PFR_b,FB4F_c,0.104166664
PFR_b,FB4G,0.34375
PFR_b,FB4H,0.21875
PFR_b,FB4I,0.09375
PFR_b,FB4J,0.15625
PFR_b,FB4K,0.578125
PFR_b,FB4L,0.28125
PFR_b,FB4M,4.34375
PFR_b,FB4N,0.65625
PFR_b,FB4O,0.15625
PFR_b,FB4P_a,1.140625
PFR_b,FB4P_b,0.5
PFR_b,FB4P_c,0.0625
PFR_b,FB4Q_a,0.40625
PFR_b,FB4Q_b,0.21875
PFR_b,FB4Q_c,0.20833333
PFR_b,FB4R,0.39583334
PFR_b,FB4X,0.09375
PFR_b,FB4Y,6.59375
PFR_b,FB4Z_a,0.09375
PFR_b,FB4Z_b,0.104166664
PFR_b,FB4Z_c,0.109375
PFR_b,FB5A,0.421875
PFR_b,FB5AA,0.28125
PFR_b,FB5AB,0.46875
PFR_b,FB5B,0.083333336
PFR_b,FB5C,1.2708334
PFR_b,FB5D,2.0
PFR_b,FB5E,1.4375
PFR_b,FB5F,0.03125
PFR_b,FB5G_a,0.015625
PFR_b,FB5G_c,0.03125
PFR_b,FB5H,0.4375
PFR_b,FB5I,0.0625
PFR_b,FB5J,0.125
PFR_b,FB5K,1.125
PFR_b,FB5L,0.21875
PFR_b,FB5M,0.125
PFR_b,FB5N,0.15625
PFR_b,FB5O,2.46875
PFR_b,FB5P,0.453125
PFR_b,FB5R,0.140625
PFR_b,FB5S,0.36805555
PFR_b,FB5T,0.09375
PFR_b,FB5U,0.703125
PFR_b,FB5V_a,0.17708333
PFR_b,FB5V_b,0.1875
PFR_b,FB5V_c,1.6625
PFR_b,FB5X,0.041666668
PFR_b,FB5Z,0.546875
PFR_b,FB6B,0.03125
PFR_b,FB6C_b,0.010416667
PFR_b,FB6J,0.0125
PFR_b,FB6K,0.0625
PFR_b,FB6M,0.03125
PFR_b,FB6N,0.15625
PFR_b,FB6R,0.03125
PFR_b,FB6W,1.09375
PFR_b,FB6X,0.09375
PFR_b,FB7H,0.0625
PFR_b,FB7J,0.015625
PFR_b,FC,0.041666668
PFR_b,FC1A,0.007352941
PFR_b,FC1B,0.0085227275
PFR_b,FC1C_a,0.072916664
PFR_b,FC1C_b,0.018382354
PFR_b,FC1D,0.01
PFR_b,FC1E,0.0085227275
PFR_b,FC1F,0.029166667
PFR_b,FC2A,0.041666668
PFR_b,FC2B,0.05787037
PFR_b,FC2C,0.025265958
PFR_b,FC3_a,0.16544117
PFR_b,FC3_b,0.14375
PFR_b,FC3_c,0.1125
PFR_b,FR1,0.36458334
PFR_b,FR2,0.045138888
PFR_b,FS1A_a,0.05078125
PFR_b,FS1A_b,0.014423077
PFR_b,FS1A_c,0.034722224
PFR_b,FS1B_a,0.048076924
PFR_b,FS1B_b,0.015625
PFR_b,FS2,0.24255952
PFR_b,FS3_a,0.0125
PFR_b,FS3_b,0.013392857
PFR_b,FS3_c,0.026785715
PFR_b,FS3_d,0.008064516
PFR_b,FS4A,0.01864035
PFR_b,FS4B,0.004310345
PFR_b,FS4C,0.0066964286
PFR_b,IB005,2.25
PFR_b,IB049,0.125
PFR_b,IPC,0.03125
PFR_b,IbSpsP,0.006048387
PFR_b,LAL040,0.5
PFR_b,LAL101,11.125
PFR_b,LAL208,0.0625
PFR_b,LPsP,6.28125
PFR_b,MBON20,0.03125
PFR_b,OA-AL2i1,0.09375
PFR_b,OA-VPM3,0.5625
PFR_b,PAM09,0.03125
PFR_b,PEG,0.038194444
PFR_b,PEN_a(PEN1),0.00625
PFR_b,PEN_b(PEN2),0.014204546
PFR_b,PFGs,4.548611
PFR_b,PFL1,0.04464286
PFR_b,PFL2,0.0625
PFR_b,PFL3,0.049479168
PFR_b,PFNa,0.0032327587
PFR_b,PFNd,0.0234375
PFR_b,PFNm_a,0.005952381
PFR_b,PFNm_b,0.0072115385
PFR_b,PFNp_a,0.0009765625
PFR_b,PFNp_b,0.0022977942
PFR_b,PFNp_e,0.008152174
PFR_b,PFNv,0.028125
PFR_b,PFR_a,4.908482
PFR_b,PFR_b,6.7265625
PFR_b,PPL108,0.875
PFR_b,SpsP,0.015625
PFR_b,VES092,3.21875
PFR_b,hDeltaA,1.3802084
PFR_b,hDeltaB,0.46381578
PFR_b,hDeltaC,0.065625
PFR_b,hDeltaG,6.2109375
PFR_b,hDeltaH,9.8515625
PFR_b,hDeltaI,0.19485295
PFR_b,hDeltaJ,0.35282257
PFR_b,hDeltaK,0.058467742
PFR_b,hDeltaL,0.09659091
PFR_b,hDeltaM,0.1015625
PFR_b,vDeltaD,0.0029761905
PFR_b,vDeltaE,0.03125
PFR_b,vDeltaF,0.1388889
PFR_b,vDeltaG,0.072916664
PFR_b,vDeltaH,0.027777778
PFR_b,vDeltaI_a,0.15073529
PFR_b,vDeltaI_b,0.390625
PFR_b,vDeltaJ,0.13068181
PFR_b,vDeltaK,0.045212764
PFR_b,vDeltaL,0.08614865
PFR_b,vDeltaM,0.051136363
PLP124,AN07B004,2.0
PLP124,ATL021,0.5
PLP124,AVLP210,0.5
PLP124,CL007,37.0
PLP124,CL308,3.0
PLP124,CL336,0.5
PLP124,DNpe053,1.5
PLP124,ExR3,40.5
PLP124,FB1G,0.25
PLP124,FB2J_b,0.25
PLP124,FB2J_c,0.25
PLP124,IB110,1.0
PLP124,IbSpsP,3.403226
PLP124,LAL200,1.5
PLP124,OA-VPM3,0.25
PLP124,PLP124,17.25
PLP124,PLP262,11.0
PLP124,SAD047,16.0
PLP124,SMP593,5.0
PLP124,SpsP,0.125
PLP124,WED076,3.0
PLP124,WED210,23.0
PLP262,ATL021,3.0
PLP262,ATL032,1.0
PLP262,CL007,1.0
PLP262,DNpe027,1.0
PLP262,ExR3,0.5
PLP262,IB005,1.0
PLP262,IB049,1.0
PLP262,IB110,16.0
PLP262,IbSpsP,0.032258064
PLP262,LAL200,5.0
PLP262,PLP124,2.5
PLP262,WED076,111.0
PLP262,WED210,1.0
PPL102,ATL028,1.0
PPL102,AVLP477,4.5
PPL102,AVLP562,12.0
PPL102,AstA1,4.0
PPL102,CB1062,4.25
PPL102,CB1287,1.0
PPL102,CL251,1.0
PPL102,CL326,2.0
PPL102,CRE004,3.0
PPL102,CRE005,1.6666666
PPL102,CRE006,1.0
PPL102,CRE011,35.0
PPL102,CRE012,3.5
PPL102,CRE021,2.5
PPL102,CRE030_b,4.0
PPL102,CRE044,1.0
PPL102,CRE081,6.0
PPL102,CRE100,1.0
PPL102,DNp62,1.0
PPL102,DNpe053,2.0
PPL102,DPM,8.0
PPL102,ExR7,0.25
PPL102,FB1C,0.75
PPL102,FB1G,1.0
PPL102,FB1H,4.0
PPL102,FB2L,0.25
PPL102,FB3C,0.15384616
PPL102,FB4A_a,0.16666667
PPL102,FB4C,2.5
PPL102,FB4D_b,0.5
PPL102,FB4D_c,1.0
PPL102,FB4E_a,0.8
PPL102,FB4E_b,1.0
PPL102,FB4F_a,2.0
PPL102,FB4F_b,1.0
PPL102,FB4F_c,0.8333333
PPL102,FB4G,4.0
PPL102,FB4H,1.5
PPL102,FB4K,2.0
PPL102,FB4M,0.75
PPL102,FB4N,0.5
PPL102,FB4O,1.1666666
PPL102,FB4P_a,1.25
PPL102,FB4P_b,1.3333334
PPL102,FB4P_c,1.0
PPL102,FB4Q_c,0.6666667
PPL102,FB4R,0.5
PPL102,FB4X,2.0
PPL102,FB4Y,1.5
PPL102,FB5A,0.5
PPL102,FB5AA,0.5
PPL102,FB5C,0.6666667
PPL102,FB5D,3.3333333
PPL102,FB5E,1.5
PPL102,FB5F,10.5
PPL102,FB5H,2.5
PPL102,FB5I,2.0
PPL102,FB5L,1.5
PPL102,FB5M,4.0
PPL102,FB5N,14.0
PPL102,FB5O,0.5
PPL102,FB5P,1.0
PPL102,FB5Q,0.25
PPL102,FB5T,3.5
PPL102,FB5V_a,4.1666665
PPL102,FB5V_b,0.6666667
PPL102,FB5V_c,2.0
PPL102,FB5W_a,1.0
PPL102,FB5W_b,0.6666667
PPL102,FB5X,7.3333335
PPL102,FB5Y_b,0.5
PPL102,FB5Z,0.25
PPL102,FB6N,0.5
PPL102,FB6P,1.0
PPL102,FB6W,2.5
PPL102,FC2B,0.037037037
PPL102,FR1,0.055555556
PPL102,GNG667,0.5
PPL102,ICL010m,1.0
PPL102,LAL008,1.5
PPL102,LAL040,6.0
PPL102,LAL101,1.0
PPL102,LAL154,3.0
PPL102,LAL155,2.0
PPL102,LAL159,2.0
PPL102,LAL200,2.0
PPL102,MBON20,10.5
PPL102,MBON25,10.5
PPL102,MBON25-like,2.75
PPL102,MBON26,2.0
PPL102,MBON34,1.5
PPL102,MBON35,40.0
PPL102,OA-VPM3,2.0
PPL102,OA-VPM4,3.0
PPL102,OA-VUMa8,2.0
PPL102,PPL103,4.0
PPL102,PPL108,8.0
PPL102,SMP052,1.0
PPL102,SMP092,1.0
PPL102,SMP108,6.0
PPL102,SMP122,2.0
PPL102,SMP377,3.0
PPL102,SMP446,10.0
PPL102,SMP471,7.0
PPL102,SMP493,1.0
PPL102,SMP586,7.0
PPL102,SMP709m,2.0
PPL102,SMP713m,0.5
PPL102,SMP714m,1.5
PPL102,SMP715m,2.0
PPL102,SMP723m,1.0
PPL102,VES092,2.0
PPL103,AVLP477,0.5
PPL103,AVLP562,1.5
PPL103,AstA1,9.0
PPL103,CB1062,0.25
PPL103,CB1287,0.5
PPL103,CRE004,21.0
PPL103,CRE011,1.0
PPL103,CRE030_b,1.0
PPL103,DNp52,4.0
PPL103,DNpe053,3.0
PPL103,DPM,60.0
PPL103,FB1H,0.5
PPL103,FB4F_a,0.25
PPL103,FB4M,0.5
PPL103,FB4N,14.0
PPL103,FB4O,0.33333334
PPL103,FB4P_a,0.25
PPL103,FB4Q_c,0.33333334
PPL103,FB4R,1.8333334
PPL103,FB5H,1.5
PPL103,FB5I,1.5
PPL103,FB5M,0.5
PPL103,FB5N,3.25
PPL103,FB5V_c,0.2
PPL103,FB5X,0.16666667
PPL103,FB6W,2.0
PPL103,LAL008,0.5
PPL103,MBON20,5.5
PPL103,MBON25,3.0
PPL103,MBON25-like,6.25
PPL103,MBON34,2.0
PPL103,MBON35,166.0
PPL103,OA-VPM4,3.0
PPL103,PPL102,1.0
PPL103,PPL108,2.0
PPL103,SMP377,22.0
PPL103,SMP471,2.0
PPL103,SMP714m,3.5
PPL103,SMP715m,1.5
PPL108,AN08B027,4.0
PPL108,AOTU019,1.0
PPL108,AOTU042,5.0
PPL108,ATL028,5.0
PPL108,ATL035,1.0
PPL108,ATL036,1.0
PPL108,AVLP462,1.0
PPL108,AVLP477,1.0
PPL108,AVLP562,26.0
PPL108,AVLP705m,1.0
PPL108,CB1062,1.25
PPL108,CB1287,1.5
PPL108,CB3394,1.0
PPL108,CL199,0.5
PPL108,CL308,3.0
PPL108,CRE004,9.0
PPL108,CRE005,4.0
PPL108,CRE006,0.5
PPL108,CRE011,25.0
PPL108,CRE012,9.5
PPL108,CRE021,1.0
PPL108,CRE030_b,1.0
PPL108,CRE044,4.0
PPL108,CRE065,1.0
PPL108,CRE100,4.0
PPL108,DNae001,1.0
PPL108,DNde002,1.0
PPL108,DNp52,2.0
PPL108,DNpe027,2.0
PPL108,EL,0.055555556
PPL108,ExR4,1.5
PPL108,FB1G,0.5
PPL108,FB2C,0.2
PPL108,FB2D,0.16666667
PPL108,FB2G_a,0.5
PPL108,FB2G_b,0.16666667
PPL108,FB2K,0.33333334
PPL108,FB2M_b,0.5
PPL108,FB4B,1.0
PPL108,FB4C,0.5
PPL108,FB4E_a,0.4
PPL108,FB4E_b,0.5
PPL108,FB4E_c,0.5
PPL108,FB4F_a,4.25
PPL108,FB4F_b,3.5
PPL108,FB4F_c,2.1666667
PPL108,FB4G,6.0
PPL108,FB4H,2.5
PPL108,FB4I,4.5
PPL108,FB4L,0.5
PPL108,FB4M,3.0
PPL108,FB4N,1.5
PPL108,FB4P_a,0.75
PPL108,FB4P_b,1.0
PPL108,FB4P_c,0.5
PPL108,FB4Y,4.0
PPL108,FB5A,3.75
PPL108,FB5D,0.6666667
PPL108,FB5F,1.5
PPL108,FB5H,0.5
PPL108,FB5K,0.5
PPL108,FB5N,0.25
PPL108,FB5T,1.0
PPL108,FB5V_a,16.333334
PPL108,FB5V_b,5.0
PPL108,FB5V_c,4.8
PPL108,FB5X,0.8333333
PPL108,FB6N,0.5
PPL108,FC2B,0.037037037
PPL108,FS1A_a,0.1875
PPL108,GNG304,1.0
PPL108,GNG587,2.0
PPL108,GNG667,1.5
PPL108,IB005,13.0
PPL108,IB020,3.0
PPL108,IB049,5.0
PPL108,LAL007,2.0
PPL108,LAL008,4.0
PPL108,LAL013,2.0
PPL108,LAL040,5.0
PPL108,LAL042,7.0
PPL108,LAL045,8.0
PPL108,LAL101,3.0
PPL108,LAL102,4.0
PPL108,LAL155,1.0
PPL108,LAL159,6.0
PPL108,LAL162,5.0
PPL108,LAL192,3.0
PPL108,LAL200,12.0
PPL108,LCNOp,1.5
PPL108,LCNOpm,0.5
PPL108,LNO1,0.75
PPL108,LNO2,1.5
PPL108,MBON20,1.5
PPL108,MBON25,1.0
PPL108,MBON25-like,0.5
PPL108,MBON26,2.0
PPL108,MBON34,1.0
PPL108,MBON35,29.0
PPL108,OA-VUMa8,6.0
PPL108,PFR_a,0.035714287
PPL108,PFR_b,0.1875
PPL108,PPL103,1.0
PPL108,SAD075,0.25
PPL108,SMP052,1.3333334
PPL108,SMP109,2.0
PPL108,SMP122,1.0
PPL108,SMP446,3.0
PPL108,SMP471,24.0
PPL108,SMP543,6.0
PPL108,SMP586,5.0
PPL108,SMP709m,7.0
PPL108,SMP713m,2.0
PPL108,VES053,1.0
PPL108,VES087,2.0
PPL108,VES092,32.0
PPL108,VES097,1.0
PPL108,aSP22,1.0
PPM1201,AN00A006,0.5
PPM1201,AOTU100m,1.0
PPM1201,AVLP176_b,1.0
PPM1201,AVLP397,3.0
PPM1201,AVLP477,3.5
PPM1201,AVLP520,1.0
PPM1201,AVLP562,0.5
PPM1201,AVLP728m,0.33333334
PPM1201,CB1017,1.0
PPM1201,CB2672,2.0
PPM1201,CB3439,0.5
PPM1201,CB3666,2.0
PPM1201,CL062_a1,0.5
PPM1201,CL109,2.0
PPM1201,CL111,2.0
PPM1201,CL199,1.0
PPM1201,CL308,3.0
PPM1201,CL366,5.0
PPM1201,DNpe037,1.0
PPM1201,DNpe053,7.0
PPM1201,GNG304,5.0
PPM1201,GNG667,11.0
PPM1201,LAL102,1.0
PPM1201,LAL119,1.0
PPM1201,LAL159,1.0
PPM1201,LAL208,1.0
PPM1201,LPsP,1.0
PPM1201,MBON20,22.0
PPM1201,OA-ASM2,1.0
PPM1201,OA-VPM3,1.0
PPM1201,OA-VPM4,4.0
PPM1201,OA-VUMa8,3.0
PPM1201,PFNd,0.025
PPM1201,PPL103,1.0
PPM1201,PVLP138,1.0
PPM1201,PVLP203m,0.25
PPM1201,SAD075,0.5
PPM1201,SIP122m,1.0
PPM1201,SIP136m,1.0
PPM1201,SIP145m,0.5
PPM1201,SMP586,5.0
PPM1201,SMP715m,1.0
PPM1201,VES020,1.3333334
PPM1201,VES092,0.5
PPM1201,VES096,1.0
PPM1201,WED210,1.0
PPM1201,pC1_2b,1.0
PPM1201,pIP10,1.0
PPM1204,AOTU042,-1.0
PPM1204,CL308,-1.0
PPM1204,DNpe037,-6.0
PPM1204,ExR6,-0.5
PPM1204,FB2K,-0.33333334
PPM1204,FB4E_c,-0.5
PPM1204,FB5A,-0.75
PPM1204,LAL073,-1.5
PPM1204,LAL102,-1.0
PPM1204,LAL159,-1.0
PPM1204,LCNOpm,-0.5
PPM1204,PFL2,-0.25
PPM1204,PFL3,-0.041666668
PVLP016,AOTU100m,-3.0
PVLP016,AVLP036,-1.0
PVLP016,AVLP096,-1.0
PVLP016,AVLP444,-1.0
PVLP016,AVLP477,-82.0
PVLP016,AVLP562,-3.0
PVLP016,AVLP710m,-6.0
PVLP016,AVLP714m,-2.0
PVLP016,AVLP716m,-1.0
PVLP016,AVLP730m,-19.0
PVLP016,AVLP734m,-0.4
PVLP016,AVLP760m,-0.5
PVLP016,CB1017,-4.0
PVLP016,CB3302,-0.33333334
PVLP016,CB3439,-0.5
PVLP016,CL062_b3,-0.5
PVLP016,CL248,-0.5
PVLP016,CL311,-3.0
PVLP016,CL326,-2.0
PVLP016,CL366,-1.0
PVLP016,CRE021,-22.5
PVLP016,DNae001,-1.0
PVLP016,DNp64,-9.0
PVLP016,DNpe050,-0.5
PVLP016,FB3A,-0.25
PVLP016,ICL003m,-1.0
PVLP016,MBON35,-1.0
PVLP016,OA-VUMa8,-1.0
PVLP016,PVLP200m_b,-1.0
PVLP016,PVLP203m,-0.5
PVLP016,SIP091,-8.0
PVLP016,SIP104m,-0.5
PVLP016,SIP119m,-0.14285715
PVLP016,SIP124m,-0.33333334
PVLP016,SIP136m,-3.0
PVLP016,SIP146m,-0.33333334
PVLP016,SMP593,-3.0
PVLP016,VES053,-1.0
PVLP016,VES092,-0.5
PVLP016,VES203m,-2.0
PVLP016,VES204m,-1.0
PVLP016,aIPg1,-1.0
PVLP016,aSP10A_a,-3.0
PVLP016,aSP10B,-2.0
PVLP016,aSP22,-1.0
PVLP093,AOTU100m,-1.0
PVLP093,AVLP115,-1.0
PVLP093,AVLP121,-4.0
PVLP093,AVLP210,-3.0
PVLP093,AVLP256,-2.0
PVLP093,AVLP306,-0.5
PVLP093,AVLP444,-1.0
PVLP093,AVLP476,-1.0
PVLP093,AVLP477,-0.5
PVLP093,AVLP705m,-36.0
PVLP093,AVLP728m,-0.6666667
PVLP093,AVLP729m,-7.0
PVLP093,AVLP731m,-2.0
PVLP093,AVLP746m,-1.0
PVLP093,CB1301,-2.0
PVLP093,CB2672,-5.0
PVLP093,CB3439,-0.5
PVLP093,CL062_b1,-2.5
PVLP093,CL062_b2,-8.0
PVLP093,CL062_b3,-7.0
PVLP093,CL109,-1.0
PVLP093,CL310,-4.0
PVLP093,CL311,-20.0
PVLP093,CRE065,-1.0
PVLP093,DNae001,-3.0
PVLP093,DNp101,-5.0
PVLP093,DNp36,-15.0
PVLP093,DNp46,-5.0
PVLP093,ICL012m,-8.0
PVLP093,OA-AL2i1,-1.0
PVLP093,SIP104m,-0.5
PVLP093,SIP136m,-1.5
PVLP093,SMP709m,-1.0
PVLP093,VES203m,-1.0
PVLP093,VES204m,-5.0
PVLP093,aSP10B,-2.0
PVLP130,AOTU100m,-38.0
PVLP130,CL311,-8.0
PVLP130,DNp46,-3.0
PVLP130,DNpe025,-2.0
PVLP130,LAL029_b,-1.0
PVLP130,MBON35,-1.0
PVLP130,PVLP200m_b,-8.0
PVLP130,SIP091,-4.0
PVLP130,SIP104m,-6.0
PVLP130,SIP136m,-1.5
PVLP130,VES203m,-1.0
PVLP138,AVLP462,3.0
PVLP138,CB0244,1.0
PVLP138,CB1287,0.5
PVLP138,CRE004,1.0
PVLP138,CRE012,1.5
PVLP138,CRE021,0.5
PVLP138,CRE044,4.0
PVLP138,CRE100,19.0
PVLP138,DNa01,1.0
PVLP138,DNae001,11.0
PVLP138,ExR4,3.0
PVLP138,ExR6,8.5
PVLP138,FB4B,0.5
PVLP138,FB4E_a,2.0
PVLP138,FB4E_c,2.0
PVLP138,FB4G,1.5
PVLP138,FB4H,0.5
PVLP138,FB5A,0.5
PVLP138,FB5V_a,0.5
PVLP138,IB023,1.0
PVLP138,ICL002m,3.0
PVLP138,ICL003m,3.0
PVLP138,ICL008m,0.5
PVLP138,ICL013m_b,2.0
PVLP138,LAL007,4.0
PVLP138,LAL008,0.5
PVLP138,LAL013,2.0
PVLP138,LAL040,4.0
PVLP138,LAL073,53.0
PVLP138,LAL102,1.0
PVLP138,LAL119,15.0
PVLP138,LAL135,4.0
PVLP138,LAL154,1.0
PVLP138,LAL159,1.0
PVLP138,LAL162,1.0
PVLP138,LAL171,1.0
PVLP138,LAL200,1.0
PVLP138,LCNOp,9.0
PVLP138,LCNOpm,64.0
PVLP138,LNO1,1.75
PVLP138,LNO2,70.5
PVLP138,MBON20,1.5
PVLP138,PFL2,0.083333336
PVLP138,PVLP200m_b,1.0
PVLP138,SAD075,0.5
PVLP138,SIP136m,0.5
PVLP138,SMP543,175.0
PVLP138,aIPg1,1.0
PVLP138,pC1_14a,1.0
PVLP200m_b,AVLP704m,1.0
PVLP200m_b,AVLP727m,0.5
PVLP200m_b,AVLP734m,0.2
PVLP200m_b,AVLP751m,1.0
PVLP200m_b,CL062_b3,0.5
PVLP200m_b,CL208,1.3333334
PVLP200m_b,CRE012,4.0
PVLP200m_b,CRE021,39.0
PVLP200m_b,CRE100,1.0
PVLP200m_b,DNa01,1.0
PVLP200m_b,DNae001,2.0
PVLP200m_b,DNg101,1.0
PVLP200m_b,DNp62,0.5
PVLP200m_b,DNpe027,1.0
PVLP200m_b,ExR4,2.0
PVLP200m_b,ExR6,17.0
PVLP200m_b,FB1C,0.25
PVLP200m_b,FB4E_c,0.5
PVLP200m_b,FB4F_a,0.25
PVLP200m_b,FB4F_c,0.16666667
PVLP200m_b,FB4H,0.5
PVLP200m_b,FB4M,8.25
PVLP200m_b,FB4P_a,0.5
PVLP200m_b,FB4P_b,0.6666667
PVLP200m_b,FB4Y,1.5
PVLP200m_b,FB5A,1.25
PVLP200m_b,FB5V_b,2.5
PVLP200m_b,GNG667,2.0
PVLP200m_b,LAL008,2.0
PVLP200m_b,LAL073,0.5
PVLP200m_b,LAL200,1.0
PVLP200m_b,SMP543,1.0
PVLP200m_b,VES022,1.0
PVLP200m_b,aSP10A_b,0.5
PVLP203m,AN05B103,0.125
PVLP203m,AN08B020,0.5
PVLP203m,AN08B032,0.25
PVLP203m,AOTU100m,0.25
PVLP203m,AVLP096,0.25
PVLP203m,AVLP256,0.25
PVLP203m,AVLP462,0.25
PVLP203m,AVLP476,0.25
PVLP203m,AVLP477,0.25
PVLP203m,AVLP700m,1.25
PVLP203m,AVLP704m,0.25
PVLP203m,AVLP709m,1.0
PVLP203m,AVLP710m,0.75
PVLP203m,AVLP714m,0.25
PVLP203m,AVLP715m,0.5
PVLP203m,AVLP716m,0.25
PVLP203m,AVLP729m,0.25
PVLP203m,AVLP731m,0.25
PVLP203m,AVLP734m,0.1
PVLP203m,AVLP760m,0.125
PVLP203m,CB1017,0.25
PVLP203m,CL062_a2,0.25
PVLP203m,CL062_b1,0.25
PVLP203m,CL062_b3,0.625
PVLP203m,CL208,0.083333336
PVLP203m,CL248,5.125
PVLP203m,CL310,0.5
PVLP203m,CL311,0.75
PVLP203m,CL335,1.0
PVLP203m,CL344_a,1.0
PVLP203m,CRE021,1.0
PVLP203m,CRE065,0.5
PVLP203m,CRE100,0.75
PVLP203m,DNa01,0.75
PVLP203m,DNae001,2.5
PVLP203m,DNde002,0.5
PVLP203m,DNp36,0.25
PVLP203m,DNp46,8.25
PVLP203m,DNp60,2.5
PVLP203m,DNp62,0.125
PVLP203m,DNp64,6.0
PVLP203m,DNp67,15.25
PVLP203m,DNpe025,17.0
PVLP203m,DNpe043,0.25
PVLP203m,DNpe050,0.125
PVLP203m,GNG011,3.25
PVLP203m,GNG525,0.25
PVLP203m,GNG667,30.375
PVLP203m,ICL002m,4.0
PVLP203m,ICL003m,1.25
PVLP203m,ICL008m,1.0
PVLP203m,ICL010m,1.25
PVLP203m,ICL012m,1.0
PVLP203m,ICL013m_b,0.25
PVLP203m,LAL029_b,1.75
PVLP203m,LAL045,0.25
PVLP203m,OA-AL2i1,0.875
PVLP203m,OA-ASM2,0.25
PVLP203m,PVLP016,9.5
PVLP203m,PVLP138,0.25
PVLP203m,PVLP200m_b,0.5
PVLP203m,PVLP203m,1.0625
PVLP203m,SAD075,0.1875
PVLP203m,SCL001m,0.16666667
PVLP203m,SIP091,1.75
PVLP203m,SIP104m,0.375
PVLP203m,SIP118m,0.083333336
PVLP203m,SIP119m,0.25
PVLP203m,SIP133m,0.375
PVLP203m,SIP136m,0.125
PVLP203m,SIP143m,0.25
PVLP203m,SIP146m,0.16666667
PVLP203m,SMP028,0.25
PVLP203m,SMP492,0.5
PVLP203m,SMP493,0.5
PVLP203m,SMP543,0.5
PVLP203m,VES020,0.16666667
PVLP203m,VES053,2.5
PVLP203m,VES087,8.25
PVLP203m,VES109,0.75
PVLP203m,VES204m,0.25
PVLP203m,aIPg1,1.0
PVLP203m,aSP10B,0.25
PVLP203m,aSP22,0.5
PVLP203m,pIP10,2.0
SA1_a,FB1B,-1.25
SA1_a,FB1G,-0.16666667
SA1_a,FB2D,-0.22222222
SA1_a,FB3C,-0.051282052
SA1_a,FB3E,-5.3333335
SA1_a,FC2C,-0.0070921984
SA1_a,FS4A,-0.6666667
SA1_a,FS4B,-0.4827586
SA1_a,PFNp_d,-0.035714287
SA1_a,SA1_a,-2.2222223
SA1_a,SA1_b,-1.8
SA1_a,SA1_c,-3.6666667
SA1_a,SA2_a,-2.5555556
SA1_a,SA2_b,-2.0
SA1_a,SA2_c,-5.1666665
SA1_a,SA3,-3.0833333
SA1_a,SAF,-0.5
SA1_a,hDeltaD,-0.20833333
SA1_a,vDeltaA_a,-1.2857143
SA1_a,vDeltaA_b,-0.043010753
SA1_a,vDeltaM,-0.006060606
SA1_b,FB1B,-0.5
SA1_b,FB1D,-0.12
SA1_b,FB1F,-0.4
SA1_b,FB1G,-0.5
SA1_b,FB1I,-0.1
SA1_b,FB1J,-0.4
SA1_b,FB2C,-0.04
SA1_b,FB2D,-0.16666667
SA1_b,FB2L,-0.05
SA1_b,FB3C,-0.015384615
SA1_b,FB3E,-0.7
SA1_b,FB9C,-0.025
SA1_b,FC1B,-0.009090909
SA1_b,FS3_d,-0.006451613
SA1_b,FS4A,-0.23157895
SA1_b,FS4B,-0.13793103
SA1_b,FS4C,-0.014285714
SA1_b,LCNOp,-0.1
SA1_b,PFL2,-0.016666668
SA1_b,PFNp_d,-0.007142857
SA1_b,SA1_a,-6.4
SA1_b,SA1_b,-1.76
SA1_b,SA1_c,-5.2
SA1_b,SA2_a,-6.133333
SA1_b,SA2_b,-1.75
SA1_b,SA2_c,-4.1
SA1_b,SA3,-1.3
SA1_b,SAF,-3.85
SA1_b,vDeltaA_a,-1.4971429
SA1_b,vDeltaA_b,-0.23225807
SA1_b,vDeltaB,-0.025806451
SA1_b,vDeltaK,-0.004255319
SA1_b,vDeltaM,-0.02909091
SA1_c,FB1B,-2.0
SA1_c,FB2D,-0.6666667
SA1_c,FB3C,-0.23076923
SA1_c,FB3E,-3.0
SA1_c,FS4A,-0.4385965
SA1_c,FS4B,-0.20689656
SA1_c,PFL2,-0.083333336
SA1_c,SA1_a,-5.0
SA1_c,SA1_b,-2.6
SA1_c,SA2_a,-5.6666665
SA1_c,SA2_b,-1.25
SA1_c,SA2_c,-7.5
SA1_c,SA3,-4.875
SA1_c,SAF,-4.375
SA1_c,vDeltaA_a,-2.1
SA1_c,vDeltaA_b,-0.09677419
SA2_a,ExR3,-0.16666667
SA2_a,FB1B,-2.0
SA2_a,FB1F,-0.16666667
SA2_a,FB1J,-0.33333334
SA2_a,FB2D,-0.055555556
SA2_a,FB3C,-0.025641026
SA2_a,FB3E,-4.1666665
SA2_a,FB4C,-0.16666667
SA2_a,FB4Y,-0.083333336
SA2_a,FS4A,-0.33333334
SA2_a,FS4B,-0.20689656
SA2_a,FS4C,-0.023809524
SA2_a,PFNp_d,-0.023809524
SA2_a,SA1_a,-5.4444447
SA2_a,SA1_b,-1.7333333
SA2_a,SA1_c,-4.0
SA2_a,SA2_a,-4.888889
SA2_a,SA2_b,-1.9166666
SA2_a,SA2_c,-6.3333335
SA2_a,SA3,-6.25
SA2_a,SAF,-2.7083333
SA2_a,vDeltaA_a,-2.0190477
SA2_a,vDeltaA_b,-0.09677419
SA2_a,vDeltaJ,-0.030303031
SA2_a,vDeltaL,-0.009009009
SA2_a,vDeltaM,-0.006060606
SA2_b,FB1A,-0.0625
SA2_b,FB1B,-1.5625
SA2_b,FB1D,-0.6
SA2_b,FB1E_b,-0.125
SA2_b,FB1F,-1.5
SA2_b,FB1G,-0.625
SA2_b,FB1J,-0.25
SA2_b,FB2B_b,-0.0625
SA2_b,FB2D,-0.375
SA2_b,FB3C,-0.115384616
SA2_b,FB3E,-1.25
SA2_b,FC1B,-0.011363637
SA2_b,FS3_d,-0.048387095
SA2_b,FS4A,-0.3026316
SA2_b,FS4B,-0.19827586
SA2_b,PFL2,-0.020833334
SA2_b,SA1_a,-6.1666665
SA2_b,SA1_b,-1.95
SA2_b,SA1_c,-3.5
SA2_b,SA2_a,-4.9166665
SA2_b,SA2_b,-2.0625
SA2_b,SA2_c,-5.125
SA2_b,SA3,-1.5625
SA2_b,SAF,-5.21875
SA2_b,hDeltaD,-0.0625
SA2_b,vDeltaA_a,-1.6035714
SA2_b,vDeltaA_b,-0.2580645
SA2_b,vDeltaL,-0.0472973
SA2_b,vDeltaM,-0.027272727
SA2_c,FB1B,-0.875
SA2_c,FB1D,-0.1
SA2_c,FB1F,-0.25
SA2_c,FB1G,-3.25
SA2_c,FB3C,-0.34615386
SA2_c,FB3E,-6.75
SA2_c,FC2C,-0.010638298
SA2_c,FS4A,-1.0877193
SA2_c,FS4B,-0.5344828
SA2_c,LCNOp,-0.25
SA2_c,OA-VPM3,-0.25
SA2_c,PFNp_d,-0.30357143
SA2_c,SA1_a,-2.8333333
SA2_c,SA1_b,-0.9
SA2_c,SA1_c,-3.0
SA2_c,SA2_a,-1.3333334
SA2_c,SA2_b,-1.0
SA2_c,SA2_c,-1.75
SA2_c,SA3,-1.3125
SA2_c,SAF,-0.0625
SA2_c,hDeltaD,-0.8125
SA2_c,vDeltaA_a,-1.2214285
SA2_c,vDeltaA_b,-0.17741935
SA2_c,vDeltaM,-0.009090909
SA3,ExR8,-0.0625
SA3,FB1A,-0.34375
SA3,FB1B,-3.5
SA3,FB1D,-0.775
SA3,FB1E_a,-0.025
SA3,FB1E_b,-0.1875
SA3,FB1F,-0.9375
SA3,FB1G,-3.5625
SA3,FB1H,-0.0625
SA3,FB1J,-0.9375
SA3,FB2A,-0.03125
SA3,FB2B_a,-0.03125
SA3,FB2B_b,-0.09375
SA3,FB2C,-0.025
SA3,FB2D,-0.5833333
SA3,FB2E,-0.0625
SA3,FB2G_b,-0.8541667
SA3,FB2I_a,-0.325
SA3,FB3E,-0.0625
SA3,FB4C,-0.125
SA3,FB4L,-0.34375
SA3,FB4R,-0.020833334
SA3,FB4Y,-0.09375
SA3,FB6F,-0.0625
SA3,FB7K,-0.0625
SA3,FB8A,-0.0625
SA3,FB8D,-0.125
SA3,FB8H,-0.020833334
SA3,FB9A,-0.20833333
SA3,FB9B_a,-0.3125
SA3,FB9B_b,-0.09375
SA3,FB9B_c,-0.125
SA3,FB9B_d,-0.1875
SA3,FB9B_e,-0.1875
SA3,FB9C,-0.203125
SA3,FC1B,-0.022727273
SA3,FC2C,-0.015957447
SA3,FC3_a,-0.022058824
SA3,FC3_c,-0.008333334
SA3,FS3,-0.625
SA3,FS3_d,-0.044354837
SA3,FS4A,-0.4649123
SA3,FS4B,-0.31465518
SA3,FS4C,-0.013392857
SA3,LCNOp,-0.125
SA3,PEN_b(PEN2),-0.011363637
SA3,PFL2,-0.17708333
SA3,PFL3,-0.052083332
SA3,PFNa,-0.0021551724
SA3,PFNd,-0.015625
SA3,PFNm_b,-0.0048076925
SA3,PFNp_d,-0.12946428
SA3,SA1_a,-3.8333333
SA3,SA1_b,-3.7
SA3,SA1_c,-7.875
SA3,SA2_a,-7.375
SA3,SA2_b,-4.90625
SA3,SA2_c,-2.1875
SA3,SA3,-2.015625
SA3,SAF,-0.96875
SA3,hDeltaA,-0.010416667
SA3,hDeltaD,-0.046875
SA3,hDeltaI,-0.029411765
SA3,vDeltaA_a,-2.5839286
SA3,vDeltaA_b,-0.05645161
SA3,vDeltaB,-0.012096774
SA3,vDeltaG,-0.0069444445
SA3,vDeltaJ,-0.18181819
SA3,vDeltaK,-0.07446808
SA3,vDeltaL,-0.037162162
SA3,vDeltaM,-0.07954545
SAD047,ER6,-0.25
SAD047,ExR4,-4.5
SAD047,FB4L,-0.25
SAD047,PEG,-0.11111111
SAD047,PEN_b(PEN2),-0.09090909
SAD075,AN00A006,-0.375
SAD075,AN08B020,-0.25
SAD075,ANXXX380,-0.5
SAD075,CB0244,-0.25
SAD075,CB3394,-0.5
SAD075,CL111,-0.25
SAD075,CL248,-0.25
SAD075,CL310,-1.75
SAD075,CL311,-0.5
SAD075,CL335,-2.75
SAD075,CL344_a,-1.5
SAD075,CL366,-0.25
SAD075,CRE012,-0.125
SAD075,CRE100,-0.25
SAD075,DNa14,-1.0
SAD075,DNae001,-0.25
SAD075,DNd05,-9.5
SAD075,DNde002,-37.0
SAD075,DNp36,-12.0
SAD075,GNG304,-0.5
SAD075,GNG667,-0.125
SAD075,ICL002m,-15.0
SAD075,ICL010m,-0.25
SAD075,LAL007,-1.0
SAD075,LAL102,-0.5
SAD075,LAL119,-0.25
SAD075,LAL154,-0.25
SAD075,LAL159,-0.25
SAD075,LAL162,-3.75
SAD075,MBON20,-2.125
SAD075,OA-VUMa8,-0.75
SAD075,PVLP203m,-1.875
SAD075,SAD075,-0.875
SAD075,SIP091,-0.5
SAD075,SIP119m,-0.10714286
SAD075,SMP052,-1.0
SAD075,SMP492,-2.5
SAD075,SMP543,-32.5
SAD075,SMP709m,-0.5
SAD075,SMP713m,-3.375
SAD075,SMP714m,-1.625
SAD075,VES020,-0.6666667
SAD075,VES053,-0.25
SAD075,VES087,-3.0
SAD075,VES092,-0.875
SAD075,VES095,-0.5
SAD075,VES096,-0.25
SAD075,VES109,-0.25
SAD075,VES203m,-0.25
SAD075,aIPg1,-0.5
SAF,EPG,-0.0027173914
SAF,ExR1,-0.65625
SAF,ExR5,-0.0625
SAF,FB1B,-0.6875
SAF,FB1C,-0.21875
SAF,FB1D,-0.175
SAF,FB1E_a,-0.05
SAF,FB1E_b,-0.125
SAF,FB1F,-0.125
SAF,FB1G,-0.3125
SAF,FB1H,-0.125
SAF,FB1J,-0.4375
SAF,FB2B_b,-0.0625
SAF,FB2C,-0.275
SAF,FB2D,-0.35416666
SAF,FB2E,-0.0625
SAF,FB2F_a,-0.0625
SAF,FB2G_b,-0.27083334
SAF,FB2H_a,-0.4375
SAF,FB2H_b,-0.0625
SAF,FB2I_a,-0.1875
SAF,FB2I_b,-0.125
SAF,FB2J_c,-0.125
SAF,FB2K,-0.11111111
SAF,FB2L,-0.03125
SAF,FB2M_a,-0.03125
SAF,FB2M_b,-0.0625
SAF,FB3C,-0.048076924
SAF,FB3E,-0.0625
SAF,FB4A_a,-0.0625
SAF,FB4B,-0.0625
SAF,FB4D_b,-0.0625
SAF,FB4E_a,-0.025
SAF,FB4E_b,-0.125
SAF,FB4E_c,-0.0625
SAF,FB4G,-0.0625
SAF,FB4H,-0.0625
SAF,FB4I,-0.125
SAF,FB4L,-0.125
SAF,FB4Y,-0.0625
SAF,FB5E,-0.0625
SAF,FB5G_a,-0.125
SAF,FB5M,-0.125
SAF,FB5N,-0.03125
SAF,FB5W_a,-0.020833334
SAF,FB5W_b,-0.041666668
SAF,FB6A_a,-0.5625
SAF,FB6E,-0.0625
SAF,FB6V,-0.125
SAF,FB6Y,-0.25
SAF,FB7A,-0.020833334
SAF,FB7B,-0.8125
SAF,FB7C,-0.075
SAF,FB7I,-0.075
SAF,FB7J,-0.09375
SAF,FB7L,-0.27083334
SAF,FB7M,-0.125
SAF,FB8A,-5.75
SAF,FB8B,-0.21875
SAF,FB8C,-0.0625
SAF,FB8D,-0.375
SAF,FB8E,-2.275
SAF,FB8F_a,-0.017857144
SAF,FB8F_b,-0.11111111
SAF,FB8G,-0.083333336
SAF,FB8H,-3.3958333
SAF,FB8I,-0.1875
SAF,FB9A,-0.35416666
SAF,FB9B_a,-0.03125
SAF,FB9B_b,-0.0625
SAF,FB9B_c,-0.03125
SAF,FB9B_d,-0.0625
SAF,FB9B_e,-0.03125
SAF,FB9C,-0.09375
SAF,FC1A,-0.014705882
SAF,FC1B,-0.028409092
SAF,FC1D,-0.03
SAF,FC1E,-0.011363637
SAF,FC1F,-0.016666668
SAF,FC2C,-0.021276595
SAF,FC3_c,-0.008333334
SAF,FS2,-0.005952381
SAF,FS3,-0.0625
SAF,FS3_a,-0.016666668
SAF,FS3_c,-0.017857144
SAF,FS3_d,-0.05645161
SAF,FS4A,-0.114035085
SAF,FS4B,-0.047413792
SAF,FS4C,-0.004464286
SAF,IPC,-0.25
SAF,LCNOp,-0.1875
SAF,PEN_a(PEN1),-0.0125
SAF,PFL1,-0.008928572
SAF,PFNd,-0.003125
SAF,PFNp_d,-0.03125
SAF,SA1_a,-2.1666667
SAF,SA1_b,-5.575
SAF,SA1_c,-4.0
SAF,SA2_a,-5.3333335
SAF,SA2_b,-5.84375
SAF,SA2_c,-0.5625
SAF,SA3,-0.5625
SAF,SAF,-0.34375
SAF,hDeltaA,-0.020833334
SAF,hDeltaC,-0.0125
SAF,hDeltaD,-2.46875
SAF,hDeltaE,-0.140625
SAF,hDeltaF,-0.015625
SAF,hDeltaI,-0.029411765
SAF,hDeltaM,-0.09375
SAF,vDeltaA_a,-2.0589285
SAF,vDeltaA_b,-0.2580645
SAF,vDeltaB,-0.024193548
SAF,vDeltaC,-0.009259259
SAF,vDeltaF,-0.0069444445
SAF,vDeltaK,-0.007978723
SAF,vDeltaL,-0.016891891
SAF,vDeltaM,-0.025
SCL001m,AN05B103,0.16666667
SCL001m,AVLP476,1.0
SCL001m,AVLP477,0.16666667
SCL001m,AVLP562,0.33333334
SCL001m,AVLP704m,0.6666667
SCL001m,AVLP709m,0.8333333
SCL001m,AVLP710m,0.33333334
SCL001m,AVLP716m,1.3333334
SCL001m,AVLP751m,0.33333334
SCL001m,AVLP760m,0.16666667
SCL001m,AstA1,0.6666667
SCL001m,CL062_a1,0.33333334
SCL001m,CL208,0.11111111
SCL001m,CL248,7.0
SCL001m,CL251,0.33333334
SCL001m,CL311,0.6666667
SCL001m,CL335,0.33333334
SCL001m,CL344_a,5.3333335
SCL001m,CL366,3.3333333
SCL001m,CRE004,0.33333334
SCL001m,CRE021,0.33333334
SCL001m,DNa14,0.6666667
SCL001m,DNp36,1.3333334
SCL001m,DNp46,21.666666
SCL001m,DNp52,0.33333334
SCL001m,DNp62,0.5
SCL001m,DNp64,3.0
SCL001m,DNpe025,0.6666667
SCL001m,DNpe050,3.0
SCL001m,DNpe053,7.3333335
SCL001m,GNG011,0.6666667
SCL001m,GNG305,0.33333334
SCL001m,GNG525,0.33333334
SCL001m,GNG667,0.16666667
SCL001m,ICL002m,1.3333334
SCL001m,ICL008m,0.33333334
SCL001m,ICL012m,1.6666666
SCL001m,LAL029_b,11.333333
SCL001m,OA-AL2i1,3.8333333
SCL001m,PVLP016,3.0
SCL001m,PVLP093,0.33333334
SCL001m,PVLP200m_b,0.6666667
SCL001m,PVLP203m,0.6666667
SCL001m,SCL001m,1.6666666
SCL001m,SIP136m,0.33333334
SCL001m,SIP141m,0.33333334
SCL001m,SIP145m,0.16666667
SCL001m,SMP109,0.33333334
SCL001m,SMP493,0.33333334
SCL001m,SMP543,0.6666667
SCL001m,SMP714m,1.6666666
SCL001m,SMP715m,0.16666667
SCL001m,SMP723m,0.6666667
SCL001m,VES020,0.11111111
SCL001m,VES024_a,0.33333334
SCL001m,VES053,0.33333334
SCL001m,VES087,1.0
SCL001m,VES095,0.16666667
SCL001m,VES109,1.6666666
SCL001m,WED014,0.33333334
SCL001m,aSP22,0.33333334
SCL001m,pC1_14a,0.6666667
SCL001m,pC1_7a,0.16666667
SIP064,AVLP477,1.0
SIP064,AstA1,1.0
SIP064,CB1062,0.25
SIP064,CRE005,0.6666667
SIP064,CRE012,1.0
SIP064,DNpe053,19.0
SIP064,ER3a_c,0.25
SIP064,ExR1,4.25
SIP064,ExR2,0.5
SIP064,ExR3,9.0
SIP064,ExR4,0.5
SIP064,ExR5,0.25
SIP064,ExR6,0.5
SIP064,ExR7,0.25
SIP064,FB1C,16.25
SIP064,FB1G,5.5
SIP064,FB1H,3.5
SIP064,FB2A,7.0
SIP064,FB2G_b,0.16666667
SIP064,FB2J_a,1.0
SIP064,FB4E_c,0.5
SIP064,FB4F_a,0.75
SIP064,FB4F_c,0.5
SIP064,FB4L,52.0
SIP064,FB4M,52.75
SIP064,FB4N,43.5
SIP064,FB4O,1.1666666
SIP064,FB4P_a,7.0
SIP064,FB4R,0.33333334
SIP064,FB4Y,23.5
SIP064,FB5A,0.5
SIP064,FB5AB,5.0
SIP064,FB5D,0.6666667
SIP064,FB5E,1.0
SIP064,FB5G_c,0.5
SIP064,FB5I,0.5
SIP064,FB5Q,0.25
SIP064,FB5Y_a,1.0
SIP064,FB5Z,0.25
SIP064,FB6A_c,0.5
SIP064,FB6K,1.25
SIP064,FB6M,29.75
SIP064,FB6S,1.75
SIP064,FB6Y,0.5
SIP064,FB7F,0.25
SIP064,FB7L,0.16666667
SIP064,IB020,2.0
SIP064,LAL007,1.0
SIP064,LAL013,15.0
SIP064,LAL101,1.0
SIP064,LAL192,1.0
SIP064,LCNOp,1.0
SIP064,LCNOpm,4.5
SIP064,LNO1,6.0
SIP064,MBON20,1.5
SIP064,MBON35,11.5
SIP064,OA-VPM3,8.5
SIP064,OA-VUMa8,2.0
SIP064,PEN_a(PEN1),0.05
SIP064,PEN_b(PEN2),0.13636364
SIP064,PFNd,0.025
SIP064,PFNm_b,0.03846154
SIP064,PFNp_c,0.05
SIP064,PLP124,0.5
SIP064,PPL102,1.0
SIP064,PPL108,44.0
SIP064,PVLP093,3.0
SIP064,SIP087,1.0
SIP064,SMP052,1.3333334
SIP064,SMP715m,2.0
SIP087,ATL012,2.0
SIP087,AVLP705m,1.0
SIP087,CRE005,0.6666667
SIP087,CRE006,1.5
SIP087,CRE011,10.0
SIP087,CRE012,0.5
SIP087,CRE021,0.5
SIP087,CRE100,1.0
SIP087,ER1_a,0.09090909
SIP087,ER1_b,0.23076923
SIP087,FB1C,0.25
SIP087,FB1G,1.5
SIP087,FB1H,3.5
SIP087,FB2A,0.25
SIP087,FB2B_a,0.25
SIP087,FB2C,1.4
SIP087,FB2D,0.6666667
SIP087,FB2F_a,0.33333334
SIP087,FB2F_b,0.33333334
SIP087,FB2F_c,0.25
SIP087,FB2F_d,1.0
SIP087,FB2G_a,0.5
SIP087,FB2G_b,0.5
SIP087,FB2L,0.5
SIP087,FB2M_a,0.5
SIP087,FB2M_b,0.5
SIP087,FB4A_a,0.16666667
SIP087,FB4A_b,1.5
SIP087,FB4B,1.0
SIP087,FB4E_a,0.2
SIP087,FB4M,0.25
SIP087,FB4O,0.33333334
SIP087,FB4P_b,0.33333334
SIP087,FB4Q_a,1.0
SIP087,FB4Q_c,0.33333334
SIP087,FB4X,3.0
SIP087,FB4Y,0.75
SIP087,FB5AA,0.5
SIP087,FB5AB,8.5
SIP087,FB5B,1.1666666
SIP087,FB5C,1.3333334
SIP087,FB5F,0.5
SIP087,FB5H,0.5
SIP087,FB5I,0.5
SIP087,FB5W_a,0.16666667
SIP087,FB5Y_a,2.5
SIP087,FB5Z,0.25
SIP087,FB6A_b,0.5
SIP087,FB6A_c,0.5
SIP087,FB6E,0.5
SIP087,FB6G,0.5
SIP087,FB6M,1.0
SIP087,FB6O,0.5
SIP087,FB6R,0.5
SIP087,FB6S,0.375
SIP087,FB7L,0.16666667
SIP087,FC1C_a,0.083333336
SIP087,FC1C_b,0.05882353
SIP087,FC1D,0.04
SIP087,FC1E,0.09090909
SIP087,FC2A,0.055555556
SIP087,FS1B_a,0.07692308
SIP087,IB049,1.0
SIP087,LAL073,0.5
SIP087,LAL135,2.0
SIP087,LAL159,1.0
SIP087,LAL171,5.0
SIP087,LAL208,1.0
SIP087,LCNOpm,6.5
SIP087,LNO1,1.25
SIP087,LNO2,1.0
SIP087,LNOa,2.0
SIP087,MBON02,2.5
SIP087,MBON26,9.0
SIP087,MBON35,0.5
SIP087,OA-VPM3,3.0
SIP087,PAM04,0.2
SIP087,PFL1,0.14285715
SIP087,PFL2,0.25
SIP087,PPL102,1.0
SIP087,PPL103,2.0
SIP087,SIP064,4.0
SIP087,SMP108,2.0
SIP087,SMP377,1.0
SIP087,SMP586,3.0
SIP087,SMP715m,1.5
SIP087,VES092,2.0
SIP091,AN08B032,1.0
SIP091,AVLP462,1.0
SIP091,CB3394,10.0
SIP091,CL366,2.0
SIP091,DNc02,0.5
SIP091,DNg101,1.0
SIP091,DNp23,1.0
SIP091,DNp36,4.0
SIP091,DNpe053,2.0
SIP091,GNG011,53.0
SIP091,ICL013m_b,2.0
SIP091,OA-AL2i1,2.5
SIP091,SCL001m,1.0
SIP091,SIP136m,10.0
SIP091,SMP593,1.0
SIP091,SMP709m,1.0
SIP091,VES053,2.0
SIP091,pIP10,1.0
SIP104m,AN08B032,-0.75
SIP104m,AOTU100m,-0.25
SIP104m,AVLP096,-0.25
SIP104m,AVLP192_b,-0.125
SIP104m,AVLP193,-1.25
SIP104m,AVLP477,-0.25
SIP104m,AVLP704m,-0.25
SIP104m,AVLP709m,-1.0
SIP104m,AVLP710m,-0.25
SIP104m,AVLP727m,-0.25
SIP104m,AVLP728m,-0.33333334
SIP104m,AVLP729m,-3.25
SIP104m,AVLP733m,-3.0
SIP104m,AVLP737m,-0.5
SIP104m,AVLP738m,-0.25
SIP104m,AVLP746m,-0.25
SIP104m,AVLP751m,-3.25
SIP104m,CB1017,-0.25
SIP104m,CB3302,-3.4166667
SIP104m,CL062_a1,-0.875
SIP104m,CL062_a2,-3.625
SIP104m,CL062_b2,-0.25
SIP104m,CL062_b3,-0.25
SIP104m,CL310,-0.25
SIP104m,CL311,-2.0
SIP104m,CL335,-0.75
SIP104m,CRE021,-5.875
SIP104m,CRE065,-0.25
SIP104m,DNg101,-0.25
SIP104m,DNp62,-0.25
SIP104m,DNpe025,-3.5
SIP104m,DNpe050,-0.375
SIP104m,ICL002m,-7.25
SIP104m,ICL003m,-0.25
SIP104m,ICL013m_b,-0.25
SIP104m,LAL013,-0.25
SIP104m,LAL029_b,-0.25
SIP104m,PVLP016,-1.75
SIP104m,PVLP138,-49.0
SIP104m,PVLP203m,-7.5625
SIP104m,SCL001m,-0.083333336
SIP104m,SIP104m,-0.6875
SIP104m,SIP118m,-0.5
SIP104m,SIP119m,-0.89285713
SIP104m,SIP122m,-1.5
SIP104m,SIP124m,-0.41666666
SIP104m,SIP133m,-0.25
SIP104m,SIP136m,-1.5
SIP104m,SIP141m,-0.25
SIP104m,SIP143m,-0.25
SIP104m,SIP145m,-0.125
SIP104m,SIP146m,-0.083333336
SIP104m,SMP109,-0.25
SIP104m,SMP493,-0.25
SIP104m,SMP543,-0.25
SIP104m,SMP593,-0.25
SIP104m,VES022,-0.25
SIP104m,aSP10A_a,-0.5
SIP104m,aSP10B,-1.0
SIP104m,pC1_13b,-0.25
SIP104m,pIP10,-0.5
SIP110m_a,AN00A006,0.5
SIP110m_a,AVLP096,1.0
SIP110m_a,AVLP710m,1.0
SIP110m_a,AVLP714m,1.0
SIP110m_a,AVLP746m,1.0
SIP110m_a,AVLP751m,2.0
SIP110m_a,AstA1,1.0
SIP110m_a,CL208,0.33333334
SIP110m_a,CL248,37.5
SIP110m_a,CL344_a,0.5
SIP110m_a,CRE021,1.0
SIP110m_a,DNa01,4.0
SIP110m_a,DNae001,33.0
SIP110m_a,DNg101,6.0
SIP110m_a,DNp101,24.0
SIP110m_a,DNp36,7.0
SIP110m_a,DNp60,17.0
SIP110m_a,DNp67,45.0
SIP110m_a,GNG011,3.0
SIP110m_a,ICL012m,2.0
SIP110m_a,PVLP203m,0.25
SIP110m_a,SIP091,4.0
SIP110m_a,SIP104m,1.5
SIP110m_a,SIP118m,14.666667
SIP110m_a,SIP119m,3.142857
SIP110m_a,SIP133m,91.0
SIP110m_a,SIP141m,2.0
SIP110m_a,SIP143m,1.0
SIP110m_a,SIP145m,4.0
SIP110m_a,SIP146m,0.33333334
SIP110m_a,SMP493,16.0
SIP110m_a,SMP543,1.0
SIP110m_a,VES087,7.0
SIP110m_a,VES109,4.0
SIP110m_a,VES203m,1.0
SIP110m_a,aSP10A_b,0.5
SIP110m_a,pC1_13b,2.0
SIP110m_a,pIP10,28.0
SIP118m,AVLP176_b,-0.6666667
SIP118m,AVLP193,-0.6666667
SIP118m,AVLP210,-1.0
SIP118m,AVLP477,-0.33333334
SIP118m,AVLP700m,-1.0
SIP118m,AVLP709m,-0.8333333
SIP118m,AVLP710m,-2.0
SIP118m,AVLP715m,-0.33333334
SIP118m,AVLP760m,-0.33333334
SIP118m,CB3302,-0.11111111
SIP118m,CL062_a1,-1.5
SIP118m,CL062_a2,-1.0
SIP118m,CL062_b1,-1.1666666
SIP118m,CL062_b2,-1.0
SIP118m,CL062_b3,-0.6666667
SIP118m,CL208,-6.6666665
SIP118m,CL311,-14.333333
SIP118m,CL335,-2.6666667
SIP118m,CL366,-0.6666667
SIP118m,CRE021,-15.833333
SIP118m,DNg101,-0.33333334
SIP118m,DNp23,-0.33333334
SIP118m,DNp46,-0.6666667
SIP118m,DNp62,-0.16666667
SIP118m,DNp64,-0.6666667
SIP118m,DNp67,-0.33333334
SIP118m,DNpe025,-32.666668
SIP118m,GNG667,-0.16666667
SIP118m,ICL002m,-10.666667
SIP118m,PVLP138,-12.666667
SIP118m,PVLP203m,-4.75
SIP118m,SCL001m,-1.6666666
SIP118m,SIP104m,-0.41666666
SIP118m,SIP110m_a,-0.33333334
SIP118m,SIP118m,-1.4444444
SIP118m,SIP119m,-0.5714286
SIP118m,SIP124m,-0.22222222
SIP118m,SIP136m,-6.8333335
SIP118m,SIP145m,-1.5
SIP118m,SIP146m,-0.22222222
SIP118m,SMP108,-0.33333334
SIP118m,SMP714m,-0.16666667
SIP118m,VES202m,-1.0
SIP118m,pIP10,-0.33333334
SIP119m,AN00A006,-0.14285715
SIP119m,AN08B020,-0.14285715
SIP119m,AOTU042,-0.14285715
SIP119m,AVLP096,-0.14285715
SIP119m,AVLP193,-0.5714286
SIP119m,AVLP256,-0.14285715
SIP119m,AVLP477,-0.14285715
SIP119m,AVLP700m,-1.2857143
SIP119m,AVLP704m,-1.4285715
SIP119m,AVLP709m,-2.142857
SIP119m,AVLP710m,-0.71428573
SIP119m,AVLP714m,-0.71428573
SIP119m,AVLP715m,-0.14285715
SIP119m,AVLP727m,-0.35714287
SIP119m,AVLP728m,-0.1904762
SIP119m,AVLP729m,-0.2857143
SIP119m,AVLP733m,-6.857143
SIP119m,AVLP734m,-0.08571429
SIP119m,AVLP751m,-0.2857143
SIP119m,AVLP760m,-0.2857143
SIP119m,CL062_a1,-0.2857143
SIP119m,CL062_a2,-0.21428572
SIP119m,CL062_b1,-5.857143
SIP119m,CL062_b2,-4.285714
SIP119m,CL062_b3,-5.571429
SIP119m,CL122_a,-0.071428575
SIP119m,CL199,-0.071428575
SIP119m,CL208,-6.571429
SIP119m,CL248,-0.071428575
SIP119m,CL311,-11.428572
SIP119m,CL335,-0.42857143
SIP119m,CL344_a,-0.14285715
SIP119m,CL366,-0.14285715
SIP119m,CRE011,-0.14285715
SIP119m,CRE012,-0.21428572
SIP119m,CRE021,-7.785714
SIP119m,CRE065,-0.14285715
SIP119m,DNde002,-0.14285715
SIP119m,DNg101,-0.14285715
SIP119m,DNp36,-0.2857143
SIP119m,DNp46,-0.14285715
SIP119m,DNp62,-0.42857143
SIP119m,DNp64,-0.14285715
SIP119m,DNp67,-0.14285715
SIP119m,DNpe025,-58.714287
SIP119m,DNpe037,-0.14285715
SIP119m,DNpe043,-0.2857143
SIP119m,DNpe050,-0.071428575
SIP119m,FB4N,-0.071428575
SIP119m,GNG667,-0.14285715
SIP119m,ICL002m,-10.857142
SIP119m,ICL003m,-0.42857143
SIP119m,ICL008m,-0.14285715
SIP119m,ICL013m_b,-0.14285715
SIP119m,MBON26,-0.14285715
SIP119m,MBON35,-0.071428575
SIP119m,OA-VUMa8,-0.14285715
SIP119m,PAM04,-0.028571429
SIP119m,PPL102,-1.8571428
SIP119m,PPL103,-1.0
SIP119m,PVLP016,-1.0
SIP119m,PVLP138,-1.5714285
SIP119m,PVLP203m,-5.857143
SIP119m,SCL001m,-0.5714286
SIP119m,SIP104m,-0.21428572
SIP119m,SIP110m_a,-0.2857143
SIP119m,SIP118m,-0.9047619
SIP119m,SIP119m,-0.9183673
SIP119m,SIP122m,-0.14285715
SIP119m,SIP124m,-0.2857143
SIP119m,SIP133m,-0.2857143
SIP119m,SIP136m,-9.428572
SIP119m,SIP145m,-0.42857143
SIP119m,SIP146m,-0.23809524
SIP119m,SLP215,-0.14285715
SIP119m,SMP028,-0.2857143
SIP119m,SMP108,-0.5714286
SIP119m,SMP586,-0.2857143
SIP119m,SMP593,-0.2857143
SIP119m,SMP709m,-0.42857143
SIP119m,SMP723m,-0.14285715
SIP119m,VES092,-0.071428575
SIP119m,VES095,-0.14285715
SIP119m,VES097,-0.5714286
SIP119m,aIPg1,-0.2857143
SIP119m,aSP10A_a,-0.14285715
SIP119m,aSP22,-0.85714287
SIP119m,pC1_13b,-0.14285715
SIP119m,pC1_2b,-0.14285715
SIP119m,pC1_7a,-0.21428572
SIP119m,pC1x_b,-0.14285715
SIP119m,pIP10,-0.2857143
SIP122m,AN00A006,-0.5
SIP122m,AVLP727m,-1.5
SIP122m,AVLP733m,-2.0
SIP122m,AVLP734m,-0.2
SIP122m,AVLP746m,-2.0
SIP122m,CL208,-0.33333334
SIP122m,CL311,-4.0
SIP122m,CRE021,-8.0
SIP122m,DNc02,-1.0
SIP122m,DNp36,-2.0
SIP122m,DNpe025,-8.0
SIP122m,DNpe043,-1.0
SIP122m,DNpe053,-1.0
SIP122m,ICL002m,-2.0
SIP122m,ICL013m_b,-1.0
SIP122m,OA-VUMa8,-1.0
SIP122m,PPM1201,-1.0
SIP122m,PVLP138,-41.0
SIP122m,PVLP203m,-0.5
SIP122m,SIP104m,-1.25
SIP122m,SIP119m,-0.85714287
SIP122m,SIP133m,-1.5
SIP122m,SIP136m,-0.5
SIP122m,SIP141m,-1.0
SIP122m,SIP143m,-1.0
SIP122m,SIP146m,-0.33333334
SIP122m,SMP028,-1.0
SIP122m,SMP108,-5.0
SIP124m,AVLP700m,-2.6666667
SIP124m,AVLP704m,-1.3333334
SIP124m,AVLP705m,-1.0
SIP124m,AVLP710m,-1.6666666
SIP124m,AVLP727m,-0.5
SIP124m,AVLP728m,-1.0
SIP124m,AVLP729m,-2.6666667
SIP124m,AVLP730m,-0.6666667
SIP124m,AVLP751m,-0.6666667
SIP124m,AVLP760m,-1.0
SIP124m,CB1017,-0.33333334
SIP124m,CB3302,-3.1111112
SIP124m,CL062_a1,-2.6666667
SIP124m,CL062_a2,-9.666667
SIP124m,CL062_b1,-1.6666666
SIP124m,CL062_b3,-0.5
SIP124m,CL208,-0.6666667
SIP124m,CL311,-2.3333333
SIP124m,CL344_a,-0.16666667
SIP124m,CRE021,-23.666666
SIP124m,DNp46,-0.33333334
SIP124m,DNp62,-0.16666667
SIP124m,DNp64,-0.6666667
SIP124m,DNp67,-0.33333334
SIP124m,DNpe025,-1.0
SIP124m,DNpe050,-0.16666667
SIP124m,GNG667,-0.16666667
SIP124m,ICL002m,-11.0
SIP124m,ICL003m,-0.33333334
SIP124m,ICL010m,-0.6666667
SIP124m,LAL029_b,-1.3333334
SIP124m,OA-VUMa8,-0.33333334
SIP124m,PVLP016,-12.333333
SIP124m,PVLP138,-7.0
SIP124m,PVLP203m,-3.5833333
SIP124m,SCL001m,-0.33333334
SIP124m,SIP091,-0.33333334
SIP124m,SIP104m,-0.75
SIP124m,SIP110m_a,-0.33333334
SIP124m,SIP118m,-0.44444445
SIP124m,SIP119m,-0.0952381
SIP124m,SIP122m,-2.0
SIP124m,SIP124m,-0.22222222
SIP124m,SIP133m,-0.16666667
SIP124m,SIP136m,-8.5
SIP124m,SIP146m,-0.7777778
SIP124m,aIPg1,-1.0
SIP124m,aSP22,-0.6666667
SIP124m,pC1_2b,-0.33333334
SIP124m,pC1_7a,-0.16666667
SIP133m,AN00A006,-0.25
SIP133m,AN05B103,-0.25
SIP133m,AOTU100m,-0.5
SIP133m,AVLP096,-1.5
SIP133m,AVLP210,-0.5
SIP133m,AVLP256,-7.0
SIP133m,AVLP462,-0.5
SIP133m,AVLP700m,-7.5
SIP133m,AVLP705m,-0.5
SIP133m,AVLP709m,-3.0
SIP133m,AVLP710m,-5.0
SIP133m,AVLP714m,-17.5
SIP133m,AVLP715m,-2.0
SIP133m,AVLP716m,-12.0
SIP133m,AVLP734m,-0.3
SIP133m,AVLP738m,-0.5
SIP133m,AVLP751m,-2.0
SIP133m,AVLP760m,-1.75
SIP133m,AstA1,-0.5
SIP133m,CB1017,-0.5
SIP133m,CL062_a1,-0.5
SIP133m,CL062_b1,-0.25
SIP133m,CL062_b2,-2.5
SIP133m,CL062_b3,-1.75
SIP133m,CL122_a,-0.5
SIP133m,CL208,-0.5
SIP133m,CL248,-95.75
SIP133m,CL251,-9.5
SIP133m,CL310,-11.5
SIP133m,CL311,-0.5
SIP133m,CL326,-1.5
SIP133m,CL335,-2.0
SIP133m,CL344_a,-3.5
SIP133m,CRE021,-39.0
SIP133m,CRE065,-4.5
SIP133m,DNae001,-11.0
SIP133m,DNg101,-103.5
SIP133m,DNp101,-9.5
SIP133m,DNp23,-3.5
SIP133m,DNp36,-21.0
SIP133m,DNp46,-17.0
SIP133m,DNp60,-2.5
SIP133m,DNp62,-1.5
SIP133m,DNp64,-0.5
SIP133m,DNp67,-2.5
SIP133m,DNpe025,-1.5
SIP133m,DNpe050,-20.25
SIP133m,DNpe053,-1.0
SIP133m,GNG011,-5.0
SIP133m,GNG304,-0.25
SIP133m,GNG305,-1.0
SIP133m,GNG525,-2.0
SIP133m,GNG667,-0.25
SIP133m,ICL002m,-0.5
SIP133m,ICL003m,-80.5
SIP133m,ICL008m,-8.5
SIP133m,ICL010m,-4.0
SIP133m,ICL012m,-18.5
SIP133m,ICL013m_b,-40.0
SIP133m,LAL007,-1.5
SIP133m,LAL013,-0.5
SIP133m,LAL119,-4.0
SIP133m,OA-ASM2,-0.5
SIP133m,OA-VUMa8,-1.5
SIP133m,PVLP016,-0.5
SIP133m,PVLP138,-1.0
SIP133m,PVLP200m_b,-46.5
SIP133m,PVLP203m,-3.125
SIP133m,SAD075,-0.125
SIP133m,SCL001m,-0.16666667
SIP133m,SIP091,-170.5
SIP133m,SIP104m,-0.625
SIP133m,SIP110m_a,-13.0
SIP133m,SIP118m,-0.16666667
SIP133m,SIP119m,-0.5714286
SIP133m,SIP122m,-1.5
SIP133m,SIP124m,-0.33333334
SIP133m,SIP133m,-20.75
SIP133m,SIP136m,-1.0
SIP133m,SIP141m,-1.0
SIP133m,SIP143m,-1.0
SIP133m,SIP145m,-0.5
SIP133m,SIP146m,-0.16666667
SIP133m,SMP028,-0.5
SIP133m,SMP052,-0.16666667
SIP133m,SMP108,-0.5
SIP133m,SMP109,-2.5
SIP133m,SMP493,-2.0
SIP133m,SMP543,-49.5
SIP133m,SMP593,-22.0
SIP133m,SMP709m,-1.0
SIP133m,VES022,-1.0
SIP133m,VES024_a,-1.0
SIP133m,VES053,-35.5
SIP133m,VES092,-3.25
SIP133m,VES095,-0.75
SIP133m,VES097,-0.5
SIP133m,VES109,-0.5
SIP133m,VES202m,-5.0
SIP133m,VES203m,-1.0
SIP133m,VES204m,-0.5
SIP133m,WED014,-1.5
SIP133m,aIPg1,-0.5
SIP133m,aSP10A_a,-0.5
SIP133m,aSP10A_b,-0.25
SIP133m,aSP22,-2.0
SIP133m,pC1_13b,-0.5
SIP133m,pC1_14a,-1.0
SIP133m,pIP10,-14.5
SIP136m,AN07B004,2.0
SIP136m,AN08B020,0.5
SIP136m,AN09A005,0.16666667
SIP136m,AN27X013,0.5
SIP136m,ANXXX152,1.0
SIP136m,AOTU042,1.5
SIP136m,AOTU100m,0.5
SIP136m,AVLP462,5.5
SIP136m,AVLP476,1.0
SIP136m,AVLP562,1.25
SIP136m,AVLP705m,0.5
SIP136m,AVLP709m,0.75
SIP136m,AVLP710m,7.0
SIP136m,AVLP714m,0.5
SIP136m,AVLP729m,1.0
SIP136m,AVLP730m,0.5
SIP136m,AVLP734m,2.8
SIP136m,AVLP746m,0.5
SIP136m,AVLP751m,0.5
SIP136m,AVLP760m,0.75
SIP136m,CB3302,0.16666667
SIP136m,CB3394,4.5
SIP136m,CB3666,0.5
SIP136m,CL062_b1,0.25
SIP136m,CL122_a,20.0
SIP136m,CL248,4.0
SIP136m,CL251,0.5
SIP136m,CL310,0.5
SIP136m,CL311,2.0
SIP136m,CL336,1.0
SIP136m,CL344_a,0.25
SIP136m,CL366,22.0
SIP136m,CRE004,1.5
SIP136m,CRE021,0.25
SIP136m,CRE100,1.0
SIP136m,DNc01,0.5
SIP136m,DNd05,1.0
SIP136m,DNg101,0.5
SIP136m,DNp101,0.5
SIP136m,DNp36,2.0
SIP136m,DNp46,3.5
SIP136m,DNp52,0.5
SIP136m,DNp62,0.5
SIP136m,DNp64,1.5
SIP136m,DNpe025,1.0
SIP136m,DNpe037,3.0
SIP136m,DNpe050,1.0
SIP136m,DNpe053,4.5
SIP136m,Delta7,0.011904762
SIP136m,EPGt,0.125
SIP136m,FB5V_b,0.083333336
SIP136m,GNG011,31.0
SIP136m,GNG304,0.5
SIP136m,GNG305,4.5
SIP136m,GNG587,0.5
SIP136m,GNG667,0.25
SIP136m,ICL002m,4.0
SIP136m,ICL003m,1.0
SIP136m,ICL008m,0.25
SIP136m,ICL012m,0.5
SIP136m,ICL013m_b,5.0
SIP136m,IbSpsP,0.016129032
SIP136m,LAL029_b,2.5
SIP136m,LAL159,0.5
SIP136m,LAL200,14.5
SIP136m,LT66,0.5
SIP136m,MBON35,0.25
SIP136m,OA-AL2i1,2.5
SIP136m,OA-VUMa8,2.5
SIP136m,P6-8P9,0.125
SIP136m,PFNa,0.02586207
SIP136m,PFNm_a,0.023809524
SIP136m,PFNm_b,0.01923077
SIP136m,PVLP016,12.0
SIP136m,PVLP093,0.5
SIP136m,PVLP138,47.0
SIP136m,PVLP200m_b,3.5
SIP136m,PVLP203m,0.5
SIP136m,SCL001m,0.5
SIP136m,SIP091,20.5
SIP136m,SIP104m,0.25
SIP136m,SIP110m_a,1.0
SIP136m,SIP119m,0.14285715
SIP136m,SIP133m,0.5
SIP136m,SIP136m,11.25
SIP136m,SIP141m,1.0
SIP136m,SIP145m,0.25
SIP136m,SIP146m,0.6666667
SIP136m,SMP052,0.16666667
SIP136m,SMP092,0.5
SIP136m,SMP493,1.0
SIP136m,SMP543,43.0
SIP136m,SMP593,12.0
SIP136m,SMP709m,1.0
SIP136m,SMP715m,1.25
SIP136m,VES020,10.166667
SIP136m,VES022,2.0
SIP136m,VES024_a,1.0
SIP136m,VES053,19.5
SIP136m,VES092,10.5
SIP136m,VES096,0.5
SIP136m,VES097,1.0
SIP136m,VES109,10.0
SIP136m,VES202m,3.5
SIP136m,aIPg1,2.0
SIP136m,aSP10A_b,0.25
SIP136m,aSP22,1.0
SIP136m,pIP10,4.5
SIP141m,AN00A006,-1.0
SIP141m,AN08B020,-1.0
SIP141m,ANXXX152,-2.0
SIP141m,AVLP096,-2.0
SIP141m,AVLP710m,-2.0
SIP141m,AVLP714m,-5.0
SIP141m,AVLP751m,-1.0
SIP141m,AVLP760m,-0.5
SIP141m,CL208,-0.33333334
SIP141m,CL248,-2.0
SIP141m,CL310,-1.0
SIP141m,CL311,-5.0
SIP141m,CL344_a,-1.5
SIP141m,DNa14,-2.0
SIP141m,DNp101,-2.0
SIP141m,DNp23,-1.0
SIP141m,DNp36,-15.0
SIP141m,DNp46,-2.0
SIP141m,DNp67,-1.0
SIP141m,ICL002m,-1.0
SIP141m,ICL003m,-10.0
SIP141m,ICL013m_b,-8.0
SIP141m,LAL029_b,-2.0
SIP141m,OA-VUMa8,-1.0
SIP141m,SCL001m,-0.33333334
SIP141m,SIP104m,-5.0
SIP141m,SIP122m,-2.0
SIP141m,SIP124m,-1.0
SIP141m,SIP133m,-18.0
SIP141m,SIP136m,-1.0
SIP141m,SIP143m,-11.0
SIP141m,SMP543,-3.0
SIP141m,VES092,-1.0
SIP141m,VES202m,-2.0
SIP141m,aSP10B,-1.0
SIP141m,aSP22,-55.0
SIP141m,pC1_13b,-1.0
SIP141m,pC1_14a,-2.0
SIP141m,pC1_7a,-0.5
SIP141m,pIP10,-15.0
SIP143m,AN00A006,-1.0
SIP143m,AVLP710m,-6.0
SIP143m,AVLP714m,-2.0
SIP143m,AVLP716m,-1.0
SIP143m,AVLP760m,-0.5
SIP143m,CL248,-6.5
SIP143m,CL310,-2.0
SIP143m,CL311,-3.0
SIP143m,CL344_a,-1.0
SIP143m,CRE021,-0.5
SIP143m,DNp101,-4.0
SIP143m,DNp36,-1.0
SIP143m,DNp64,-1.0
SIP143m,DNp67,-2.0
SIP143m,ICL003m,-10.0
SIP143m,ICL008m,-0.5
SIP143m,ICL013m_b,-9.0
SIP143m,LAL029_b,-1.0
SIP143m,PVLP016,-1.0
SIP143m,SIP091,-1.0
SIP143m,SIP104m,-4.25
SIP143m,SIP110m_a,-6.0
SIP143m,SIP119m,-0.5714286
SIP143m,SIP122m,-1.0
SIP143m,SIP124m,-0.33333334
SIP143m,SIP133m,-11.5
SIP143m,SIP136m,-5.5
SIP143m,SIP141m,-6.0
SIP143m,SMP543,-3.0
SIP143m,VES022,-1.0
SIP143m,VES053,-9.0
SIP143m,VES204m,-3.0
SIP143m,WED014,-1.0
SIP143m,aSP22,-19.0
SIP143m,pC1_14a,-2.0
SIP143m,pIP10,-29.0
SIP145m,AOTU100m,-1.5
SIP145m,AVLP193,-3.0
SIP145m,AVLP210,-1.5
SIP145m,AVLP476,-0.5
SIP145m,AVLP477,-1.0
SIP145m,AVLP705m,-1.5
SIP145m,AVLP709m,-0.75
SIP145m,AVLP710m,-10.5
SIP145m,AVLP715m,-1.0
SIP145m,AVLP727m,-0.25
SIP145m,AVLP733m,-1.5
SIP145m,AVLP751m,-0.5
SIP145m,AVLP760m,-0.25
SIP145m,CB3302,-1.6666666
SIP145m,CB3683,-1.0
SIP145m,CL062_a1,-2.5
SIP145m,CL062_a2,-5.5
SIP145m,CL062_b1,-2.5
SIP145m,CL208,-3.6666667
SIP145m,CL248,-0.25
SIP145m,CL311,-1.0
SIP145m,CL335,-0.5
SIP145m,CL366,-0.5
SIP145m,CRE021,-23.75
SIP145m,DNp23,-0.5
SIP145m,DNp64,-2.5
SIP145m,DNpe025,-1.0
SIP145m,DNpe043,-2.0
SIP145m,DNpe050,-0.25
SIP145m,ICL002m,-2.0
SIP145m,OA-VUMa8,-1.0
SIP145m,PVLP016,-5.0
SIP145m,PVLP138,-61.5
SIP145m,PVLP200m_b,-0.5
SIP145m,PVLP203m,-1.375
SIP145m,SCL001m,-2.3333333
SIP145m,SIP104m,-0.125
SIP145m,SIP118m,-2.5
SIP145m,SIP119m,-0.42857143
SIP145m,SIP136m,-17.75
SIP145m,SIP145m,-2.0
SIP145m,SIP146m,-0.5
SIP145m,SMP709m,-0.5
SIP146m,AVLP192_b,-0.16666667
SIP146m,AVLP193,-0.6666667
SIP146m,AVLP476,-0.6666667
SIP146m,AVLP700m,-0.33333334
SIP146m,AVLP704m,-2.6666667
SIP146m,AVLP710m,-6.6666665
SIP146m,AVLP716m,-0.33333334
SIP146m,AVLP728m,-0.22222222
SIP146m,AVLP729m,-8.0
SIP146m,AVLP730m,-11.666667
SIP146m,AVLP733m,-0.33333334
SIP146m,AVLP734m,-0.06666667
SIP146m,AVLP737m,-0.33333334
SIP146m,AVLP751m,-1.6666666
SIP146m,AVLP760m,-0.5
SIP146m,CB1017,-0.6666667
SIP146m,CL062_a1,-2.1666667
SIP146m,CL062_a2,-2.8333333
SIP146m,CL062_b1,-4.0
SIP146m,CL062_b3,-1.6666666
SIP146m,CL208,-1.5555556
SIP146m,CL248,-0.16666667
SIP146m,CL311,-3.0
SIP146m,CL335,-0.33333334
SIP146m,CRE021,-22.666666
SIP146m,DNp46,-0.6666667
SIP146m,DNp62,-0.16666667
SIP146m,DNp64,-5.0
SIP146m,DNp67,-0.6666667
SIP146m,DNpe025,-2.6666667
SIP146m,ICL002m,-4.6666665
SIP146m,ICL008m,-0.6666667
SIP146m,ICL010m,-1.0
SIP146m,ICL012m,-0.6666667
SIP146m,LAL029_b,-2.0
SIP146m,OA-ASM2,-1.3333334
SIP146m,PVLP016,-25.0
SIP146m,PVLP138,-2.3333333
SIP146m,PVLP200m_b,-0.6666667
SIP146m,PVLP203m,-1.0833334
SIP146m,SCL001m,-0.7777778
SIP146m,SIP104m,-0.5
SIP146m,SIP118m,-0.11111111
SIP146m,SIP119m,-0.04761905
SIP146m,SIP124m,-1.1111112
SIP146m,SIP136m,-26.833334
SIP146m,SIP145m,-0.8333333
SIP146m,SIP146m,-1.6666666
SIP146m,SMP709m,-0.33333334
SIP146m,VES204m,-0.33333334
SIP146m,pC1_6a,-0.33333334
SIP146m,pC1_7a,-0.6666667
SIP146m,pC1x_b,-0.6666667
SIP146m,pIP10,-0.33333334
SLP215,CL311,1.0
SLP215,CRE004,5.0
SLP215,DNde002,5.0
SLP215,DNg101,3.0
SLP215,DNp52,5.0
SLP215,GNG304,1.0
SLP215,IB032,2.0
SLP215,LAL008,1.5
SLP215,LAL013,1.0
SLP215,LAL154,1.0
SLP215,LAL192,1.0
SLP215,MBON35,0.5
SLP215,OA-VUMa8,1.0
SMP016_b,ATL011,4.0
SMP016_b,ATL012,3.0
SMP016_b,MBON35,2.5
SMP016_b,SMP018,3.0
SMP018,CL007,1.0
SMP018,FB1H,0.5
SMP018,MBON35,2.5
SMP018,SMP016_b,1.0
SMP018,SMP185,1.0
SMP028,AN05B103,-5.5
SMP028,AN08B032,-1.0
SMP028,AVLP477,-0.5
SMP028,AVLP700m,-1.0
SMP028,AVLP704m,-1.0
SMP028,AVLP709m,-0.5
SMP028,AVLP714m,-2.0
SMP028,AVLP716m,-1.0
SMP028,AVLP727m,-0.5
SMP028,AVLP728m,-1.6666666
SMP028,AVLP729m,-1.0
SMP028,AVLP738m,-3.0
SMP028,AVLP751m,-4.0
SMP028,AVLP760m,-1.0
SMP028,CB1017,-5.0
SMP028,CL062_b3,-2.5
SMP028,CL208,-0.33333334
SMP028,CL344_a,-0.5
SMP028,CRE021,-1.0
SMP028,CRE100,-1.0
SMP028,DNp46,-1.0
SMP028,ICL010m,-1.0
SMP028,MBON25-like,-0.5
SMP028,MBON35,-3.0
SMP028,PAL01,-24.0
SMP028,PPL102,-1.0
SMP028,PVLP016,-2.0
SMP028,SCL001m,-0.33333334
SMP028,SIP104m,-0.25
SMP028,SIP122m,-1.0
SMP028,SIP146m,-0.33333334
SMP028,SMP108,-7.0
SMP028,SMP723m,-4.0
SMP028,aSP10A_b,-0.5
SMP028,pC1x_b,-5.0
SMP052,AOTU042,0.33333334
SMP052,AVLP562,0.16666667
SMP052,AVLP714m,0.33333334
SMP052,AstA1,2.6666667
SMP052,CB3394,3.0
SMP052,CL109,0.33333334
SMP052,CL248,3.1666667
SMP052,CL251,0.6666667
SMP052,CL335,0.33333334
SMP052,CL344_a,1.5
SMP052,CRE005,0.22222222
SMP052,CRE006,1.0
SMP052,CRE012,3.5
SMP052,CRE044,0.6666667
SMP052,CRE100,5.0
SMP052,DNd05,0.6666667
SMP052,DNg101,0.33333334
SMP052,DNp52,0.33333334
SMP052,DNpe053,4.6666665
SMP052,FB1C,0.083333336
SMP052,FB1G,0.16666667
SMP052,FB1H,0.16666667
SMP052,FB4N,0.16666667
SMP052,FB4Y,0.33333334
SMP052,FB5A,0.5
SMP052,FB5V_a,0.055555556
SMP052,FB5V_c,0.06666667
SMP052,FB6X,0.16666667
SMP052,GNG011,0.33333334
SMP052,GNG304,48.666668
SMP052,LAL007,0.33333334
SMP052,LAL045,0.33333334
SMP052,LAL135,1.3333334
SMP052,LAL159,0.33333334
SMP052,MBON35,8.0
SMP052,OA-VUMa8,4.3333335
SMP052,PVLP138,0.33333334
SMP052,SAD075,1.0833334
SMP052,SIP136m,0.16666667
SMP052,SMP052,8.222222
SMP052,SMP092,7.3333335
SMP052,SMP108,1.0
SMP052,SMP109,0.6666667
SMP052,SMP471,1.3333334
SMP052,SMP492,6.0
SMP052,SMP493,1.0
SMP052,SMP543,41.0
SMP052,SMP586,0.33333334
SMP052,SMP593,37.333332
SMP052,SMP709m,1.0
SMP052,SMP713m,0.6666667
SMP052,SMP714m,1.1666666
SMP052,VES020,0.8888889
SMP052,VES053,55.333332
SMP052,VES092,74.5
SMP052,VES095,0.5
SMP052,VES096,0.6666667
SMP052,VES109,11.333333
SMP052,pIP10,0.33333334
SMP092,AN05B103,-6.5
SMP092,AVLP095,-2.0
SMP092,AVLP562,-0.5
SMP092,AstA1,-1.0
SMP092,CB3302,-2.6666667
SMP092,CL199,-1.5
SMP092,CL208,-15.666667
SMP092,CL248,-1.0
SMP092,CL335,-1.0
SMP092,CL366,-11.0
SMP092,DNc01,-0.5
SMP092,DNc02,-0.5
SMP092,DNp52,-57.0
SMP092,DNpe043,-8.0
SMP092,DNpe050,-1.0
SMP092,DNpe053,-38.0
SMP092,FB1C,-0.25
SMP092,GNG011,-3.0
SMP092,PAL01,-3.0
SMP092,SCL001m,-0.33333334
SMP092,SIP104m,-0.25
SMP092,SIP118m,-0.6666667
SMP092,SIP119m,-0.14285715
SMP092,SIP122m,-1.0
SMP092,SMP446,-1.0
SMP092,SMP586,-29.0
SMP092,VES092,-1.5
SMP092,VES096,-10.0
SMP092,VES097,-3.0
SMP092,VES101,-8.0
SMP092,pIP10,-40.0
SMP108,AOTU019,1.0
SMP108,AOTU100m,1.0
SMP108,ATL011,1.0
SMP108,ATL018,26.0
SMP108,AVLP477,2.5
SMP108,AVLP562,0.5
SMP108,AVLP710m,2.0
SMP108,AVLP738m,1.0
SMP108,CB1062,1.25
SMP108,CB1287,0.5
SMP108,CL199,3.0
SMP108,CRE006,3.0
SMP108,CRE011,112.0
SMP108,CRE012,2.0
SMP108,CRE021,1.0
SMP108,CRE044,1.0
SMP108,CRE065,1.0
SMP108,CRE081,2.0
SMP108,DNp52,1.0
SMP108,DNp62,2.0
SMP108,DNpe053,2.0
SMP108,FB1G,0.5
SMP108,FB1H,16.5
SMP108,FB2H_b,0.5
SMP108,FB4E_b,0.25
SMP108,FB4F_c,0.33333334
SMP108,FB4X,1.0
SMP108,FB4Y,0.25
SMP108,FB5AB,2.5
SMP108,FB5C,0.33333334
SMP108,FB5G_b,0.5
SMP108,FB5J,0.5
SMP108,FB5N,1.0
SMP108,FB5Y_b,1.0
SMP108,FB6D,0.5
SMP108,FB6S,0.125
SMP108,FB6U,0.25
SMP108,FB7F,1.25
SMP108,FS2,0.023809524
SMP108,LAL008,0.5
SMP108,LAL042,4.0
SMP108,MBON02,0.5
SMP108,MBON26,7.0
SMP108,OA-VPM3,0.5
SMP108,OA-VPM4,1.0
SMP108,PAL01,2.0
SMP108,PAM09,2.5
SMP108,PPL102,8.0
SMP108,PPL103,1.0
SMP108,SIP087,40.0
SMP108,SIP119m,0.42857143
SMP108,SMP109,11.0
SMP108,SMP713m,0.5
SMP109,AOTU019,1.0
SMP109,AOTU100m,1.0
SMP109,ATL018,5.0
SMP109,AVLP477,0.5
SMP109,AVLP710m,11.0
SMP109,CB1062,10.5
SMP109,CB1287,0.5
SMP109,CL311,2.0
SMP109,CL335,2.0
SMP109,CRE004,1.0
SMP109,CRE005,16.666666
SMP109,CRE006,30.5
SMP109,CRE011,62.0
SMP109,CRE012,0.5
SMP109,CRE021,11.0
SMP109,CRE044,7.0
SMP109,DNa14,3.0
SMP109,DNd05,1.0
SMP109,DNp62,0.5
SMP109,DNpe027,1.0
SMP109,DNpe053,1.0
SMP109,FB1C,0.25
SMP109,FB1H,31.0
SMP109,FB4E_a,7.0
SMP109,FB4E_b,6.5
SMP109,FB4E_c,8.0
SMP109,FB4F_a,7.0
SMP109,FB4F_c,8.666667
SMP109,FB4G,0.5
SMP109,FB4H,0.5
SMP109,FB4I,0.5
SMP109,FB4M,0.5
SMP109,FB4O,0.16666667
SMP109,FB4P_a,1.25
SMP109,FB4P_b,0.33333334
SMP109,FB4P_c,0.5
SMP109,FB4R,0.33333334
SMP109,FB4Y,21.25
SMP109,FB5A,0.75
SMP109,FB5D,1.0
SMP109,FB5M,2.0
SMP109,FB5N,0.25
SMP109,FB5V_a,1.8333334
SMP109,FB5V_b,0.6666667
SMP109,FB5V_c,3.8
SMP109,FB6S,0.25
SMP109,ICL010m,4.0
SMP109,ICL013m_b,1.0
SMP109,LAL007,1.0
SMP109,LAL008,40.0
SMP109,LAL013,1.0
SMP109,LAL042,87.0
SMP109,LAL045,40.0
SMP109,LAL102,2.0
SMP109,LAL155,1.0
SMP109,LAL200,10.0
SMP109,LCNOp,0.5
SMP109,MBON25,2.0
SMP109,MBON25-like,5.25
SMP109,MBON35,3.5
SMP109,OA-VPM4,4.0
SMP109,OA-VUMa8,2.0
SMP109,PAL01,3.0
SMP109,PPL102,3.0
SMP109,PPL108,2.0
SMP109,PVLP016,3.0
SMP109,SCL001m,1.0
SMP109,SIP122m,1.0
SMP109,SIP136m,0.5
SMP109,SIP141m,2.0
SMP109,SMP092,7.0
SMP109,SMP108,7.0
SMP109,SMP446,2.0
SMP109,SMP586,1.0
SMP109,SMP709m,2.0
SMP109,SMP714m,1.5
SMP109,VES092,5.5
SMP109,VES202m,1.0
SMP109,aSP22,1.0
SMP122,AVLP477,-1.5
SMP122,AVLP562,-0.5
SMP122,CB1062,-2.0
SMP122,CB1287,-0.5
SMP122,CL208,-3.6666667
SMP122,CL326,-5.0
SMP122,CRE004,-1.0
SMP122,CRE005,-3.3333333
SMP122,CRE006,-0.5
SMP122,CRE012,-5.0
SMP122,CRE021,-11.0
SMP122,CRE081,-1.0
SMP122,DNp62,-0.5
SMP122,FB1H,-0.5
SMP122,FB4A_a,-0.16666667
SMP122,FB4E_a,-2.0
SMP122,FB4E_b,-5.5
SMP122,FB4E_c,-0.5
SMP122,FB4F_a,-2.0
SMP122,FB4F_b,-1.0
SMP122,FB4G,-2.0
SMP122,FB4H,-4.0
SMP122,FB4I,-4.5
SMP122,FB4M,-0.5
SMP122,FB4P_a,-13.25
SMP122,FB4P_c,-2.0
SMP122,FB4R,-5.0
SMP122,FB4Y,-0.25
SMP122,FB5A,-1.0
SMP122,FB5C,-0.33333334
SMP122,FB5D,-17.333334
SMP122,FB5E,-4.0
SMP122,FB5F,-0.5
SMP122,FB5I,-0.5
SMP122,FB5N,-0.25
SMP122,FB5O,-0.5
SMP122,FB5Q,-0.5
SMP122,FB5T,-1.0
SMP122,FB5V_a,-1.1666666
SMP122,FB5V_b,-3.1666667
SMP122,FB5V_c,-2.0
SMP122,FB5X,-1.3333334
SMP122,LAL040,-1.0
SMP122,LAL102,-1.0
SMP122,LAL154,-3.0
SMP122,LAL159,-3.0
SMP122,MBON20,-1.0
SMP122,MBON25,-2.5
SMP122,MBON25-like,-0.5
SMP122,MBON26,-2.0
SMP122,MBON34,-3.0
SMP122,PPL102,-2.0
SMP122,PPL108,-1.0
SMP122,SIP087,-1.0
SMP122,SMP052,-0.6666667
SMP122,SMP377,-10.0
SMP122,SMP493,-1.0
SMP122,SMP709m,-1.0
SMP122,SMP713m,-2.0
SMP122,SMP714m,-1.5
SMP122,SMP715m,-0.5
SMP122,VES092,-1.5
SMP185,ATL012,1.0
SMP185,ATL018,4.0
SMP185,ATL042,1.0
SMP185,CL007,1.0
SMP185,CRE011,55.0
SMP185,CRE021,9.0
SMP185,CRE100,1.0
SMP185,ExR3,2.0
SMP185,ExR6,1.0
SMP185,FB1H,3.5
SMP185,FB2A,0.5
SMP185,FB2F_a,0.5
SMP185,FB2G_b,0.5
SMP185,FB2I_a,0.1
SMP185,FB2J_a,0.5
SMP185,FB4Q_c,0.33333334
SMP185,FB4Y,1.5
SMP185,FB5A,1.5
SMP185,FB5AA,1.0
SMP185,FB5AB,4.0
SMP185,FB5B,1.0
SMP185,FB5E,10.5
SMP185,FB5F,14.0
SMP185,FB5G_a,1.5
SMP185,FB5G_c,5.0
SMP185,FB5M,0.5
SMP185,FB5N,0.25
SMP185,FB5O,2.5
SMP185,FB5P,3.5
SMP185,FB5Q,20.75
SMP185,FB5V_a,0.33333334
SMP185,FB5V_b,2.0
SMP185,FB5W_a,0.16666667
SMP185,FB5X,6.3333335
SMP185,FB5Z,9.5
SMP185,FB6A_c,0.5
SMP185,FB6Q,0.5
SMP185,FB6W,0.5
SMP185,FB6X,10.0
SMP185,FB7E,2.8333333
SMP185,FB9B_d,0.25
SMP185,FS1A_a,0.1875
SMP185,FS1A_b,0.15384616
SMP185,FS1A_c,0.33333334
SMP185,IB110,4.0
SMP185,LAL007,1.0
SMP185,LAL045,14.0
SMP185,LAL200,17.0
SMP185,SIP087,1.0
SMP185,SMP016_b,2.0
SMP185,SMP018,1.0
SMP185,SMP446,1.0
SMP285,CL251,-1.0
SMP285,FB6K,-0.5
SMP285,FB8C,-1.5
SMP285,IPC,-0.5
SMP285,MBON35,-1.0
SMP285,PAL01,-3.0
SMP285,SMP052,-0.33333334
SMP285,SMP108,-41.0
SMP285,SMP109,-5.0
SMP285,SMP723m,-1.0
SMP377,AVLP477,0.5
SMP377,AVLP562,3.0
SMP377,AstA1,4.0
SMP377,CRE005,0.6666667
SMP377,CRE006,0.5
SMP377,CRE021,0.5
SMP377,DNpe053,9.0
SMP377,FB4G,0.5
SMP377,FB4L,0.25
SMP377,FB4M,6.5
SMP377,FB4P_a,0.5
SMP377,FB4Q_b,1.0
SMP377,FB5A,0.25
SMP377,FB5X,6.3333335
SMP377,PPL108,1.0
SMP377,SMP122,3.0
SMP377,SMP593,1.0
SMP377,SMP714m,1.5
SMP377,SMP715m,0.5
SMP446,AVLP176_b,-3.0
SMP446,AVLP192_b,-1.0
SMP446,AVLP193,-3.0
SMP446,AVLP476,-1.0
SMP446,AVLP700m,-3.0
SMP446,AVLP704m,-15.0
SMP446,AVLP710m,-32.0
SMP446,AVLP760m,-1.0
SMP446,CL062_a1,-13.5
SMP446,CL062_a2,-7.0
SMP446,CL062_b1,-8.5
SMP446,CL062_b2,-14.0
SMP446,CL062_b3,-9.5
SMP446,CL109,-2.0
SMP446,CL248,-1.0
SMP446,CL251,-15.0
SMP446,CL326,-4.0
SMP446,CL335,-2.0
SMP446,DNa14,-43.0
SMP446,DNd05,-8.0
SMP446,DNg101,-3.0
SMP446,DNp101,-4.0
SMP446,DNp23,-1.0
SMP446,DNp46,-11.0
SMP446,DNp62,-1.5
SMP446,DNp64,-13.0
SMP446,DNpe043,-5.0
SMP446,DNpe050,-15.0
SMP446,GNG525,-1.0
SMP446,ICL008m,-2.5
SMP446,ICL010m,-4.0
SMP446,ICL012m,-9.0
SMP446,LAL029_b,-5.0
SMP446,LAL155,-1.0
SMP446,OA-VUMa8,-2.0
SMP446,PAL01,-1.0
SMP446,PVLP016,-2.0
SMP446,SAD075,-0.5
SMP446,SIP136m,-2.5
SMP446,SMP713m,-1.5
SMP446,SMP714m,-1.5
SMP446,SMP715m,-1.5
SMP446,VES053,-25.0
SMP446,VES092,-2.5
SMP446,VES101,-3.0
SMP446,VES204m,-1.0
SMP471,AN00A006,1.0
SMP471,AN08B027,1.0
SMP471,AVLP562,3.5
SMP471,AstA1,1.0
SMP471,CB1062,1.0
SMP471,CB3394,2.0
SMP471,CL208,3.6666667
SMP471,CL326,1.0
SMP471,CL366,4.0
SMP471,CRE005,1.0
SMP471,CRE006,1.5
SMP471,CRE011,53.0
SMP471,CRE012,14.0
SMP471,CRE021,1.0
SMP471,CRE081,1.0
SMP471,CRE100,1.0
SMP471,DNpe053,3.0
SMP471,FB1H,2.0
SMP471,FB4A_b,0.5
SMP471,FB4C,1.0
SMP471,FB4E_a,0.2
SMP471,FB4F_b,0.5
SMP471,FB4G,0.5
SMP471,FB4I,0.5
SMP471,FB4M,3.5
SMP471,FB4N,0.5
SMP471,FB4O,0.8333333
SMP471,FB4P_a,13.25
SMP471,FB4P_b,6.0
SMP471,FB4P_c,6.0
SMP471,FB4Q_a,0.5
SMP471,FB4Q_c,0.6666667
SMP471,FB4R,0.6666667
SMP471,FB4Y,1.0
SMP471,FB5A,0.5
SMP471,FB5B,0.5
SMP471,FB5C,0.6666667
SMP471,FB5D,14.666667
SMP471,FB5E,1.0
SMP471,FB5F,7.5
SMP471,FB5I,0.5
SMP471,FB5P,2.0
SMP471,FB5Q,1.0
SMP471,FB5T,12.0
SMP471,FB5V_a,13.833333
SMP471,FB5V_b,7.0
SMP471,FB5V_c,15.6
SMP471,FB5X,10.5
SMP471,FB5Y_a,1.0
SMP471,FB5Z,0.25
SMP471,FB6R,3.25
SMP471,GNG304,0.5
SMP471,GNG587,2.0
SMP471,GNG667,1.5
SMP471,LAL008,2.0
SMP471,LAL040,10.0
SMP471,LAL042,1.0
SMP471,LAL045,6.0
SMP471,LAL102,3.0
SMP471,LAL154,1.0
SMP471,LAL155,3.0
SMP471,LAL159,2.0
SMP471,LAL200,2.0
SMP471,MBON35,13.0
SMP471,OA-VUMa8,3.0
SMP471,PPL102,6.0
SMP471,PPL103,1.0
SMP471,PPL108,17.0
SMP471,SIP119m,0.14285715
SMP471,SMP052,0.6666667
SMP471,SMP109,2.0
SMP471,SMP122,2.0
SMP471,SMP446,1.0
SMP471,SMP543,2.0
SMP471,SMP586,14.0
SMP471,SMP593,2.0
SMP471,SMP713m,1.0
SMP471,SMP715m,0.5
SMP471,VES020,2.3333333
SMP471,VES092,37.5
SMP471,VES096,2.0
SMP471,VES097,28.0
SMP471,VES101,9.0
SMP471,VES109,3.0
SMP492,AVLP714m,12.0
SMP492,AVLP715m,2.0
SMP492,CL248,6.0
SMP492,CL310,1.0
SMP492,CRE005,3.0
SMP492,CRE006,1.5
SMP492,DNd05,32.0
SMP492,DNg101,1.0
SMP492,DNp101,2.0
SMP492,FB5A,0.75
SMP492,GNG011,1.0
SMP492,GNG304,3.0
SMP492,GNG667,0.5
SMP492,LAL007,2.0
SMP492,LAL045,10.0
SMP492,LAL119,18.0
SMP492,LAL135,2.0
SMP492,LAL154,7.0
SMP492,LAL200,1.0
SMP492,OA-VUMa8,8.0
SMP492,SAD075,1.25
SMP492,SIP136m,0.5
SMP492,SMP052,71.333336
SMP492,SMP092,2.0
SMP492,SMP493,4.0
SMP492,SMP543,69.0
SMP492,SMP709m,6.0
SMP492,SMP713m,4.0
SMP492,SMP714m,1.5
SMP492,SMP715m,0.5
SMP492,VES020,1.3333334
SMP492,VES053,24.0
SMP492,VES087,8.0
SMP492,VES092,20.5
SMP492,VES095,1.5
SMP493,AN00A006,0.5
SMP493,AVLP709m,0.5
SMP493,AVLP710m,39.0
SMP493,AVLP714m,38.0
SMP493,AVLP715m,5.0
SMP493,AVLP716m,111.0
SMP493,AVLP727m,1.0
SMP493,AVLP728m,0.6666667
SMP493,AVLP729m,7.0
SMP493,AVLP734m,0.6
SMP493,AVLP746m,6.0
SMP493,AVLP751m,22.0
SMP493,AVLP760m,0.5
SMP493,CB3302,0.33333334
SMP493,CL062_a2,5.5
SMP493,CL062_b1,10.0
SMP493,CL062_b2,13.0
SMP493,CL062_b3,15.0
SMP493,CL310,3.0
SMP493,CL311,9.0
SMP493,CL326,3.0
SMP493,CL366,4.0
SMP493,CRE005,1.3333334
SMP493,CRE021,1.0
SMP493,DNc01,0.5
SMP493,DNp101,1.0
SMP493,DNp52,1.0
SMP493,DNp62,2.0
SMP493,DNp67,1.0
SMP493,DNpe050,1.0
SMP493,DNpe053,2.0
SMP493,FB1H,1.0
SMP493,FB4B,0.5
SMP493,FB4Y,0.75
SMP493,FB5A,1.0
SMP493,FB5V_a,0.5
SMP493,FB5V_c,1.2
SMP493,IB115,1.0
SMP493,ICL003m,13.0
SMP493,ICL008m,1.5
SMP493,ICL010m,6.0
SMP493,ICL013m_b,35.0
SMP493,LAL155,2.0
SMP493,MBON35,1.5
SMP493,OA-VUMa8,1.0
SMP493,PVLP138,2.0
SMP493,PVLP200m_b,3.0
SMP493,PVLP203m,0.75
SMP493,SCL001m,1.0
SMP493,SIP091,8.0
SMP493,SIP110m_a,43.0
SMP493,SIP118m,12.666667
SMP493,SIP119m,2.0
SMP493,SIP133m,3.0
SMP493,SIP136m,11.5
SMP493,SIP145m,50.5
SMP493,SIP146m,0.33333334
SMP493,SMP052,2.6666667
SMP493,SMP593,3.0
SMP493,VES022,4.0
SMP493,VES087,5.0
SMP493,VES204m,1.0
SMP493,aSP10A_a,2.0
SMP493,aSP10A_b,0.5
SMP493,aSP10B,3.0
SMP493,pC1_13b,7.0
SMP493,pIP10,16.0
SMP543,ANXXX152,-1.0
SMP543,AOTU100m,-1.0
SMP543,AVLP477,-0.5
SMP543,AVLP562,-0.5
SMP543,AVLP710m,-2.0
SMP543,CB0244,-1.0
SMP543,CL111,-1.0
SMP543,CL199,-0.5
SMP543,CL208,-11.666667
SMP543,CL248,-0.5
SMP543,CL308,-1.0
SMP543,CL311,-1.0
SMP543,CL335,-1.0
SMP543,CRE012,-0.5
SMP543,CRE021,-0.5
SMP543,CRE100,-1.0
SMP543,DNa01,-4.0
SMP543,DNp52,-2.0
SMP543,FB4E_a,-0.2
SMP543,FB4K,-0.25
SMP543,FB4P_a,-0.25
SMP543,FB5A,-2.5
SMP543,FB5V_a,-0.16666667
SMP543,FB5X,-0.33333334
SMP543,MBON35,-4.5
SMP543,OA-AL2i1,-1.0
SMP543,OA-VUMa8,-2.0
SMP543,PPL102,-1.0
SMP543,PVLP016,-3.0
SMP543,SIP133m,-0.5
SMP543,SMP471,-3.0
SMP543,SMP586,-42.0
SMP543,SMP713m,-0.5
SMP543,VES053,-7.0
SMP543,VES092,-2.0
SMP543,VES095,-4.5
SMP543,VES096,-27.0
SMP543,VES097,-39.0
SMP543,VES101,-20.0
SMP543,VES204m,-2.0
SMP543,aSP22,-1.0
SMP543,pIP10,-1.0
SMP586,AOTU042,3.0
SMP586,AVLP193,1.0
SMP586,AVLP462,6.0
SMP586,AVLP477,0.5
SMP586,AstA1,1.0
SMP586,CB1062,0.5
SMP586,CL208,1.3333334
SMP586,CL336,1.0
SMP586,CRE005,0.33333334
SMP586,CRE006,2.0
SMP586,CRE012,0.5
SMP586,CRE081,1.0
SMP586,DNc01,2.0
SMP586,DNc02,3.0
SMP586,DNp23,1.0
SMP586,DNp52,3.0
SMP586,DNp62,10.0
SMP586,DNpe053,1.0
SMP586,FB1H,1.0
SMP586,FB4Q_b,0.5
SMP586,FB4R,0.33333334
SMP586,FB5V_a,0.16666667
SMP586,FB5W_a,0.16666667
SMP586,FB6N,0.5
SMP586,GNG011,23.0
SMP586,ICL002m,1.0
SMP586,LAL208,25.0
SMP586,MBON26,3.0
SMP586,MBON35,0.5
SMP586,OA-AL2i1,7.0
SMP586,OA-VPM3,0.5
SMP586,OA-VUMa8,16.0
SMP586,PPL102,2.0
SMP586,PPL108,9.0
SMP586,PPM1201,17.0
SMP586,SIP087,30.0
SMP586,SIP110m_a,2.0
SMP586,SIP136m,0.5
SMP586,SMP092,4.0
SMP586,SMP492,2.0
SMP586,SMP543,3.0
SMP586,SMP709m,3.0
SMP586,SMP713m,2.0
SMP586,SMP714m,1.0
SMP586,SMP715m,1.0
SMP586,VES053,2.0
SMP586,VES092,7.5
SMP586,VES095,0.5
SMP586,VES097,1.0
SMP586,pC1x_b,1.0
SMP586,pIP10,49.0
SMP593,AVLP210,-5.0
SMP593,AVLP477,-0.5
SMP593,AVLP562,-2.5
SMP593,AVLP705m,-1.0
SMP593,AVLP710m,-5.0
SMP593,AVLP714m,-1.0
SMP593,AVLP751m,-19.0
SMP593,CB1062,-24.25
SMP593,CB3019,-1.0
SMP593,CL062_b1,-0.5
SMP593,CL199,-0.5
SMP593,CL208,-18.666666
SMP593,CL308,-13.0
SMP593,CL311,-11.0
SMP593,CL326,-1.0
SMP593,CL336,-2.0
SMP593,CL344_a,-1.0
SMP593,CL366,-1.0
SMP593,CRE005,-4.0
SMP593,CRE006,-3.0
SMP593,CRE012,-4.5
SMP593,CRE021,-1.0
SMP593,CRE044,-17.0
SMP593,DNp36,-17.0
SMP593,DNp62,-1.5
SMP593,DNpe037,-1.0
SMP593,DNpe043,-2.0
SMP593,DNpe053,-2.0
SMP593,FB1H,-1.0
SMP593,FB2F_c,-0.25
SMP593,FB2G_b,-2.5
SMP593,FB2M_a,-1.0
SMP593,FB2M_b,-0.5
SMP593,FB4A_a,-0.33333334
SMP593,FB4C,-3.0
SMP593,FB4F_a,-0.5
SMP593,FB4F_c,-0.33333334
SMP593,FB4M,-0.25
SMP593,FB4N,-24.5
SMP593,FB4P_a,-5.0
SMP593,FB4P_b,-2.0
SMP593,FB4Q_a,-2.0
SMP593,FB4Q_b,-2.0
SMP593,FB4Q_c,-2.6666667
SMP593,FB5AB,-0.5
SMP593,FB5D,-0.6666667
SMP593,FB5E,-1.0
SMP593,FB5M,-0.5
SMP593,FB5T,-0.5
SMP593,FB5V_a,-1.6666666
SMP593,FB5V_b,-0.5
SMP593,FB5X,-5.5
SMP593,FB5Y_b,-0.5
SMP593,FB6B,-1.0
SMP593,FB7L,-1.0
SMP593,GNG667,-4.5
SMP593,IB032,-2.0
SMP593,IB115,-1.0
SMP593,ICL003m,-1.0
SMP593,LAL029_b,-1.0
SMP593,LAL162,-4.0
SMP593,MBON25,-6.0
SMP593,MBON25-like,-9.0
SMP593,MBON34,-0.5
SMP593,MBON35,-1.5
SMP593,OA-VPM4,-7.0
SMP593,OA-VUMa8,-1.0
SMP593,PPL102,-1.0
SMP593,PPL103,-2.0
SMP593,PPL108,-5.0
SMP593,PVLP016,-10.0
SMP593,PVLP200m_b,-1.0
SMP593,SIP091,-2.0
SMP593,SIP104m,-1.25
SMP593,SIP118m,-3.3333333
SMP593,SIP119m,-5.285714
SMP593,SIP122m,-1.0
SMP593,SIP133m,-2.0
SMP593,SIP136m,-37.0
SMP593,SIP145m,-1.5
SMP593,SIP146m,-1.3333334
SMP593,SLP215,-1.0
SMP593,SMP052,-13.333333
SMP593,SMP108,-3.0
SMP593,SMP109,-19.0
SMP593,SMP471,-23.0
SMP593,SMP493,-2.0
SMP593,SMP543,-3.0
SMP593,SMP709m,-86.0
SMP593,SMP713m,-3.0
SMP593,SMP714m,-1.0
SMP593,SMP715m,-1.0
SMP593,VES053,-4.0
SMP593,VES203m,-1.0
SMP593,aIPg1,-1.0
SMP593,aSP22,-2.0
SMP593,pC1_13b,-1.0
SMP593,pC1_7a,-1.5
SMP597,ATL036,3.0
SMP597,ATL042,1.0
SMP597,AVLP562,0.5
SMP597,CB1062,0.5
SMP597,FB4L,0.25
SMP597,FB4M,7.0
SMP597,FB4N,2.0
SMP597,FB4Q_b,1.0
SMP597,FB4Q_c,0.33333334
SMP597,FB5A,0.5
SMP597,FB5I,1.0
SMP597,FB5Q,0.5
SMP597,IB049,1.0
SMP597,LAL040,3.0
SMP597,MBON26,1.0
SMP597,MBON35,1.0
SMP597,OA-VPM3,1.0
SMP597,PPL108,4.0
SMP709m,AOTU100m,1.0
SMP709m,AVLP477,3.0
SMP709m,AVLP700m,4.0
SMP709m,AVLP704m,3.0
SMP709m,AVLP705m,5.0
SMP709m,AVLP710m,16.0
SMP709m,AVLP714m,45.0
SMP709m,AVLP715m,30.0
SMP709m,AVLP727m,0.5
SMP709m,AVLP730m,3.0
SMP709m,AVLP733m,1.0
SMP709m,AVLP737m,1.0
SMP709m,AstA1,1.0
SMP709m,CB1017,4.0
SMP709m,CB1062,0.25
SMP709m,CL062_a2,1.0
SMP709m,CL062_b1,2.0
SMP709m,CL062_b3,0.5
SMP709m,CL111,2.0
SMP709m,CL199,0.5
SMP709m,CL208,0.33333334
SMP709m,CL251,25.0
SMP709m,CL310,10.0
SMP709m,CL366,2.0
SMP709m,CRE005,1.0
SMP709m,CRE006,0.5
SMP709m,CRE011,2.0
SMP709m,CRE012,30.0
SMP709m,CRE021,2.0
SMP709m,CRE065,28.0
SMP709m,CRE081,1.0
SMP709m,DNg101,6.0
SMP709m,DNp101,4.0
SMP709m,DNp46,1.0
SMP709m,DNp52,9.0
SMP709m,DNpe053,2.0
SMP709m,DPM,1.0
SMP709m,ER6,0.5
SMP709m,FB2D,0.16666667
SMP709m,FB4F_a,0.25
SMP709m,FB4I,4.5
SMP709m,FB4M,0.5
SMP709m,FB4N,0.5
SMP709m,FB5A,0.5
SMP709m,FB5V_a,2.6666667
SMP709m,FB5X,0.16666667
SMP709m,GNG304,0.5
SMP709m,GNG587,1.0
SMP709m,GNG667,0.5
SMP709m,IB005,2.0
SMP709m,ICL002m,4.0
SMP709m,ICL010m,1.0
SMP709m,LAL040,29.0
SMP709m,LAL045,2.0
SMP709m,LAL102,1.0
SMP709m,LAL119,5.0
SMP709m,LAL155,5.0
SMP709m,LAL162,1.0
SMP709m,LAL192,1.0
SMP709m,MBON35,18.5
SMP709m,OA-VPM3,0.5
SMP709m,OA-VUMa8,3.0
SMP709m,PAL01,5.0
SMP709m,PPL102,30.0
SMP709m,PPL108,53.0
SMP709m,PPM1201,2.0
SMP709m,PVLP016,18.0
SMP709m,PVLP138,2.0
SMP709m,PVLP203m,2.0
SMP709m,SAD075,3.75
SMP709m,SCL001m,0.33333334
SMP709m,SIP091,78.0
SMP709m,SIP104m,0.25
SMP709m,SIP110m_a,1.0
SMP709m,SIP118m,1.0
SMP709m,SIP122m,1.0
SMP709m,SIP133m,2.5
SMP709m,SIP136m,4.5
SMP709m,SMP052,9.0
SMP709m,SMP108,2.0
SMP709m,SMP109,1.0
SMP709m,SMP471,22.0
SMP709m,SMP493,2.0
SMP709m,SMP543,4.0
SMP709m,SMP593,4.0
SMP709m,SMP713m,6.5
SMP709m,SMP714m,4.0
SMP709m,SMP715m,2.5
SMP709m,VES020,4.0
SMP709m,VES022,4.0
SMP709m,VES092,206.5
SMP709m,VES095,6.5
SMP709m,VES204m,1.0
SMP709m,aSP22,1.0
SMP709m,pC1x_b,1.0
SMP709m,pIP10,2.0
SMP713m,CL111,0.5
SMP713m,CL344_a,9.75
SMP713m,CRE005,1.0
SMP713m,CRE006,8.0
SMP713m,CRE012,1.75
SMP713m,CRE100,1.0
SMP713m,DNpe053,1.0
SMP713m,FB4P_a,1.5
SMP713m,FB4Y,0.25
SMP713m,FB5D,2.3333333
SMP713m,FB5V_a,0.083333336
SMP713m,FB5V_b,0.083333336
SMP713m,FB5W_a,0.083333336
SMP713m,GNG304,0.25
SMP713m,GNG667,1.0
SMP713m,LAL007,0.5
SMP713m,LAL045,4.0
SMP713m,LAL101,0.5
SMP713m,MBON35,4.0
SMP713m,OA-VUMa8,1.0
SMP713m,SAD075,0.125
SMP713m,SIP119m,0.071428575
SMP713m,SMP052,14.5
SMP713m,SMP092,3.5
SMP713m,SMP109,0.5
SMP713m,SMP492,9.5
SMP713m,SMP493,1.5
SMP713m,SMP543,1.0
SMP713m,SMP709m,0.5
SMP713m,SMP714m,1.0
SMP713m,SMP715m,0.5
SMP713m,VES020,0.33333334
SMP713m,VES092,2.0
SMP714m,AOTU042,0.5
SMP714m,AVLP193,1.0
SMP714m,AVLP700m,1.5
SMP714m,AVLP709m,0.75
SMP714m,AVLP710m,6.5
SMP714m,AVLP714m,11.0
SMP714m,AVLP760m,1.0
SMP714m,AstA1,5.0
SMP714m,CB1017,0.5
SMP714m,CL062_a1,0.25
SMP714m,CL062_a2,3.5
SMP714m,CL062_b2,0.5
SMP714m,CL062_b3,1.0
SMP714m,CL109,0.5
SMP714m,CL111,0.5
SMP714m,CL310,0.5
SMP714m,CL311,1.0
SMP714m,CL344_a,25.25
SMP714m,CL366,0.5
SMP714m,CRE005,1.1666666
SMP714m,CRE006,2.25
SMP714m,DNp101,0.5
SMP714m,DNp46,2.0
SMP714m,DNp60,2.5
SMP714m,DNp64,2.0
SMP714m,DNp67,3.5
SMP714m,DNpe053,2.0
SMP714m,FB1H,0.5
SMP714m,FB4E_b,0.125
SMP714m,FB4G,0.5
SMP714m,FB4K,0.25
SMP714m,FB4O,0.083333336
SMP714m,FB4R,0.083333336
SMP714m,FB4Y,1.125
SMP714m,FB5A,0.25
SMP714m,FB5AB,0.75
SMP714m,FB5X,0.083333336
SMP714m,ICL003m,3.5
SMP714m,ICL008m,0.25
SMP714m,ICL012m,1.0
SMP714m,LAL008,0.25
SMP714m,MBON20,0.25
SMP714m,MBON26,0.5
SMP714m,MBON35,7.0
SMP714m,OA-VUMa8,0.5
SMP714m,PVLP016,10.0
SMP714m,PVLP203m,0.25
SMP714m,SCL001m,1.3333334
SMP714m,SIP133m,0.25
SMP714m,SIP136m,0.75
SMP714m,SIP145m,4.25
SMP714m,SLP215,1.0
SMP714m,SMP052,5.3333335
SMP714m,SMP377,1.0
SMP714m,SMP493,12.0
SMP714m,SMP709m,1.5
SMP714m,SMP713m,1.5
SMP714m,SMP714m,0.5
SMP714m,SMP715m,1.0
SMP714m,SMP723m,0.5
SMP714m,VES092,0.75
SMP714m,VES204m,1.0
SMP714m,pC1x_b,2.5
SMP714m,pIP10,1.5
SMP715m,AN05B103,0.25
SMP715m,ATL028,0.5
SMP715m,AVLP192_b,0.5
SMP715m,AVLP193,2.5
SMP715m,AVLP562,0.5
SMP715m,AVLP710m,9.0
SMP715m,AstA1,23.0
SMP715m,CB1287,0.25
SMP715m,CL062_a1,3.25
SMP715m,CL062_a2,3.5
SMP715m,CL062_b1,2.0
SMP715m,CL062_b2,3.5
SMP715m,CL062_b3,6.25
SMP715m,CL310,1.0
SMP715m,CL335,4.5
SMP715m,CL344_a,6.25
SMP715m,CRE005,0.16666667
SMP715m,CRE006,0.5
SMP715m,CRE021,0.25
SMP715m,CRE081,1.0
SMP715m,DNp60,1.0
SMP715m,DNpe043,1.0
SMP715m,DNpe053,8.5
SMP715m,FB1G,0.75
SMP715m,FB2F_a,0.25
SMP715m,FB4E_b,0.125
SMP715m,FB4H,0.5
SMP715m,FB4K,0.125
SMP715m,FB4Y,0.625
SMP715m,FB5AB,1.0
SMP715m,FB5N,0.125
SMP715m,FB5Y_a,0.25
SMP715m,FB6N,0.25
SMP715m,FB6Q,0.25
SMP715m,GNG304,0.5
SMP715m,GNG305,1.0
SMP715m,ICL002m,1.0
SMP715m,MBON25,0.25
SMP715m,MBON25-like,0.125
SMP715m,MBON35,2.0
SMP715m,PAM03,1.5
SMP715m,PPL102,1.0
SMP715m,PPL103,2.0
SMP715m,PVLP016,3.0
SMP715m,PVLP203m,0.75
SMP715m,SAD075,0.125
SMP715m,SCL001m,3.3333333
SMP715m,SIP136m,0.5
SMP715m,SIP145m,0.25
SMP715m,SMP052,7.6666665
SMP715m,SMP108,0.5
SMP715m,SMP377,1.0
SMP715m,SMP446,0.5
SMP715m,SMP493,3.5
SMP715m,SMP543,3.5
SMP715m,SMP709m,1.0
SMP715m,SMP713m,0.75
SMP715m,SMP714m,0.75
SMP715m,SMP715m,1.5
SMP715m,VES092,0.25
SMP715m,VES203m,0.5
SMP715m,pC1x_b,4.0
SMP715m,pIP10,0.5
SMP723m,AN05B103,-1.0
SMP723m,AVLP462,-4.0
SMP723m,AVLP704m,-4.0
SMP723m,AVLP709m,-6.0
SMP723m,AVLP710m,-5.0
SMP723m,AVLP714m,-5.0
SMP723m,AVLP751m,-1.0
SMP723m,AVLP760m,-2.0
SMP723m,CB1017,-1.0
SMP723m,CL062_a2,-2.5
SMP723m,CL062_b1,-1.0
SMP723m,CL062_b2,-3.0
SMP723m,CL062_b3,-0.5
SMP723m,CL109,-1.0
SMP723m,CL208,-0.33333334
SMP723m,CL248,-0.5
SMP723m,CL251,-2.0
SMP723m,CL326,-2.0
SMP723m,CRE021,-5.0
SMP723m,CRE065,-2.0
SMP723m,DNa14,-1.0
SMP723m,DNp46,-7.0
SMP723m,DNp60,-3.0
SMP723m,DNp64,-9.0
SMP723m,DNp67,-1.0
SMP723m,ICL002m,-1.0
SMP723m,ICL003m,-11.0
SMP723m,PAL01,-4.0
SMP723m,PPL102,-6.0
SMP723m,PVLP016,-7.0
SMP723m,PVLP203m,-0.75
SMP723m,SCL001m,-1.3333334
SMP723m,SIP091,-4.0
SMP723m,SIP136m,-3.0
SMP723m,SMP543,-6.0
SMP723m,SMP713m,-0.5
SMP723m,SMP714m,-6.0
SMP723m,SMP715m,-3.5
SMP723m,VES053,-1.0
SMP723m,VES092,-2.0
SMP723m,VES204m,-1.0
SMP723m,aSP22,-2.0
SMP723m,pIP10,-2.0
SpsP,AN09A005,-0.16666667
SpsP,Delta7,-0.8869048
SpsP,EPGt,-1.0625
SpsP,IbSpsP,-0.032258064
SpsP,LPsP,-0.125
SpsP,P6-8P9,-0.1875
SpsP,PEN_a(PEN1),-0.1
SpsP,PEN_b(PEN2),-0.056818184
SpsP,PFGs,-0.19444445
SpsP,PFL1,-0.035714287
SpsP,PFL2,-0.020833334
SpsP,PFL3,-0.041666668
SpsP,PFNa,-0.056034483
SpsP,PFNd,-14.9
SpsP,PFNm_b,-0.057692308
SpsP,PFNp_a,-0.00390625
SpsP,PFNp_b,-0.009191177
SpsP,PFNp_c,-0.00625
SpsP,PFNp_e,-0.010869565
SpsP,PFNv,-0.0375
SpsP,PFR_a,-0.24107143
SpsP,PFR_b,-0.015625
SpsP,SpsP,-1.0625
SpsP,hDeltaI,-0.029411765
SpsP,pC1x_b,-0.25
TuBu04,AOTU046,6.125
TuBu04,ER3d_b,2.225
TuBu04,ER3p_b,14.25
TuBu04,ExR1,5.375
TuBu04,ExR2,0.125
TuBu04,FB8G,0.16666667
TuBu05,AOTU046,1.25
TuBu05,ER3p_a,3.357143
TuBu05,ER3p_b,5.5
TuBu05,ExR1,0.25
TuBu05,ExR7,0.25
TuBu07,AOTU046,2.25
TuBu07,ER2_c,0.5
TuBu07,ER2_d,0.8
TuBu07,ER3w_b,2.1111112
TuBu07,ER4d,0.03846154
TuBu07,ExR1,10.75
TuBu07,ExR2,0.5
TuBu09,AOTU046,1.125
TuBu09,ER2_a,4.638889
TuBu09,ER2_b,0.083333336
TuBu09,ER2_c,0.275
TuBu09,ER2_d,1.5333333
TuBu09,ER3w_b,0.046296295
TuBu09,ER3w_c,0.027777778
TuBu09,ExR1,7.4166665
TuBu09,ExR2,0.33333334
TuBu09,FB4L,0.041666668
TuBu09,TuBu09,0.055555556
TuBu10,AOTU046,1.0
TuBu10,ER2_c,3.45
TuBu10,ExR1,7.0
TuBu10,ExR2,1.5
TuBu10,hDeltaK,0.12903225
VES020,AN00A006,-5.3333335
VES020,AN08B027,-0.6666667
VES020,AOTU042,-0.6666667
VES020,AOTU100m,-1.3333334
VES020,AVLP462,-0.33333334
VES020,AVLP714m,-0.33333334
VES020,AVLP746m,-0.6666667
VES020,AVLP751m,-0.33333334
VES020,CB0244,-12.666667
VES020,CL109,-0.6666667
VES020,CL248,-11.666667
VES020,CL310,-4.0
VES020,CL335,-0.33333334
VES020,CL366,-0.6666667
VES020,CRE004,-0.33333334
VES020,DNa01,-0.6666667
VES020,DNd05,-3.0
VES020,DNde002,-14.0
VES020,DNp101,-2.3333333
VES020,DNp23,-3.3333333
VES020,DNp36,-0.33333334
VES020,DNp67,-2.6666667
VES020,DNpe025,-0.6666667
VES020,GNG305,-0.33333334
VES020,GNG525,-0.33333334
VES020,GNG667,-1.5
VES020,LAL102,-0.6666667
VES020,LAL119,-3.0
VES020,LAL135,-3.0
VES020,LAL154,-0.6666667
VES020,OA-VUMa8,-0.6666667
VES020,PPL103,-0.6666667
VES020,PPL108,-0.6666667
VES020,PPM1201,-2.0
VES020,PVLP203m,-0.083333336
VES020,SAD075,-0.75
VES020,SIP136m,-0.16666667
VES020,SMP052,-0.33333334
VES020,SMP471,-1.3333334
VES020,SMP492,-3.6666667
VES020,SMP493,-2.0
VES020,SMP543,-1.3333334
VES020,SMP593,-3.6666667
VES020,SMP713m,-2.5
VES020,SMP714m,-0.5
VES020,VES020,-1.2222222
VES020,VES024_a,-0.6666667
VES020,VES092,-2.0
VES020,VES095,-2.0
VES020,VES096,-3.6666667
VES020,VES097,-10.0
VES020,VES101,-5.0
VES020,VES203m,-0.33333334
VES020,aIPg1,-2.3333333
VES020,aSP22,-6.3333335
VES020,pIP10,-0.6666667
VES022,AOTU100m,-1.0
VES022,AVLP700m,-1.0
VES022,AVLP709m,-1.0
VES022,AVLP727m,-0.5
VES022,AVLP728m,-0.33333334
VES022,AVLP729m,-11.0
VES022,AVLP733m,-3.0
VES022,AVLP734m,-2.4
VES022,CB1017,-7.0
VES022,CL062_b3,-0.5
VES022,DNp36,-2.0
VES022,DNp62,-0.5
VES022,DNp67,-1.0
VES022,DNpe025,-4.0
VES022,DNpe050,-3.0
VES022,GNG011,-1.0
VES022,ICL003m,-1.0
VES022,ICL012m,-3.0
VES022,ICL013m_b,-1.0
VES022,LAL200,-1.0
VES022,OA-VUMa8,-1.0
VES022,PVLP016,-4.0
VES022,PVLP130,-4.0
VES022,PVLP138,-3.0
VES022,PVLP200m_b,-3.0
VES022,SIP091,-1.0
VES022,SIP104m,-1.0
VES022,SIP118m,-0.6666667
VES022,SIP119m,-0.14285715
VES022,SIP136m,-1.0
VES022,SIP143m,-1.0
VES022,SIP145m,-1.0
VES022,SIP146m,-1.3333334
VES022,SMP028,-2.0
VES022,SMP543,-1.0
VES022,VES202m,-2.0
VES022,aIPg1,-14.0
VES024_a,AN08B032,-1.0
VES024_a,AVLP705m,-1.0
VES024_a,AVLP710m,-8.0
VES024_a,CL062_b1,-1.0
VES024_a,CL310,-24.0
VES024_a,CL311,-4.0
VES024_a,DNa14,-1.0
VES024_a,DNp36,-1.0
VES024_a,GNG305,-4.0
VES024_a,ICL002m,-6.0
VES024_a,ICL003m,-2.0
VES024_a,PVLP203m,-1.0
VES024_a,SIP091,-5.0
VES024_a,SIP119m,-1.0
VES024_a,SIP136m,-4.0
VES024_a,SMP092,-2.0
VES024_a,VES053,-2.0
VES024_a,VES087,-17.0
VES024_a,VES092,-0.5
VES024_a,WED014,-1.0
VES024_a,pC1_7a,-0.5
VES024_a,pIP10,-53.0
VES053,AN05B103,0.5
VES053,ANXXX380,1.0
VES053,ATL035,1.0
VES053,AstA1,1.0
VES053,CL062_b3,0.5
VES053,CL199,2.0
VES053,CL208,0.33333334
VES053,CL248,2.5
VES053,CL310,5.0
VES053,CL326,2.0
VES053,CL366,5.0
VES053,CRE004,4.0
VES053,DNa14,39.0
VES053,DNd05,127.0
VES053,DNde002,1.0
VES053,DNp64,10.0
VES053,DNpe027,8.0
VES053,DNpe050,0.5
VES053,FB5A,0.75
VES053,GNG011,1.0
VES053,GNG304,1.5
VES053,GNG667,4.0
VES053,IB005,1.0
VES053,IB023,40.0
VES053,ICL010m,2.0
VES053,OA-AL2i1,0.5
VES053,OA-ASM2,6.0
VES053,OA-VUMa8,8.0
VES053,PVLP203m,0.25
VES053,SAD075,0.25
VES053,SIP136m,2.5
VES053,SMP052,1.0
VES053,SMP092,1.0
VES053,SMP446,1.0
VES053,SMP492,1.0
VES053,SMP493,7.0
VES053,SMP543,2.0
VES053,SMP593,12.0
VES053,SMP597,2.0
VES053,SMP713m,1.0
VES053,VES020,1.0
VES053,VES092,1.5
VES053,VES095,2.0
VES053,VES096,3.0
VES053,VES097,2.0
VES053,VES101,1.0
VES087,AOTU019,-1.0
VES087,AOTU042,-20.0
VES087,AVLP760m,-0.5
VES087,CB0244,-26.0
VES087,CL311,-10.0
VES087,CRE004,-3.0
VES087,CRE012,-2.5
VES087,CRE100,-1.0
VES087,DNa01,-3.0
VES087,DNde002,-48.0
VES087,DNg101,-7.0
VES087,DNpe027,-1.0
VES087,ExR4,-3.5
VES087,ExR6,-18.5
VES087,FB2K,-0.22222222
VES087,FB4B,-0.5
VES087,GNG667,-3.0
VES087,LAL008,-1.5
VES087,LAL040,-18.0
VES087,LAL045,-1.0
VES087,LAL073,-3.5
VES087,LAL101,-10.0
VES087,LAL119,-1.0
VES087,LAL159,-42.0
VES087,MBON26,-5.0
VES087,MBON35,-1.0
VES087,PPL103,-1.0
VES087,PVLP203m,-0.5
VES087,SIP091,-1.0
VES087,VES053,-1.0
VES087,VES092,-1.0
VES092,AN00A006,-7.0
VES092,AOTU042,-0.5
VES092,AOTU100m,-2.5
VES092,AVLP210,-0.5
VES092,AVLP477,-0.25
VES092,AVLP562,-0.25
VES092,AVLP700m,-2.0
VES092,AVLP704m,-0.5
VES092,AVLP705m,-0.5
VES092,AVLP714m,-0.5
VES092,AVLP716m,-1.5
VES092,AVLP734m,-0.3
VES092,AVLP760m,-0.25
VES092,CB0244,-1.0
VES092,CB3394,-1.5
VES092,CL062_a2,-0.5
VES092,CL109,-0.5
VES092,CL122_a,-0.25
VES092,CL208,-0.5
VES092,CL248,-1.5
VES092,CL311,-1.0
VES092,CL344_a,-5.0
VES092,CL366,-0.5
VES092,CRE004,-0.5
VES092,CRE005,-0.16666667
VES092,CRE006,-0.25
VES092,CRE011,-1.0
VES092,CRE012,-14.5
VES092,CRE021,-0.5
VES092,CRE030_b,-0.5
VES092,CRE044,-2.5
VES092,CRE100,-2.5
VES092,DNd05,-8.0
VES092,DNde002,-34.5
VES092,DNg101,-10.5
VES092,DNp101,-0.5
VES092,DNp23,-2.0
VES092,DNp36,-20.0
VES092,DNp46,-0.5
VES092,DNpe050,-0.25
VES092,DNpe053,-1.0
VES092,FB1C,-0.875
VES092,FB2C,-0.1
VES092,FB2G_b,-0.16666667
VES092,FB4B,-0.25
VES092,FB4C,-1.75
VES092,FB4E_b,-0.125
VES092,FB4P_a,-0.5
VES092,FB4P_b,-0.16666667
VES092,FB4Y,-0.125
VES092,FB5A,-0.125
VES092,FB5D,-0.16666667
VES092,FB5Q,-0.25
VES092,FB5V_a,-0.75
VES092,FB5V_c,-1.7
VES092,FC2C,-0.05319149
VES092,FS3_d,-0.016129032
VES092,GNG304,-0.5
VES092,GNG587,-4.0
VES092,GNG667,-0.25
VES092,IB023,-0.5
VES092,ICL010m,-0.5
VES092,ICL012m,-4.0
VES092,LAL040,-1.5
VES092,LAL045,-1.0
VES092,LAL102,-0.5
VES092,LAL119,-2.0
VES092,LAL135,-4.5
VES092,LAL154,-20.0
VES092,LAL159,-3.5
VES092,LAL171,-0.5
VES092,LAL200,-14.5
VES092,LAL208,-0.5
VES092,MBON20,-0.25
VES092,MBON25-like,-0.25
VES092,MBON35,-0.5
VES092,OA-VUMa8,-4.0
VES092,PAL01,-1.5
VES092,PPL102,-4.5
VES092,PPL108,-10.0
VES092,PVLP016,-0.5
VES092,PVLP138,-0.5
VES092,PVLP200m_b,-0.5
VES092,PVLP203m,-0.125
VES092,SAD075,-0.375
VES092,SIP091,-2.5
VES092,SIP104m,-1.625
VES092,SIP110m_a,-1.0
VES092,SIP119m,-0.14285715
VES092,SIP122m,-2.5
VES092,SIP136m,-8.25
VES092,SIP141m,-0.5
VES092,SIP145m,-0.25
VES092,SMP052,-47.833332
VES092,SMP092,-14.0
VES092,SMP108,-1.0
VES092,SMP122,-17.5
VES092,SMP377,-0.5
VES092,SMP471,-7.5
VES092,SMP492,-73.0
VES092,SMP493,-10.5
VES092,SMP543,-116.0
VES092,SMP586,-0.5
VES092,SMP593,-12.5
VES092,SMP709m,-45.5
VES092,SMP713m,-0.25
VES092,SMP714m,-2.0
VES092,SMP715m,-1.25
VES092,VES020,-0.16666667
VES092,VES053,-13.5
VES092,VES087,-1.5
VES092,VES092,-2.25
VES092,VES096,-0.5
VES092,VES097,-2.0
VES092,VES101,-1.0
VES092,VES109,-0.5
VES092,VES203m,-0.5
VES092,aIPg1,-1.0
VES092,pC1x_b,-1.5
VES092,pIP10,-6.5
VES095,ANXXX380,-1.5
VES095,AVLP477,-0.25
VES095,CB3394,-0.5
VES095,CL248,-0.25
VES095,CL310,-2.0
VES095,CL366,-1.0
VES095,DNa14,-3.0
VES095,DNd05,-27.0
VES095,DNde002,-12.0
VES095,DNp36,-48.0
VES095,DNp52,-0.5
VES095,GNG667,-0.25
VES095,LAL102,-0.5
VES095,LAL162,-5.0
VES095,MBON20,-1.75
VES095,SAD075,-0.625
VES095,SIP091,-1.0
VES095,SIP119m,-0.35714287
VES095,SMP052,-1.1666666
VES095,SMP543,-5.5
VES095,SMP593,-0.5
VES095,SMP709m,-0.5
VES095,SMP713m,-3.75
VES095,SMP714m,-0.5
VES095,VES020,-0.5
VES095,VES053,-7.5
VES095,VES087,-1.0
VES095,VES092,-1.0
VES095,VES095,-0.25
VES095,VES109,-4.0
VES095,VES204m,-0.5
VES095,aSP22,-1.5
VES096,CB3394,-1.0
VES096,CL248,-1.0
VES096,CL310,-1.0
VES096,DNd05,-17.0
VES096,DNp36,-3.0
VES096,GNG304,-0.5
VES096,GNG667,-0.5
VES096,OA-VUMa8,-1.0
VES096,SMP493,-1.0
VES096,SMP543,-1.0
VES096,SMP586,-1.0
VES096,SMP713m,-0.5
VES096,VES053,-36.0
VES096,VES087,-5.0
VES096,VES092,-4.0
VES096,VES095,-0.5
VES096,VES097,-1.0
VES096,VES109,-19.0
VES096,aSP22,-2.0
VES097,AVLP710m,-1.0
VES097,CL248,-29.0
VES097,CL310,-2.0
VES097,CRE100,-6.0
VES097,DNd05,-6.0
VES097,DNde002,-2.0
VES097,DNp36,-5.0
VES097,DNp46,-1.0
VES097,GNG011,-1.0
VES097,GNG667,-2.5
VES097,MBON20,-0.5
VES097,OA-AL2i1,-0.5
VES097,SIP119m,-0.42857143
VES097,SIP136m,-0.5
VES097,SMP471,-1.0
VES097,SMP543,-5.0
VES097,SMP593,-1.0
VES097,VES024_a,-2.0
VES097,VES053,-60.0
VES097,VES087,-6.0
VES097,VES092,-21.0
VES097,VES095,-0.5
VES097,VES096,-1.0
VES097,VES109,-6.0
VES097,pC1_14a,-1.0
VES101,AVLP562,-1.5
VES101,CB3019,-1.0
VES101,CL111,-7.0
VES101,CL199,-0.5
VES101,CL248,-2.0
VES101,CL310,-1.0
VES101,DNa14,-1.0
VES101,DNd05,-27.0
VES101,DNp101,-3.0
VES101,DNp23,-2.0
VES101,DNp46,-1.0
VES101,DNpe025,-1.0
VES101,DNpe050,-0.5
VES101,GNG667,-0.5
VES101,SIP091,-2.0
VES101,SMP492,-1.0
VES101,SMP709m,-1.0
VES101,VES053,-38.0
VES109,AOTU042,-8.0
VES109,CB3394,-2.0
VES109,CL248,-0.5
VES109,CRE012,-1.5
VES109,ExR4,-0.5
VES109,ExR6,-2.0
VES109,FB1C,-0.75
VES109,FB2K,-0.11111111
VES109,FB4E_a,-0.4
VES109,FB4E_b,-0.25
VES109,FB4O,-0.5
VES109,FB4P_c,-6.0
VES109,FB4R,-0.5
VES109,FB4Y,-0.25
VES109,FB5V_a,-0.8333333
VES109,FB5V_c,-1.4
VES109,GNG667,-1.5
VES109,LAL008,-4.5
VES109,LAL101,-10.0
VES109,LAL159,-4.0
VES109,LAL162,-2.0
VES109,LNO1,-1.25
VES109,MBON34,-0.5
VES109,OA-VPM3,-0.5
VES109,SIP133m,-1.0
VES109,SMP052,-0.6666667
VES202m,AOTU019,-11.0
VES202m,AVLP710m,-4.0
VES202m,AVLP734m,-0.2
VES202m,AVLP760m,-0.5
VES202m,CB0244,-1.0
VES202m,CL248,-1.5
VES202m,CL311,-12.0
VES202m,CL326,-1.0
VES202m,CL344_a,-0.5
VES202m,CRE011,-2.0
VES202m,CRE021,-8.0
VES202m,DNa01,-8.0
VES202m,DNae001,-9.0
VES202m,DNde002,-1.0
VES202m,DNp36,-7.0
VES202m,DNpe025,-9.0
VES202m,ICL003m,-1.0
VES202m,ICL013m_b,-1.0
VES202m,LAL029_b,-2.0
VES202m,PVLP016,-20.0
VES202m,SCL001m,-1.3333334
VES202m,SIP104m,-0.25
VES202m,SIP133m,-6.5
VES202m,SIP136m,-20.5
VES202m,SIP141m,-1.0
VES202m,SIP143m,-2.0
VES202m,VES203m,-1.0
VES202m,aSP22,-32.0
VES202m,pC1_13b,-1.0
VES202m,pIP10,-1.0
VES203m,AVLP704m,1.0
VES203m,AVLP714m,1.0
VES203m,CL311,1.0
VES203m,CRE011,1.0
VES203m,CRE021,1.5
VES203m,DNa01,3.0
VES203m,DNae001,23.0
VES203m,DNg101,5.0
VES203m,DNp67,7.0
VES203m,ICL008m,0.5
VES203m,ICL010m,5.0
VES203m,LAL154,19.0
VES203m,LAL200,2.0
VES203m,PVLP016,9.0
VES203m,PVLP093,1.0
VES203m,PVLP203m,0.75
VES203m,SIP091,5.0
VES203m,SIP104m,1.25
VES203m,SIP119m,0.14285715
VES203m,SMP593,1.0
VES203m,VES020,0.33333334
VES203m,VES092,7.5
VES203m,VES097,3.0
VES203m,VES204m,7.0
VES203m,aIPg1,2.0
VES203m,aSP22,1.0
VES203m,pIP10,24.0
VES204m,AN00A006,1.0
VES204m,AVLP710m,6.0
VES204m,CL062_b1,0.5
VES204m,CL310,2.0
VES204m,CL311,3.0
VES204m,CL326,2.0
VES204m,CL335,1.0
VES204m,CL344_a,1.5
VES204m,CRE021,3.5
VES204m,DNa01,8.0
VES204m,DNae001,1.0
VES204m,DNd05,1.0
VES204m,DNg101,19.0
VES204m,DNp46,1.0
VES204m,DNp60,3.0
VES204m,DNp62,0.5
VES204m,DNp67,7.0
VES204m,GNG011,1.0
VES204m,GNG667,0.5
VES204m,ICL008m,0.5
VES204m,ICL010m,4.0
VES204m,LAL154,23.0
VES204m,PVLP016,4.0
VES204m,PVLP203m,2.75
VES204m,SIP091,2.0
VES204m,SIP119m,0.14285715
VES204m,SIP133m,0.5
VES204m,SIP143m,4.0
VES204m,SMP593,1.0
VES204m,VES020,1.3333334
VES204m,VES053,2.0
VES204m,VES087,2.0
VES204m,VES092,3.0
VES204m,VES095,0.5
VES204m,VES097,1.0
VES204m,VES101,1.0
VES204m,VES203m,5.0
VES204m,aIPg1,2.0
VES204m,pIP10,20.0
VM3_adPN,DNc01,0.5
VM3_adPN,IB005,1.0
WED014,AVLP095,-1.0
WED014,AVLP096,-1.0
WED014,AVLP710m,-17.0
WED014,AVLP737m,-1.0
WED014,AVLP738m,-1.0
WED014,AVLP760m,-0.5
WED014,CL248,-1.5
WED014,CL310,-10.0
WED014,CL344_a,-1.5
WED014,DNa01,-1.0
WED014,DNp36,-13.0
WED014,DNp60,-4.0
WED014,DNpe050,-13.5
WED014,GNG667,-1.0
WED014,ICL003m,-5.0
WED014,ICL013m_b,-17.0
WED014,OA-AL2i1,-0.5
WED014,PVLP016,-2.0
WED014,SIP091,-1.0
WED014,SIP104m,-0.5
WED014,SIP133m,-16.0
WED014,SIP136m,-1.0
WED014,SIP141m,-20.0
WED014,SIP143m,-11.0
WED014,SMP543,-3.0
WED014,VES022,-11.0
WED014,VES024_a,-19.0
WED014,VES202m,-2.0
WED014,aSP22,-5.0
WED014,pC1_14a,-10.0
WED014,pIP10,-10.0
WED076,ATL018,-1.0
WED076,ATL021,-35.0
WED076,ATL028,-46.0
WED076,ATL032,-25.0
WED076,ATL035,-36.0
WED076,ATL036,-20.0
WED076,ATL042,-1.0
WED076,ExR3,-8.5
WED076,FB2I_a,-0.2
WED076,FB4M,-0.5
WED076,IB005,-50.0
WED076,LAL200,-58.0
WED076,LHPV6f1,-10.0
WED076,PLP124,-0.5
WED076,PLP262,-3.0
WED076,SMP018,-2.0
WED076,SpsP,-1.25
WED210,AN07B004,1.0
WED210,ATL021,2.0
WED210,ATL028,1.0
WED210,ATL032,2.0
WED210,ATL042,21.0
WED210,ExR3,0.5
WED210,FB4L,1.25
WED210,FB4M,3.5
WED210,IbSpsP,0.22580644
WED210,LAL200,4.0
WED210,OA-AL2i1,5.5
WED210,OA-VPM4,13.0
WED210,OA-VUMa8,2.0
WED210,PLP124,0.5
WED210,PVLP093,1.0
WED210,SMP185,2.0
WED210,SMP597,2.0
WED210,WED076,59.0
aIPg1,AOTU019,4.0
aIPg1,AOTU100m,3.0
aIPg1,AVLP462,1.0
aIPg1,AVLP562,0.5
aIPg1,AVLP714m,2.0
aIPg1,AVLP734m,0.4
aIPg1,AVLP751m,2.0
aIPg1,AVLP760m,1.0
aIPg1,CL248,0.5
aIPg1,CL311,2.0
aIPg1,CRE004,5.0
aIPg1,CRE012,7.5
aIPg1,CRE021,7.5
aIPg1,DNde002,1.0
aIPg1,DNg101,1.0
aIPg1,DNp64,4.0
aIPg1,DNp67,1.0
aIPg1,FB1C,10.25
aIPg1,FB1H,0.5
aIPg1,FB2B_a,0.25
aIPg1,FB2G_b,0.16666667
aIPg1,FB4H,2.0
aIPg1,FB4M,0.25
aIPg1,FB4N,0.5
aIPg1,FB4Y,1.0
aIPg1,FB5A,2.25
aIPg1,GNG667,0.5
aIPg1,ICL002m,1.0
aIPg1,ICL003m,3.0
aIPg1,ICL008m,0.5
aIPg1,ICL010m,1.0
aIPg1,ICL013m_b,2.0
aIPg1,LAL029_b,2.0
aIPg1,MBON35,1.0
aIPg1,OA-VUMa8,2.0
aIPg1,PPL102,7.0
aIPg1,PVLP016,60.0
aIPg1,PVLP093,1.0
aIPg1,PVLP130,1.0
aIPg1,PVLP138,1.0
aIPg1,PVLP200m_b,1.0
aIPg1,SIP104m,0.25
aIPg1,SIP119m,0.42857143
aIPg1,SIP124m,0.6666667
aIPg1,SIP136m,1.0
aIPg1,SIP146m,0.33333334
aIPg1,SMP108,2.0
aIPg1,SMP109,5.0
aIPg1,SMP543,2.0
aIPg1,SMP593,2.0
aIPg1,VES022,3.0
aIPg1,VES202m,1.0
aIPg1,VES204m,1.0
aIPg1,aSP10A_a,1.0
aIPg1,pC1_7a,0.5
aSP10A_a,AN05B103,2.0
aSP10A_a,AVLP096,1.0
aSP10A_a,AVLP192_b,0.5
aSP10A_a,AVLP476,1.0
aSP10A_a,AVLP700m,23.0
aSP10A_a,AVLP704m,17.0
aSP10A_a,AVLP709m,0.5
aSP10A_a,AVLP710m,41.0
aSP10A_a,AVLP716m,78.0
aSP10A_a,AVLP727m,3.0
aSP10A_a,AVLP728m,1.6666666
aSP10A_a,AVLP729m,5.0
aSP10A_a,AVLP734m,0.6
aSP10A_a,AVLP738m,1.0
aSP10A_a,AVLP751m,25.0
aSP10A_a,AVLP760m,3.0
aSP10A_a,CL062_a1,8.5
aSP10A_a,CL062_a2,11.5
aSP10A_a,CL062_b1,4.0
aSP10A_a,CL062_b2,1.0
aSP10A_a,CL208,1.0
aSP10A_a,CL248,15.0
aSP10A_a,CL311,1.0
aSP10A_a,CL326,11.0
aSP10A_a,CL344_a,3.0
aSP10A_a,CRE021,93.5
aSP10A_a,CRE065,2.0
aSP10A_a,DNa01,1.0
aSP10A_a,DNa14,6.0
aSP10A_a,DNp36,2.0
aSP10A_a,DNp46,10.0
aSP10A_a,DNp60,1.0
aSP10A_a,DNp62,3.0
aSP10A_a,DNpe050,20.0
aSP10A_a,ICL003m,19.0
aSP10A_a,ICL008m,7.0
aSP10A_a,ICL012m,35.0
aSP10A_a,ICL013m_b,7.0
aSP10A_a,OA-VUMa8,7.0
aSP10A_a,PAL01,1.0
aSP10A_a,PVLP016,29.0
aSP10A_a,PVLP200m_b,7.0
aSP10A_a,PVLP203m,0.25
aSP10A_a,SCL001m,1.6666666
aSP10A_a,SIP091,22.0
aSP10A_a,SIP133m,4.0
aSP10A_a,SIP146m,1.6666666
aSP10A_a,SMP028,1.0
aSP10A_a,SMP543,9.0
aSP10A_a,SMP723m,1.0
aSP10A_a,aSP10A_b,1.5
aSP10A_a,aSP22,1.0
aSP10A_a,pIP10,1.0
aSP10A_b,AN05B103,0.5
aSP10A_b,AN08B032,0.5
aSP10A_b,AVLP256,1.0
aSP10A_b,AVLP476,0.5
aSP10A_b,AVLP488,0.5
aSP10A_b,AVLP700m,2.5
aSP10A_b,AVLP704m,1.0
aSP10A_b,AVLP710m,4.0
aSP10A_b,AVLP714m,0.5
aSP10A_b,AVLP716m,71.0
aSP10A_b,AVLP727m,0.75
aSP10A_b,AVLP728m,1.3333334
aSP10A_b,AVLP729m,3.0
aSP10A_b,AVLP730m,0.5
aSP10A_b,AVLP731m,1.5
aSP10A_b,AVLP734m,3.5
aSP10A_b,AVLP737m,5.5
aSP10A_b,AVLP738m,3.5
aSP10A_b,AVLP751m,14.5
aSP10A_b,AVLP760m,7.25
aSP10A_b,CB1301,0.5
aSP10A_b,CB3302,0.33333334
aSP10A_b,CL062_a1,1.75
aSP10A_b,CL062_a2,0.75
aSP10A_b,CL062_b1,0.75
aSP10A_b,CL062_b3,3.0
aSP10A_b,CL208,1.5
aSP10A_b,CL248,5.75
aSP10A_b,CL311,0.5
aSP10A_b,CL326,7.0
aSP10A_b,CL335,0.5
aSP10A_b,CL344_a,1.5
aSP10A_b,CL366,0.5
aSP10A_b,CRE021,30.5
aSP10A_b,CRE065,0.5
aSP10A_b,DNa01,14.5
aSP10A_b,DNa14,0.5
aSP10A_b,DNg101,4.5
aSP10A_b,DNp36,11.0
aSP10A_b,DNp46,3.5
aSP10A_b,DNp60,1.5
aSP10A_b,DNp62,2.25
aSP10A_b,DNp67,4.5
aSP10A_b,DNpe025,6.5
aSP10A_b,DNpe050,22.5
aSP10A_b,ICL002m,0.5
aSP10A_b,ICL003m,12.5
aSP10A_b,ICL008m,1.5
aSP10A_b,ICL010m,0.5
aSP10A_b,ICL012m,9.0
aSP10A_b,ICL013m_b,1.5
aSP10A_b,OA-VUMa8,7.5
aSP10A_b,PVLP016,8.5
aSP10A_b,PVLP200m_b,11.0
aSP10A_b,PVLP203m,0.125
aSP10A_b,SCL001m,0.33333334
aSP10A_b,SIP091,10.0
aSP10A_b,SIP133m,4.75
aSP10A_b,SIP136m,0.25
aSP10A_b,SIP141m,1.5
aSP10A_b,SIP143m,1.0
aSP10A_b,SIP145m,0.25
aSP10A_b,SIP146m,1.1666666
aSP10A_b,SMP028,0.5
aSP10A_b,SMP714m,0.5
aSP10A_b,VES092,0.25
aSP10A_b,aSP10A_a,3.0
aSP10A_b,aSP10A_b,1.25
aSP10A_b,aSP10B,0.5
aSP10A_b,aSP22,17.5
aSP10A_b,pC1_6a,0.5
aSP10A_b,pIP10,3.5
aSP10B,AVLP095,1.0
aSP10B,AVLP210,2.0
aSP10B,AVLP476,7.0
aSP10B,AVLP477,11.5
aSP10B,AVLP728m,1.3333334
aSP10B,AVLP734m,1.6
aSP10B,AVLP751m,6.0
aSP10B,AVLP760m,1.5
aSP10B,CB1017,3.0
aSP10B,CB3019,1.0
aSP10B,CL062_b3,1.0
aSP10B,CL122_a,0.5
aSP10B,CL208,0.33333334
aSP10B,CL248,2.0
aSP10B,CL326,1.0
aSP10B,CL366,1.0
aSP10B,CRE021,0.5
aSP10B,DNa01,1.0
aSP10B,DNp62,0.5
aSP10B,DNp64,6.0
aSP10B,DNp67,2.0
aSP10B,DNpe050,4.5
aSP10B,ICL008m,0.5
aSP10B,PVLP016,3.0
aSP10B,SIP104m,0.25
aSP10B,SMP593,7.0
aSP10B,aSP10A_a,1.0
aSP10B,aSP10A_b,0.5
aSP22,AN07B004,3.0
aSP22,AOTU019,2.0
aSP22,AOTU100m,1.0
aSP22,AVLP210,2.0
aSP22,AVLP700m,1.0
aSP22,AVLP710m,1.0
aSP22,CL208,0.33333334
aSP22,CL311,2.0
aSP22,CL366,1.0
aSP22,DNa01,3.0
aSP22,DNae001,2.0
aSP22,DNde002,1.0
aSP22,DNg101,1.0
aSP22,DNp36,37.0
aSP22,DNp60,1.0
aSP22,DNp67,1.0
aSP22,DNpe025,4.0
aSP22,GNG011,9.0
aSP22,GNG304,1.0
aSP22,ICL003m,1.0
aSP22,ICL010m,2.0
aSP22,ICL013m_b,12.0
aSP22,LNO1,0.25
aSP22,OA-AL2i1,0.5
aSP22,PVLP016,7.0
aSP22,PVLP203m,0.25
aSP22,SIP119m,0.14285715
aSP22,SIP133m,0.5
aSP22,SIP136m,1.5
aSP22,SIP141m,1.0
aSP22,SIP143m,1.0
aSP22,VES087,1.0
aSP22,VES202m,4.0
aSP22,pC1_7a,0.5
aSP22,pIP10,3.0
hDeltaA,EPG,0.010869565
hDeltaA,EPGt,0.020833334
hDeltaA,ExR3,0.041666668
hDeltaA,ExR5,0.35416666
hDeltaA,FB1H,1.125
hDeltaA,FB2A,0.020833334
hDeltaA,FB2K,0.027777778
hDeltaA,FB2M_b,0.041666668
hDeltaA,FB3A,0.125
hDeltaA,FB3C,0.012820513
hDeltaA,FB3D,0.16666667
hDeltaA,FB4A_a,0.43055555
hDeltaA,FB4A_b,0.5833333
hDeltaA,FB4B,0.041666668
hDeltaA,FB4C,0.041666668
hDeltaA,FB4D_a,3.75
hDeltaA,FB4D_b,3.8333333
hDeltaA,FB4D_c,3.3333333
hDeltaA,FB4E_a,0.36666667
hDeltaA,FB4E_b,0.5208333
hDeltaA,FB4E_c,0.25
hDeltaA,FB4F_a,2.0625
hDeltaA,FB4F_b,3.75
hDeltaA,FB4F_c,1.9166666
hDeltaA,FB4G,0.75
hDeltaA,FB4H,0.7083333
hDeltaA,FB4I,2.2083333
hDeltaA,FB4J,4.4583335
hDeltaA,FB4K,5.3541665
hDeltaA,FB4L,0.14583333
hDeltaA,FB4M,1.1458334
hDeltaA,FB4N,0.5
hDeltaA,FB4O,0.8194444
hDeltaA,FB4P_a,1.2708334
hDeltaA,FB4P_b,6.3055553
hDeltaA,FB4P_c,2.7083333
hDeltaA,FB4Q_a,5.6666665
hDeltaA,FB4Q_b,0.29166666
hDeltaA,FB4Q_c,0.9722222
hDeltaA,FB4R,0.1388889
hDeltaA,FB4X,0.7083333
hDeltaA,FB4Y,1.7708334
hDeltaA,FB4Z_a,28.041666
hDeltaA,FB4Z_b,11.972222
hDeltaA,FB4Z_c,32.166668
hDeltaA,FB5A,0.20833333
hDeltaA,FB5C,0.1388889
hDeltaA,FB5D,0.7222222
hDeltaA,FB5E,1.25
hDeltaA,FB5F,0.20833333
hDeltaA,FB5G_c,0.041666668
hDeltaA,FB5H,0.041666668
hDeltaA,FB5J,0.33333334
hDeltaA,FB5K,0.083333336
hDeltaA,FB5L,0.041666668
hDeltaA,FB5M,1.375
hDeltaA,FB5N,0.16666667
hDeltaA,FB5O,0.041666668
hDeltaA,FB5P,0.104166664
hDeltaA,FB5R,3.1458333
hDeltaA,FB5S,0.055555556
hDeltaA,FB5T,0.125
hDeltaA,FB5U,2.5
hDeltaA,FB5V_a,0.3611111
hDeltaA,FB5V_b,0.2638889
hDeltaA,FB5V_c,0.18333334
hDeltaA,FB5W_a,0.44444445
hDeltaA,FB5W_b,0.22222222
hDeltaA,FB5X,0.25
hDeltaA,FB5Y_a,0.125
hDeltaA,FB6K,0.0625
hDeltaA,FB6N,0.041666668
hDeltaA,FB6P,0.125
hDeltaA,FB6V,0.041666668
hDeltaA,FC,0.3888889
hDeltaA,FC1A,0.004901961
hDeltaA,FC1B,0.011363637
hDeltaA,FC1C_a,0.11111111
hDeltaA,FC1C_b,0.029411765
hDeltaA,FC1D,0.01
hDeltaA,FC1E,0.003787879
hDeltaA,FC1F,0.011111111
hDeltaA,FC2A,0.4351852
hDeltaA,FC2B,0.10185185
hDeltaA,FC2C,0.014184397
hDeltaA,FC3_a,0.05882353
hDeltaA,FC3_b,0.1125
hDeltaA,FC3_c,0.011111111
hDeltaA,FR1,0.16666667
hDeltaA,FR2,0.09259259
hDeltaA,FS1A_a,0.41145834
hDeltaA,FS1A_b,0.33333334
hDeltaA,FS1A_c,1.3981482
hDeltaA,FS1B_a,1.1538461
hDeltaA,FS1B_b,0.33854166
hDeltaA,FS2,0.6845238
hDeltaA,FS3_c,0.029761905
hDeltaA,FS3_d,0.008064516
hDeltaA,FS4A,0.010233918
hDeltaA,FS4B,0.00862069
hDeltaA,FS4C,0.011904762
hDeltaA,OA-VPM3,1.2916666
hDeltaA,PFGs,0.2037037
hDeltaA,PFL1,0.065476194
hDeltaA,PFL2,10.048611
hDeltaA,PFL3,13.475695
hDeltaA,PFNd,0.03125
hDeltaA,PFR_a,6.532738
hDeltaA,PFR_b,5.3854165
hDeltaA,SMP493,0.083333336
hDeltaA,hDeltaA,1.9722222
hDeltaA,hDeltaB,0.24561404
hDeltaA,hDeltaC,0.05
hDeltaA,hDeltaG,0.020833334
hDeltaA,hDeltaH,0.42708334
hDeltaA,hDeltaI,6.8039217
hDeltaA,hDeltaJ,0.58064514
hDeltaA,hDeltaK,0.15322581
hDeltaA,hDeltaM,0.6458333
hDeltaA,vDeltaE,0.032407407
hDeltaA,vDeltaF,0.1574074
hDeltaA,vDeltaG,0.083333336
hDeltaA,vDeltaH,0.14814815
hDeltaA,vDeltaI_a,0.16176471
hDeltaA,vDeltaI_b,0.24166666
hDeltaA,vDeltaJ,0.31060606
hDeltaA,vDeltaK,0.3617021
hDeltaA,vDeltaL,0.22747748
hDeltaA,vDeltaM,0.060606062
hDeltaB,AN27X013,0.01754386
hDeltaB,DNc01,0.02631579
hDeltaB,EL,0.5643275
hDeltaB,EPG,0.037757438
hDeltaB,EPGt,0.13157895
hDeltaB,ExR3,0.05263158
hDeltaB,ExR5,0.065789476
hDeltaB,FB1A,0.078947365
hDeltaB,FB1G,0.02631579
hDeltaB,FB1H,6.3421054
hDeltaB,FB2A,0.013157895
hDeltaB,FB2C,0.031578947
hDeltaB,FB2D,0.28947368
hDeltaB,FB2F_c,0.013157895
hDeltaB,FB2K,0.01754386
hDeltaB,FB2L,0.065789476
hDeltaB,FB3A,10.236842
hDeltaB,FB3C,1.4251012
hDeltaB,FB3D,0.21052632
hDeltaB,FB3E,0.42105263
hDeltaB,FB4A_a,0.0877193
hDeltaB,FB4A_b,0.078947365
hDeltaB,FB4B,74.60526
hDeltaB,FB4C,47.526318
hDeltaB,FB4D_a,15.684211
hDeltaB,FB4D_b,16.131578
hDeltaB,FB4D_c,14.026316
hDeltaB,FB4E_a,0.14736842
hDeltaB,FB4E_b,0.13157895
hDeltaB,FB4E_c,0.2631579
hDeltaB,FB4F_a,4.144737
hDeltaB,FB4F_b,8.921053
hDeltaB,FB4F_c,2.0964913
hDeltaB,FB4G,30.842106
hDeltaB,FB4H,0.05263158
hDeltaB,FB4I,5.5789475
hDeltaB,FB4J,12.157895
hDeltaB,FB4K,5.486842
hDeltaB,FB4L,4.236842
hDeltaB,FB4M,9.723684
hDeltaB,FB4N,61.342106
hDeltaB,FB4O,0.078947365
hDeltaB,FB4P_a,0.5
hDeltaB,FB4P_b,0.10526316
hDeltaB,FB4P_c,0.21052632
hDeltaB,FB4Q_a,0.02631579
hDeltaB,FB4Q_b,0.02631579
hDeltaB,FB4Q_c,0.15789473
hDeltaB,FB4R,0.49122807
hDeltaB,FB4Y,0.2236842
hDeltaB,FB4Z_a,0.013157895
hDeltaB,FB4Z_c,0.05263158
hDeltaB,FB5AA,0.39473686
hDeltaB,FB5C,0.15789473
hDeltaB,FB5D,0.15789473
hDeltaB,FB5E,0.078947365
hDeltaB,FB5F,0.05263158
hDeltaB,FB5I,0.05263158
hDeltaB,FB5J,0.05263158
hDeltaB,FB5P,0.7368421
hDeltaB,FB5R,0.078947365
hDeltaB,FB5S,0.07017544
hDeltaB,FB5T,0.57894737
hDeltaB,FB5U,0.10526316
hDeltaB,FB5V_a,0.078947365
hDeltaB,FB5V_b,0.04385965
hDeltaB,FB5V_c,0.010526316
hDeltaB,FB5Z,0.82894737
hDeltaB,FB6K,0.013157895
hDeltaB,FB6V,0.02631579
hDeltaB,FB6W,0.05263158
hDeltaB,FB6X,0.2631579
hDeltaB,FC,0.0877193
hDeltaB,FC1A,0.024767801
hDeltaB,FC1B,0.023923445
hDeltaB,FC1C_a,0.01754386
hDeltaB,FC1C_b,0.009287925
hDeltaB,FC1D,0.012631579
hDeltaB,FC1E,0.016746411
hDeltaB,FC1F,0.007017544
hDeltaB,FC2A,0.06140351
hDeltaB,FC2B,0.10136452
hDeltaB,FC2C,0.08174692
hDeltaB,FC3_a,0.027863776
hDeltaB,FC3_b,0.034210525
hDeltaB,FC3_c,0.094736844
hDeltaB,FR1,9.263158
hDeltaB,FR2,0.029239766
hDeltaB,FS1A_a,0.04276316
hDeltaB,FS1A_b,0.036437247
hDeltaB,FS1A_c,0.020467836
hDeltaB,FS1B_a,0.024291499
hDeltaB,FS1B_b,0.019736841
hDeltaB,FS2,1.7706767
hDeltaB,FS3,0.21052632
hDeltaB,FS3_a,0.7403509
hDeltaB,FS3_b,0.2932331
hDeltaB,FS3_c,0.69548875
hDeltaB,FS3_d,0.3293718
hDeltaB,FS4A,0.7839335
hDeltaB,FS4B,0.030852994
hDeltaB,FS4C,0.02255639
hDeltaB,OA-VPM3,1.8684211
hDeltaB,PEG,0.21929824
hDeltaB,PEN_a(PEN1),0.002631579
hDeltaB,PEN_b(PEN2),0.016746411
hDeltaB,PFGs,9.137427
hDeltaB,PFL1,0.7330827
hDeltaB,PFL2,0.06140351
hDeltaB,PFL3,0.07017544
hDeltaB,PFNa,0.001814882
hDeltaB,PFNd,0.5618421
hDeltaB,PFNm_b,0.0020242915
hDeltaB,PFNp_a,0.0016447369
hDeltaB,PFNp_c,0.0013157895
hDeltaB,PFNp_d,0.2556391
hDeltaB,PFNv,0.010526316
hDeltaB,PFR_a,12.62594
hDeltaB,PFR_b,19.036184
hDeltaB,hDeltaA,9.719298
hDeltaB,hDeltaB,2.4432132
hDeltaB,hDeltaC,0.78157896
hDeltaB,hDeltaD,0.032894738
hDeltaB,hDeltaF,0.039473683
hDeltaB,hDeltaG,4.8421054
hDeltaB,hDeltaH,6.644737
hDeltaB,hDeltaI,11.068111
hDeltaB,hDeltaJ,7.1850595
hDeltaB,hDeltaK,7.9320884
hDeltaB,hDeltaL,1.7033492
hDeltaB,hDeltaM,1.7171053
hDeltaB,vDeltaA_a,0.004511278
hDeltaB,vDeltaA_b,0.0050933785
hDeltaB,vDeltaB,0.0067911716
hDeltaB,vDeltaC,0.01754386
hDeltaB,vDeltaD,0.065162905
hDeltaB,vDeltaE,0.16666667
hDeltaB,vDeltaF,0.064327486
hDeltaB,vDeltaG,0.00877193
hDeltaB,vDeltaI_a,0.06811146
hDeltaB,vDeltaI_b,0.110526316
hDeltaB,vDeltaJ,0.023923445
hDeltaB,vDeltaK,0.27547592
hDeltaB,vDeltaL,2.978663
hDeltaB,vDeltaM,3.8363636
hDeltaC,EL,0.0055555557
hDeltaC,ExR1,0.2125
hDeltaC,ExR3,0.275
hDeltaC,FB1I,0.15
hDeltaC,FB4A_a,0.016666668
hDeltaC,FB4A_b,0.35
hDeltaC,FB4P_a,0.025
hDeltaC,FB4X,0.4
hDeltaC,FB4Y,0.1125
hDeltaC,FB5A,0.65
hDeltaC,FB5AA,9.25
hDeltaC,FB5AB,5.6
hDeltaC,FB5B,2.375
hDeltaC,FB5C,3.9666667
hDeltaC,FB5D,0.36666667
hDeltaC,FB5E,0.075
hDeltaC,FB5G_a,0.225
hDeltaC,FB5G_c,0.25
hDeltaC,FB5H,0.1
hDeltaC,FB5I,42.15
hDeltaC,FB5J,9.1
hDeltaC,FB5K,0.025
hDeltaC,FB5L,0.5
hDeltaC,FB5M,0.075
hDeltaC,FB5N,2.75
hDeltaC,FB5O,0.45
hDeltaC,FB5Q,0.1
hDeltaC,FB5R,0.175
hDeltaC,FB5S,1.15
hDeltaC,FB5U,0.25
hDeltaC,FB5W_a,0.008333334
hDeltaC,FB5Y_a,7.2
hDeltaC,FB5Y_b,5.2
hDeltaC,FB5Z,0.25
hDeltaC,FB6A_a,2.2
hDeltaC,FB6A_b,5.65
hDeltaC,FB6A_c,3.875
hDeltaC,FB6B,1.625
hDeltaC,FB6C_a,0.55
hDeltaC,FB6C_b,1.4916667
hDeltaC,FB6D,2.175
hDeltaC,FB6E,24.85
hDeltaC,FB6F,0.875
hDeltaC,FB6G,11.125
hDeltaC,FB6H,6.25
hDeltaC,FB6I,2.65
hDeltaC,FB6J,1.35
hDeltaC,FB6K,1.625
hDeltaC,FB6L,0.18333334
hDeltaC,FB6M,0.35
hDeltaC,FB6N,0.9
hDeltaC,FB6O,1.25
hDeltaC,FB6P,12.6
hDeltaC,FB6Q,0.925
hDeltaC,FB6R,1.1375
hDeltaC,FB6S,0.01875
hDeltaC,FB6T,0.2
hDeltaC,FB6U,2.8875
hDeltaC,FB6V,9.275
hDeltaC,FB6W,1.8
hDeltaC,FB6X,0.4
hDeltaC,FB6Y,0.175
hDeltaC,FB6Z,0.425
hDeltaC,FB7A,0.125
hDeltaC,FB7C,0.05
hDeltaC,FB7D_a,0.3125
hDeltaC,FB7D_b,0.2
hDeltaC,FB7E,0.09166667
hDeltaC,FB7G,0.1875
hDeltaC,FB7H,0.5
hDeltaC,FB7I,0.91
hDeltaC,FB7J,0.125
hDeltaC,FB7L,0.21666667
hDeltaC,FB8F_a,0.007142857
hDeltaC,FB8G,0.008333334
hDeltaC,FC,0.016666668
hDeltaC,FC1C_a,0.008333334
hDeltaC,FC2A,0.125
hDeltaC,FC2B,4.4703703
hDeltaC,FC2C,1.0425532
hDeltaC,FC3_a,0.097058825
hDeltaC,FC3_b,0.0375
hDeltaC,FC3_c,0.086666666
hDeltaC,FR1,0.011111111
hDeltaC,FS1A_a,0.5125
hDeltaC,FS1A_b,0.26153848
hDeltaC,FS1A_c,0.06111111
hDeltaC,FS1B_a,0.026923077
hDeltaC,FS1B_b,0.0375
hDeltaC,FS2,0.12857144
hDeltaC,FS3,0.025
hDeltaC,FS3_a,0.15333334
hDeltaC,FS3_b,0.14642857
hDeltaC,FS3_c,0.25357142
hDeltaC,FS3_d,0.045161292
hDeltaC,FS4A,0.005263158
hDeltaC,FS4B,0.0034482758
hDeltaC,FS4C,0.014285714
hDeltaC,IbSpsP,0.006451613
hDeltaC,OA-VPM3,1.075
hDeltaC,PEN_a(PEN1),0.015
hDeltaC,PEN_b(PEN2),0.009090909
hDeltaC,PFGs,0.5972222
hDeltaC,PFL1,0.007142857
hDeltaC,PFL2,0.0875
hDeltaC,PFL3,0.047916666
hDeltaC,PFNa,0.0017241379
hDeltaC,PFNd,0.00625
hDeltaC,PFNp_a,0.0015625
hDeltaC,PFNp_b,0.00073529413
hDeltaC,PFNp_d,0.0017857143
hDeltaC,PFR_a,0.3267857
hDeltaC,PFR_b,0.021875
hDeltaC,hDeltaA,0.008333334
hDeltaC,hDeltaB,0.015789473
hDeltaC,hDeltaC,0.8875
hDeltaC,hDeltaD,0.03125
hDeltaC,hDeltaE,0.03125
hDeltaC,hDeltaF,9.8625
hDeltaC,hDeltaG,0.83125
hDeltaC,hDeltaH,0.15
hDeltaC,hDeltaI,0.014705882
hDeltaC,hDeltaJ,0.22580644
hDeltaC,hDeltaK,0.13548388
hDeltaC,hDeltaL,0.6909091
hDeltaC,hDeltaM,0.3375
hDeltaC,vDeltaA_a,0.0007142857
hDeltaC,vDeltaB,0.12741935
hDeltaC,vDeltaC,1.2981482
hDeltaC,vDeltaD,3.004762
hDeltaC,vDeltaE,4.4555554
hDeltaC,vDeltaF,3.0333333
hDeltaC,vDeltaG,0.5638889
hDeltaC,vDeltaH,0.011111111
hDeltaC,vDeltaI_a,0.005882353
hDeltaC,vDeltaI_b,0.0125
hDeltaC,vDeltaJ,0.0045454544
hDeltaC,vDeltaK,0.005319149
hDeltaC,vDeltaL,0.0013513514
hDeltaC,vDeltaM,0.0009090909
hDeltaD,AOTU046,0.03125
hDeltaD,DNc01,0.25
hDeltaD,DNc02,0.3125
hDeltaD,ExR1,45.5
hDeltaD,ExR3,0.0625
hDeltaD,ExR7,0.03125
hDeltaD,FB1I,1.1875
hDeltaD,FB1J,2.6875
hDeltaD,FB5G_b,0.0625
hDeltaD,FB5S,0.055555556
hDeltaD,FB6C_a,0.125
hDeltaD,FB6F,0.1875
hDeltaD,FB6I,0.0625
hDeltaD,FB6J,0.15
hDeltaD,FB6K,2.96875
hDeltaD,FB6L,2.9166667
hDeltaD,FB6M,0.75
hDeltaD,FB6P,0.125
hDeltaD,FB6Q,0.4375
hDeltaD,FB6R,0.0625
hDeltaD,FB6S,0.203125
hDeltaD,FB6T,1.46875
hDeltaD,FB6U,0.15625
hDeltaD,FB6Y,0.25
hDeltaD,FB7A,3.2291667
hDeltaD,FB7B,3.25
hDeltaD,FB7C,1.8
hDeltaD,FB7D_a,3.59375
hDeltaD,FB7D_b,1.0625
hDeltaD,FB7E,1.0
hDeltaD,FB7F,0.28125
hDeltaD,FB7G,15.09375
hDeltaD,FB7H,0.3125
hDeltaD,FB7I,2.475
hDeltaD,FB7J,8.28125
hDeltaD,FB7K,0.5
hDeltaD,FB7L,0.6458333
hDeltaD,FB7M,8.75
hDeltaD,FB8A,1.0
hDeltaD,FB8B,25.15625
hDeltaD,FB8C,43.1875
hDeltaD,FB8D,7.3125
hDeltaD,FB8E,0.95
hDeltaD,FB8F_a,0.16071428
hDeltaD,FB8F_b,0.7916667
hDeltaD,FB8G,4.6458335
hDeltaD,FB8H,1.3541666
hDeltaD,FB8I,0.7291667
hDeltaD,FB9A,2.9166667
hDeltaD,FB9B_b,0.3125
hDeltaD,FB9B_d,0.125
hDeltaD,FB9C,1.890625
hDeltaD,FC2B,0.018518519
hDeltaD,FC2C,3.6489363
hDeltaD,FS1A_a,0.0390625
hDeltaD,FS1A_b,0.20192307
hDeltaD,FS1B_b,0.0390625
hDeltaD,FS2,0.13095239
hDeltaD,FS3,5.375
hDeltaD,FS3_a,0.2
hDeltaD,FS3_b,0.625
hDeltaD,FS3_c,0.29464287
hDeltaD,FS3_d,1.9274193
hDeltaD,FS4A,2.6907895
hDeltaD,FS4B,2.4956896
hDeltaD,FS4C,1.1294643
hDeltaD,IPC,3.25
hDeltaD,PAM09,0.0625
hDeltaD,PFGs,0.22916667
hDeltaD,PFL1,0.017857144
hDeltaD,PFNd,0.00625
hDeltaD,SAF,0.15625
hDeltaD,hDeltaC,0.0125
hDeltaD,hDeltaD,2.515625
hDeltaD,hDeltaE,4.078125
hDeltaD,hDeltaF,2.921875
hDeltaD,hDeltaG,0.015625
hDeltaD,hDeltaH,0.03125
hDeltaD,hDeltaJ,0.004032258
hDeltaD,hDeltaK,0.004032258
hDeltaD,hDeltaL,0.06818182
hDeltaD,vDeltaA_a,1.125
hDeltaD,vDeltaA_b,3.169355
hDeltaD,vDeltaB,4.403226
hDeltaD,vDeltaC,1.9861112
hDeltaD,vDeltaD,0.13095239
hDeltaE,DNc02,0.125
hDeltaE,Delta7,0.0029761905
hDeltaE,EL,0.0069444445
hDeltaE,EPG,0.0027173914
hDeltaE,ExR1,7.25
hDeltaE,ExR3,0.125
hDeltaE,FB1I,1.6875
hDeltaE,FB1J,1.5
hDeltaE,FB5AA,0.125
hDeltaE,FB5C,0.041666668
hDeltaE,FB5G_a,0.0625
hDeltaE,FB5O,0.125
hDeltaE,FB5S,0.22222222
hDeltaE,FB5Z,0.09375
hDeltaE,FB6B,1.6875
hDeltaE,FB6C_a,0.75
hDeltaE,FB6C_b,0.020833334
hDeltaE,FB6F,0.1875
hDeltaE,FB6G,0.0625
hDeltaE,FB6H,0.875
hDeltaE,FB6I,0.625
hDeltaE,FB6J,1.1
hDeltaE,FB6K,1.375
hDeltaE,FB6L,3.9583333
hDeltaE,FB6M,0.28125
hDeltaE,FB6O,0.25
hDeltaE,FB6P,0.125
hDeltaE,FB6Q,0.0625
hDeltaE,FB6R,0.03125
hDeltaE,FB6S,0.203125
hDeltaE,FB6T,0.34375
hDeltaE,FB6U,2.59375
hDeltaE,FB6V,0.25
hDeltaE,FB6W,0.25
hDeltaE,FB6X,0.0625
hDeltaE,FB6Y,1.1875
hDeltaE,FB7A,4.0416665
hDeltaE,FB7B,46.0
hDeltaE,FB7C,2.275
hDeltaE,FB7D_a,12.53125
hDeltaE,FB7D_b,6.21875
hDeltaE,FB7E,0.6666667
hDeltaE,FB7F,2.15625
hDeltaE,FB7G,12.03125
hDeltaE,FB7H,0.625
hDeltaE,FB7I,6.125
hDeltaE,FB7J,31.03125
hDeltaE,FB7K,0.25
hDeltaE,FB7L,2.375
hDeltaE,FB7M,3.5
hDeltaE,FB8A,0.125
hDeltaE,FB8B,10.0
hDeltaE,FB8C,2.1875
hDeltaE,FB8D,0.875
hDeltaE,FB8E,0.025
hDeltaE,FB8F_a,0.26785713
hDeltaE,FB8F_b,0.125
hDeltaE,FB8G,1.1875
hDeltaE,FB8H,0.1875
hDeltaE,FB8I,0.5416667
hDeltaE,FB9A,0.020833334
hDeltaE,FB9C,0.03125
hDeltaE,FC2B,0.060185187
hDeltaE,FC2C,5.869681
hDeltaE,FR1,0.0069444445
hDeltaE,FS1A_a,0.0234375
hDeltaE,FS1A_b,1.3942307
hDeltaE,FS1A_c,0.06944445
hDeltaE,FS1B_b,0.359375
hDeltaE,FS2,0.8869048
hDeltaE,FS3,3.1875
hDeltaE,FS3_a,2.6916666
hDeltaE,FS3_b,3.8482144
hDeltaE,FS3_c,2.3660715
hDeltaE,FS3_d,2.516129
hDeltaE,FS4A,0.7149123
hDeltaE,FS4B,0.34913793
hDeltaE,FS4C,1.8258928
hDeltaE,IPC,1.625
hDeltaE,PFGs,4.4444447
hDeltaE,PFL3,0.0052083335
hDeltaE,PFR_a,0.004464286
hDeltaE,hDeltaC,0.05
hDeltaE,hDeltaD,2.53125
hDeltaE,hDeltaE,7.78125
hDeltaE,hDeltaF,8.390625
hDeltaE,hDeltaG,0.125
hDeltaE,hDeltaK,0.04032258
hDeltaE,hDeltaL,0.38636363
hDeltaE,vDeltaA_a,0.0035714286
hDeltaE,vDeltaA_b,0.028225806
hDeltaE,vDeltaB,0.5564516
hDeltaE,vDeltaC,1.9861112
hDeltaE,vDeltaD,0.6130952
hDeltaE,vDeltaE,0.048611112
hDeltaF,AN27X013,0.083333336
hDeltaF,DNc02,0.1875
hDeltaF,ExR1,0.125
hDeltaF,ExR3,1.0
hDeltaF,FB1I,0.25
hDeltaF,FB1J,0.0625
hDeltaF,FB4N,0.0625
hDeltaF,FB5A,0.0625
hDeltaF,FB5AA,0.6875
hDeltaF,FB5AB,1.125
hDeltaF,FB5B,2.0625
hDeltaF,FB5C,0.083333336
hDeltaF,FB5D,0.083333336
hDeltaF,FB5G_a,2.96875
hDeltaF,FB5G_b,0.8125
hDeltaF,FB5G_c,1.3125
hDeltaF,FB5I,0.1875
hDeltaF,FB5J,2.3125
hDeltaF,FB5L,0.0625
hDeltaF,FB5O,0.25
hDeltaF,FB5Q,0.03125
hDeltaF,FB5S,0.7361111
hDeltaF,FB5U,0.03125
hDeltaF,FB5Y_a,0.1875
hDeltaF,FB5Y_b,0.3125
hDeltaF,FB5Z,0.125
hDeltaF,FB6A_a,11.25
hDeltaF,FB6A_b,15.5625
hDeltaF,FB6A_c,4.6875
hDeltaF,FB6B,1.0
hDeltaF,FB6C_a,4.1875
hDeltaF,FB6C_b,3.5833333
hDeltaF,FB6D,9.375
hDeltaF,FB6E,3.25
hDeltaF,FB6F,1.75
hDeltaF,FB6G,1.625
hDeltaF,FB6H,8.75
hDeltaF,FB6I,7.25
hDeltaF,FB6J,3.5
hDeltaF,FB6K,11.375
hDeltaF,FB6L,2.5833333
hDeltaF,FB6M,13.65625
hDeltaF,FB6O,0.625
hDeltaF,FB6P,16.375
hDeltaF,FB6Q,5.8125
hDeltaF,FB6R,4.46875
hDeltaF,FB6S,0.765625
hDeltaF,FB6T,0.625
hDeltaF,FB6U,17.0625
hDeltaF,FB6V,10.0625
hDeltaF,FB6W,3.4375
hDeltaF,FB6X,2.0625
hDeltaF,FB6Y,5.1875
hDeltaF,FB6Z,0.6875
hDeltaF,FB7A,0.375
hDeltaF,FB7B,0.3125
hDeltaF,FB7C,2.3
hDeltaF,FB7D_a,2.0
hDeltaF,FB7D_b,2.59375
hDeltaF,FB7E,2.5625
hDeltaF,FB7F,0.125
hDeltaF,FB7G,3.625
hDeltaF,FB7H,1.125
hDeltaF,FB7I,13.375
hDeltaF,FB7J,2.65625
hDeltaF,FB7K,0.03125
hDeltaF,FB7L,0.375
hDeltaF,FB7M,0.1875
hDeltaF,FB8B,0.09375
hDeltaF,FB8C,0.34375
hDeltaF,FB8G,0.75
hDeltaF,FB8I,0.020833334
hDeltaF,FC,0.16666667
hDeltaF,FC1B,0.0056818184
hDeltaF,FC1C_a,0.114583336
hDeltaF,FC2B,0.8842593
hDeltaF,FC2C,5.912234
hDeltaF,FC3_a,0.029411765
hDeltaF,FC3_c,0.108333334
hDeltaF,FR1,0.097222224
hDeltaF,FS1A_a,0.265625
hDeltaF,FS1A_b,2.1634614
hDeltaF,FS1A_c,0.125
hDeltaF,FS1B_b,0.53125
hDeltaF,FS2,0.7172619
hDeltaF,FS3,1.1875
hDeltaF,FS3_a,3.5083334
hDeltaF,FS3_b,3.2589285
hDeltaF,FS3_c,2.9732144
hDeltaF,FS3_d,1.0524193
hDeltaF,FS4A,0.2872807
hDeltaF,FS4B,0.23706897
hDeltaF,FS4C,1.4642857
hDeltaF,OA-VPM3,0.4375
hDeltaF,PFGs,5.0416665
hDeltaF,PFL1,0.008928572
hDeltaF,PFL2,0.072916664
hDeltaF,PFL3,0.052083332
hDeltaF,hDeltaC,6.06875
hDeltaF,hDeltaD,0.015625
hDeltaF,hDeltaE,3.828125
hDeltaF,hDeltaF,7.3125
hDeltaF,hDeltaG,0.53125
hDeltaF,hDeltaJ,0.008064516
hDeltaF,hDeltaK,0.2580645
hDeltaF,hDeltaL,8.590909
hDeltaF,hDeltaM,0.09375
hDeltaF,vDeltaA_a,0.0035714286
hDeltaF,vDeltaA_b,0.008064516
hDeltaF,vDeltaB,0.14516129
hDeltaF,vDeltaC,3.1388888
hDeltaF,vDeltaD,4.7440476
hDeltaF,vDeltaE,1.75
hDeltaF,vDeltaF,0.104166664
hDeltaF,vDeltaG,0.013888889
hDeltaG,EL,0.0069444445
hDeltaG,EPG,0.0027173914
hDeltaG,ExR3,0.25
hDeltaG,ExR5,0.03125
hDeltaG,FB3C,0.31730768
hDeltaG,FB3E,0.125
hDeltaG,FB4A_b,0.0625
hDeltaG,FB4Y,0.15625
hDeltaG,FB4Z_a,0.046875
hDeltaG,FB4Z_b,0.5833333
hDeltaG,FB5A,0.65625
hDeltaG,FB5AA,6.1875
hDeltaG,FB5AB,1.75
hDeltaG,FB5B,2.2291667
hDeltaG,FB5C,1.3333334
hDeltaG,FB5D,0.29166666
hDeltaG,FB5E,0.0625
hDeltaG,FB5G_a,0.15625
hDeltaG,FB5G_b,0.1875
hDeltaG,FB5H,0.125
hDeltaG,FB5I,0.4375
hDeltaG,FB5J,0.9375
hDeltaG,FB5K,0.125
hDeltaG,FB5L,1.1875
hDeltaG,FB5M,0.1875
hDeltaG,FB5N,0.15625
hDeltaG,FB5O,1.9375
hDeltaG,FB5P,0.03125
hDeltaG,FB5Q,0.09375
hDeltaG,FB5R,4.3125
hDeltaG,FB5S,24.944445
hDeltaG,FB5T,0.0625
hDeltaG,FB5U,7.71875
hDeltaG,FB5Y_a,1.75
hDeltaG,FB5Y_b,0.9375
hDeltaG,FB5Z,1.15625
hDeltaG,FB6A_a,0.0625
hDeltaG,FB6A_c,0.5
hDeltaG,FB6B,0.0625
hDeltaG,FB6C_a,0.0625
hDeltaG,FB6C_b,0.25
hDeltaG,FB6D,0.125
hDeltaG,FB6E,0.125
hDeltaG,FB6F,2.625
hDeltaG,FB6H,0.0625
hDeltaG,FB6I,0.0625
hDeltaG,FB6J,8.15
hDeltaG,FB6K,9.09375
hDeltaG,FB6L,11.875
hDeltaG,FB6M,0.1875
hDeltaG,FB6N,1.6875
hDeltaG,FB6O,0.25
hDeltaG,FB6P,3.875
hDeltaG,FB6Q,0.3125
hDeltaG,FB6R,0.84375
hDeltaG,FB6S,0.390625
hDeltaG,FB6T,0.0625
hDeltaG,FB6U,0.90625
hDeltaG,FB6V,5.1875
hDeltaG,FB6W,6.0625
hDeltaG,FB6X,0.625
hDeltaG,FB6Z,0.5625
hDeltaG,FB7D_a,0.375
hDeltaG,FB7D_b,0.59375
hDeltaG,FB7E,0.041666668
hDeltaG,FB7G,0.03125
hDeltaG,FB7H,0.125
hDeltaG,FB7I,0.325
hDeltaG,FC,0.083333336
hDeltaG,FC1C_a,0.03125
hDeltaG,FC1E,0.0056818184
hDeltaG,FC1F,0.008333334
hDeltaG,FC2B,7.921296
hDeltaG,FC2C,3.8829787
hDeltaG,FC3_a,0.16176471
hDeltaG,FC3_b,0.0375
hDeltaG,FC3_c,0.2
hDeltaG,FR1,4.5625
hDeltaG,FR2,0.0069444445
hDeltaG,FS1A_a,0.8828125
hDeltaG,FS1A_b,1.8461539
hDeltaG,FS1A_c,1.8333334
hDeltaG,FS1B_a,1.0865384
hDeltaG,FS1B_b,1.9296875
hDeltaG,FS2,3.6934524
hDeltaG,FS3,0.1875
hDeltaG,FS3_a,0.78333336
hDeltaG,FS3_b,0.23214285
hDeltaG,FS3_c,1.0267857
hDeltaG,FS3_d,0.10483871
hDeltaG,FS4A,0.0372807
hDeltaG,FS4B,0.004310345
hDeltaG,FS4C,0.07589286
hDeltaG,OA-VPM3,1.1875
hDeltaG,PEG,0.020833334
hDeltaG,PFGs,0.7847222
hDeltaG,PFL1,0.008928572
hDeltaG,PFL2,1.875
hDeltaG,PFL3,3.03125
hDeltaG,PFNd,0.0125
hDeltaG,PFR_a,1.0401785
hDeltaG,PFR_b,0.953125
hDeltaG,hDeltaA,0.104166664
hDeltaG,hDeltaB,0.059210528
hDeltaG,hDeltaC,0.3625
hDeltaG,hDeltaD,0.03125
hDeltaG,hDeltaF,0.125
hDeltaG,hDeltaG,5.640625
hDeltaG,hDeltaH,0.140625
hDeltaG,hDeltaI,0.014705882
hDeltaG,hDeltaJ,0.02016129
hDeltaG,hDeltaK,0.076612905
hDeltaG,hDeltaL,0.85227275
hDeltaG,hDeltaM,0.25
hDeltaG,vDeltaA_b,0.004032258
hDeltaG,vDeltaB,0.004032258
hDeltaG,vDeltaD,0.45238096
hDeltaG,vDeltaE,4.5347223
hDeltaG,vDeltaF,3.6666667
hDeltaG,vDeltaG,0.22916667
hDeltaG,vDeltaH,0.013888889
hDeltaG,vDeltaI_a,0.014705882
hDeltaG,vDeltaI_b,0.00625
hDeltaG,vDeltaJ,0.011363637
hDeltaG,vDeltaK,0.0026595744
hDeltaH,CL111,0.125
hDeltaH,ExR5,0.03125
hDeltaH,FB2A,0.03125
hDeltaH,FB2K,0.013888889
hDeltaH,FB3C,0.10576923
hDeltaH,FB3D,0.125
hDeltaH,FB3E,0.25
hDeltaH,FB4A_a,0.020833334
hDeltaH,FB4A_b,0.375
hDeltaH,FB4D_b,0.0625
hDeltaH,FB4D_c,0.0625
hDeltaH,FB4E_b,0.03125
hDeltaH,FB4E_c,0.0625
hDeltaH,FB4F_a,0.03125
hDeltaH,FB4K,0.09375
hDeltaH,FB4M,0.03125
hDeltaH,FB4N,0.125
hDeltaH,FB4O,0.0625
hDeltaH,FB4P_a,0.09375
hDeltaH,FB4P_b,0.041666668
hDeltaH,FB4Q_a,0.0625
hDeltaH,FB4Q_c,0.083333336
hDeltaH,FB4R,0.020833334
hDeltaH,FB4X,0.375
hDeltaH,FB4Y,0.71875
hDeltaH,FB4Z_a,0.5
hDeltaH,FB4Z_b,4.125
hDeltaH,FB4Z_c,0.3125
hDeltaH,FB5A,0.96875
hDeltaH,FB5AA,0.6875
hDeltaH,FB5AB,1.25
hDeltaH,FB5B,0.0625
hDeltaH,FB5C,2.125
hDeltaH,FB5D,0.875
hDeltaH,FB5E,1.3125
hDeltaH,FB5F,0.4375
hDeltaH,FB5G_a,0.15625
hDeltaH,FB5G_b,0.0625
hDeltaH,FB5G_c,0.0625
hDeltaH,FB5H,0.8125
hDeltaH,FB5I,0.3125
hDeltaH,FB5J,3.125
hDeltaH,FB5K,0.6875
hDeltaH,FB5L,1.375
hDeltaH,FB5M,0.25
hDeltaH,FB5N,0.3125
hDeltaH,FB5O,2.6875
hDeltaH,FB5P,0.4375
hDeltaH,FB5Q,0.15625
hDeltaH,FB5R,21.125
hDeltaH,FB5S,12.111111
hDeltaH,FB5T,0.625
hDeltaH,FB5U,44.65625
hDeltaH,FB5V_a,0.020833334
hDeltaH,FB5W_a,0.083333336
hDeltaH,FB5W_b,0.041666668
hDeltaH,FB5X,0.125
hDeltaH,FB5Y_a,0.1875
hDeltaH,FB5Z,0.15625
hDeltaH,FB6J,0.175
hDeltaH,FB6K,0.46875
hDeltaH,FB6L,0.75
hDeltaH,FB6M,0.03125
hDeltaH,FB6N,0.25
hDeltaH,FB6O,0.0625
hDeltaH,FB6P,0.9375
hDeltaH,FB6S,0.015625
hDeltaH,FB6V,0.375
hDeltaH,FB6W,1.375
hDeltaH,FB7E,0.020833334
hDeltaH,FB8I,0.020833334
hDeltaH,FC,0.125
hDeltaH,FC1C_a,0.083333336
hDeltaH,FC1C_b,0.022058824
hDeltaH,FC1E,0.0056818184
hDeltaH,FC1F,0.016666668
hDeltaH,FC2A,1.7430556
hDeltaH,FC2B,11.282408
hDeltaH,FC2C,0.23404256
hDeltaH,FC3_a,0.125
hDeltaH,FC3_b,0.2
hDeltaH,FC3_c,0.09166667
hDeltaH,FR1,4.1805553
hDeltaH,FR2,0.11111111
hDeltaH,FS1A_a,0.703125
hDeltaH,FS1A_b,0.84615386
hDeltaH,FS1A_c,2.2847223
hDeltaH,FS1B_a,2.9134614
hDeltaH,FS1B_b,1.0625
hDeltaH,FS2,2.3392856
hDeltaH,FS3_a,0.016666668
hDeltaH,FS3_b,0.008928572
hDeltaH,FS3_c,0.035714287
hDeltaH,FS3_d,0.008064516
hDeltaH,FS4A,0.0065789474
hDeltaH,FS4B,0.00862069
hDeltaH,FS4C,0.03125
hDeltaH,OA-VPM3,0.75
hDeltaH,PEG,0.0069444445
hDeltaH,PFGs,0.25
hDeltaH,PFL1,0.026785715
hDeltaH,PFL2,4.4479165
hDeltaH,PFL3,7.5416665
hDeltaH,PFNd,0.00625
hDeltaH,PFNp_b,0.0018382353
hDeltaH,PFR_a,5.125
hDeltaH,PFR_b,1.4921875
hDeltaH,VES053,0.125
hDeltaH,hDeltaA,0.34375
hDeltaH,hDeltaB,0.07236842
hDeltaH,hDeltaC,0.3
hDeltaH,hDeltaE,0.015625
hDeltaH,hDeltaF,0.03125
hDeltaH,hDeltaG,1.265625
hDeltaH,hDeltaH,2.6875
hDeltaH,hDeltaI,0.18382353
hDeltaH,hDeltaJ,0.15322581
hDeltaH,hDeltaK,0.052419353
hDeltaH,hDeltaL,0.03409091
hDeltaH,hDeltaM,0.34375
hDeltaH,vDeltaE,0.090277776
hDeltaH,vDeltaF,2.5763888
hDeltaH,vDeltaG,4.076389
hDeltaH,vDeltaH,1.0972222
hDeltaH,vDeltaI_a,0.4779412
hDeltaH,vDeltaI_b,0.54375
hDeltaH,vDeltaJ,0.11363637
hDeltaH,vDeltaK,0.03723404
hDeltaH,vDeltaM,0.0022727272
hDeltaI,Delta7,0.0028011205
hDeltaI,EL,0.003267974
hDeltaI,EPG,0.025575448
hDeltaI,EPGt,0.073529415
hDeltaI,ExR5,0.47058824
hDeltaI,FB1H,2.4117646
hDeltaI,FB2B_b,0.05882353
hDeltaI,FB2C,0.011764706
hDeltaI,FB2D,0.019607844
hDeltaI,FB2K,0.14379086
hDeltaI,FB3A,0.014705882
hDeltaI,FB3C,0.022624435
hDeltaI,FB3D,4.5882354
hDeltaI,FB4A_a,1.0196079
hDeltaI,FB4A_b,0.9411765
hDeltaI,FB4B,0.029411765
hDeltaI,FB4C,0.20588236
hDeltaI,FB4D_a,0.11764706
hDeltaI,FB4D_b,0.20588236
hDeltaI,FB4D_c,0.3529412
hDeltaI,FB4E_a,10.976471
hDeltaI,FB4E_b,9.1029415
hDeltaI,FB4E_c,8.911765
hDeltaI,FB4F_a,2.6176472
hDeltaI,FB4F_b,1.2647059
hDeltaI,FB4F_c,3.6666667
hDeltaI,FB4G,0.5294118
hDeltaI,FB4H,0.05882353
hDeltaI,FB4I,0.3529412
hDeltaI,FB4J,1.617647
hDeltaI,FB4K,0.61764705
hDeltaI,FB4L,0.014705882
hDeltaI,FB4M,0.7058824
hDeltaI,FB4N,0.9705882
hDeltaI,FB4O,0.92156863
hDeltaI,FB4P_a,14.529411
hDeltaI,FB4P_b,0.9019608
hDeltaI,FB4P_c,0.85294116
hDeltaI,FB4Q_a,0.4117647
hDeltaI,FB4Q_b,0.23529412
hDeltaI,FB4Q_c,0.13725491
hDeltaI,FB4R,0.09803922
hDeltaI,FB4X,0.47058824
hDeltaI,FB4Y,2.7794118
hDeltaI,FB4Z_a,0.9558824
hDeltaI,FB4Z_b,0.19607843
hDeltaI,FB4Z_c,1.0735294
hDeltaI,FB5A,0.1764706
hDeltaI,FB5AA,0.6764706
hDeltaI,FB5B,0.009803922
hDeltaI,FB5C,3.1568627
hDeltaI,FB5D,12.529411
hDeltaI,FB5E,9.323529
hDeltaI,FB5F,0.9705882
hDeltaI,FB5G_a,0.073529415
hDeltaI,FB5G_b,0.029411765
hDeltaI,FB5G_c,0.5
hDeltaI,FB5H,0.6764706
hDeltaI,FB5J,0.47058824
hDeltaI,FB5K,0.2647059
hDeltaI,FB5L,0.0882353
hDeltaI,FB5M,2.1176472
hDeltaI,FB5N,0.4117647
hDeltaI,FB5O,0.88235295
hDeltaI,FB5P,0.13235295
hDeltaI,FB5Q,0.7352941
hDeltaI,FB5R,0.36764705
hDeltaI,FB5S,0.052287582
hDeltaI,FB5T,0.14705883
hDeltaI,FB5U,0.3382353
hDeltaI,FB5V_a,0.1764706
hDeltaI,FB5V_b,0.5588235
hDeltaI,FB5V_c,0.3882353
hDeltaI,FB5W_a,0.2647059
hDeltaI,FB5W_b,0.19607843
hDeltaI,FB5X,0.57843137
hDeltaI,FB5Z,0.04411765
hDeltaI,FB6K,0.014705882
hDeltaI,FC,0.49019608
hDeltaI,FC1A,0.020761246
hDeltaI,FC1B,0.013368984
hDeltaI,FC1C_a,0.13235295
hDeltaI,FC1C_b,0.062283736
hDeltaI,FC1D,0.023529412
hDeltaI,FC1E,0.029411765
hDeltaI,FC1F,0.019607844
hDeltaI,FC2A,0.19281046
hDeltaI,FC2B,0.08278867
hDeltaI,FC2C,0.035043806
hDeltaI,FC3_a,0.044982698
hDeltaI,FC3_b,0.05882353
hDeltaI,FC3_c,0.050980393
hDeltaI,FR1,0.13071896
hDeltaI,FR2,0.06535948
hDeltaI,FS1A_a,0.1764706
hDeltaI,FS1A_b,0.49773756
hDeltaI,FS1A_c,0.8169935
hDeltaI,FS1B_a,0.27149323
hDeltaI,FS1B_b,0.24264705
hDeltaI,FS2,0.05602241
hDeltaI,FS3_a,0.03137255
hDeltaI,FS3_b,0.025210084
hDeltaI,FS3_c,0.029411765
hDeltaI,FS3_d,0.024667932
hDeltaI,FS4A,0.022703819
hDeltaI,FS4B,0.01622718
hDeltaI,FS4C,0.067226894
hDeltaI,OA-VPM3,0.5588235
hDeltaI,PAM09,0.029411765
hDeltaI,PEG,0.003267974
hDeltaI,PFGs,1.1503268
hDeltaI,PFL1,0.0882353
hDeltaI,PFL2,9.519608
hDeltaI,PFL3,8.5
hDeltaI,PFNa,0.0010141988
hDeltaI,PFNd,0.007352941
hDeltaI,PFNp_d,0.016806724
hDeltaI,PFR_a,0.2857143
hDeltaI,PFR_b,0.5882353
hDeltaI,hDeltaA,1.2009804
hDeltaI,hDeltaB,0.11764706
hDeltaI,hDeltaC,0.05882353
hDeltaI,hDeltaG,0.066176474
hDeltaI,hDeltaH,0.2720588
hDeltaI,hDeltaI,1.8961937
hDeltaI,hDeltaJ,0.16698292
hDeltaI,hDeltaK,0.14421253
hDeltaI,hDeltaL,0.026737968
hDeltaI,hDeltaM,0.32352942
hDeltaI,vDeltaC,0.0021786492
hDeltaI,vDeltaE,0.006535948
hDeltaI,vDeltaF,0.003267974
hDeltaI,vDeltaG,0.006535948
hDeltaI,vDeltaH,0.03267974
hDeltaI,vDeltaI_a,0.04152249
hDeltaI,vDeltaI_b,0.20294118
hDeltaI,vDeltaJ,0.45989305
hDeltaI,vDeltaK,0.13141426
hDeltaI,vDeltaL,0.04292528
hDeltaI,vDeltaM,0.036363635
hDeltaJ,EPG,0.0014025245
hDeltaJ,EPGt,0.008064516
hDeltaJ,ExR1,0.008064516
hDeltaJ,ExR3,0.016129032
hDeltaJ,ExR5,0.024193548
hDeltaJ,FB1C,0.008064516
hDeltaJ,FB1E_a,0.012903226
hDeltaJ,FB1H,19.935484
hDeltaJ,FB2A,0.10483871
hDeltaJ,FB2B_a,0.088709675
hDeltaJ,FB2C,0.103225805
hDeltaJ,FB2D,0.11827957
hDeltaJ,FB2F_a,0.021505376
hDeltaJ,FB2F_b,1.2795699
hDeltaJ,FB2F_c,0.08064516
hDeltaJ,FB2F_d,0.21774194
hDeltaJ,FB2G_a,1.1935484
hDeltaJ,FB2G_b,0.16129032
hDeltaJ,FB2H_a,0.016129032
hDeltaJ,FB2H_b,0.016129032
hDeltaJ,FB2I_a,0.016129032
hDeltaJ,FB2K,0.06451613
hDeltaJ,FB2L,0.12096774
hDeltaJ,FB2M_a,0.41935483
hDeltaJ,FB2M_b,0.27419356
hDeltaJ,FB3A,0.04032258
hDeltaJ,FB3C,0.052109182
hDeltaJ,FB3D,0.5483871
hDeltaJ,FB3E,0.048387095
hDeltaJ,FB4A_a,6.655914
hDeltaJ,FB4A_b,13.0
hDeltaJ,FB4B,0.06451613
hDeltaJ,FB4C,0.33870968
hDeltaJ,FB4D_a,0.41935483
hDeltaJ,FB4D_b,0.87096775
hDeltaJ,FB4D_c,0.5
hDeltaJ,FB4E_a,0.08387097
hDeltaJ,FB4E_b,0.8548387
hDeltaJ,FB4E_c,0.17741935
hDeltaJ,FB4F_a,0.05645161
hDeltaJ,FB4F_b,0.048387095
hDeltaJ,FB4F_c,0.09677419
hDeltaJ,FB4G,0.032258064
hDeltaJ,FB4I,0.032258064
hDeltaJ,FB4J,0.2580645
hDeltaJ,FB4K,0.87096775
hDeltaJ,FB4L,0.13709678
hDeltaJ,FB4M,0.4919355
hDeltaJ,FB4N,0.6451613
hDeltaJ,FB4O,1.8225807
hDeltaJ,FB4P_a,0.6854839
hDeltaJ,FB4P_b,0.6344086
hDeltaJ,FB4P_c,1.7741935
hDeltaJ,FB4Q_a,2.3709676
hDeltaJ,FB4Q_b,3.2741935
hDeltaJ,FB4Q_c,6.236559
hDeltaJ,FB4R,0.19892474
hDeltaJ,FB4X,41.467743
hDeltaJ,FB4Y,0.08064516
hDeltaJ,FB4Z_b,0.021505376
hDeltaJ,FB5A,0.15322581
hDeltaJ,FB5AA,1.2258065
hDeltaJ,FB5AB,0.4032258
hDeltaJ,FB5B,0.048387095
hDeltaJ,FB5C,3.1505377
hDeltaJ,FB5D,2.3548386
hDeltaJ,FB5E,1.1774193
hDeltaJ,FB5F,0.11290322
hDeltaJ,FB5H,0.032258064
hDeltaJ,FB5I,22.096775
hDeltaJ,FB5J,6.5
hDeltaJ,FB5K,0.06451613
hDeltaJ,FB5L,0.16129032
hDeltaJ,FB5M,0.06451613
hDeltaJ,FB5N,0.12096774
hDeltaJ,FB5O,0.7903226
hDeltaJ,FB5P,0.024193548
hDeltaJ,FB5Q,0.032258064
hDeltaJ,FB5R,0.08064516
hDeltaJ,FB5S,0.19354838
hDeltaJ,FB5T,0.016129032
hDeltaJ,FB5U,0.2580645
hDeltaJ,FB5V_a,0.010752688
hDeltaJ,FB5W_a,0.021505376
hDeltaJ,FB5X,0.2795699
hDeltaJ,FB5Y_a,0.46774194
hDeltaJ,FB5Z,0.016129032
hDeltaJ,FB6A_a,0.016129032
hDeltaJ,FB6A_b,0.048387095
hDeltaJ,FB6D,0.016129032
hDeltaJ,FB6J,0.27096775
hDeltaJ,FB6K,0.05645161
hDeltaJ,FB6N,0.06451613
hDeltaJ,FB6O,0.032258064
hDeltaJ,FB6P,0.29032257
hDeltaJ,FB6R,0.016129032
hDeltaJ,FB6U,0.016129032
hDeltaJ,FB6V,0.19354838
hDeltaJ,FB6W,0.4516129
hDeltaJ,FB6X,0.016129032
hDeltaJ,FB8I,0.005376344
hDeltaJ,FC,0.06451613
hDeltaJ,FC1A,0.0056926
hDeltaJ,FC1B,0.014662757
hDeltaJ,FC1C_a,0.02688172
hDeltaJ,FC1C_b,0.034155596
hDeltaJ,FC1D,0.010322581
hDeltaJ,FC1E,0.029325513
hDeltaJ,FC1F,0.010752688
hDeltaJ,FC2A,5.4874554
hDeltaJ,FC2B,3.074074
hDeltaJ,FC2C,0.066575155
hDeltaJ,FC3_a,0.034155596
hDeltaJ,FC3_b,0.037096772
hDeltaJ,FC3_c,0.025806451
hDeltaJ,FR1,0.044802867
hDeltaJ,FR2,0.6702509
hDeltaJ,FS1A_a,0.63508064
hDeltaJ,FS1A_b,0.1439206
hDeltaJ,FS1A_c,0.25268817
hDeltaJ,FS1B_a,0.074441686
hDeltaJ,FS1B_b,0.04637097
hDeltaJ,FS2,0.059139784
hDeltaJ,FS3_a,0.006451613
hDeltaJ,FS3_b,0.020737328
hDeltaJ,FS3_c,0.004608295
hDeltaJ,FS3_d,0.004162331
hDeltaJ,FS4A,0.0039615165
hDeltaJ,FS4B,0.004449388
hDeltaJ,FS4C,0.01843318
hDeltaJ,OA-VPM3,1.032258
hDeltaJ,PEG,0.007168459
hDeltaJ,PEN_a(PEN1),0.0048387097
hDeltaJ,PEN_b(PEN2),0.0029325513
hDeltaJ,PFGs,0.13799283
hDeltaJ,PFL1,0.01843318
hDeltaJ,PFL2,0.09408602
hDeltaJ,PFL3,0.114247315
hDeltaJ,PFNa,0.0005561735
hDeltaJ,PFNd,0.016935484
hDeltaJ,PFNm_a,0.0015360983
hDeltaJ,PFNp_c,0.0016129032
hDeltaJ,PFNv,0.14354838
hDeltaJ,PFR_a,0.67281103
hDeltaJ,PFR_b,0.14314516
hDeltaJ,hDeltaA,0.13978495
hDeltaJ,hDeltaB,0.1426146
hDeltaJ,hDeltaC,0.65806454
hDeltaJ,hDeltaD,0.004032258
hDeltaJ,hDeltaF,0.012096774
hDeltaJ,hDeltaG,0.1733871
hDeltaJ,hDeltaH,1.1532258
hDeltaJ,hDeltaI,0.14231499
hDeltaJ,hDeltaJ,0.4578564
hDeltaJ,hDeltaK,0.054110304
hDeltaJ,hDeltaL,0.02346041
hDeltaJ,hDeltaM,0.6008065
hDeltaJ,vDeltaB,0.0020811656
hDeltaJ,vDeltaC,0.0047789724
hDeltaJ,vDeltaD,0.023041476
hDeltaJ,vDeltaE,0.39426523
hDeltaJ,vDeltaF,0.8888889
hDeltaJ,vDeltaG,0.4408602
hDeltaJ,vDeltaH,0.050179213
hDeltaJ,vDeltaI_a,0.020872865
hDeltaJ,vDeltaI_b,0.030645162
hDeltaJ,vDeltaJ,0.011730205
hDeltaJ,vDeltaK,0.004804393
hDeltaJ,vDeltaL,0.0026155186
hDeltaJ,vDeltaM,0.0041055717
hDeltaK,Delta7,0.00076804915
hDeltaK,EPG,0.0014025245
hDeltaK,ExR1,0.08064516
hDeltaK,ExR3,12.951612
hDeltaK,FB1I,0.016129032
hDeltaK,FB4E_a,0.006451613
hDeltaK,FB4M,0.008064516
hDeltaK,FB4N,0.016129032
hDeltaK,FB4R,0.005376344
hDeltaK,FB4Z_a,0.004032258
hDeltaK,FB5AB,0.016129032
hDeltaK,FB5B,0.032258064
hDeltaK,FB5G_a,0.016129032
hDeltaK,FB5I,0.09677419
hDeltaK,FB5J,0.016129032
hDeltaK,FB5S,0.021505376
hDeltaK,FB5U,0.008064516
hDeltaK,FB5V_c,0.006451613
hDeltaK,FB5Y_a,0.12903225
hDeltaK,FB5Y_b,0.048387095
hDeltaK,FB6A_a,20.241936
hDeltaK,FB6A_b,10.112904
hDeltaK,FB6A_c,27.64516
hDeltaK,FB6B,0.048387095
hDeltaK,FB6C_a,0.12903225
hDeltaK,FB6C_b,0.58064514
hDeltaK,FB6D,13.951612
hDeltaK,FB6E,0.19354838
hDeltaK,FB6F,0.016129032
hDeltaK,FB6G,0.016129032
hDeltaK,FB6H,0.19354838
hDeltaK,FB6I,0.46774194
hDeltaK,FB6J,0.025806451
hDeltaK,FB6K,0.23387097
hDeltaK,FB6M,0.5564516
hDeltaK,FB6O,0.14516129
hDeltaK,FB6P,0.048387095
hDeltaK,FB6Q,0.032258064
hDeltaK,FB6R,0.08064516
hDeltaK,FB6S,0.012096774
hDeltaK,FB6T,0.008064516
hDeltaK,FB6U,0.032258064
hDeltaK,FB6V,0.11290322
hDeltaK,FB6W,0.016129032
hDeltaK,FB6X,0.016129032
hDeltaK,FB6Y,0.016129032
hDeltaK,FB6Z,0.016129032
hDeltaK,FB7C,0.006451613
hDeltaK,FB7D_b,0.008064516
hDeltaK,FB7E,0.005376344
hDeltaK,FB7G,0.008064516
hDeltaK,FB7H,0.2580645
hDeltaK,FB7I,0.038709678
hDeltaK,FB7J,0.008064516
hDeltaK,FB7L,0.021505376
hDeltaK,FB7M,0.016129032
hDeltaK,FC2B,0.0023894862
hDeltaK,FC2C,0.008922444
hDeltaK,FC3_a,0.0151802655
hDeltaK,FC3_b,0.009677419
hDeltaK,FC3_c,0.0043010754
hDeltaK,FR1,0.0017921147
hDeltaK,FS1A_a,0.002016129
hDeltaK,FS1A_b,0.0024813896
hDeltaK,FS2,0.0038402458
hDeltaK,FS3_a,0.017204301
hDeltaK,FS3_b,0.0023041475
hDeltaK,FS3_c,0.004608295
hDeltaK,FS3_d,0.0010405828
hDeltaK,FS4A,0.00056593097
hDeltaK,FS4B,0.001112347
hDeltaK,OA-VPM3,0.11290322
hDeltaK,PEN_a(PEN1),0.0032258064
hDeltaK,PEN_b(PEN2),0.0014662757
hDeltaK,PFGs,5.1003585
hDeltaK,PFL3,0.002688172
hDeltaK,PFNa,0.0005561735
hDeltaK,PFNd,0.0056451615
hDeltaK,PFNm_a,0.0030721966
hDeltaK,PFNm_b,0.0024813896
hDeltaK,PFNp_b,0.0004743833
hDeltaK,PFNp_c,0.0016129032
hDeltaK,PFNp_d,0.0011520737
hDeltaK,PFNp_e,0.002805049
hDeltaK,PFNv,0.0032258064
hDeltaK,PFR_a,0.0011520737
hDeltaK,PPM1201,0.032258064
hDeltaK,SAF,0.004032258
hDeltaK,hDeltaA,0.002688172
hDeltaK,hDeltaB,0.008488964
hDeltaK,hDeltaC,0.09677419
hDeltaK,hDeltaE,0.02016129
hDeltaK,hDeltaF,0.09677419
hDeltaK,hDeltaG,0.02016129
hDeltaK,hDeltaI,0.0056926
hDeltaK,hDeltaJ,0.006243496
hDeltaK,hDeltaK,0.38709676
hDeltaK,hDeltaL,0.017595308
hDeltaK,hDeltaM,0.004032258
hDeltaK,vDeltaA_a,0.0013824885
hDeltaK,vDeltaC,0.0047789724
hDeltaK,vDeltaD,0.024577573
hDeltaK,vDeltaE,0.008960574
hDeltaK,vDeltaF,0.0035842294
hDeltaL,AN27X013,0.15151516
hDeltaL,DNc02,0.045454547
hDeltaL,EPG,0.0019762847
hDeltaL,ExR3,0.6818182
hDeltaL,FB1I,0.95454544
hDeltaL,FB1J,0.09090909
hDeltaL,FB2E,0.022727273
hDeltaL,FB2F_d,0.022727273
hDeltaL,FB4Z_b,0.030303031
hDeltaL,FB5A,0.11363637
hDeltaL,FB5AA,0.18181819
hDeltaL,FB5AB,0.6363636
hDeltaL,FB5B,0.42424244
hDeltaL,FB5C,0.030303031
hDeltaL,FB5G_a,0.06818182
hDeltaL,FB5G_b,0.13636364
hDeltaL,FB5G_c,0.045454547
hDeltaL,FB5I,0.09090909
hDeltaL,FB5J,0.45454547
hDeltaL,FB5K,0.045454547
hDeltaL,FB5L,0.045454547
hDeltaL,FB5O,0.09090909
hDeltaL,FB5R,0.06818182
hDeltaL,FB5S,3.979798
hDeltaL,FB5U,0.022727273
hDeltaL,FB5Y_a,0.4090909
hDeltaL,FB5Y_b,5.909091
hDeltaL,FB5Z,0.06818182
hDeltaL,FB6A_a,0.6363636
hDeltaL,FB6A_b,1.0909091
hDeltaL,FB6A_c,0.6363636
hDeltaL,FB6B,5.4545455
hDeltaL,FB6C_a,1.1363636
hDeltaL,FB6C_b,0.90909094
hDeltaL,FB6D,0.95454544
hDeltaL,FB6E,1.0909091
hDeltaL,FB6F,4.0454545
hDeltaL,FB6G,1.8181819
hDeltaL,FB6H,5.2727275
hDeltaL,FB6I,3.2272727
hDeltaL,FB6J,19.290909
hDeltaL,FB6K,8.454545
hDeltaL,FB6L,10.636364
hDeltaL,FB6M,0.9318182
hDeltaL,FB6N,0.3181818
hDeltaL,FB6O,2.0454545
hDeltaL,FB6P,2.3181818
hDeltaL,FB6Q,1.0
hDeltaL,FB6R,0.75
hDeltaL,FB6S,0.26136363
hDeltaL,FB6T,0.22727273
hDeltaL,FB6U,3.75
hDeltaL,FB6V,2.090909
hDeltaL,FB6W,0.27272728
hDeltaL,FB6X,1.0909091
hDeltaL,FB6Y,0.8636364
hDeltaL,FB6Z,3.5
hDeltaL,FB7A,0.25757575
hDeltaL,FB7B,0.045454547
hDeltaL,FB7C,0.16363636
hDeltaL,FB7D_a,14.272727
hDeltaL,FB7D_b,17.59091
hDeltaL,FB7E,0.54545456
hDeltaL,FB7G,1.0454545
hDeltaL,FB7H,1.5
hDeltaL,FB7I,2.509091
hDeltaL,FB7J,18.181818
hDeltaL,FB7L,0.530303
hDeltaL,FB8B,0.045454547
hDeltaL,FB8C,0.18181819
hDeltaL,FB8F_a,0.025974026
hDeltaL,FB8G,0.1969697
hDeltaL,FB8H,0.015151516
hDeltaL,FB8I,0.015151516
hDeltaL,FC1C_a,0.015151516
hDeltaL,FC2B,2.0
hDeltaL,FC2C,6.16441
hDeltaL,FC3_a,0.010695187
hDeltaL,FC3_c,0.030303031
hDeltaL,FR1,0.44444445
hDeltaL,FS1A_a,0.23295455
hDeltaL,FS1A_b,3.104895
hDeltaL,FS1A_c,0.34343433
hDeltaL,FS1B_a,0.02097902
hDeltaL,FS1B_b,0.8806818
hDeltaL,FS2,4.0800867
hDeltaL,FS3,0.13636364
hDeltaL,FS3_a,3.169697
hDeltaL,FS3_b,1.5194805
hDeltaL,FS3_c,3.2337663
hDeltaL,FS3_d,0.37536657
hDeltaL,FS4A,0.046251994
hDeltaL,FS4B,0.0062695923
hDeltaL,FS4C,0.5551948
hDeltaL,OA-VPM3,0.09090909
hDeltaL,PEN_a(PEN1),0.0045454544
hDeltaL,PFGs,1.1666666
hDeltaL,PFL1,0.019480519
hDeltaL,PFL2,0.053030305
hDeltaL,PFL3,0.03787879
hDeltaL,PFNd,0.0022727272
hDeltaL,PFNm_b,0.0034965035
hDeltaL,PFR_a,0.016233766
hDeltaL,PFR_b,0.028409092
hDeltaL,PPM1201,0.09090909
hDeltaL,SAF,0.022727273
hDeltaL,hDeltaA,0.007575758
hDeltaL,hDeltaB,0.004784689
hDeltaL,hDeltaC,0.4
hDeltaL,hDeltaD,0.011363637
hDeltaL,hDeltaE,0.4659091
hDeltaL,hDeltaF,2.2272727
hDeltaL,hDeltaG,0.29545453
hDeltaL,hDeltaH,0.011363637
hDeltaL,hDeltaJ,0.0058651026
hDeltaL,hDeltaK,0.12316716
hDeltaL,hDeltaL,3.413223
hDeltaL,hDeltaM,0.022727273
hDeltaL,vDeltaB,0.07331378
hDeltaL,vDeltaC,1.5959595
hDeltaL,vDeltaD,3.6536796
hDeltaL,vDeltaE,1.2424242
hDeltaL,vDeltaF,0.030303031
hDeltaL,vDeltaG,0.005050505
hDeltaM,EPG,0.008152174
hDeltaM,ER1_b,0.009615385
hDeltaM,ER3w_b,0.013888889
hDeltaM,ER3w_c,0.020833334
hDeltaM,ExR2,0.03125
hDeltaM,ExR5,0.25
hDeltaM,ExR8,0.03125
hDeltaM,FB1H,1.375
hDeltaM,FB2A,0.03125
hDeltaM,FB2F_c,0.03125
hDeltaM,FB2G_b,0.020833334
hDeltaM,FB2I_a,0.025
hDeltaM,FB2M_a,0.0625
hDeltaM,FB4A_a,0.0625
hDeltaM,FB4A_b,0.0625
hDeltaM,FB4D_c,0.0625
hDeltaM,FB4E_a,0.05
hDeltaM,FB4E_b,0.03125
hDeltaM,FB4F_a,0.125
hDeltaM,FB4F_b,0.1875
hDeltaM,FB4F_c,0.14583333
hDeltaM,FB4G,0.25
hDeltaM,FB4H,0.1875
hDeltaM,FB4I,0.1875
hDeltaM,FB4J,0.375
hDeltaM,FB4K,0.0625
hDeltaM,FB4L,0.03125
hDeltaM,FB4M,0.09375
hDeltaM,FB4N,0.625
hDeltaM,FB4O,1.0
hDeltaM,FB4P_a,1.5625
hDeltaM,FB4P_b,0.375
hDeltaM,FB4P_c,0.6875
hDeltaM,FB4Q_a,0.0625
hDeltaM,FB4Q_b,0.1875
hDeltaM,FB4Q_c,0.041666668
hDeltaM,FB4X,1.625
hDeltaM,FB4Y,2.75
hDeltaM,FB4Z_a,1.375
hDeltaM,FB4Z_b,0.375
hDeltaM,FB4Z_c,0.125
hDeltaM,FB5A,27.75
hDeltaM,FB5AA,0.3125
hDeltaM,FB5AB,0.5625
hDeltaM,FB5B,0.020833334
hDeltaM,FB5C,2.7083333
hDeltaM,FB5D,3.9166667
hDeltaM,FB5E,3.0625
hDeltaM,FB5F,3.1875
hDeltaM,FB5G_a,1.75
hDeltaM,FB5G_b,0.75
hDeltaM,FB5G_c,5.0625
hDeltaM,FB5H,4.375
hDeltaM,FB5I,0.0625
hDeltaM,FB5J,0.125
hDeltaM,FB5K,3.5
hDeltaM,FB5L,0.3125
hDeltaM,FB5M,0.75
hDeltaM,FB5N,2.125
hDeltaM,FB5O,1.0
hDeltaM,FB5P,0.21875
hDeltaM,FB5Q,6.40625
hDeltaM,FB5R,3.21875
hDeltaM,FB5S,0.3472222
hDeltaM,FB5T,0.0625
hDeltaM,FB5U,3.15625
hDeltaM,FB5V_a,0.14583333
hDeltaM,FB5V_b,0.0625
hDeltaM,FB5V_c,0.275
hDeltaM,FB5W_a,1.3541666
hDeltaM,FB5W_b,0.45833334
hDeltaM,FB5X,1.0625
hDeltaM,FB5Y_b,0.0625
hDeltaM,FB6M,0.09375
hDeltaM,FB6N,0.25
hDeltaM,FB8G,0.020833334
hDeltaM,FC,0.125
hDeltaM,FC1A,0.007352941
hDeltaM,FC1B,0.011363637
hDeltaM,FC1C_a,0.09375
hDeltaM,FC1C_b,0.022058824
hDeltaM,FC1D,0.02
hDeltaM,FC1E,0.03409091
hDeltaM,FC1F,0.008333334
hDeltaM,FC2A,2.6597223
hDeltaM,FC2B,4.435185
hDeltaM,FC2C,0.07712766
hDeltaM,FC3_a,0.007352941
hDeltaM,FC3_b,0.0625
hDeltaM,FC3_c,0.016666668
hDeltaM,FR1,0.2847222
hDeltaM,FR2,0.7013889
hDeltaM,FS1A_a,2.3203125
hDeltaM,FS1A_b,1.9134616
hDeltaM,FS1A_c,2.5694444
hDeltaM,FS1B_a,2.5769231
hDeltaM,FS1B_b,1.0234375
hDeltaM,FS2,0.13988096
hDeltaM,FS3,0.375
hDeltaM,FS3_a,0.016666668
hDeltaM,FS3_b,0.008928572
hDeltaM,FS3_c,0.008928572
hDeltaM,FS3_d,0.02016129
hDeltaM,FS4A,0.00877193
hDeltaM,FS4B,0.06896552
hDeltaM,FS4C,0.15178572
hDeltaM,OA-VPM3,4.5625
hDeltaM,P6-8P9,0.03125
hDeltaM,PFGs,0.034722224
hDeltaM,PFL1,0.071428575
hDeltaM,PFL2,16.197916
hDeltaM,PFL3,12.645833
hDeltaM,PFNd,0.003125
hDeltaM,PFNp_a,0.001953125
hDeltaM,PFR_a,0.32142857
hDeltaM,PFR_b,1.2734375
hDeltaM,hDeltaA,2.1145833
hDeltaM,hDeltaB,0.05263158
hDeltaM,hDeltaC,1.26875
hDeltaM,hDeltaF,0.015625
hDeltaM,hDeltaG,0.515625
hDeltaM,hDeltaH,8.0625
hDeltaM,hDeltaI,0.9852941
hDeltaM,hDeltaJ,0.40725806
hDeltaM,hDeltaK,1.2903225
hDeltaM,hDeltaL,0.06818182
hDeltaM,hDeltaM,7.703125
hDeltaM,vDeltaF,0.097222224
hDeltaM,vDeltaG,0.6041667
hDeltaM,vDeltaH,0.43055555
hDeltaM,vDeltaI_a,0.11764706
hDeltaM,vDeltaI_b,0.2125
hDeltaM,vDeltaJ,0.09090909
hDeltaM,vDeltaK,0.04255319
hDeltaM,vDeltaM,0.0045454544
pC1_13b,AOTU042,6.0
pC1_13b,AOTU100m,6.0
pC1_13b,AVLP734m,0.2
pC1_13b,AVLP751m,1.0
pC1_13b,AVLP760m,0.5
pC1_13b,CB0244,1.0
pC1_13b,CL248,0.5
pC1_13b,CL311,1.0
pC1_13b,CRE021,2.0
pC1_13b,DNde002,1.0
pC1_13b,DNg101,13.0
pC1_13b,DNp36,1.0
pC1_13b,DNpe025,15.0
pC1_13b,ICL008m,0.5
pC1_13b,ICL013m_b,4.0
pC1_13b,LAL029_b,1.0
pC1_13b,OA-VUMa8,2.0
pC1_13b,PVLP138,116.0
pC1_13b,PVLP200m_b,11.0
pC1_13b,SIP091,2.0
pC1_13b,SIP104m,1.75
pC1_13b,SIP110m_a,2.0
pC1_13b,SIP118m,0.6666667
pC1_13b,SIP119m,0.85714287
pC1_13b,SIP133m,3.0
pC1_13b,SIP146m,0.33333334
pC1_13b,SMP493,2.0
pC1_13b,SMP709m,1.0
pC1_13b,VES022,2.0
pC1_13b,aSP22,2.0
pC1_13b,pC1_14a,1.0
pC1_13b,pC1_7a,0.5
pC1_13b,pIP10,2.0
pC1_14a,AN00A006,1.0
pC1_14a,AOTU042,4.0
pC1_14a,AVLP210,5.0
pC1_14a,CL251,1.0
pC1_14a,CL344_a,21.0
pC1_14a,CRE021,0.5
pC1_14a,DNg101,3.0
pC1_14a,DNp36,6.0
pC1_14a,DNpe025,1.0
pC1_14a,ICL003m,1.0
pC1_14a,SIP104m,2.75
pC1_14a,SIP119m,0.14285715
pC1_14a,SIP133m,89.0
pC1_14a,SIP136m,2.5
pC1_14a,SIP141m,15.0
pC1_14a,SIP143m,8.0
pC1_14a,VES202m,1.0
pC1_14a,WED014,1.0
pC1_14a,aSP22,6.0
pC1_14a,pC1_13b,1.0
pC1_14a,pIP10,31.0
pC1_2b,AN08B020,2.0
pC1_2b,AOTU100m,1.0
pC1_2b,AVLP714m,1.0
pC1_2b,AVLP728m,2.3333333
pC1_2b,AVLP733m,2.0
pC1_2b,CL062_b3,0.5
pC1_2b,CL311,1.0
pC1_2b,DNp36,2.0
pC1_2b,DNpe025,55.0
pC1_2b,PVLP016,8.0
pC1_2b,PVLP203m,0.5
pC1_2b,SIP091,5.0
pC1_2b,SIP104m,19.25
pC1_2b,SIP110m_a,1.0
pC1_2b,SIP118m,7.0
pC1_2b,SIP119m,1.1428572
pC1_2b,SIP122m,2.0
pC1_2b,SIP124m,6.6666665
pC1_2b,SIP145m,6.0
pC1_2b,SIP146m,1.6666666
pC1_2b,SMP109,3.0
pC1_2b,VES022,1.0
pC1_2b,aSP10A_a,2.0
pC1_2b,pC1_13b,1.0
pC1_6a,AN08B020,1.0
pC1_6a,AVLP714m,1.0
pC1_6a,AVLP715m,3.0
pC1_6a,AVLP727m,1.0
pC1_6a,AVLP730m,3.0
pC1_6a,AVLP731m,1.0
pC1_6a,AVLP734m,1.4
pC1_6a,AVLP738m,6.0
pC1_6a,AVLP746m,6.0
pC1_6a,AVLP760m,2.0
pC1_6a,CL062_a1,0.5
pC1_6a,CL062_b3,0.5
pC1_6a,CL208,2.3333333
pC1_6a,CL311,1.0
pC1_6a,CRE021,4.5
pC1_6a,DNp60,1.0
pC1_6a,DNp62,0.5
pC1_6a,ICL008m,0.5
pC1_6a,PVLP016,19.0
pC1_6a,SIP104m,1.0
pC1_6a,SIP119m,0.42857143
pC1_6a,SIP124m,2.3333333
pC1_6a,SIP133m,0.5
pC1_6a,SIP146m,4.0
pC1_6a,SMP108,1.0
pC1_6a,SMP109,7.0
pC1_6a,VES022,1.0
pC1_6a,VES092,2.0
pC1_6a,aSP10A_a,1.0
pC1_6a,aSP10A_b,0.5
pC1_6a,pIP10,1.0
pC1_7a,AN00A006,0.5
pC1_7a,AOTU100m,0.5
pC1_7a,AVLP096,1.0
pC1_7a,AVLP210,30.5
pC1_7a,AVLP476,1.0
pC1_7a,AVLP477,0.25
pC1_7a,AVLP488,1.0
pC1_7a,AVLP562,1.0
pC1_7a,AVLP710m,3.0
pC1_7a,AVLP714m,1.5
pC1_7a,AVLP727m,0.25
pC1_7a,AVLP728m,0.16666667
pC1_7a,AVLP730m,12.5
pC1_7a,AVLP738m,0.5
pC1_7a,AVLP746m,1.0
pC1_7a,AVLP751m,1.0
pC1_7a,CB1017,0.5
pC1_7a,CL311,25.5
pC1_7a,DNp46,0.5
pC1_7a,DNp62,0.25
pC1_7a,DNpe050,0.25
pC1_7a,ICL003m,0.5
pC1_7a,ICL012m,10.5
pC1_7a,OA-VUMa8,0.5
pC1_7a,PVLP016,1.0
pC1_7a,PVLP200m_b,3.0
pC1_7a,SIP091,1.0
pC1_7a,SIP104m,20.625
pC1_7a,SIP119m,0.21428572
pC1_7a,SIP122m,0.5
pC1_7a,SIP124m,3.5
pC1_7a,SIP133m,1.0
pC1_7a,SIP136m,0.75
pC1_7a,SIP141m,1.0
pC1_7a,SIP143m,3.0
pC1_7a,SIP146m,1.5
pC1_7a,SMP052,1.8333334
pC1_7a,SMP493,1.5
pC1_7a,SMP709m,2.0
pC1_7a,VES092,1.25
pC1_7a,VES202m,0.5
pC1_7a,aIPg1,1.5
pC1_7a,aSP10A_a,0.5
pC1_7a,aSP22,5.0
pC1_7a,pC1_7a,3.5
pC1_7a,pC1x_b,0.5
pC1_7a,pIP10,14.0
pC1x_b,AN00A006,0.5
pC1x_b,AstA1,1.0
pC1x_b,DNp62,19.5
pC1x_b,DNpe053,12.0
pC1x_b,Delta7,0.1904762
pC1x_b,EPG,0.08695652
pC1x_b,FB7F,0.75
pC1x_b,FB7G,1.5
pC1x_b,FB7I,1.0
pC1x_b,IbSpsP,0.16129032
pC1x_b,LPsP,3.0
pC1x_b,PAL01,5.0
pC1x_b,PAM04,0.2
pC1x_b,PAM09,0.5
pC1x_b,PEG,0.11111111
pC1x_b,PEN_b(PEN2),0.18181819
pC1x_b,PFGs,0.11111111
pC1x_b,PFNa,0.10344828
pC1x_b,PFNd,0.125
pC1x_b,PFNm_b,0.1923077
pC1x_b,PFNp_a,0.015625
pC1x_b,PFNp_b,0.007352941
pC1x_b,SIP104m,0.25
pC1x_b,SMP028,52.0
pC1x_b,SMP108,6.0
pC1x_b,SMP709m,1.0
pC1x_b,SpsP,0.25
pC1x_b,pIP10,2.0
pIP10,AN00A006,3.5
pIP10,ANXXX152,21.0
pIP10,AVLP256,1.0
pIP10,AVLP704m,1.0
pIP10,AVLP710m,2.0
pIP10,AVLP716m,4.0
pIP10,AVLP760m,2.5
pIP10,CL062_b1,1.0
pIP10,CL122_a,0.5
pIP10,CL248,20.5
pIP10,CL310,1.0
pIP10,CL335,1.0
pIP10,CL344_a,0.5
pIP10,CL366,1.0
pIP10,CRE021,1.5
pIP10,CRE065,1.0
pIP10,DNa14,1.0
pIP10,DNg101,1.0
pIP10,DNp23,1.0
pIP10,DNp36,2.0
pIP10,DNp52,1.0
pIP10,DNp62,0.5
pIP10,DNp64,1.0
pIP10,DNp67,1.0
pIP10,DNpe050,1.5
pIP10,GNG011,13.0
pIP10,GNG305,11.0
pIP10,GNG667,1.5
pIP10,ICL008m,4.5
pIP10,ICL010m,2.0
pIP10,OA-AL2i1,0.5
pIP10,PVLP016,1.0
pIP10,PVLP138,1.0
pIP10,SCL001m,0.33333334
pIP10,SIP110m_a,2.0
pIP10,SIP118m,0.6666667
pIP10,SIP119m,0.2857143
pIP10,SIP133m,3.5
pIP10,SIP136m,3.0
pIP10,SIP141m,2.0
pIP10,SIP143m,1.0
pIP10,SMP709m,1.0
pIP10,VES024_a,15.0
pIP10,VES053,1.0
pIP10,VES087,1.0
pIP10,VES204m,1.0
pIP10,pC1_13b,2.0
pIP10,pC1x_b,1.0
vDeltaA_a,AOTU046,0.092857145
vDeltaA_a,AVLP121,0.007142857
vDeltaA_a,AVLP314,0.028571429
vDeltaA_a,DNc01,0.014285714
vDeltaA_a,EPG,0.000621118
vDeltaA_a,ER2_c,0.0007142857
vDeltaA_a,ExR1,0.060714286
vDeltaA_a,ExR5,0.007142857
vDeltaA_a,ExR8,0.007142857
vDeltaA_a,FB1B,0.46785715
vDeltaA_a,FB1C,0.014285714
vDeltaA_a,FB1D,0.0028571428
vDeltaA_a,FB1G,0.05
vDeltaA_a,FB1I,0.18571429
vDeltaA_a,FB1J,1.2214285
vDeltaA_a,FB2B_b,0.014285714
vDeltaA_a,FB2D,0.16904762
vDeltaA_a,FB2E,0.0035714286
vDeltaA_a,FB2G_b,0.004761905
vDeltaA_a,FB2I_a,0.0014285714
vDeltaA_a,FB3C,0.016483517
vDeltaA_a,FB3E,0.17142858
vDeltaA_a,FB4C,0.014285714
vDeltaA_a,FB4F_b,0.007142857
vDeltaA_a,FB4G,0.37142858
vDeltaA_a,FB4H,0.37142858
vDeltaA_a,FB4N,0.07857143
vDeltaA_a,FB4Y,0.175
vDeltaA_a,FB4Z_a,0.005357143
vDeltaA_a,FB4Z_b,0.004761905
vDeltaA_a,FB4Z_c,0.007142857
vDeltaA_a,FB5A,0.010714286
vDeltaA_a,FB5AA,0.035714287
vDeltaA_a,FB5C,0.00952381
vDeltaA_a,FB5G_a,0.007142857
vDeltaA_a,FB5G_b,0.007142857
vDeltaA_a,FB5U,0.0035714286
vDeltaA_a,FB5V_a,0.07857143
vDeltaA_a,FB5V_b,0.007142857
vDeltaA_a,FB5V_c,0.0028571428
vDeltaA_a,FB5Z,0.0035714286
vDeltaA_a,FB6A_a,0.3857143
vDeltaA_a,FB6A_b,0.014285714
vDeltaA_a,FB6J,0.0057142857
vDeltaA_a,FB6P,0.007142857
vDeltaA_a,FB6Q,0.014285714
vDeltaA_a,FB6R,0.07857143
vDeltaA_a,FB6Y,0.057142857
vDeltaA_a,FB7B,0.15714286
vDeltaA_a,FB7C,0.09428571
vDeltaA_a,FB7D_a,0.028571429
vDeltaA_a,FB7D_b,0.0035714286
vDeltaA_a,FB7F,0.010714286
vDeltaA_a,FB7G,0.092857145
vDeltaA_a,FB7I,0.017142856
vDeltaA_a,FB7J,0.425
vDeltaA_a,FB7L,0.004761905
vDeltaA_a,FB7M,0.35
vDeltaA_a,FB8A,1.8642857
vDeltaA_a,FB8B,0.2
vDeltaA_a,FB8C,0.10357143
vDeltaA_a,FB8D,0.55714285
vDeltaA_a,FB8E,1.5542858
vDeltaA_a,FB8F_a,0.24693878
vDeltaA_a,FB8F_b,0.2015873
vDeltaA_a,FB8G,0.054761905
vDeltaA_a,FB8H,0.7
vDeltaA_a,FB8I,0.07380953
vDeltaA_a,FB9A,1.2119048
vDeltaA_a,FB9B_a,0.42857143
vDeltaA_a,FB9B_b,1.3
vDeltaA_a,FB9B_c,0.31785715
vDeltaA_a,FB9B_d,0.64285713
vDeltaA_a,FB9B_e,0.13214286
vDeltaA_a,FB9C,0.66071427
vDeltaA_a,FC1A,0.0016806723
vDeltaA_a,FC1B,0.0025974025
vDeltaA_a,FC1D,0.00057142857
vDeltaA_a,FC2A,0.0007936508
vDeltaA_a,FC2B,0.0021164021
vDeltaA_a,FC2C,0.009118541
vDeltaA_a,FR1,0.0023809525
vDeltaA_a,FR2,0.0007936508
vDeltaA_a,FS1A_b,0.0032967033
vDeltaA_a,FS1B_b,0.00089285715
vDeltaA_a,FS2,0.008503402
vDeltaA_a,FS3,0.042857144
vDeltaA_a,FS3_a,0.0019047619
vDeltaA_a,FS3_c,0.0020408162
vDeltaA_a,FS3_d,0.011059908
vDeltaA_a,FS4A,0.29924813
vDeltaA_a,FS4B,0.18226601
vDeltaA_a,FS4C,0.023469388
vDeltaA_a,IB115,0.014285714
vDeltaA_a,IPC,0.15
vDeltaA_a,PAM09,0.114285715
vDeltaA_a,PEN_a(PEN1),0.0035714286
vDeltaA_a,PEN_b(PEN2),0.001948052
vDeltaA_a,PFGs,0.004761905
vDeltaA_a,PFL2,0.0035714286
vDeltaA_a,PFL3,0.004166667
vDeltaA_a,PFNa,0.0007389163
vDeltaA_a,PFNd,0.0010714285
vDeltaA_a,PFNm_a,0.0006802721
vDeltaA_a,PFNm_b,0.0010989011
vDeltaA_a,PFNp_a,0.0015625
vDeltaA_a,PFNp_b,0.00042016807
vDeltaA_a,PFNp_d,0.005612245
vDeltaA_a,PFNp_e,0.001863354
vDeltaA_a,PFR_b,0.0017857143
vDeltaA_a,SA1_a,0.46190476
vDeltaA_a,SA1_b,0.4542857
vDeltaA_a,SA1_c,0.5285714
vDeltaA_a,SA2_a,0.62857145
vDeltaA_a,SA2_b,0.45714286
vDeltaA_a,SA2_c,0.37142858
vDeltaA_a,SA3,0.9053571
vDeltaA_a,SAF,0.7607143
vDeltaA_a,hDeltaA,0.011904762
vDeltaA_a,hDeltaC,0.0007142857
vDeltaA_a,hDeltaD,5.866071
vDeltaA_a,hDeltaE,0.21071428
vDeltaA_a,hDeltaF,0.017857144
vDeltaA_a,hDeltaG,0.008928572
vDeltaA_a,hDeltaH,0.0017857143
vDeltaA_a,hDeltaI,0.0025210085
vDeltaA_a,hDeltaJ,0.0004608295
vDeltaA_a,hDeltaL,0.025974026
vDeltaA_a,vDeltaA_a,0.6665306
vDeltaA_a,vDeltaA_b,0.10138249
vDeltaA_a,vDeltaB,0.0050691245
vDeltaA_a,vDeltaC,0.0037037036
vDeltaA_a,vDeltaD,0.0020408162
vDeltaA_a,vDeltaE,0.0007936508
vDeltaA_a,vDeltaF,0.0007936508
vDeltaA_a,vDeltaG,0.0007936508
vDeltaA_a,vDeltaH,0.0015873016
vDeltaA_a,vDeltaI_a,0.01512605
vDeltaA_a,vDeltaI_b,0.015714286
vDeltaA_a,vDeltaJ,0.064935066
vDeltaA_a,vDeltaK,0.018541034
vDeltaA_a,vDeltaL,0.0054054055
vDeltaA_a,vDeltaM,0.004935065
vDeltaA_b,AVLP520,0.032258064
vDeltaA_b,DNc01,0.032258064
vDeltaA_b,ExR1,0.11290322
vDeltaA_b,ExR5,0.008064516
vDeltaA_b,FB1C,0.008064516
vDeltaA_b,FB1G,0.016129032
vDeltaA_b,FB1I,3.967742
vDeltaA_b,FB1J,5.854839
vDeltaA_b,FB4G,0.016129032
vDeltaA_b,FB4H,0.12903225
vDeltaA_b,FB4Y,0.032258064
vDeltaA_b,FB5A,0.008064516
vDeltaA_b,FB5V_a,0.005376344
vDeltaA_b,FB5V_c,0.006451613
vDeltaA_b,FB6A_a,0.08064516
vDeltaA_b,FB6R,0.032258064
vDeltaA_b,FB6S,0.008064516
vDeltaA_b,FB6U,0.008064516
vDeltaA_b,FB6Y,0.032258064
vDeltaA_b,FB6Z,0.032258064
vDeltaA_b,FB7A,0.07526882
vDeltaA_b,FB7B,2.7258065
vDeltaA_b,FB7C,0.33548388
vDeltaA_b,FB7D_a,0.10483871
vDeltaA_b,FB7D_b,0.008064516
vDeltaA_b,FB7E,0.07526882
vDeltaA_b,FB7F,0.09677419
vDeltaA_b,FB7G,0.10483871
vDeltaA_b,FB7H,0.29032257
vDeltaA_b,FB7I,0.032258064
vDeltaA_b,FB7J,0.30645162
vDeltaA_b,FB7K,0.14516129
vDeltaA_b,FB7L,1.0752689
vDeltaA_b,FB7M,0.9677419
vDeltaA_b,FB8A,1.0645162
vDeltaA_b,FB8B,0.7903226
vDeltaA_b,FB8C,0.8951613
vDeltaA_b,FB8D,0.66129035
vDeltaA_b,FB8E,2.083871
vDeltaA_b,FB8F_a,0.86175114
vDeltaA_b,FB8F_b,0.53405017
vDeltaA_b,FB8G,2.419355
vDeltaA_b,FB8H,1.516129
vDeltaA_b,FB8I,2.4623656
vDeltaA_b,FB9A,0.22580644
vDeltaA_b,FB9B_a,0.04032258
vDeltaA_b,FB9B_b,0.032258064
vDeltaA_b,FB9B_d,0.10483871
vDeltaA_b,FB9B_e,0.016129032
vDeltaA_b,FB9C,0.06048387
vDeltaA_b,FC2C,0.03500343
vDeltaA_b,FS2,0.0038402458
vDeltaA_b,FS3_a,0.0043010754
vDeltaA_b,FS3_b,0.00921659
vDeltaA_b,FS3_d,0.03850156
vDeltaA_b,FS4A,0.18336163
vDeltaA_b,FS4B,0.024471635
vDeltaA_b,FS4C,0.004608295
vDeltaA_b,IPC,1.6612903
vDeltaA_b,PAM09,0.016129032
vDeltaA_b,PFGs,0.0017921147
vDeltaA_b,PFNd,0.0008064516
vDeltaA_b,PFNm_b,0.0024813896
vDeltaA_b,PFNp_a,0.0010080645
vDeltaA_b,PFNp_c,0.0008064516
vDeltaA_b,PFNp_d,0.0023041475
vDeltaA_b,PFR_a,0.0011520737
vDeltaA_b,SA1_a,0.010752688
vDeltaA_b,SA2_a,0.010752688
vDeltaA_b,SA2_b,0.008064516
vDeltaA_b,SA3,0.004032258
vDeltaA_b,SAF,0.15322581
vDeltaA_b,hDeltaA,0.005376344
vDeltaA_b,hDeltaC,0.0016129032
vDeltaA_b,hDeltaD,7.451613
vDeltaA_b,hDeltaE,6.564516
vDeltaA_b,hDeltaF,0.16935484
vDeltaA_b,hDeltaL,0.017595308
vDeltaA_b,vDeltaA_a,0.0359447
vDeltaA_b,vDeltaA_b,0.4037461
vDeltaA_b,vDeltaB,0.07804371
vDeltaA_b,vDeltaC,0.0047789724
vDeltaA_b,vDeltaD,0.0030721966
vDeltaA_b,vDeltaE,0.0035842294
vDeltaA_b,vDeltaF,0.005376344
vDeltaA_b,vDeltaG,0.0017921147
vDeltaA_b,vDeltaI_a,0.0056926
vDeltaA_b,vDeltaI_b,0.0032258064
vDeltaA_b,vDeltaK,0.0013726836
vDeltaA_b,vDeltaL,0.0008718396
vDeltaB,ExR1,0.18548387
vDeltaB,FB1I,10.774194
vDeltaB,FB1J,2.2741935
vDeltaB,FB6B,0.20967741
vDeltaB,FB6C_a,0.048387095
vDeltaB,FB6E,0.016129032
vDeltaB,FB6F,0.048387095
vDeltaB,FB6G,0.032258064
vDeltaB,FB6H,0.516129
vDeltaB,FB6I,0.016129032
vDeltaB,FB6K,0.008064516
vDeltaB,FB6M,0.016129032
vDeltaB,FB6N,0.032258064
vDeltaB,FB6O,1.451613
vDeltaB,FB6Q,0.016129032
vDeltaB,FB6S,0.11290322
vDeltaB,FB6T,0.12903225
vDeltaB,FB6U,0.16935484
vDeltaB,FB6Y,0.06451613
vDeltaB,FB6Z,0.08064516
vDeltaB,FB7A,1.0215054
vDeltaB,FB7B,8.0
vDeltaB,FB7C,1.2709677
vDeltaB,FB7D_a,0.4032258
vDeltaB,FB7D_b,0.07258064
vDeltaB,FB7E,1.0430107
vDeltaB,FB7F,0.23387097
vDeltaB,FB7G,0.36290324
vDeltaB,FB7H,9.096774
vDeltaB,FB7I,0.92258066
vDeltaB,FB7J,0.83064514
vDeltaB,FB7K,1.2258065
vDeltaB,FB7L,3.467742
vDeltaB,FB7M,1.1129032
vDeltaB,FB8A,0.032258064
vDeltaB,FB8B,0.17741935
vDeltaB,FB8C,0.24193548
vDeltaB,FB8D,0.08064516
vDeltaB,FB8E,0.06451613
vDeltaB,FB8F_a,0.11059908
vDeltaB,FB8F_b,0.11111111
vDeltaB,FB8G,5.016129
vDeltaB,FB8H,0.09139785
vDeltaB,FB8I,1.3494624
vDeltaB,FC2C,0.056280028
vDeltaB,FS2,0.029953917
vDeltaB,FS3,0.11290322
vDeltaB,FS3_a,0.12903225
vDeltaB,FS3_b,0.03686636
vDeltaB,FS3_c,0.14746544
vDeltaB,FS3_d,0.036420394
vDeltaB,FS4A,0.014714205
vDeltaB,FS4B,0.0066740825
vDeltaB,FS4C,0.00921659
vDeltaB,IPC,0.4516129
vDeltaB,PAM09,0.016129032
vDeltaB,PFGs,0.27240142
vDeltaB,PFNp_a,0.00050403224
vDeltaB,SAF,0.012096774
vDeltaB,hDeltaC,0.006451613
vDeltaB,hDeltaD,1.9153225
vDeltaB,hDeltaE,12.508064
vDeltaB,hDeltaF,0.79435486
vDeltaB,hDeltaK,0.003121748
vDeltaB,hDeltaL,0.3841642
vDeltaB,vDeltaA_a,0.001843318
vDeltaB,vDeltaA_b,0.04578564
vDeltaB,vDeltaB,0.50988555
vDeltaB,vDeltaC,0.23297492
vDeltaB,vDeltaD,0.0061443932
vDeltaB,vDeltaE,0.0017921147
vDeltaC,AN27X013,0.012345679
vDeltaC,ExR1,0.009259259
vDeltaC,ExR3,0.11111111
vDeltaC,FB1A,0.009259259
vDeltaC,FB1C,0.009259259
vDeltaC,FB1E_a,0.0074074073
vDeltaC,FB1F,0.018518519
vDeltaC,FB1G,0.018518519
vDeltaC,FB1I,2.7592592
vDeltaC,FB1J,0.16666667
vDeltaC,FB2F_c,0.009259259
vDeltaC,FB5AB,0.074074075
vDeltaC,FB5B,0.012345679
vDeltaC,FB5G_a,0.018518519
vDeltaC,FB5G_b,0.018518519
vDeltaC,FB5Y_b,0.5
vDeltaC,FB6A_a,0.18518518
vDeltaC,FB6A_b,0.16666667
vDeltaC,FB6A_c,0.018518519
vDeltaC,FB6B,4.611111
vDeltaC,FB6C_a,0.3888889
vDeltaC,FB6C_b,0.09876543
vDeltaC,FB6D,0.055555556
vDeltaC,FB6E,0.44444445
vDeltaC,FB6F,0.2037037
vDeltaC,FB6G,0.5740741
vDeltaC,FB6H,11.314815
vDeltaC,FB6I,0.35185185
vDeltaC,FB6J,0.12592593
vDeltaC,FB6K,0.19444445
vDeltaC,FB6L,0.12345679
vDeltaC,FB6M,0.083333336
vDeltaC,FB6N,0.37037036
vDeltaC,FB6O,8.962963
vDeltaC,FB6Q,0.25925925
vDeltaC,FB6R,0.018518519
vDeltaC,FB6S,0.013888889
vDeltaC,FB6T,0.16666667
vDeltaC,FB6U,3.2037036
vDeltaC,FB6V,0.16666667
vDeltaC,FB6X,0.018518519
vDeltaC,FB6Y,0.7962963
vDeltaC,FB6Z,0.6666667
vDeltaC,FB7A,0.29012346
vDeltaC,FB7B,2.148148
vDeltaC,FB7C,0.5407407
vDeltaC,FB7D_a,0.6851852
vDeltaC,FB7D_b,0.39814815
vDeltaC,FB7E,1.345679
vDeltaC,FB7F,0.018518519
vDeltaC,FB7G,1.7037038
vDeltaC,FB7H,10.055555
vDeltaC,FB7I,4.6
vDeltaC,FB7J,0.46296296
vDeltaC,FB7K,0.046296295
vDeltaC,FB7L,2.580247
vDeltaC,FB7M,0.074074075
vDeltaC,FB8B,0.009259259
vDeltaC,FB8C,0.009259259
vDeltaC,FB8F_a,0.02116402
vDeltaC,FB8F_b,0.008230452
vDeltaC,FB8G,0.9506173
vDeltaC,FB8I,0.043209877
vDeltaC,FC2B,0.0054869684
vDeltaC,FC2C,0.09456265
vDeltaC,FC3_c,0.0074074073
vDeltaC,FS1A_b,0.014245015
vDeltaC,FS1B_b,0.0046296297
vDeltaC,FS2,0.20017637
vDeltaC,FS3_a,0.20246914
vDeltaC,FS3_b,0.02910053
vDeltaC,FS3_c,0.18518518
vDeltaC,FS3_d,0.009557945
vDeltaC,FS4A,0.0038986355
vDeltaC,FS4B,0.0038314175
vDeltaC,FS4C,0.011904762
vDeltaC,IPC,0.074074075
vDeltaC,PFGs,0.7654321
vDeltaC,PFNa,0.0012771392
vDeltaC,PFNd,0.0009259259
vDeltaC,PFNm_a,0.0017636684
vDeltaC,PFNm_b,0.0014245014
vDeltaC,PFNp_c,0.0009259259
vDeltaC,hDeltaC,0.035185184
vDeltaC,hDeltaD,0.050925925
vDeltaC,hDeltaE,5.148148
vDeltaC,hDeltaF,1.1435186
vDeltaC,hDeltaG,0.013888889
vDeltaC,hDeltaK,0.007168459
vDeltaC,hDeltaL,5.922559
vDeltaC,vDeltaA_a,0.0010582011
vDeltaC,vDeltaA_b,0.0047789724
vDeltaC,vDeltaB,0.101553164
vDeltaC,vDeltaC,0.47736627
vDeltaC,vDeltaD,0.17107584
vDeltaC,vDeltaE,0.0061728396
vDeltaC,vDeltaG,0.004115226
vDeltaC,vDeltaI_a,0.0021786492
vDeltaC,vDeltaL,0.001001001
vDeltaD,EPG,0.0010351967
vDeltaD,ExR3,0.16666667
vDeltaD,FB1A,0.011904762
vDeltaD,FB1I,0.45238096
vDeltaD,FB1J,0.023809524
vDeltaD,FB2F_d,0.011904762
vDeltaD,FB2M_b,0.04761905
vDeltaD,FB4Y,0.04761905
vDeltaD,FB5A,0.04761905
vDeltaD,FB5AA,0.42857143
vDeltaD,FB5AB,0.35714287
vDeltaD,FB5B,0.07936508
vDeltaD,FB5G_a,0.25
vDeltaD,FB5G_b,0.16666667
vDeltaD,FB5I,0.1904762
vDeltaD,FB5K,0.023809524
vDeltaD,FB5L,0.16666667
vDeltaD,FB5O,0.023809524
vDeltaD,FB5S,0.037037037
vDeltaD,FB5Y_a,0.5
vDeltaD,FB5Y_b,3.6666667
vDeltaD,FB6A_a,0.4047619
vDeltaD,FB6A_b,0.52380955
vDeltaD,FB6A_c,0.16666667
vDeltaD,FB6B,5.2619047
vDeltaD,FB6C_a,0.45238096
vDeltaD,FB6C_b,0.46825397
vDeltaD,FB6D,0.14285715
vDeltaD,FB6E,0.33333334
vDeltaD,FB6F,0.52380955
vDeltaD,FB6G,0.54761904
vDeltaD,FB6H,10.333333
vDeltaD,FB6I,0.42857143
vDeltaD,FB6J,0.5809524
vDeltaD,FB6K,0.5
vDeltaD,FB6L,0.23809524
vDeltaD,FB6M,0.27380952
vDeltaD,FB6N,3.857143
vDeltaD,FB6O,12.404762
vDeltaD,FB6P,0.16666667
vDeltaD,FB6Q,0.3809524
vDeltaD,FB6R,0.61904764
vDeltaD,FB6S,0.041666668
vDeltaD,FB6T,0.011904762
vDeltaD,FB6U,5.8095236
vDeltaD,FB6V,5.6190476
vDeltaD,FB6W,0.26190478
vDeltaD,FB6X,0.45238096
vDeltaD,FB6Y,1.0238096
vDeltaD,FB6Z,1.0
vDeltaD,FB7A,0.16666667
vDeltaD,FB7B,0.023809524
vDeltaD,FB7C,0.15238096
vDeltaD,FB7D_a,0.23809524
vDeltaD,FB7D_b,0.44047618
vDeltaD,FB7E,0.44444445
vDeltaD,FB7G,0.71428573
vDeltaD,FB7H,3.142857
vDeltaD,FB7I,3.552381
vDeltaD,FB7J,0.10714286
vDeltaD,FB7L,0.50793654
vDeltaD,FB8C,0.011904762
vDeltaD,FB8G,0.04761905
vDeltaD,FB8I,0.007936508
vDeltaD,FC1A,0.0028011205
vDeltaD,FC2B,0.08465608
vDeltaD,FC2C,0.2046606
vDeltaD,FC3_a,0.014005602
vDeltaD,FC3_c,0.01904762
vDeltaD,FR1,0.01058201
vDeltaD,FR2,0.0026455026
vDeltaD,FS1A_b,0.062271062
vDeltaD,FS1A_c,0.01058201
vDeltaD,FS1B_b,0.020833334
vDeltaD,FS2,0.48866212
vDeltaD,FS3_a,0.114285715
vDeltaD,FS3_b,0.037414964
vDeltaD,FS3_c,0.14285715
vDeltaD,FS3_d,0.0122887865
vDeltaD,FS4A,0.0016708438
vDeltaD,FS4B,0.0016420361
vDeltaD,FS4C,0.022108844
vDeltaD,OA-VPM3,0.1904762
vDeltaD,PFGs,0.76455027
vDeltaD,PFNp_b,0.00035014006
vDeltaD,PFR_a,0.0034013605
vDeltaD,hDeltaA,0.003968254
vDeltaD,hDeltaC,0.13095239
vDeltaD,hDeltaD,0.005952381
vDeltaD,hDeltaE,0.30952382
vDeltaD,hDeltaF,0.44642857
vDeltaD,hDeltaG,1.8154762
vDeltaD,hDeltaH,0.005952381
vDeltaD,hDeltaK,0.02764977
vDeltaD,hDeltaL,12.372294
vDeltaD,vDeltaB,0.004608295
vDeltaD,vDeltaC,0.12522046
vDeltaD,vDeltaD,0.18820861
vDeltaD,vDeltaE,0.1005291
vDeltaD,vDeltaF,0.007936508
vDeltaD,vDeltaM,0.0008658009
vDeltaE,AN27X013,0.018518519
vDeltaE,DNc02,0.027777778
vDeltaE,ExR3,0.055555556
vDeltaE,FB1I,0.027777778
vDeltaE,FB2D,0.009259259
vDeltaE,FB2I_a,0.0055555557
vDeltaE,FB3C,0.0042735045
vDeltaE,FB4P_a,0.013888889
vDeltaE,FB4X,0.055555556
vDeltaE,FB4Y,0.22222222
vDeltaE,FB5A,0.5555556
vDeltaE,FB5AA,8.194445
vDeltaE,FB5AB,0.8333333
vDeltaE,FB5B,0.5740741
vDeltaE,FB5C,0.8148148
vDeltaE,FB5D,0.055555556
vDeltaE,FB5E,0.027777778
vDeltaE,FB5G_a,0.5416667
vDeltaE,FB5G_b,0.11111111
vDeltaE,FB5G_c,0.41666666
vDeltaE,FB5H,0.8333333
vDeltaE,FB5I,1.6944444
vDeltaE,FB5J,0.1388889
vDeltaE,FB5K,1.3888888
vDeltaE,FB5L,10.444445
vDeltaE,FB5N,0.125
vDeltaE,FB5O,0.7222222
vDeltaE,FB5P,0.013888889
vDeltaE,FB5Q,0.11111111
vDeltaE,FB5R,0.041666668
vDeltaE,FB5S,0.39506173
vDeltaE,FB5U,0.041666668
vDeltaE,FB5Y_a,4.638889
vDeltaE,FB5Y_b,4.6944447
vDeltaE,FB5Z,0.19444445
vDeltaE,FB6A_a,0.11111111
vDeltaE,FB6A_b,0.22222222
vDeltaE,FB6A_c,0.19444445
vDeltaE,FB6B,0.33333334
vDeltaE,FB6C_a,0.11111111
vDeltaE,FB6C_b,0.35185185
vDeltaE,FB6D,0.11111111
vDeltaE,FB6E,0.2777778
vDeltaE,FB6F,0.4722222
vDeltaE,FB6G,0.16666667
vDeltaE,FB6H,0.5
vDeltaE,FB6J,0.41111112
vDeltaE,FB6K,0.5138889
vDeltaE,FB6L,0.25925925
vDeltaE,FB6M,0.11111111
vDeltaE,FB6N,15.833333
vDeltaE,FB6O,4.5555553
vDeltaE,FB6P,0.11111111
vDeltaE,FB6Q,0.30555555
vDeltaE,FB6R,1.1388888
vDeltaE,FB6S,0.104166664
vDeltaE,FB6T,0.013888889
vDeltaE,FB6U,1.7638888
vDeltaE,FB6V,7.2777777
vDeltaE,FB6W,5.4722223
vDeltaE,FB6X,0.9444444
vDeltaE,FB6Y,0.027777778
vDeltaE,FB6Z,0.083333336
vDeltaE,FB7C,0.011111111
vDeltaE,FB7D_a,0.013888889
vDeltaE,FB7D_b,0.027777778
vDeltaE,FB7E,0.037037037
vDeltaE,FB7G,0.013888889
vDeltaE,FB7H,0.19444445
vDeltaE,FB7I,0.33333334
vDeltaE,FB7L,0.018518519
vDeltaE,FB8G,0.009259259
vDeltaE,FC2A,0.0030864198
vDeltaE,FC2B,0.6995885
vDeltaE,FC2C,0.23049645
vDeltaE,FC3_a,0.06535948
vDeltaE,FC3_b,0.027777778
vDeltaE,FC3_c,0.07777778
vDeltaE,FR1,0.08950617
vDeltaE,FS1A_a,0.041666668
vDeltaE,FS1A_b,0.10683761
vDeltaE,FS1A_c,0.058641974
vDeltaE,FS1B_a,0.0042735045
vDeltaE,FS1B_b,0.034722224
vDeltaE,FS2,0.60714287
vDeltaE,FS3_a,0.05185185
vDeltaE,FS3_b,0.015873017
vDeltaE,FS3_c,0.08730159
vDeltaE,FS3_d,0.010752688
vDeltaE,FS4A,0.0009746589
vDeltaE,FS4B,0.0019157088
vDeltaE,FS4C,0.017857144
vDeltaE,OA-VPM3,0.8333333
vDeltaE,PFGs,0.6574074
vDeltaE,PFL2,0.055555556
vDeltaE,PFL3,0.04398148
vDeltaE,PFNa,0.0009578544
vDeltaE,PFR_a,0.015873017
vDeltaE,PFR_b,0.35416666
vDeltaE,hDeltaC,0.17777778
vDeltaE,hDeltaD,0.013888889
vDeltaE,hDeltaE,0.034722224
vDeltaE,hDeltaF,0.07638889
vDeltaE,hDeltaG,16.70139
vDeltaE,hDeltaH,0.25694445
vDeltaE,hDeltaJ,0.005376344
vDeltaE,hDeltaK,0.02329749
vDeltaE,hDeltaL,4.1868687
vDeltaE,hDeltaM,0.13194445
vDeltaE,vDeltaA_a,0.0007936508
vDeltaE,vDeltaB,0.0017921147
vDeltaE,vDeltaC,0.002057613
vDeltaE,vDeltaD,0.08201058
vDeltaE,vDeltaE,0.3148148
vDeltaE,vDeltaF,0.09259259
vDeltaE,vDeltaG,0.0061728396
vDeltaE,vDeltaK,0.0023640662
vDeltaF,EL,0.0030864198
vDeltaF,ExR3,0.027777778
vDeltaF,FB1G,0.027777778
vDeltaF,FB2F_a,0.009259259
vDeltaF,FB4N,0.055555556
vDeltaF,FB4P_a,0.013888889
vDeltaF,FB4X,0.9444444
vDeltaF,FB4Y,2.5277777
vDeltaF,FB4Z_b,0.037037037
vDeltaF,FB4Z_c,0.013888889
vDeltaF,FB5A,0.7361111
vDeltaF,FB5AA,4.4444447
vDeltaF,FB5AB,1.5277778
vDeltaF,FB5B,0.6851852
vDeltaF,FB5C,3.851852
vDeltaF,FB5D,0.7407407
vDeltaF,FB5E,0.22222222
vDeltaF,FB5F,0.33333334
vDeltaF,FB5G_a,0.45833334
vDeltaF,FB5G_b,0.44444445
vDeltaF,FB5G_c,0.3611111
vDeltaF,FB5H,6.25
vDeltaF,FB5I,1.6666666
vDeltaF,FB5K,14.333333
vDeltaF,FB5L,17.805555
vDeltaF,FB5M,0.027777778
vDeltaF,FB5N,0.30555555
vDeltaF,FB5O,2.6388888
vDeltaF,FB5P,0.041666668
vDeltaF,FB5Q,0.5833333
vDeltaF,FB5R,0.20833333
vDeltaF,FB5S,0.37037036
vDeltaF,FB5T,0.055555556
vDeltaF,FB5U,0.29166666
vDeltaF,FB5X,0.027777778
vDeltaF,FB5Y_a,1.8333334
vDeltaF,FB5Y_b,0.4722222
vDeltaF,FB5Z,0.19444445
vDeltaF,FB6A_a,0.027777778
vDeltaF,FB6A_b,0.083333336
vDeltaF,FB6A_c,0.11111111
vDeltaF,FB6C_b,0.018518519
vDeltaF,FB6E,0.055555556
vDeltaF,FB6F,0.055555556
vDeltaF,FB6J,0.06666667
vDeltaF,FB6K,0.11111111
vDeltaF,FB6L,0.11111111
vDeltaF,FB6M,0.013888889
vDeltaF,FB6N,6.7222223
vDeltaF,FB6O,0.19444445
vDeltaF,FB6P,0.11111111
vDeltaF,FB6Q,0.16666667
vDeltaF,FB6R,0.2361111
vDeltaF,FB6S,0.2013889
vDeltaF,FB6T,0.013888889
vDeltaF,FB6U,0.06944445
vDeltaF,FB6V,1.3611112
vDeltaF,FB6W,4.0833335
vDeltaF,FB6X,0.19444445
vDeltaF,FB8G,0.018518519
vDeltaF,FC,0.018518519
vDeltaF,FC1A,0.003267974
vDeltaF,FC1C_a,0.013888889
vDeltaF,FC2A,0.1574074
vDeltaF,FC2B,1.8106996
vDeltaF,FC2C,0.09456265
vDeltaF,FC3_a,0.10784314
vDeltaF,FC3_b,0.075
vDeltaF,FC3_c,0.06666667
vDeltaF,FR1,0.2962963
vDeltaF,FS1A_a,0.11805555
vDeltaF,FS1A_b,0.094017096
vDeltaF,FS1A_c,0.1388889
vDeltaF,FS1B_a,0.10683761
vDeltaF,FS1B_b,0.017361112
vDeltaF,FS2,0.6005291
vDeltaF,FS3_b,0.003968254
vDeltaF,FS3_c,0.011904762
vDeltaF,FS4B,0.0038314175
vDeltaF,OA-VPM3,1.1111112
vDeltaF,PAM09,0.027777778
vDeltaF,PFGs,0.28395063
vDeltaF,PFL2,0.06481481
vDeltaF,PFL3,0.041666668
vDeltaF,PFNd,0.0013888889
vDeltaF,PFNp_b,0.00040849674
vDeltaF,PFR_a,0.071428575
vDeltaF,PFR_b,0.8576389
vDeltaF,hDeltaB,0.0029239766
vDeltaF,hDeltaC,0.2361111
vDeltaF,hDeltaF,0.0069444445
vDeltaF,hDeltaG,10.986111
vDeltaF,hDeltaH,10.166667
vDeltaF,hDeltaI,0.01633987
vDeltaF,hDeltaJ,0.039426524
vDeltaF,hDeltaK,0.019713262
vDeltaF,hDeltaL,0.3181818
vDeltaF,hDeltaM,1.4444444
vDeltaF,vDeltaA_a,0.0015873016
vDeltaF,vDeltaA_b,0.0035842294
vDeltaF,vDeltaB,0.007168459
vDeltaF,vDeltaC,0.002057613
vDeltaF,vDeltaD,0.013227513
vDeltaF,vDeltaE,0.10493827
vDeltaF,vDeltaF,0.2191358
vDeltaF,vDeltaG,0.18518518
vDeltaF,vDeltaH,0.06790123
vDeltaF,vDeltaI_a,0.035947714
vDeltaF,vDeltaI_b,0.06111111
vDeltaF,vDeltaJ,0.01010101
vDeltaF,vDeltaL,0.0015015015
vDeltaF,vDeltaM,0.001010101
vDeltaG,FB2B_b,0.013888889
vDeltaG,FB2F_a,0.018518519
vDeltaG,FB2G_a,0.027777778
vDeltaG,FB2J_c,0.027777778
vDeltaG,FB2L,0.013888889
vDeltaG,FB4N,0.33333334
vDeltaG,FB4P_a,0.083333336
vDeltaG,FB4Q_b,0.055555556
vDeltaG,FB4Q_c,0.018518519
vDeltaG,FB4X,3.1388888
vDeltaG,FB4Y,8.819445
vDeltaG,FB4Z_a,0.0069444445
vDeltaG,FB4Z_b,0.018518519
vDeltaG,FB5A,1.7916666
vDeltaG,FB5AA,0.41666666
vDeltaG,FB5AB,0.8611111
vDeltaG,FB5B,0.055555556
vDeltaG,FB5C,1.6296296
vDeltaG,FB5D,1.0925926
vDeltaG,FB5E,0.8888889
vDeltaG,FB5F,0.8333333
vDeltaG,FB5G_a,0.9166667
vDeltaG,FB5G_b,1.6388888
vDeltaG,FB5G_c,0.7222222
vDeltaG,FB5H,9.472222
vDeltaG,FB5I,0.3611111
vDeltaG,FB5J,0.055555556
vDeltaG,FB5K,19.555555
vDeltaG,FB5L,7.1666665
vDeltaG,FB5M,0.027777778
vDeltaG,FB5N,0.3888889
vDeltaG,FB5O,2.1944444
vDeltaG,FB5P,0.083333336
vDeltaG,FB5Q,1.0555556
vDeltaG,FB5R,0.16666667
vDeltaG,FB5S,0.06790123
vDeltaG,FB5T,0.027777778
vDeltaG,FB5U,0.33333334
vDeltaG,FB5V_a,0.009259259
vDeltaG,FB5V_b,0.018518519
vDeltaG,FB5V_c,0.033333335
vDeltaG,FB5W_a,0.018518519
vDeltaG,FB5X,0.046296295
vDeltaG,FB5Y_a,0.027777778
vDeltaG,FB5Y_b,0.027777778
vDeltaG,FB5Z,0.041666668
vDeltaG,FB6J,0.022222223
vDeltaG,FB6N,1.4444444
vDeltaG,FB6R,0.027777778
vDeltaG,FB6S,0.013888889
vDeltaG,FB6V,0.083333336
vDeltaG,FB6W,0.41666666
vDeltaG,FB8G,0.16666667
vDeltaG,FC1A,0.006535948
vDeltaG,FC1C_a,0.041666668
vDeltaG,FC1C_b,0.022875817
vDeltaG,FC1D,0.037777778
vDeltaG,FC1E,0.022727273
vDeltaG,FC1F,0.011111111
vDeltaG,FC2A,1.9475309
vDeltaG,FC2B,1.718107
vDeltaG,FC2C,0.02718676
vDeltaG,FC3_a,0.078431375
vDeltaG,FC3_b,0.072222225
vDeltaG,FC3_c,0.044444446
vDeltaG,FR1,0.6080247
vDeltaG,FR2,0.0030864198
vDeltaG,FS1A_a,0.121527776
vDeltaG,FS1A_b,0.06410257
vDeltaG,FS1A_c,0.15123457
vDeltaG,FS1B_a,0.14957266
vDeltaG,FS1B_b,0.027777778
vDeltaG,FS2,0.24735449
vDeltaG,FS3_b,0.003968254
vDeltaG,FS3_c,0.007936508
vDeltaG,FS3_d,0.0017921147
vDeltaG,FS4A,0.0009746589
vDeltaG,IPC,0.027777778
vDeltaG,OA-VPM3,1.25
vDeltaG,PFGs,0.033950616
vDeltaG,PFL1,0.007936508
vDeltaG,PFL2,0.0787037
vDeltaG,PFL3,0.2939815
vDeltaG,PFNa,0.0009578544
vDeltaG,PFR_a,0.04563492
vDeltaG,PFR_b,1.2465278
vDeltaG,hDeltaA,0.050925925
vDeltaG,hDeltaB,0.0029239766
vDeltaG,hDeltaC,0.1
vDeltaG,hDeltaG,1.4722222
vDeltaG,hDeltaH,12.423611
vDeltaG,hDeltaI,0.01633987
vDeltaG,hDeltaJ,0.03046595
vDeltaG,hDeltaK,0.010752688
vDeltaG,hDeltaL,0.015151516
vDeltaG,hDeltaM,6.625
vDeltaG,vDeltaA_a,0.0007936508
vDeltaG,vDeltaA_b,0.0017921147
vDeltaG,vDeltaB,0.0017921147
vDeltaG,vDeltaD,0.031746034
vDeltaG,vDeltaE,0.009259259
vDeltaG,vDeltaF,0.12345679
vDeltaG,vDeltaG,0.27160493
vDeltaG,vDeltaH,0.37037036
vDeltaG,vDeltaI_a,0.24836601
vDeltaG,vDeltaI_b,0.20833333
vDeltaG,vDeltaJ,0.025252525
vDeltaG,vDeltaK,0.0035460992
vDeltaG,vDeltaL,0.006006006
vDeltaG,vDeltaM,0.007070707
vDeltaH,EPG,0.002415459
vDeltaH,FB2F_d,0.027777778
vDeltaH,FB2M_a,0.027777778
vDeltaH,FB4H,0.16666667
vDeltaH,FB4N,0.6666667
vDeltaH,FB4P_a,0.055555556
vDeltaH,FB4X,0.8888889
vDeltaH,FB4Y,12.305555
vDeltaH,FB4Z_b,0.037037037
vDeltaH,FB4Z_c,0.027777778
vDeltaH,FB5A,0.6944444
vDeltaH,FB5AA,0.11111111
vDeltaH,FB5AB,0.22222222
vDeltaH,FB5C,0.44444445
vDeltaH,FB5D,0.4074074
vDeltaH,FB5E,1.5555556
vDeltaH,FB5F,0.3888889
vDeltaH,FB5G_a,0.33333334
vDeltaH,FB5G_b,0.8888889
vDeltaH,FB5G_c,0.2777778
vDeltaH,FB5H,17.555555
vDeltaH,FB5J,0.055555556
vDeltaH,FB5K,16.777779
vDeltaH,FB5L,1.8333334
vDeltaH,FB5M,0.055555556
vDeltaH,FB5N,0.22222222
vDeltaH,FB5O,1.2777778
vDeltaH,FB5P,0.1388889
vDeltaH,FB5Q,0.30555555
vDeltaH,FB5R,0.083333336
vDeltaH,FB5S,0.024691358
vDeltaH,FB5U,0.22222222
vDeltaH,FB5W_a,0.018518519
vDeltaH,FB5X,0.074074075
vDeltaH,FB6N,0.5
vDeltaH,FB6S,0.013888889
vDeltaH,FB6W,0.055555556
vDeltaH,FB8G,0.18518518
vDeltaH,FC,0.14814815
vDeltaH,FC1C_a,0.12037037
vDeltaH,FC1C_b,0.1633987
vDeltaH,FC1D,0.075555556
vDeltaH,FC1E,0.065656565
vDeltaH,FC1F,0.0074074073
vDeltaH,FC2A,3.8950617
vDeltaH,FC2B,0.7201646
vDeltaH,FC2C,0.016548464
vDeltaH,FC3_a,0.039215688
vDeltaH,FC3_b,0.033333335
vDeltaH,FR1,1.3024691
vDeltaH,FR2,0.0061728396
vDeltaH,FS1A_a,0.013888889
vDeltaH,FS1A_b,0.008547009
vDeltaH,FS1A_c,0.043209877
vDeltaH,FS1B_a,0.06837607
vDeltaH,FS1B_b,0.020833334
vDeltaH,FS2,0.023809524
vDeltaH,FS3_d,0.0035842294
vDeltaH,FS4A,0.0038986355
vDeltaH,FS4C,0.003968254
vDeltaH,OA-VPM3,0.7777778
vDeltaH,PFGs,0.012345679
vDeltaH,PFL2,0.11111111
vDeltaH,PFL3,0.3101852
vDeltaH,PFR_a,0.031746034
vDeltaH,PFR_b,0.9375
vDeltaH,hDeltaA,0.027777778
vDeltaH,hDeltaC,0.033333335
vDeltaH,hDeltaG,0.30555555
vDeltaH,hDeltaH,9.736111
vDeltaH,hDeltaI,0.013071896
vDeltaH,hDeltaJ,0.010752688
vDeltaH,hDeltaK,0.010752688
vDeltaH,hDeltaL,0.01010101
vDeltaH,hDeltaM,3.7638888
vDeltaH,vDeltaF,0.043209877
vDeltaH,vDeltaG,0.4691358
vDeltaH,vDeltaH,0.5925926
vDeltaH,vDeltaI_a,1.0196079
vDeltaH,vDeltaI_b,0.51666665
vDeltaH,vDeltaJ,0.02020202
vDeltaH,vDeltaK,0.0047281324
vDeltaI_a,ExR5,0.0882353
vDeltaI_a,FB1C,0.014705882
vDeltaI_a,FB2A,0.014705882
vDeltaI_a,FB4G,0.029411765
vDeltaI_a,FB4H,1.0588236
vDeltaI_a,FB4N,0.3529412
vDeltaI_a,FB4O,0.009803922
vDeltaI_a,FB4P_a,0.1764706
vDeltaI_a,FB4X,0.7647059
vDeltaI_a,FB4Y,13.132353
vDeltaI_a,FB4Z_a,0.014705882
vDeltaI_a,FB4Z_b,0.05882353
vDeltaI_a,FB4Z_c,0.014705882
vDeltaI_a,FB5A,0.38235295
vDeltaI_a,FB5AA,0.2647059
vDeltaI_a,FB5AB,0.14705883
vDeltaI_a,FB5C,0.27450982
vDeltaI_a,FB5D,0.39215687
vDeltaI_a,FB5E,0.85294116
vDeltaI_a,FB5F,0.14705883
vDeltaI_a,FB5G_a,0.05882353
vDeltaI_a,FB5G_b,0.0882353
vDeltaI_a,FB5H,17.67647
vDeltaI_a,FB5J,0.05882353
vDeltaI_a,FB5K,13.8529415
vDeltaI_a,FB5L,1.5
vDeltaI_a,FB5M,0.11764706
vDeltaI_a,FB5N,0.25
vDeltaI_a,FB5O,1.1470588
vDeltaI_a,FB5P,0.1764706
vDeltaI_a,FB5Q,0.029411765
vDeltaI_a,FB5R,0.42647058
vDeltaI_a,FB5S,0.013071896
vDeltaI_a,FB5T,0.14705883
vDeltaI_a,FB5U,0.1764706
vDeltaI_a,FB5W_a,0.05882353
vDeltaI_a,FB5X,0.019607844
vDeltaI_a,FB6M,0.014705882
vDeltaI_a,FB6N,0.38235295
vDeltaI_a,FB6W,0.029411765
vDeltaI_a,FB8G,0.009803922
vDeltaI_a,FC,0.13725491
vDeltaI_a,FC1A,0.010380623
vDeltaI_a,FC1C_a,0.33333334
vDeltaI_a,FC1C_b,0.12456747
vDeltaI_a,FC1D,0.018823529
vDeltaI_a,FC1E,0.07486631
vDeltaI_a,FC1F,0.003921569
vDeltaI_a,FC2A,3.8039215
vDeltaI_a,FC2B,0.45969498
vDeltaI_a,FC2C,0.026282854
vDeltaI_a,FC3_a,0.04152249
vDeltaI_a,FC3_b,0.029411765
vDeltaI_a,FR1,1.5098039
vDeltaI_a,FS1A_a,0.007352941
vDeltaI_a,FS1A_c,0.01633987
vDeltaI_a,FS1B_a,0.036199097
vDeltaI_a,FS1B_b,0.0036764706
vDeltaI_a,FS2,0.009803922
vDeltaI_a,FS3_a,0.011764706
vDeltaI_a,FS3_b,0.004201681
vDeltaI_a,FS3_c,0.012605042
vDeltaI_a,FS4A,0.0020639836
vDeltaI_a,OA-VPM3,0.44117647
vDeltaI_a,PAM09,0.029411765
vDeltaI_a,PFGs,0.022875817
vDeltaI_a,PFL1,0.012605042
vDeltaI_a,PFL2,0.024509804
vDeltaI_a,PFL3,0.078431375
vDeltaI_a,PFNa,0.004056795
vDeltaI_a,PFNd,0.0014705883
vDeltaI_a,PFNp_b,0.0012975779
vDeltaI_a,PFNp_c,0.0014705883
vDeltaI_a,PFNv,0.014705882
vDeltaI_a,PFR_a,0.012605042
vDeltaI_a,PFR_b,0.9632353
vDeltaI_a,hDeltaA,0.068627454
vDeltaI_a,hDeltaC,0.029411765
vDeltaI_a,hDeltaG,0.4852941
vDeltaI_a,hDeltaH,9.191176
vDeltaI_a,hDeltaI,0.010380623
vDeltaI_a,hDeltaJ,0.013282732
vDeltaI_a,hDeltaK,0.009487666
vDeltaI_a,hDeltaL,0.0053475937
vDeltaI_a,hDeltaM,0.52205884
vDeltaI_a,vDeltaA_a,0.0025210085
vDeltaI_a,vDeltaB,0.009487666
vDeltaI_a,vDeltaC,0.006535948
vDeltaI_a,vDeltaE,0.006535948
vDeltaI_a,vDeltaF,0.08496732
vDeltaI_a,vDeltaG,0.5261438
vDeltaI_a,vDeltaH,1.6732026
vDeltaI_a,vDeltaI_a,2.449827
vDeltaI_a,vDeltaI_b,1.8470588
vDeltaI_a,vDeltaJ,0.26737967
vDeltaI_a,vDeltaK,0.015018773
vDeltaI_a,vDeltaL,0.007949126
vDeltaI_a,vDeltaM,0.0032085562
vDeltaI_b,ExR5,0.7375
vDeltaI_b,FB1C,0.05
vDeltaI_b,FB4A_b,0.025
vDeltaI_b,FB4F_a,0.0125
vDeltaI_b,FB4G,0.175
vDeltaI_b,FB4H,2.125
vDeltaI_b,FB4N,0.35
vDeltaI_b,FB4P_a,0.2125
vDeltaI_b,FB4X,0.125
vDeltaI_b,FB4Y,3.25
vDeltaI_b,FB4Z_b,0.016666668
vDeltaI_b,FB4Z_c,0.0375
vDeltaI_b,FB5A,0.1625
vDeltaI_b,FB5AA,0.75
vDeltaI_b,FB5AB,0.05
vDeltaI_b,FB5B,0.008333334
vDeltaI_b,FB5C,4.65
vDeltaI_b,FB5D,3.9166667
vDeltaI_b,FB5E,1.25
vDeltaI_b,FB5F,0.175
vDeltaI_b,FB5G_a,0.025
vDeltaI_b,FB5G_b,0.075
vDeltaI_b,FB5H,5.625
vDeltaI_b,FB5J,0.1
vDeltaI_b,FB5K,4.375
vDeltaI_b,FB5L,3.475
vDeltaI_b,FB5M,0.075
vDeltaI_b,FB5N,0.1625
vDeltaI_b,FB5O,1.95
vDeltaI_b,FB5P,0.375
vDeltaI_b,FB5Q,0.075
vDeltaI_b,FB5R,0.7
vDeltaI_b,FB5S,0.094444446
vDeltaI_b,FB5T,0.175
vDeltaI_b,FB5U,0.3
vDeltaI_b,FB5V_b,0.008333334
vDeltaI_b,FB5V_c,0.02
vDeltaI_b,FB5W_a,0.016666668
vDeltaI_b,FB5X,0.025
vDeltaI_b,FB5Z,0.0125
vDeltaI_b,FB6K,0.0125
vDeltaI_b,FB6N,1.325
vDeltaI_b,FB6R,0.0125
vDeltaI_b,FB6V,0.075
vDeltaI_b,FB6W,0.4
vDeltaI_b,FB8G,0.008333334
vDeltaI_b,FC,0.016666668
vDeltaI_b,FC1B,0.0022727272
vDeltaI_b,FC1C_a,0.05
vDeltaI_b,FC1C_b,0.026470589
vDeltaI_b,FC1D,0.004
vDeltaI_b,FC1E,0.01590909
vDeltaI_b,FC2A,0.36944443
vDeltaI_b,FC2B,0.41111112
vDeltaI_b,FC2C,0.088297874
vDeltaI_b,FC3_a,0.029411765
vDeltaI_b,FC3_b,0.03
vDeltaI_b,FC3_c,0.0033333334
vDeltaI_b,FR1,0.49444443
vDeltaI_b,FS1A_a,0.021875
vDeltaI_b,FS1A_b,0.01923077
vDeltaI_b,FS1A_c,0.013888889
vDeltaI_b,FS1B_a,0.011538462
vDeltaI_b,FS1B_b,0.00625
vDeltaI_b,FS2,0.014285714
vDeltaI_b,FS3_b,0.007142857
vDeltaI_b,FS4A,0.001754386
vDeltaI_b,FS4B,0.0017241379
vDeltaI_b,FS4C,0.0017857143
vDeltaI_b,OA-VPM3,0.45
vDeltaI_b,PFGs,0.022222223
vDeltaI_b,PFL2,0.32083333
vDeltaI_b,PFL3,0.20208333
vDeltaI_b,PFNa,0.00086206896
vDeltaI_b,PFNp_a,0.00078125
vDeltaI_b,PFNp_b,0.0077205882
vDeltaI_b,PFNp_c,0.00125
vDeltaI_b,PFNp_d,0.017857144
vDeltaI_b,PFR_a,0.017857144
vDeltaI_b,PFR_b,0.35625
vDeltaI_b,hDeltaA,0.2375
vDeltaI_b,hDeltaB,0.005263158
vDeltaI_b,hDeltaC,0.0225
vDeltaI_b,hDeltaF,0.00625
vDeltaI_b,hDeltaG,0.63125
vDeltaI_b,hDeltaH,6.525
vDeltaI_b,hDeltaI,0.055882353
vDeltaI_b,hDeltaJ,0.009677419
vDeltaI_b,hDeltaK,0.0032258064
vDeltaI_b,hDeltaL,0.013636364
vDeltaI_b,hDeltaM,0.475
vDeltaI_b,vDeltaA_a,0.0014285714
vDeltaI_b,vDeltaA_b,0.0016129032
vDeltaI_b,vDeltaC,0.0037037036
vDeltaI_b,vDeltaD,0.014285714
vDeltaI_b,vDeltaE,0.008333334
vDeltaI_b,vDeltaF,0.083333336
vDeltaI_b,vDeltaG,0.26666668
vDeltaI_b,vDeltaH,0.7777778
vDeltaI_b,vDeltaI_a,2.1764705
vDeltaI_b,vDeltaI_b,2.0775
vDeltaI_b,vDeltaJ,0.50454545
vDeltaI_b,vDeltaK,0.0393617
vDeltaI_b,vDeltaL,0.012162162
vDeltaI_b,vDeltaM,0.0036363637
vDeltaJ,EPG,0.0019762847
vDeltaJ,ExR5,1.5227273
vDeltaJ,FB4E_b,0.022727273
vDeltaJ,FB4F_a,0.25
vDeltaJ,FB4G,1.8181819
vDeltaJ,FB4H,6.318182
vDeltaJ,FB4I,0.22727273
vDeltaJ,FB4N,0.09090909
vDeltaJ,FB4P_a,1.9772727
vDeltaJ,FB4Q_b,0.045454547
vDeltaJ,FB4Q_c,0.030303031
vDeltaJ,FB4X,0.045454547
vDeltaJ,FB4Y,3.8181818
vDeltaJ,FB4Z_a,0.22727273
vDeltaJ,FB4Z_b,0.121212125
vDeltaJ,FB4Z_c,0.22727273
vDeltaJ,FB5A,0.045454547
vDeltaJ,FB5AA,0.09090909
vDeltaJ,FB5C,1.0
vDeltaJ,FB5D,3.4848485
vDeltaJ,FB5E,2.909091
vDeltaJ,FB5F,0.13636364
vDeltaJ,FB5G_c,0.045454547
vDeltaJ,FB5H,0.59090906
vDeltaJ,FB5K,0.6818182
vDeltaJ,FB5L,0.36363637
vDeltaJ,FB5M,0.27272728
vDeltaJ,FB5N,0.06818182
vDeltaJ,FB5O,1.2727273
vDeltaJ,FB5P,0.27272728
vDeltaJ,FB5Q,0.11363637
vDeltaJ,FB5R,0.1590909
vDeltaJ,FB5S,0.01010101
vDeltaJ,FB5T,0.13636364
vDeltaJ,FB5U,0.25
vDeltaJ,FB5V_a,0.16666667
vDeltaJ,FB5V_b,0.3181818
vDeltaJ,FB5V_c,0.10909091
vDeltaJ,FB5W_a,0.09090909
vDeltaJ,FB5W_b,0.060606062
vDeltaJ,FB5X,0.030303031
vDeltaJ,FB6N,0.045454547
vDeltaJ,FB6P,0.045454547
vDeltaJ,FC1A,0.0053475937
vDeltaJ,FC1C_a,0.015151516
vDeltaJ,FC1C_b,0.0053475937
vDeltaJ,FC1D,0.0036363637
vDeltaJ,FC1E,0.004132231
vDeltaJ,FC2A,0.121212125
vDeltaJ,FC2B,0.104377106
vDeltaJ,FC2C,0.017408123
vDeltaJ,FC3_b,0.009090909
vDeltaJ,FR1,0.2020202
vDeltaJ,FS1A_a,0.028409092
vDeltaJ,FS1A_c,0.015151516
vDeltaJ,FS1B_a,0.055944055
vDeltaJ,FS2,0.0021645022
vDeltaJ,FS4A,0.0015948963
vDeltaJ,OA-VPM3,0.3181818
vDeltaJ,PFGs,0.015151516
vDeltaJ,PFL2,1.530303
vDeltaJ,PFL3,0.7121212
vDeltaJ,PFNa,0.0015673981
vDeltaJ,PFNp_a,0.0014204546
vDeltaJ,PFNp_d,0.0032467532
vDeltaJ,PFR_a,0.022727273
vDeltaJ,PFR_b,0.22727273
vDeltaJ,hDeltaA,3.439394
vDeltaJ,hDeltaC,0.0045454544
vDeltaJ,hDeltaG,0.06818182
vDeltaJ,hDeltaH,2.4545455
vDeltaJ,hDeltaI,0.4171123
vDeltaJ,hDeltaK,0.008797654
vDeltaJ,hDeltaM,0.17045455
vDeltaJ,vDeltaA_a,0.0025974025
vDeltaJ,vDeltaB,0.0029325513
vDeltaJ,vDeltaD,0.0043290043
vDeltaJ,vDeltaF,0.01010101
vDeltaJ,vDeltaG,0.01010101
vDeltaJ,vDeltaH,0.08080808
vDeltaJ,vDeltaI_a,0.37433156
vDeltaJ,vDeltaI_b,0.8818182
vDeltaJ,vDeltaJ,0.23140496
vDeltaJ,vDeltaK,0.15087041
vDeltaJ,vDeltaL,0.034398034
vDeltaJ,vDeltaM,0.01983471
vDeltaK,DNc02,0.010638298
vDeltaK,EPG,0.0004625347
vDeltaK,ExR5,0.5
vDeltaK,FB1I,0.010638298
vDeltaK,FB4E_a,0.004255319
vDeltaK,FB4E_b,0.010638298
vDeltaK,FB4F_a,0.22340426
vDeltaK,FB4F_b,0.29787233
vDeltaK,FB4F_c,0.09929078
vDeltaK,FB4G,4.712766
vDeltaK,FB4H,9.138298
vDeltaK,FB4I,0.43617022
vDeltaK,FB4J,0.11702128
vDeltaK,FB4K,0.04255319
vDeltaK,FB4M,0.05851064
vDeltaK,FB4N,0.14893617
vDeltaK,FB4O,0.0070921984
vDeltaK,FB4P_a,1.5851064
vDeltaK,FB4P_b,0.021276595
vDeltaK,FB4Q_c,0.0070921984
vDeltaK,FB4R,0.0035460992
vDeltaK,FB4X,0.010638298
vDeltaK,FB4Y,2.356383
vDeltaK,FB4Z_a,0.45478722
vDeltaK,FB4Z_b,0.11347517
vDeltaK,FB4Z_c,0.42553192
vDeltaK,FB5A,0.010638298
vDeltaK,FB5AA,0.010638298
vDeltaK,FB5C,0.08510638
vDeltaK,FB5D,1.177305
vDeltaK,FB5E,0.59574467
vDeltaK,FB5G_a,0.005319149
vDeltaK,FB5H,0.04255319
vDeltaK,FB5I,0.05319149
vDeltaK,FB5K,0.23404256
vDeltaK,FB5M,0.27659574
vDeltaK,FB5N,0.031914894
vDeltaK,FB5O,0.06382979
vDeltaK,FB5P,0.122340426
vDeltaK,FB5R,0.06382979
vDeltaK,FB5T,0.22340426
vDeltaK,FB5U,0.026595745
vDeltaK,FB5V_a,0.28014183
vDeltaK,FB5V_b,0.5851064
vDeltaK,FB5V_c,0.08510638
vDeltaK,FB5W_a,0.017730497
vDeltaK,FB5W_b,0.035460994
vDeltaK,FB5X,0.017730497
vDeltaK,FB5Z,0.005319149
vDeltaK,FC,0.0070921984
vDeltaK,FC1A,0.0037546933
vDeltaK,FC1B,0.000967118
vDeltaK,FC1C_a,0.0017730496
vDeltaK,FC1C_b,0.002503129
vDeltaK,FC1D,0.0025531915
vDeltaK,FC1E,0.000967118
vDeltaK,FC2A,0.011820331
vDeltaK,FC2B,0.014184397
vDeltaK,FC2C,0.0031688546
vDeltaK,FC3_a,0.0012515645
vDeltaK,FC3_b,0.005319149
vDeltaK,FR1,0.03427896
vDeltaK,FR2,0.0011820331
vDeltaK,FS1A_a,0.0039893617
vDeltaK,FS1A_b,0.0032733225
vDeltaK,FS1A_c,0.010638298
vDeltaK,FS1B_a,0.0032733225
vDeltaK,FS1B_b,0.0026595744
vDeltaK,FS2,0.0020263426
vDeltaK,FS4B,0.0007336757
vDeltaK,OA-VPM3,0.06382979
vDeltaK,PFGs,0.014184397
vDeltaK,PFL2,1.2039007
vDeltaK,PFL3,0.47517732
vDeltaK,PFNa,0.00036683786
vDeltaK,PFNm_a,0.0010131713
vDeltaK,PFNm_b,0.0008183306
vDeltaK,PFNp_a,0.0026595744
vDeltaK,PFNp_b,0.0009386733
vDeltaK,PFNp_d,0.0022796353
vDeltaK,PFR_a,0.025075987
vDeltaK,PFR_b,0.1263298
vDeltaK,hDeltaA,5.617021
vDeltaK,hDeltaB,0.006718925
vDeltaK,hDeltaC,0.0074468087
vDeltaK,hDeltaG,0.0026595744
vDeltaK,hDeltaH,0.14361702
vDeltaK,hDeltaI,0.5531915
vDeltaK,hDeltaJ,0.0020590255
vDeltaK,hDeltaK,0.01166781
vDeltaK,hDeltaL,0.001934236
vDeltaK,hDeltaM,0.047872342
vDeltaK,vDeltaA_a,0.0012158054
vDeltaK,vDeltaC,0.0023640662
vDeltaK,vDeltaF,0.0035460992
vDeltaK,vDeltaG,0.0059101656
vDeltaK,vDeltaH,0.0070921984
vDeltaK,vDeltaI_a,0.10387985
vDeltaK,vDeltaI_b,0.32340425
vDeltaK,vDeltaJ,0.24564797
vDeltaK,vDeltaK,0.13807152
vDeltaK,vDeltaL,0.063254744
vDeltaK,vDeltaM,0.036750484
vDeltaL,EL,0.0015015015
vDeltaL,EPG,0.0052878964
vDeltaL,ExR5,0.12162162
vDeltaL,FB1C,0.006756757
vDeltaL,FB1H,0.013513514
vDeltaL,FB3D,0.027027028
vDeltaL,FB4A_b,0.013513514
vDeltaL,FB4B,0.054054055
vDeltaL,FB4E_a,0.021621622
vDeltaL,FB4E_b,0.054054055
vDeltaL,FB4F_a,0.5675676
vDeltaL,FB4F_b,1.3243244
vDeltaL,FB4F_c,0.2027027
vDeltaL,FB4G,6.0540543
vDeltaL,FB4H,8.3918915
vDeltaL,FB4I,1.2972972
vDeltaL,FB4J,0.5540541
vDeltaL,FB4K,0.972973
vDeltaL,FB4M,0.22972973
vDeltaL,FB4N,0.36486486
vDeltaL,FB4O,0.036036037
vDeltaL,FB4P_a,1.4594594
vDeltaL,FB4P_c,0.13513513
vDeltaL,FB4Q_a,0.013513514
vDeltaL,FB4Q_b,0.013513514
vDeltaL,FB4R,0.3963964
vDeltaL,FB4X,0.027027028
vDeltaL,FB4Y,1.6081082
vDeltaL,FB4Z_a,0.2331081
vDeltaL,FB4Z_b,0.10810811
vDeltaL,FB4Z_c,0.2837838
vDeltaL,FB5D,0.22522523
vDeltaL,FB5E,0.0945946
vDeltaL,FB5K,0.04054054
vDeltaL,FB5L,0.013513514
vDeltaL,FB5M,0.12162162
vDeltaL,FB5P,0.1554054
vDeltaL,FB5R,0.033783782
vDeltaL,FB5T,0.22972973
vDeltaL,FB5U,0.027027028
vDeltaL,FB5V_a,0.3828829
vDeltaL,FB5V_b,0.6801802
vDeltaL,FB5V_c,0.027027028
vDeltaL,FB5W_a,0.009009009
vDeltaL,FB5X,0.009009009
vDeltaL,FB6P,0.013513514
vDeltaL,FC1A,0.0015898251
vDeltaL,FC1C_a,0.006756757
vDeltaL,FC1D,0.0032432433
vDeltaL,FC2A,0.003003003
vDeltaL,FC2B,0.003003003
vDeltaL,FC2C,0.00057504314
vDeltaL,FR1,0.006006006
vDeltaL,FR2,0.0015015015
vDeltaL,FS1A_a,0.008445946
vDeltaL,FS2,0.00064350065
vDeltaL,FS3_d,0.0008718396
vDeltaL,FS4A,0.0014224751
vDeltaL,OA-VPM3,0.054054055
vDeltaL,PFGs,0.027027028
vDeltaL,PFL2,0.25225225
vDeltaL,PFL3,0.083333336
vDeltaL,PFNp_b,0.0007949126
vDeltaL,PFR_a,0.03957529
vDeltaL,PFR_b,0.07263514
vDeltaL,hDeltaA,5.418919
vDeltaL,hDeltaB,0.029871978
vDeltaL,hDeltaC,0.004054054
vDeltaL,hDeltaH,0.013513514
vDeltaL,hDeltaI,0.44833067
vDeltaL,hDeltaJ,0.0069747167
vDeltaL,hDeltaK,0.017436791
vDeltaL,hDeltaM,0.010135135
vDeltaL,vDeltaA_a,0.00077220076
vDeltaL,vDeltaA_b,0.0017436792
vDeltaL,vDeltaC,0.001001001
vDeltaL,vDeltaD,0.0025740026
vDeltaL,vDeltaG,0.0015015015
vDeltaL,vDeltaH,0.003003003
vDeltaL,vDeltaI_a,0.041335452
vDeltaL,vDeltaI_b,0.2472973
vDeltaL,vDeltaJ,0.3144963
vDeltaL,vDeltaK,0.32029903
vDeltaL,vDeltaL,0.16362308
vDeltaL,vDeltaM,0.068304665
vDeltaM,DNc02,0.009090909
vDeltaM,EL,0.001010101
vDeltaM,EPG,0.004347826
vDeltaM,EPGt,0.0045454544
vDeltaM,ExR5,0.05909091
vDeltaM,FB1B,0.0045454544
vDeltaM,FB1C,0.013636364
vDeltaM,FB1H,0.009090909
vDeltaM,FB1J,0.027272727
vDeltaM,FB4A_a,0.006060606
vDeltaM,FB4B,0.10909091
vDeltaM,FB4D_b,0.018181818
vDeltaM,FB4D_c,0.018181818
vDeltaM,FB4E_a,0.010909091
vDeltaM,FB4E_b,0.03181818
vDeltaM,FB4F_a,0.47272727
vDeltaM,FB4F_b,0.8818182
vDeltaM,FB4F_c,0.27575758
vDeltaM,FB4G,1.5454545
vDeltaM,FB4H,4.7
vDeltaM,FB4I,0.95454544
vDeltaM,FB4J,0.2090909
vDeltaM,FB4K,0.8363636
vDeltaM,FB4L,0.009090909
vDeltaM,FB4M,0.122727275
vDeltaM,FB4N,0.3181818
vDeltaM,FB4O,0.009090909
vDeltaM,FB4P_a,0.67727274
vDeltaM,FB4P_b,0.036363635
vDeltaM,FB4P_c,0.10909091
vDeltaM,FB4Q_a,0.054545455
vDeltaM,FB4R,0.6666667
vDeltaM,FB4X,0.018181818
vDeltaM,FB4Y,0.75454545
vDeltaM,FB4Z_a,0.10909091
vDeltaM,FB4Z_b,0.2060606
vDeltaM,FB4Z_c,0.122727275
vDeltaM,FB5A,0.0045454544
vDeltaM,FB5D,0.09090909
vDeltaM,FB5E,0.018181818
vDeltaM,FB5J,0.009090909
vDeltaM,FB5K,0.036363635
vDeltaM,FB5L,0.018181818
vDeltaM,FB5M,0.13636364
vDeltaM,FB5P,0.29545453
vDeltaM,FB5R,0.03181818
vDeltaM,FB5T,0.34545454
vDeltaM,FB5U,0.022727273
vDeltaM,FB5V_a,0.4121212
vDeltaM,FB5V_b,0.6818182
vDeltaM,FB5V_c,0.12727273
vDeltaM,FB5W_a,0.003030303
vDeltaM,FB5X,0.015151516
vDeltaM,FB6P,0.009090909
vDeltaM,FC1C_a,0.003030303
vDeltaM,FC2A,0.007070707
vDeltaM,FC2B,0.0013468013
vDeltaM,FC2C,0.00038684718
vDeltaM,FC3_a,0.0010695187
vDeltaM,FC3_c,0.0012121212
vDeltaM,FR1,0.01010101
vDeltaM,FR2,0.002020202
vDeltaM,FS1A_a,0.009090909
vDeltaM,FS1A_b,0.0013986015
vDeltaM,FS1A_c,0.002020202
vDeltaM,FS2,0.0008658009
vDeltaM,FS3_a,0.0012121212
vDeltaM,FS3_c,0.0012987013
vDeltaM,FS3_d,0.0005865103
vDeltaM,FS4A,0.0006379585
vDeltaM,OA-VPM3,0.027272727
vDeltaM,PFGs,0.035353534
vDeltaM,PFL1,0.003896104
vDeltaM,PFL2,0.021212121
vDeltaM,PFL3,0.018939395
vDeltaM,PFNd,0.0009090909
vDeltaM,PFNm_b,0.0013986015
vDeltaM,PFNp_a,0.00085227273
vDeltaM,PFNp_b,0.0036096256
vDeltaM,PFNp_c,0.0009090909
vDeltaM,PFNp_d,0.0045454544
vDeltaM,PFNp_e,0.0031620553
vDeltaM,PFR_a,0.025324676
vDeltaM,PFR_b,0.054545455
vDeltaM,hDeltaA,3.409091
vDeltaM,hDeltaB,0.022966508
vDeltaM,hDeltaC,0.0027272727
vDeltaM,hDeltaG,0.0022727272
vDeltaM,hDeltaH,0.011363637
vDeltaM,hDeltaI,0.2684492
vDeltaM,hDeltaJ,0.0046920823
vDeltaM,hDeltaK,0.0046920823
vDeltaM,hDeltaL,0.0066115703
vDeltaM,hDeltaM,0.009090909
vDeltaM,vDeltaA_a,0.007792208
vDeltaM,vDeltaA_b,0.02404692
vDeltaM,vDeltaB,0.010557185
vDeltaM,vDeltaC,0.002020202
vDeltaM,vDeltaF,0.002020202
vDeltaM,vDeltaH,0.008080808
vDeltaM,vDeltaI_a,0.14010695
vDeltaM,vDeltaI_b,0.6363636
vDeltaM,vDeltaJ,1.5322315
vDeltaM,vDeltaK,1.1829787
vDeltaM,vDeltaL,0.5434889
vDeltaM,vDeltaM,0.049256198
